image_id,is_augmented,label_dx,RGB_R_mean,RGB_R_std,RGB_R_skew,RGB_R_kurt,RGB_R_p10,RGB_R_p90,RGB_G_mean,RGB_G_std,RGB_G_skew,RGB_G_kurt,RGB_G_p10,RGB_G_p90,RGB_B_mean,RGB_B_std,RGB_B_skew,RGB_B_kurt,RGB_B_p10,RGB_B_p90,HSV_H_mean,HSV_H_std,HSV_H_skew,HSV_H_kurt,HSV_H_p10,HSV_H_p90,HSV_S_mean,HSV_S_std,HSV_S_skew,HSV_S_kurt,HSV_S_p10,HSV_S_p90,HSV_V_mean,HSV_V_std,HSV_V_skew,HSV_V_kurt,HSV_V_p10,HSV_V_p90,Lab_L_mean,Lab_L_std,Lab_L_skew,Lab_L_kurt,Lab_L_p10,Lab_L_p90,Lab_a_mean,Lab_a_std,Lab_a_skew,Lab_a_kurt,Lab_a_p10,Lab_a_p90,Lab_b_mean,Lab_b_std,Lab_b_skew,Lab_b_kurt,Lab_b_p10,Lab_b_p90,YCbCr_Y_mean,YCbCr_Y_std,YCbCr_Y_skew,YCbCr_Y_kurt,YCbCr_Y_p10,YCbCr_Y_p90,YCbCr_Cb_mean,YCbCr_Cb_std,YCbCr_Cb_skew,YCbCr_Cb_kurt,YCbCr_Cb_p10,YCbCr_Cb_p90,YCbCr_Cr_mean,YCbCr_Cr_std,YCbCr_Cr_skew,YCbCr_Cr_kurt,YCbCr_Cr_p10,YCbCr_Cr_p90,area_ratio,perimeter,eccentricity,circularity,solidity,aspect_ratio,extent,equivalent_diameter,orientation,major_axis,minor_axis,hu_1,hu_2,hu_3,hu_4,hu_5,hu_6,hu_7,ABCD_A_asymmetry,ABCD_B_border_CV,ABCD_C_n_color_clusters,ABCD_C_hsv_std_sum,ABCD_D_diameter,ABCD_area,ABCD_perimeter
1,False,nv,168.70573355817876,17.451174642308924,-0.5587675795790349,-0.6058722043949567,143.0,189.0,126.61069621777885,33.19963952853773,-0.3225962705222315,-1.0777527275925805,80.0,167.0,116.91893519633823,39.494548662478664,-0.17414648282947814,-1.1178841960686947,63.0,168.0,27.136111780293906,56.442945477328,2.2507380041467866,3.0787313660535167,4.0,174.0,83.09515779330282,43.520000725904886,0.3692208932934024,-0.926422048975788,29.0,143.0,168.70573355817876,17.451174642308924,-0.5587675795790349,-0.6058722043949567,143.0,189.0,145.13310045772104,28.30654359014864,-0.34360004851114423,-1.0263987556590728,105.0,180.0,143.44254396530957,6.806140444931871,0.4183875654761446,-1.0995511848005155,135.0,153.0,140.21139484461577,7.423941831401443,0.08782067579507172,-0.9861878181867945,130.0,150.0,138.1087689713322,29.08792356342849,-0.33692276642745644,-1.026491687774107,97.0,174.0,149.8615996145507,8.766023480762282,0.11408457654082857,-1.2825349862866504,139.0,162.0,116.03649722958323,6.209386873567465,0.1715178258804354,-1.0562386841195304,108.0,125.0,0.1530811543367347,348.2914139223983,0.6948653976753423,0.7956866882107607,0.9525049603174603,1.2921348314606742,0.7504640937957987,98.89263341175007,-1.2453289376662957,117.89900647030481,84.78587016039434,0.7654854779647278,2.5254321718717567,3.6862585214479604,4.967390981174611,9.294328780190801,6.230631819555316,10.936018536845808,0.10454367920843644,0.1411671673037149,5.0,117.41412084554182,98.89263341175007,7681.0,348.2914139223983
10,False,nv,199.22529745678457,15.001636896206886,-2.8206894887399563,9.517889482069812,186.0,211.0,150.31548058112313,24.621247291868738,-1.4244452848867382,2.693881911004601,121.0,176.0,174.44094159905072,25.628887729970746,-1.1699907127282478,1.6092702950726858,142.0,203.0,164.1746897148905,5.345764054539005,-0.5386151234311735,-0.1858690956374387,157.0,171.0,64.02985792630128,20.67026783793383,1.2149887305617997,2.056229830678455,41.0,89.0,199.2434174657644,15.020008956161192,-2.810074561929925,9.476035918620047,186.0,211.0,171.97421506686766,20.877953621011375,-1.7060948903659063,3.859868376272635,149.0,193.0,150.27122286007506,4.61081226671643,0.4822963403161403,-0.0526100987176612,145.0,157.0,122.7662679195664,3.3052897311895206,0.6103768139405699,-0.18568089001615817,119.0,128.0,167.69879093037426,21.614328884421926,-1.664650308317505,3.629809961952513,143.0,190.0,150.52095827587314,5.87361287771699,0.2222172975791157,-0.4259906274643037,143.0,158.0,131.7936243225041,3.2016508828201524,-0.3508201674308342,-0.6170794770727719,127.0,136.0,0.6015425701530612,714.1736649163068,0.4903634891929711,0.7436431889378425,0.9523854600530102,1.0,0.8019715166330109,196.03619354277774,-0.9194658674812846,214.24658420855414,186.71975754376362,0.7766545285078325,3.282036639985758,3.3430747097310065,5.097481836756569,9.782902673508826,7.006205483509056,9.344881259619637,0.1501838783421131,0.11572294828974998,4.0,41.03604084863403,196.03619354277774,30183.0,714.1736649163068
100,False,mel,177.34245381666085,23.039476095172493,-0.4187632620401197,0.09905553990000415,146.0,205.0,107.12155803415824,28.263790988051092,0.15914827543200283,-0.33345891522909366,71.0,145.0,108.92510456605089,37.31705826921675,-0.13119523166151778,-0.5502772477313269,57.0,155.0,103.12761415127223,83.3688986777272,-0.3298542215588949,-1.8846988702216505,2.0,177.0,113.61846462181946,32.8934451471443,0.591367773270661,0.30643216419980757,73.0,158.0,177.34245381666085,23.039476095172493,-0.4187632620401197,0.09905553990000415,146.0,205.0,135.26180724991286,25.773962310007533,-0.05173737180855194,-0.27103553169029837,101.0,169.0,156.56439525967235,4.867469891992267,-0.27720172623424755,-0.5049057191074815,150.0,162.0,139.4392209829209,10.502350840736037,0.628717940631235,-0.39500102242435764,128.0,156.0,128.341059602649,27.0690368258765,-0.003335321409668559,-0.33603651401484935,92.0,164.0,162.99690658766121,5.393591770565302,-0.6128769517781582,0.10199604525899941,155.0,169.0,117.04034506796793,9.025680415157863,-0.5761067648314937,-0.4854266131298117,103.0,127.0,0.43337452168367346,632.6417023478423,0.7545222088368494,0.6827373207300849,0.9482382696668411,0.7330097087378641,0.699061274352215,166.39289017342693,-0.3972776474301856,207.7135778821001,136.3171271615072,0.7510021868647572,2.30241113328207,3.7654015185886704,5.407163036404146,13.606409757382325,-6.970684897295433,9.993445326807558,0.09781558979075644,0.16560214658157418,5.0,139.30181992004398,166.39289017342693,21745.0,632.6417023478423
100,True,mel,177.49590643274854,23.131909653867606,-0.4201301839369047,0.091897541696488,146.0,205.0,107.37959714100064,28.445329687623907,0.15795318125369573,-0.34255579384573354,71.0,146.0,109.20940004331817,37.53783782218059,-0.12705443763802976,-0.5453442291171933,57.0,155.0,103.40376868096166,83.30721604302782,-0.3367770931522301,-1.8800330973621986,2.0,177.0,113.3906432748538,33.08105912737438,0.5866146979828663,0.2961768508481306,72.0,158.0,177.49590643274854,23.131909653867606,-0.4201301839369047,0.091897541696488,146.0,205.0,135.47814598223954,25.92213747701823,-0.052488974046310095,-0.27743465768193243,101.0,169.0,156.52146415421268,4.895045806370205,-0.276895796896726,-0.5060846381535131,150.0,162.0,139.4036820446177,10.524036427840409,0.6309295989225047,-0.396582558129571,128.0,156.0,128.57344596058047,27.228715239787505,-0.004140378522131732,-0.3420858786632923,92.0,164.0,162.9409573316006,5.456943622096128,-0.6199285275807297,0.10975110814725708,155.0,169.0,117.07039202945636,9.042212303049832,-0.5792807146235303,-0.48342614998470745,103.0,127.0,0.43337452168367346,632.6417023478423,0.7545222088368493,0.6827373207300849,0.9482382696668411,1.3642384105960266,0.699061274352215,166.39289017342693,-1.1735186793647108,207.7135778821001,136.3171271615072,0.7510021868647572,2.30241113328207,3.7654015185886704,5.407163036404146,13.606409757382325,-6.970684897295434,-9.993445326807558,0.09781558979075644,0.1656021465815742,5.0,139.52018482426982,166.39289017342693,21745.0,632.6417023478423
100,True,mel,178.03212492553826,23.063424947758207,-0.5506396780829915,1.0473053438819093,147.0,206.0,108.41826227555102,28.495537904127215,0.14014416885927697,-0.3592028413765216,72.0,147.0,110.55510169347289,37.394467363517805,-0.14038384782244376,-0.5303980060556954,59.0,156.0,105.39107310016169,82.96140129382579,-0.3861894261854092,-1.8442372561387261,2.0,177.0,111.9580035741639,32.90727124753045,0.5910525166674835,0.35667104287151075,71.0,156.0,178.03229512381924,23.062120333229586,-0.5494543259710667,1.0349407371344537,147.0,206.0,136.3354608118458,25.942083811652964,-0.09287677882102136,-0.12194057555737858,102.0,170.0,156.3158029103906,4.903069080650216,-0.3712801020054298,-0.29132448936047384,149.0,162.0,139.09837460641648,10.379527904467228,0.6755933443125498,-0.3259817917409946,128.0,155.0,129.49817036847926,27.223562366848697,-0.034477494770988826,-0.26612188274788595,93.0,165.0,162.6684962981874,5.526051185937998,-0.7263486988074278,0.548700183855602,155.0,169.0,117.30639945536551,8.92920895683118,-0.6160439659692818,-0.43416787921872624,103.0,127.0,0.43209901147959184,665.5828278447966,0.7122696986735133,0.6150139353024597,0.9444178246286535,0.9659090909090909,0.7246323529411764,166.14784551538145,-0.7654166592956382,200.5614255971437,140.77524563838574,0.761740125923302,2.460831076374093,3.780126108446099,5.729768086968728,-10.559068696666257,-6.977482907858274,10.753558580146946,0.09727411097274108,0.1463464757288078,5.0,138.93079287458582,166.14784551538145,21681.0,665.5828278447966
101,False,nv,125.65279514198964,33.12693236251547,0.04970760797220246,-1.2577821459718663,83.0,170.0,80.74370423289874,33.95645387933921,0.43401645272581413,-1.015188006022376,42.0,132.0,87.06411859260582,35.15617690646353,0.4883133039933161,-0.9383280270709675,47.0,140.0,149.98481871762814,60.473176926868376,-2.0408122935894797,2.182415980125806,2.0,178.0,98.11752098589034,29.018887836331643,-0.19679138708420849,-0.7618031318806988,55.0,135.0,125.65279514198964,33.12693236251547,0.04970760797220246,-1.2577821459718663,83.0,170.0,100.09930344704412,34.61487855445149,0.2682324548643552,-1.1463612478311627,58.0,150.0,147.9540989462404,4.156201851343297,-0.10464846370278323,-0.43228262922813787,142.0,153.0,132.44543668512233,3.856255391590351,0.46657034441501777,0.15861704061637916,128.0,138.0,94.91462761207359,33.53442727207752,0.3308415068770957,-1.1183279252302964,55.0,144.0,149.95945704590105,4.656053578490689,0.14231361690395902,-0.563314595539488,144.0,156.0,123.5761743168423,3.1372503883025633,-0.4921016108462507,0.16308494547575458,119.0,127.0,0.10060586734693877,292.45079348883235,0.8507079343357098,0.7416920127995597,0.9687200153521397,0.6538461538461539,0.7138009049773756,80.17052589214506,0.4004470378462792,110.85216675347344,58.26818539967959,0.7117995444062266,1.9163799786799924,5.227299194274836,5.86044595620825,11.406362166381909,6.819626209803961,12.41851504658727,0.02614896988906501,0.22360796713277742,5.0,122.61899712571548,80.17052589214506,5048.0,292.45079348883235
101,True,nv,118.57849616002858,33.073249577845345,0.05687800172681599,-1.260935717762337,76.0,163.0,68.69887479907126,31.436803316659883,0.46408539553628003,-0.9835145392930591,33.0,116.0,79.03714949098054,33.43633145132167,0.5113845231543805,-0.8916982101723496,42.0,130.0,164.9056974459725,37.10896427001131,-4.148497123691231,15.367727021116426,168.0,178.0,114.23647079835685,29.606609614347917,-0.1559264974841377,-0.7551030542292549,70.0,152.0,118.57849616002858,33.073249577845345,0.05687800172681599,-1.260935717762337,76.0,163.0,89.59903554206109,33.161925640128985,0.2753947782860365,-1.1386019692151244,50.0,138.0,150.9523129130202,4.029234735040674,0.1398377175320508,-0.5698163615849818,146.0,157.0,131.44204322200392,4.171851836442607,0.45150467983184706,0.4637627445869139,126.0,137.0,84.80710841221646,31.8183743131822,0.3484000408784744,-1.104135193482544,47.0,132.0,152.1196642257546,4.6905647384310205,0.2473223516424265,-0.5710796848954849,147.0,159.0,124.7499553491695,3.247099836397551,-0.48422739385693725,0.35837069659607135,121.0,129.0,0.10060586734693877,292.45079348883235,0.85070793433571,0.7416920127995597,0.9687200153521397,0.6538461538461539,0.7138009049773756,80.17052589214506,-0.40044703784627955,110.85216675347344,58.26818539967955,0.7117995444062264,1.9163799786799927,5.227299194274222,5.86044595620798,11.40636216638125,6.819626209803695,-12.418515046580865,0.02614896988906501,0.22360796713277742,5.0,99.78882346220458,80.17052589214506,5048.0,292.45079348883235
101,True,nv,128.04569093610698,33.950976260042616,0.013259587961880108,-1.304346278957744,83.0,173.0,83.96341010401188,35.75331786625522,0.3879855024312787,-1.1206748762964631,43.0,137.0,90.33710995542347,36.92570938572104,0.43668813385349237,-1.0542665908257636,48.0,145.0,152.8354383358098,57.45442699195842,-2.247570452031836,3.072885320692289,3.0,178.0,95.10976968796435,30.069033148388773,-0.20778939712720748,-0.908534609003782,49.0,132.0,128.04569093610698,33.950976260042616,0.013259587961880108,-1.304346278957744,83.0,173.0,103.11738484398217,36.0967615040563,0.23026406532669572,-1.2187781861200566,59.0,155.0,147.53547548291235,4.256304304686673,-0.1588734950921958,-0.5257144901753992,141.0,153.0,132.2165676077266,3.678414864525605,0.4351327746982403,0.04510748963564204,127.0,137.0,97.89245913818722,35.06307396131762,0.2876431303168358,-1.2002590588646413,56.0,148.0,149.54290490341754,4.668547524602353,0.11548744663302868,-0.628552776215352,143.0,156.0,123.74182763744427,2.986321603440717,-0.45991649367531445,0.12553699248520767,120.0,128.0,0.09201610331632654,287.27922061357856,0.8591402426566395,0.7030096893682052,0.9632797830168996,0.5865384615384616,0.7277742749054225,76.67168302601846,-0.29486293212014025,107.46786337363066,54.99562706736512,0.7049052444278079,1.8755890078021789,5.2593137516903505,5.862404649837805,11.425094962366291,6.801863597419319,-12.46119849449396,0.028373402642408507,0.2330156891677286,5.0,121.4744364003898,76.67168302601846,4617.0,287.27922061357856
102,False,nv,138.0593316464532,20.579175312596593,-0.28901233734706383,-0.7871997147119361,109.0,164.0,75.82724020591571,33.79903078157186,0.32681096756050226,-0.8943320016980629,35.0,126.0,92.21943983945555,37.087039339082345,0.19863484237820525,-1.0320940776679175,45.0,145.0,171.1078439926708,4.856951216328604,-1.2436555335229273,1.4481190601483567,164.0,176.0,121.15391327109327,42.808604361310515,-0.1500392774532325,-0.9276090583318912,59.0,175.0,138.0595061512957,20.579450396538217,-0.2889629084280189,-0.7871749523751164,109.0,164.0,102.88709536689643,29.4360391905697,0.19990652320918145,-0.9151301571686021,66.0,145.0,156.38949480848095,6.375664398040563,-0.9337121571995898,-0.24495043001638983,146.0,163.0,131.10461565308438,6.4021605358183304,0.025746926109817023,-1.1205795931983122,123.0,140.0,96.32902888055143,30.045046934718464,0.18711213691067272,-0.9445421280584196,58.0,139.0,157.82034726463658,7.542909245767018,-0.8886981610090056,-0.3504128754323492,145.0,165.0,125.67315242997994,4.357143382523479,0.2645114257620014,-0.951758973267117,120.0,132.0,0.2090441645408163,414.80108191427644,0.828966079335488,0.7660624736083784,0.9791822255414488,1.0076335877862594,0.6065810779551237,115.56387664286414,-0.8240732775210247,155.00609521335312,86.69473574280798,0.725952906628379,2.0141659924370137,4.9061433793448925,6.209077518467072,-11.767099889010138,-7.217361989434999,13.127863751040287,0.0273619982839165,0.19981766550439461,5.0,68.24500597417733,115.56387664286414,10489.0,414.80108191427644
102,True,nv,138.21572370704615,20.686805407927206,-0.29202489379361496,-0.7815538665296486,109.0,164.0,76.15289829920167,34.009070131322666,0.31925513147839946,-0.9029925652748148,35.0,127.0,92.5615237764665,37.308715398358004,0.19317745968504685,-1.0381026264933284,45.0,146.0,171.05284623394655,4.9166677450269525,-1.2355431172744689,1.3943586792745748,164.0,176.0,120.76457827143354,43.03713020880596,-0.1400381343686049,-0.9325542512822955,59.0,175.0,138.21572370704615,20.686805407927206,-0.29202489379361496,-0.7815538665296486,109.0,164.0,103.16088163832002,29.61089166201032,0.19385170382168063,-0.92049504051012,66.0,146.0,156.31985421728567,6.4150593590879375,-0.9226919833887689,-0.27240782009719,146.0,163.0,131.05753210690733,6.4285573729265275,0.03228434433693727,-1.1229872264364233,122.0,140.0,96.6052585907671,30.224290742651647,0.18087677666805693,-0.949675683431257,58.0,140.0,157.73481430059007,7.597826607100365,-0.8764241312147296,-0.3827361102320821,145.0,165.0,125.7107775078098,4.3828123230648925,0.25905863296200937,-0.9603263940781126,120.0,132.0,0.2090441645408163,414.80108191427644,0.828966079335488,0.7660624736083784,0.9791822255414488,0.9924242424242424,0.6065810779551237,115.56387664286414,-0.746723049273872,155.00609521335312,86.69473574280798,0.725952906628379,2.0141659924370114,4.9061433793448925,6.209077518467072,-11.767099889010138,-7.217361989434997,-13.127863751040287,0.0273619982839165,0.1998176655043946,5.0,68.64060336176013,115.56387664286414,10489.0,414.80108191427644
102,True,nv,138.87019004240616,20.791553796992623,-0.27804269943732174,-0.8307848340208062,110.0,165.0,77.61858017904822,34.8539735101514,0.3187673742842233,-0.9643304224638745,35.0,130.0,94.16750431914559,38.11461692508459,0.19801062819782095,-1.0690675353004384,46.0,149.0,170.73849536673472,5.251258680525684,-1.3026307620486242,1.5031379815260877,163.0,176.0,118.8797706926339,43.88163445792678,-0.15264295986734294,-0.9991048898084167,54.0,174.0,138.87136799120464,20.793183280244413,-0.2778200142986585,-0.8307904193878404,110.0,165.0,104.378906863515,30.245893968635734,0.20105424855464643,-0.9745703685804914,66.0,149.0,155.99002670017276,6.677049137796142,-0.8647350902994756,-0.4628239626990194,145.0,162.0,130.78953981466938,6.467628290060525,0.039866540829780577,-1.1458845756655824,122.0,139.0,97.84458928851893,30.85422165172001,0.1874380924708889,-1.0007615208742182,59.0,143.0,157.31545468823623,7.921228624865445,-0.8370101019703305,-0.5129352995147274,144.0,165.0,125.91471650698917,4.456474864848847,0.2634337693336788,-0.9651032764281022,120.0,132.0,0.2256457270408163,474.4284989122459,0.8313456333973672,0.6321082755873917,0.9711785898095728,1.7142857142857142,0.797548605240913,120.06505788734502,1.5413880941999456,161.55965727068696,89.78770619574816,0.7244826188344593,2.0036280935594277,4.9021147027631775,6.188318923076008,-11.775541804708498,-7.213845651818312,12.110921436634229,0.028440204910793132,0.20710274682388546,5.0,69.92607641869688,120.06505788734502,11322.0,474.4284989122459
103,False,mel,187.85277521288603,11.42740515758184,-0.9331157978044222,1.0561479349798102,172.0,201.0,114.28531855955679,22.437452314092408,-0.33854247239681495,-0.3338687147253889,85.0,142.0,114.3756540473992,29.985628106853056,-0.13051518860857567,-0.7697756895754773,76.0,153.0,77.09715809992818,85.83625650789742,0.27402998730784106,-1.922501718221328,1.0,178.0,106.83738586231661,28.032176869487785,0.4664174075842344,-0.4079364726346899,74.0,145.0,187.85277521288603,11.42740515758184,-0.9331157978044222,1.0561479349798102,172.0,201.0,143.37488457987072,18.121261947761074,-0.3891208774743715,-0.24310326708842744,119.0,166.0,157.25105160562225,4.771786598308982,0.1461106330444384,-0.4285701179433645,151.0,163.0,140.81142915768956,7.924540279849123,0.017653660000832388,-0.959623083626663,130.0,151.0,136.30835128757568,19.775742691365476,-0.3991315569645277,-0.2612720955587293,110.0,161.0,164.8113778598543,6.662538874418568,-0.1325588256963027,-0.837949811746808,156.0,173.0,115.61377859854313,6.444215480279608,0.18299681908602458,-1.0108473177189823,108.0,124.0,0.35837850765306123,769.7310601229374,0.7672389528069863,0.38139046770857427,0.8486879365678686,0.6941747572815534,0.6104284065449114,151.31223841258742,0.17651598455742068,194.94003993677168,125.02700840200646,0.7295228734995662,2.2185891735595153,3.2706524561587207,4.231650008025951,8.021187741392863,5.393165428344202,-8.377999714256841,0.16750083416750083,0.20136962039900239,5.0,125.29583853496705,151.31223841258742,17982.0,769.7310601229374
103,True,mel,194.23168,17.17791385406272,-0.6592969930802897,12.054614411161072,175.0,211.0,131.83573333333334,29.66987793136706,-0.26475445492429894,-0.1811846664498451,92.0,166.0,146.26746666666668,31.82599663140531,-0.2769578821511673,-0.3210846528999838,104.0,183.10000000000218,172.14688,4.704706820366175,-8.26811582593318,243.10397986214176,166.0,177.0,83.69525333333333,27.956215936159094,0.581786871329226,0.155687172753868,52.0,122.0,194.23264,17.1683417554055,-0.6430832425956623,11.837711032162886,175.0,211.0,157.62128,24.137357722589822,-0.3365700585079099,0.9165944344825223,126.0,186.0,154.24453333333332,6.864268117011618,0.19477619969689727,-0.5872782318233094,146.0,164.0,130.56234666666666,5.3899888274301855,0.34473054097575534,-0.5102096757613563,124.0,138.0,152.15808,25.590164205157677,-0.29591742394036863,0.5200163584739523,119.0,181.0,158.05402666666666,8.684675456570359,0.14000974066864857,-0.8110162567546517,148.0,170.0,124.66309333333334,4.532294551102737,-0.06845860244508392,-0.9488279277780332,119.0,131.0,0.33555883290816324,799.2051942088829,0.7754832267565852,0.33125159668238485,0.8449340091333367,1.230263157894737,0.5923515339150014,146.4156214845463,1.2101962743865262,190.1217132000302,120.03679797927211,0.7266197319485451,2.186352877836252,3.2652069590672617,4.198080029225246,7.963323647855081,5.337325074068548,-8.35151371463138,0.16707251885727858,0.20570892430916243,5.0,49.829264511930766,146.4156214845463,16837.0,799.2051942088829
103,True,mel,214.1037346323359,13.121076783812157,-2.8752890737093444,31.85590852294539,198.0,228.0,144.27807933194154,22.630052699892747,-0.5027132786192897,0.44564078539489094,114.0,172.0,139.550684295987,30.968537380136848,-0.2192099117097646,-0.5626221316660014,99.0,179.0,59.036882393876134,80.69464357196252,0.7612001351076076,-1.4173223407380366,1.0,178.0,93.04073300858269,25.856675638666392,0.4295983786274393,-0.49350919608128585,63.0,128.0,214.10410577592205,13.115365888568961,-2.8590216268806263,31.504277246839393,198.0,228.0,170.29427047088842,18.73543655234432,-0.8061563085993697,2.9434422281011203,146.0,193.0,154.11352354442124,4.273784988713383,0.18246565424899144,0.8510734568482548,149.0,160.0,141.6670842032011,7.682015425314215,0.051115059987846954,-0.9327798475256777,132.0,152.0,164.63832057527256,20.42081111665869,-0.6689720618319241,1.5174617674040425,138.0,189.0,163.33115286476456,6.334736799597292,-0.2023836401429412,-0.1307538025677193,155.0,171.0,113.83038738111807,6.738223818660082,0.09188249322672845,-0.9833035859663859,105.0,123.0,0.38685825892857145,857.9158723275375,0.7779515544888255,0.3314121056232793,0.8525936662713577,0.8217821782178217,0.5788798759394012,157.20958241422258,-0.7118683008322145,204.49525414727913,128.48932975046017,0.7262921708683773,2.17779263871228,3.264741947809389,4.2035660387141425,7.965906330941975,5.331183898885327,8.395018889557107,0.1654216681263201,0.2052938964707025,5.0,119.66668509919786,157.20958241422258,19411.0,857.9158723275375
104,False,mel,192.04016300656554,22.371945236927704,-0.5211967108408498,0.5431019893563871,163.0,218.0,118.83269187231153,26.163671111914752,0.28742979562664667,0.7038804037733506,88.0,152.0,139.6609916232737,29.57051628384837,0.10728008413184174,0.37804754762617954,105.0,178.0,166.5738736699117,27.04142398345716,-5.794167899846384,32.521077151684715,164.0,176.0,98.8449173647272,20.587831625672827,-0.2896779457043879,0.901243213320901,73.0,124.0,192.04559655875028,22.37871806323453,-0.5197182001586417,0.5434423066231355,163.0,218.0,148.69640027167762,23.52531799990547,-0.029114039077263322,0.5836410718443239,120.0,178.0,159.51016527054563,5.073706086523245,-0.7211753049851397,1.3371985403681599,153.0,165.0,129.157029658139,5.69403017870914,0.07258457577219103,0.11750681936336527,121.0,136.0,143.12153045053205,24.716278942197324,0.03632864150624516,0.524777298436153,113.0,174.0,162.939234774734,6.194714103125045,-0.9386456723106721,1.8281057936810017,155.0,170.0,126.05605614670591,4.9977880662720615,0.05986233878948878,0.08178700848735909,120.0,133.0,0.4186862244897959,625.7716446627535,0.6946254376378307,0.67415973822214,0.9160598264509658,0.75,0.7002666666666667,163.5488194876267,-0.18791457670783238,195.17519356857946,140.40349161686592,0.7645280416046629,2.524308174121103,4.209349357291844,5.338536711690357,10.210798390705808,7.099357273287605,10.33184660454191,0.0916793602437167,0.13900772991051627,5.0,70.00797367236451,163.5488194876267,21008.0,625.7716446627535
104,True,mel,192.46204284434307,21.46060179723552,-0.6293539133207072,0.5525875864945307,164.0,218.0,118.89268550948928,24.662476981951627,0.14013702652923124,0.5622678805460088,89.0,150.0,135.1958540360023,28.51064596262298,0.052629840247465934,0.2441571687761801,101.0,172.0,162.92905432923354,39.67814041273137,-3.787580685411619,12.52055216672784,165.0,177.0,99.09823246721511,19.49991913493495,-0.26588563443169855,0.9822863695878836,75.0,123.0,192.46289810214222,21.461965824154728,-0.6290174483539959,0.552615032520039,164.0,218.0,148.55518449132524,22.32660712152524,-0.17228373089769505,0.5046281181463748,121.0,176.0,159.0105481795227,4.7627608949440985,-0.7397425971197864,1.3303956390314333,153.0,165.0,131.6544758491488,5.721704919725268,-0.1046777286280636,-0.10927380344044346,124.0,139.0,142.77237924574408,23.46254011772684,-0.10657833518821018,0.4150017885071029,114.0,172.0,163.4929543047976,5.9028175400742935,-0.9755362491096969,1.9736560480542806,156.0,170.0,123.71760202003748,5.00341112121359,0.22627041012620389,-0.07686193753831905,118.0,131.0,0.45511798469387754,697.9970414071697,0.6757542691333276,0.5890100903753431,0.9147572504406345,0.8316831683168316,0.6729137199434229,170.51597650534737,0.4598012004640836,200.8288598493686,148.03636865598864,0.7686216097688783,2.5950203509796013,4.311101404720199,5.520270221704056,10.546309702196687,7.384894420225372,-10.635784922818287,0.09012086179716239,0.13043248729461138,5.0,80.64002537182105,170.51597650534737,22836.0,697.9970414071697
104,True,mel,192.46595304137205,21.473611099946396,-0.624116377290523,0.540340934253241,164.0,218.0,119.28811970152752,24.782703034568733,0.13353234738581107,0.5428036480832605,89.0,151.0,140.39418681876782,28.378695179286556,-0.01741304783209373,0.23780694917865564,106.0,177.0,167.18509981638474,25.01690563849801,-6.304667753161817,38.967234467180205,164.0,175.0,98.39528069695668,19.497923624414053,-0.2745800954343539,1.0041311942052458,75.0,122.0,192.46724225495174,21.475368664079937,-0.6237157634075887,0.5403358930158304,164.0,218.0,149.13950853615657,22.404452240865073,-0.17982580566127115,0.48408996252728764,121.0,177.0,159.5069734734539,4.799833657780234,-0.7855536353167488,1.6578168244686493,153.0,165.0,128.96519123334767,5.536251042898068,0.009305410635612448,0.033367486523339984,121.0,136.0,143.59948431456812,23.52997663602686,-0.11852165726255573,0.39605910381587783,115.0,173.0,162.90143376176897,5.878376633757003,-0.9920101483782685,2.0555941113981877,156.0,169.0,126.1984216900418,4.857910808865969,0.11639793315506529,0.005266603609678011,120.0,133.0,0.4747688137755102,712.5777772109133,0.7203547202512046,0.5895539264182509,0.9163365003654268,1.0362694300518134,0.6171502590673575,174.15829705954593,-0.7562192427358407,211.4696534602536,146.67658902067924,0.7600209167205821,2.4310185662904304,4.279883345692404,5.368124126567431,10.277192805451717,6.985223566881508,-10.436775488802043,0.09096633364117201,0.14758853595124177,5.0,65.990197926992,174.15829705954593,23822.0,712.5777772109133
105,False,mel,166.73598233995585,20.269575254273352,-0.3673944057232435,-0.779576974195689,138.0,191.0,114.9251655629139,25.776641337829936,-0.1175307413112652,-0.8557219015922786,80.0,146.0,124.7991169977925,33.27652287931758,-0.11194761433423561,-0.9669788873884144,79.0,165.0,139.81434878587197,66.97500912349678,-1.5779792898019016,0.5208481659516448,1.0,178.0,82.20860927152317,20.925157626316302,0.3692811316677727,-0.4363499611762989,58.0,110.0,166.73598233995585,20.269575254273352,-0.3673944057232435,-0.779576974195689,138.0,191.0,137.4690949227373,24.182730475790372,-0.21457592439059617,-0.8478200437069976,104.0,166.0,150.11324503311258,2.6610967754154573,-0.4187650570472843,-0.3026577637552279,147.0,153.0,131.19933774834436,6.001048436971635,0.026285205853660003,-0.9686221437492746,124.0,139.0,131.5598233995585,24.862501742680575,-0.18569258965481264,-0.8758514951352705,97.0,161.0,153.1103752759382,4.030206376269944,-0.5702474936496177,-0.2355273779905147,148.0,158.0,124.16953642384107,5.181683567862782,0.12789250717322181,-0.9777505025913831,117.0,131.0,0.08003826530612244,250.20815280171308,0.7259782098693178,0.8061217793041818,0.9660813086360356,0.7976190476190477,0.7135749822316987,71.50755213022198,-0.4130789470344254,86.72106213198816,59.639609636966675,0.7634748428040518,2.4196346778361697,4.0124277733356335,5.397587338105933,10.295528032540131,6.808613124422643,10.217639147685025,0.08266932270916338,0.14312263357444427,5.0,108.16974200408643,71.50755213022198,4016.0,250.20815280171308
105,True,mel,164.40689198144466,20.912909679092905,-0.2976412741156066,-0.6870643088146933,135.0,189.0,112.33664678595096,26.425545699105594,-0.1280183521579111,-0.79431185241017,76.0,144.0,122.32074221338635,33.807646878724206,-0.11767053797363972,-0.923302338133869,76.0,164.0,141.45571018334437,65.75182247008996,-1.657600980421729,0.7812171564056691,1.0,178.0,83.9065606361829,21.898592898146063,0.4694579784527158,-0.32102640578414565,59.0,114.0,164.40689198144466,20.912909679092905,-0.2976412741156066,-0.6870643088146933,135.0,189.0,134.98762977689418,24.85105312567577,-0.20986146236163863,-0.7844670730595125,100.0,164.0,150.31610337972168,2.711218952671637,-0.35371837133175577,-0.457651520805165,147.0,154.0,131.247183565275,6.086999069661278,0.05144291918045187,-0.9467509531809144,124.0,139.0,129.05853766291142,25.488474972452213,-0.17956263285527924,-0.8055315261022291,94.0,159.0,153.2427656284515,4.0733337502082705,-0.46608419720975597,-0.382086949042153,148.0,158.0,124.17981002871659,5.195910837103692,0.12349270780054865,-0.9693149126500478,117.0,131.0,0.08003826530612244,250.20815280171308,0.7259782098693183,0.8061217793041818,0.9660813086360356,0.7976190476190477,0.7135749822316987,71.50755213022198,-0.41307894703442577,86.72106213198819,59.63960963696665,0.7634748428040518,2.41963467783617,4.012427773335787,5.397587338105717,10.295528032539993,6.808613124422302,10.217639147684704,0.08266932270916338,0.14312263357444424,5.0,108.56332504732893,71.50755213022198,4016.0,250.20815280171308
105,True,mel,167.962893081761,20.133664623432615,-0.39390842986273333,-0.774433809536581,139.0,191.0,116.72348008385744,25.95452510091379,-0.14845878717791905,-0.8592461649161125,81.0,147.0,127.395178197065,33.65950508890291,-0.1581760319929171,-0.9914452242451444,81.0,168.0,145.04779874213835,62.027793699044594,-1.8736457516150689,1.5591180189605511,1.0,178.0,80.64591194968554,20.868335101597886,0.3679187122759447,-0.5103599240906465,57.0,110.0,167.96331236897274,20.134258900715515,-0.39381035755797056,-0.7744256375946916,139.0,191.0,139.12222222222223,24.26579644771673,-0.24471190652813954,-0.8482802675274796,105.0,167.0,149.9620545073375,2.6638401634325137,-0.4325974490488696,-0.3253674847564305,146.0,153.0,130.641928721174,6.116212333061649,0.06594724592543201,-1.0157390302432725,123.0,139.0,133.2832285115304,24.96458018454446,-0.21800992630779192,-0.8770290210351517,98.0,162.0,152.75702306079666,4.143024491175339,-0.527420064693627,-0.3886619522134991,147.0,158.0,124.65911949685534,5.31608311503217,0.07709835811984593,-1.0471847696118992,118.0,132.0,0.07934072066326531,262.7056274847714,0.694450956961748,0.7248752800911751,0.9592771084337349,0.7951807228915663,0.7267250821467689,71.19527110413081,-0.24690263378215954,84.42278240259922,60.745572180633026,0.7699960670680791,2.5358193515836103,4.033450772647041,5.571332265424157,11.028098480243766,7.475596571094416,-10.384660727839815,0.0831449384576739,0.1300615248916302,5.0,103.030387701358,71.19527110413081,3981.0,262.7056274847714
106,False,mel,154.24552985378662,25.78154522427138,-0.5048242196310239,-0.8522500622414859,117.0,183.0,121.11651803902042,39.12156627992583,-0.21295654766649774,-1.3202621981332066,67.0,168.0,124.92920193744058,45.06081841267037,-0.12060722609419874,-1.403791929022898,65.0,181.0,100.86646145489114,80.15769338189682,-0.38938864439298865,-1.7936971615441646,1.0,178.0,63.80915304875288,37.21798815626364,0.36153457308054765,-1.2518945531403576,22.0,116.0,154.73527680956045,26.384654844467917,-0.4385563000645961,-0.8528787231763322,117.0,185.0,137.70766375447013,35.67169703466034,-0.28820113273135534,-1.234973643172575,88.0,180.0,142.09637408899553,5.651553584850432,0.09538711245822101,-1.3338880559620505,135.0,150.0,131.4546195283147,6.658313125547547,-0.037411000126196116,-1.262242513782337,123.0,140.0,131.45466479561813,35.65965046970599,-0.2588677652574897,-1.2706878290079036,82.0,174.0,144.27658322393734,7.877870443135831,-0.1296331691805003,-1.3560731393549015,134.0,154.0,124.29432800688063,5.948263809510213,0.19313094122303368,-1.192912430564634,117.0,132.0,0.417171556122449,600.2569260369921,0.6824146025533026,0.7300392838585861,0.9596112410030716,1.368421052631579,0.6620698380566802,163.25271866157829,1.5260224823590136,196.20825343901117,143.4214302620833,0.7535829615309676,2.5427990840922963,3.0513345698087395,4.807833053463423,8.929500893794504,6.61283766655014,8.853056274663938,0.19176380661188608,0.16214239507199718,5.0,143.76033638262837,163.25271866157829,20932.0,600.2569260369921
106,True,mel,154.41518881702484,25.575369298642975,-0.49578580261075755,-0.8960930082718437,117.0,183.0,121.39657834341749,38.94855772609835,-0.21054865066381806,-1.3372896901598108,68.0,168.0,125.28003338201543,44.84647231981059,-0.11660338098581323,-1.4164372918859682,65.0,180.0,101.64982265804298,80.10977480735296,-0.40827355540230503,-1.77823418834585,1.0,178.0,63.33523889004799,36.77699793800239,0.34735682291524994,-1.2907920422481631,22.0,115.0,154.89522219904026,26.181655211217517,-0.42516228578377696,-0.883691871140035,117.0,185.0,137.96198622991864,35.49449102249799,-0.28266469178660963,-1.257467921357604,88.0,180.0,142.0572084289589,5.611047518596891,0.09000375621283016,-1.361703703990081,135.0,149.0,131.38660546630504,6.580922235161927,-0.0580716030900975,-1.2735152718985057,123.0,140.0,131.7098685583142,35.48390861130325,-0.25492365096614134,-1.2903898192530154,82.0,174.0,144.21585645733362,7.823790598826636,-0.13211064974230122,-1.3729001280768982,134.0,154.0,124.34600459002712,5.891752271921722,0.2132112001342817,-1.1933028653705944,117.0,132.0,0.4461296237244898,652.683332908185,0.6095493708774486,0.6603313517969713,0.9568283821329344,1.2592592592592593,0.6773480997337207,168.82377560313185,1.286605696985623,194.3082345986371,154.0374855583347,0.765320357064988,2.8141537893822854,3.1130681944279894,5.124105284620157,9.372708937608047,6.984713691672666,-9.41584369722717,0.18481125753853023,0.1377181125151681,5.0,143.06842795657286,168.82377560313185,22385.0,652.683332908185
106,True,mel,155.0150328277111,25.603618052412777,-0.524324845577275,-0.8814623986158594,117.0,184.0,122.47199456644782,39.199444124633914,-0.23800560530453976,-1.3292132426755423,68.0,169.0,126.63223907629613,45.22179939868352,-0.14228685382583095,-1.4146133959292808,66.0,182.0,101.57998641611954,79.60048190604,-0.41690544721624256,-1.7639283653154099,1.0,177.0,62.42829975096219,36.7912022246421,0.3800389727646458,-1.2670142460150082,21.0,114.0,155.62540185646367,26.34656775197949,-0.4430848407178882,-0.8802099782846393,117.0,186.0,138.9223907629613,35.6778120155671,-0.3103029880928892,-1.2473435581584444,88.0,181.0,141.90618066561015,5.660461498480663,0.10711116372123408,-1.3558096994303996,135.0,149.0,131.15612406610822,6.670673144453902,-0.04766558003600303,-1.2733211244749736,122.0,140.0,132.67471134254018,35.67906090690685,-0.2828704870046049,-1.282111316536737,82.40000000000009,175.0,143.9547203984605,7.946124681865032,-0.11482108546949245,-1.3739862110519958,133.0,154.0,124.56730812768848,5.995474848062957,0.20302253698846948,-1.2047130418438634,117.0,133.0,0.40529336734693877,610.541197284454,0.6796420308826335,0.6855599670036204,0.9552350979379022,1.3774834437086092,0.6474783494651044,160.91177514940995,-1.4789756901390358,193.0581981518855,141.61667105147558,0.7540281992534486,2.55289712180112,3.052470435315101,4.820584428588427,8.946835358998518,6.6291998371007725,8.874426820409113,0.1921223446105429,0.1612433748381495,5.0,142.7382518826616,160.91177514940995,20336.0,610.541197284454
107,False,nv,155.36052826462603,18.272407637913535,-0.4095354781740124,0.12344467498102807,134.0,179.0,110.64669217477166,24.524385106802058,-0.3780303387291818,0.2681825740678545,81.0,144.0,99.00370278943471,28.251390453689403,-0.3160657826350235,0.07892268220115195,63.0,137.0,7.871451493458405,17.515157651586115,9.539561943002294,89.84870392277965,4.0,8.0,95.75740557886941,31.48196907404655,0.9976482368981221,1.2671309537157676,60.0,138.0,155.36052826462603,18.272407637913535,-0.4095354781740124,0.12344467498102807,134.0,179.0,129.82189582819058,22.605481090315706,-0.4073271045389047,0.2970229579892929,103.0,160.70000000000073,144.39983954579117,3.8938206207194948,0.5667216802234878,-0.16203736608756802,140.0,150.0,141.83244877807948,4.662029179671761,0.41429811741966505,-0.012166725621308494,136.0,149.0,122.69686497161194,22.892498009523887,-0.3761780872185589,0.24583003307548834,96.0,154.0,151.332078499136,4.50166653358722,0.21396504502082145,-0.6887835536800866,145.30000000000018,158.0,114.60071587262405,3.489648900748969,-0.021493337131058585,-0.2345059244736536,110.0,119.0,0.3026147959183674,576.2569260369921,0.7445893275923138,0.5745975139826343,0.9038095238095238,0.9240506329113924,0.6582278481012658,139.04268857893504,0.8136946854920061,173.7591524685495,115.98820180129188,0.745566644693907,2.323554368870309,3.648960702954646,5.361212215441579,-10.92642898295399,-6.92855453618071,-9.867951188706664,0.13237618545837726,0.18293674046688913,5.0,67.2695343635462,139.04268857893504,15184.0,576.2569260369921
107,True,nv,151.13100338218715,18.434058639742695,-0.4406756241409818,0.1423108915612894,129.0,175.0,115.92998872604284,25.10848732252856,-0.35010282096237666,0.14080724324185212,86.0,150.0,104.79188275084555,29.05922657056017,-0.3007979128596898,-0.017243897664328767,68.0,144.0,7.708568207440812,11.459308179280079,14.435091776994483,211.7517515875281,5.0,9.0,81.63072153325817,31.797055744916737,0.9539150798720384,1.1377103541685711,45.0,124.0,151.13100338218715,18.434058639742695,-0.4406756241409818,0.1423108915612894,129.0,175.0,132.32249154453214,23.3777855726166,-0.41220303329518165,0.22792444855104632,105.0,164.0,140.4076662908681,3.64125303166522,0.5574805743724205,-0.14032874309693089,136.0,146.0,139.76719278466743,4.52046895608207,0.3865285085267123,-0.1222384857625638,134.0,146.0,125.19408117249155,23.42990551187847,-0.3643920395395208,0.1470320345386238,97.0,157.0,146.52852311161217,4.540228349659655,0.14957264002790754,-0.651848961366412,141.0,153.0,116.46713641488162,3.5680045087101058,-0.0569743542107197,-0.4548998518816165,111.0,121.0,0.32216597576530615,603.3574311003804,0.7258549373460135,0.5580026237448588,0.9073304894476875,0.8606060606060606,0.6899274434485702,143.46399283668327,-0.6616310238747928,176.2882569677215,121.2594915106979,0.7520064911327276,2.3970985070486828,3.910603464880188,5.7841663995029355,10.980449089829264,8.285548138141786,10.680153397686324,0.1272502319826786,0.17244860191609948,5.0,61.690422563939514,143.46399283668327,16165.0,603.3574311003804
107,True,nv,155.35884458708802,18.284968186213373,-0.41321160965822895,0.1390808825993224,134.0,179.0,110.64609307492903,24.517656105584752,-0.3773158139398496,0.26109533703969223,81.0,144.0,98.99728428589063,28.24399907151859,-0.3148799179031402,0.08229482782532171,63.0,137.0,7.865880755462289,17.464870411391736,9.567230950263786,90.3893790684047,4.0,8.0,95.76694235279595,31.45523873445817,0.9960010605829496,1.26453686107609,60.0,138.0,155.35884458708802,18.284968186213373,-0.41321160965822895,0.1390808825993224,134.0,179.0,129.81786199234662,22.60353363513503,-0.40817879066639384,0.2979838447206311,103.0,160.0,144.39803727934822,3.885727761451102,0.558409404448842,-0.20629164371900455,140.0,150.0,141.83804468584125,4.6504597921032085,0.4056801775751291,-0.014554865547578455,136.0,149.0,122.69349463029256,22.890908631138757,-0.3762330077954286,0.2460978709846504,96.0,154.0,151.33372423157635,4.494922680366476,0.2129231293672448,-0.6994078465417868,146.0,158.0,114.59930872731762,3.484130104980322,-0.012517042363948344,-0.2341189440224909,110.0,119.0,0.3026147959183674,576.2569260369921,0.7445893275923138,0.5745975139826343,0.9038095238095238,0.9240506329113924,0.6582278481012658,139.04268857893504,-0.813694685492006,173.75915246854953,115.98820180129191,0.7455666446939072,2.323554368870312,3.6489607029546893,5.361212215441532,-10.92642898295443,-6.928554536180734,9.867951188706613,0.13237618545837726,0.18293674046688915,5.0,67.20507733206328,139.04268857893504,15184.0,576.2569260369921
108,False,nv,162.2794952681388,22.323597784447195,0.2420851819925884,-0.8026681471905293,138.0,196.0,110.10157728706625,32.859975808427826,0.5771606219667006,-0.8368161741546389,76.0,163.0,95.73343848580441,33.91389521726648,0.6894399399746864,-0.5545819209181166,60.0,151.0,6.595268138801262,1.7273755208208885,-0.07901983654596878,-0.5220291135573119,4.0,9.0,108.7506309148265,31.74809353047222,-0.5255535589818204,-0.5420764097921631,58.0,144.0,162.2794952681388,22.323597784447195,0.2420851819925884,-0.8026681471905293,138.0,196.0,131.36104100946372,29.139219230085974,0.49229223948339346,-0.8368370330460748,101.0,177.0,147.26324921135648,5.5395286880887875,-0.7253945213376315,-0.8881927812859316,138.0,153.0,144.85504731861198,4.174955155425196,-0.6953289635683197,0.09408466472179366,139.0,150.0,124.0993690851735,29.716280356295165,0.5241792085288388,-0.8214680450003264,93.0,171.0,155.298738170347,5.78500440884098,-1.0453319156232412,-0.20443424990712344,145.0,160.0,111.97129337539432,3.197760834148902,0.8492139961381518,0.5770367907886795,108.0,116.0,0.11423788265306123,296.9360748630709,0.702708648991885,0.8169399209032034,0.9690617075232459,0.7184466019417476,0.7520335869850433,85.42955618766817,-0.14450500057889415,101.56055321808755,72.25807145760972,0.7710932454223506,2.510850901618631,4.963069179870762,6.331237168452028,11.999574715075886,7.6089426066193955,-12.49426577931621,0.04117236566643401,0.1274369716985505,5.0,55.799066835740305,85.42955618766817,5732.0,296.9360748630709
108,True,nv,184.34442924456604,26.97626233926037,0.29737729546845615,-0.8894154641595322,154.0,221.0,134.2764857881137,37.46271404153561,0.40832914710407847,-1.0174328042628908,93.0,188.0,120.45842833257333,38.820278742820854,0.486836933207621,-0.8921493532809146,78.0,178.0,6.610275117799057,1.7323906290704927,0.12139791912956796,0.6315397785655228,4.0,9.0,92.37847697218422,29.847684448905444,-0.3641198604963496,-0.8511933532316283,46.0,128.0,184.34442924456604,26.97626233926037,0.29737729546845615,-0.8894154641595322,154.0,221.0,154.21158230734153,33.00108810319071,0.34859821105890704,-1.0366094109079635,117.0,201.0,145.69554643562853,5.599453585356528,-0.5306934302824524,-1.0686074554580822,137.0,152.0,143.43015655874754,4.139508517981694,-0.564035655811267,-0.2665060135137747,137.0,148.0,147.7014743882049,34.31631269340613,0.3808910338586823,-1.0088402514295347,110.0,196.0,154.18103055175558,6.30832888466098,-0.844232293109976,-0.5598793945439215,143.0,160.0,112.61620307037543,3.4221614586249,0.7778696118642057,0.11025333181971142,109.0,118.0,0.11298230229591837,294.45079348883235,0.565464875761557,0.8216575742024319,0.9659226444027943,0.851063829787234,0.7538563829787234,84.95878400203028,0.2679134805266214,93.81684815894917,77.3775448824631,0.7876909945837108,3.0165069911480367,4.992394740924786,6.861112415220708,12.789974478223744,8.369434716343198,13.795311289833965,0.041100723231610514,0.07847489260061273,5.0,58.55633741723631,84.95878400203028,5669.0,294.45079348883235
108,True,nv,164.10161345691728,23.19860018635836,0.21512406740166587,-0.9743789474124256,138.0,198.0,113.19910744936492,34.57549696853446,0.49614113334780235,-1.0464944593914525,77.0,168.0,99.23034672159287,36.06911794400345,0.6059033032241192,-0.8276208515134584,61.0,158.0,6.565739787161003,1.665945003124612,-0.17269086631944633,-0.39662068656049154,4.0,9.0,105.37229660144182,33.47114873402044,-0.4672417112623663,-0.8034123934544972,52.0,143.0,164.10161345691728,23.19860018635836,0.21512406740166587,-0.9743789474124256,138.0,198.0,134.03261242705116,30.5712401045635,0.42673787682694897,-1.0356265841779737,101.0,181.0,146.72107792653622,5.803004649696967,-0.590592449558116,-1.1460948228000531,137.0,153.0,144.33316168898043,4.450867166183938,-0.6722862973373235,-0.2814380610163121,137.0,149.0,126.86010985238586,31.24144644910594,0.4543185304784799,-1.024866319180514,93.0,175.5,154.62203913491246,6.202965556766709,-0.8833819588764158,-0.6323806524847564,144.0,160.0,112.3904909028493,3.4189309903922473,0.8490096141757483,0.13597203222124854,109.0,118.0,0.09980867346938775,288.2497833620557,0.6492693960417403,0.757419017107067,0.961966961198617,0.7802197802197802,0.77511221173193,79.85226133325027,0.016581559273389397,91.81765834993345,69.83270168165616,0.7797012540959666,2.706164025327903,4.9805921434104485,6.524458599643212,12.28854321592607,7.884519693156774,12.919650383625914,0.03873801916932906,0.10522351291631947,5.0,58.33569392350341,79.85226133325027,5008.0,288.2497833620557
109,False,mel,178.5988510053703,27.91229083569498,-0.6976522070000429,-0.3032415323424349,135.0,210.0,117.74397402273011,37.50577016802768,-0.3382429272693202,-0.7141356067343887,60.0,164.0,112.82003247158737,39.00281901278891,-0.2278644516080502,-0.8027672610532348,54.0,163.0,24.686274509803923,58.201739475962434,2.2544242434016812,3.088816727290837,0.0,177.0,99.73148495066816,34.597809962237235,0.4952633082359623,-0.5130818033892495,58.0,152.0,178.5988510053703,27.91229083569498,-0.6976522070000429,-0.3032415323424349,135.0,210.0,141.99263144748346,33.51706432932076,-0.44663106436140737,-0.6162524965821912,90.0,183.0,151.62220557012614,5.456781750493187,-0.01717577992215746,-0.7110797833273472,144.0,159.0,141.18009241913325,4.912908380612188,0.2399734598264011,-0.39729307127464963,135.0,148.0,135.3884101411265,34.67507303458678,-0.40841515645388493,-0.6627515559677506,82.0,178.0,158.86886474334958,5.655709489442,-0.4305327098063138,-0.45054697049194514,151.0,166.0,115.24078930935431,3.6054951297576654,0.01630896497851632,-0.23161048660435046,111.0,120.0,0.14594626913265307,333.1198410471445,0.5186875457206388,0.8292737091439474,0.9650764364786505,0.941747572815534,0.7329596636973276,96.56051566813217,0.5586856517471975,104.89052245821802,89.67760767637601,0.7890486770816132,3.1950497582067015,4.775998609634702,8.123618690747737,14.850444652773568,9.810180778532661,-14.644529629124424,0.06349856616140925,0.07337113833879332,5.0,120.71184027389465,96.56051566813217,7323.0,333.1198410471445
109,True,mel,187.56712876233297,27.947862367303546,-0.692837409760024,-0.3112372954413174,143.0,219.0,143.15586361933308,35.75532544097687,-0.46606060525525594,-0.5994932535793782,87.0,186.0,120.32184338703634,40.40107962503528,-0.25252178769629885,-0.7994103614548691,59.0,171.0,10.014237542150617,2.072809119187134,-0.5954522594826949,0.25891844113660056,7.0,12.0,96.3363307106282,34.54433398605786,0.4976355031392385,-0.5211193596316481,55.0,149.0,187.56712876233297,27.947862367303546,-0.692837409760024,-0.3112372954413174,143.0,219.0,160.62994879480453,32.59341617342762,-0.5507458330885358,-0.507106300093136,109.0,199.0,142.07218683651806,4.183953539087938,0.5320844756375973,-0.24918036666189458,137.0,148.0,147.03409516672912,5.8501081791229605,0.07011988281787321,-0.5822435246959015,139.0,155.0,153.83926564256276,33.82961910992002,-0.49186998329056697,-0.5828219037500069,101.0,194.0,152.07393530660673,4.789150219242078,-0.22290537117768003,-0.5175707956028552,145.0,158.0,109.07980517047584,4.861822488412963,0.07106549275738644,-0.37287413558292837,103.0,116.0,0.14594626913265307,333.1198410471445,0.5186875457206389,0.8292737091439474,0.9650764364786505,0.941747572815534,0.7329596636973276,96.56051566813217,-0.5586856517471979,104.89052245821802,89.67760767637601,0.7890486770816129,3.195049758206705,4.775998609634713,8.123618690748176,14.850444652783176,9.810180778530507,14.644529629121621,0.06349856616140925,0.0733711383387933,5.0,64.56500547254853,96.56051566813217,7323.0,333.1198410471445
109,True,mel,184.53865367803172,28.884341887609903,-0.4392292034714994,-0.20434006758523404,141.0,216.0,126.63644311227675,37.97097266752363,-0.268038787842911,-0.6068782854090204,69.0,174.0,121.97164980641938,39.22561348028181,-0.18799252348048007,-0.7070033363544019,64.0,172.0,25.075558885974772,58.62410743996668,2.227232238397261,2.9669923803748484,0.0,178.0,91.667540901711,31.8077915860275,0.5048293134348973,-0.47576043009073743,54.0,140.0,184.53865367803172,28.884341887609903,-0.4392292034714994,-0.20434006758523404,141.0,216.0,149.64668415136757,33.979639415024685,-0.3546313243261136,-0.5308514665770216,98.0,191.0,150.1707256150868,5.331400510938941,0.026591217628225892,-0.5849188885661545,143.0,158.0,140.16672911202699,4.4643994640575855,0.24890296059947495,-0.41667681138311563,134.0,146.0,143.43312101910828,35.24806901044895,-0.3086264772269085,-0.555773710257919,90.0,187.0,157.36318221556138,5.615348844001909,-0.39116450390304136,-0.38529684229876393,149.0,164.0,115.8658673660547,3.4149726807521965,0.026186430668718518,-0.30767207409147534,112.0,121.0,0.14594626913265307,333.1198410471445,0.5186875457206389,0.8292737091439474,0.9650764364786505,0.941747572815534,0.7329596636973276,96.56051566813217,-0.5586856517471979,104.89052245821802,89.67760767637601,0.7890486770816129,3.195049758206705,4.775998609634713,8.123618690748176,14.850444652783176,9.810180778530507,14.644529629121621,0.06349856616140925,0.0733711383387933,5.0,119.31624091360408,96.56051566813217,7323.0,333.1198410471445
10,True,nv,195.07344402247261,15.255083048017223,-2.94933042623348,11.68524551191606,181.0,207.0,144.25711685132293,24.27704213375143,-1.4098281444111722,2.6648403863275654,115.0,170.0,169.0624588054361,25.51789037022653,-1.1612980395720947,1.684080989331176,137.0,197.0,164.46837826810207,5.062421910426734,-0.6099586934080213,0.19826230432202863,158.0,171.0,67.92514359247983,20.839248270079437,1.247283064142611,2.530193596052033,44.0,93.0,195.09666990992122,15.279082779025913,-2.934920557980043,11.618671413035747,181.0,207.0,166.77276293901636,20.78992659417767,-1.7229812041692356,4.120835612588467,144.0,188.0,151.20846803301842,4.457279564585671,0.39845233279309633,-0.14649431763857468,146.0,157.0,122.7214148959543,3.3723884625946003,0.550034119233041,-0.2092072285175619,119.0,128.0,162.2854587112771,21.467765795202972,-1.6721515813334513,3.777942212751592,138.0,184.0,151.42104767584195,5.684215474400742,0.14515339861728435,-0.42932992771909184,144.0,159.0,131.81202724333826,3.204932636851024,-0.28564597678566234,-0.5863974121393722,127.0,136.0,0.6062659438775511,735.8305191657993,0.4282936818665672,0.7060142723526126,0.9570552147239264,0.9444444444444444,0.8215848322800194,196.80433671757248,-0.5916688471478955,210.70954666363275,190.4054899252488,0.7806599388514055,3.5528548626796486,3.4669674654196627,5.449053808636747,10.034430647926671,7.23502340296159,10.083493740547151,0.13464825772518085,0.10463920398761878,4.0,41.180752959532086,196.80433671757248,30420.0,735.8305191657993
10,True,nv,198.58920616790405,18.90775219553361,-4.8530883077676,37.50070956353391,185.0,211.0,149.90845231296402,26.475789021038842,-1.6582301577815959,4.402015043044663,120.0,178.0,173.7498286693318,27.71356162037346,-1.596591722484733,4.85216108227286,140.0,203.0,163.95582524271845,8.248975260675822,-10.812536046859423,202.26083696782436,156.0,171.0,64.3300399771559,22.78920323452862,2.0132323518878787,10.229623636062827,40.0,90.0,198.61844660194174,18.91690302280375,-4.8238111298778525,37.136480043056984,185.0,211.0,171.45271273557967,23.353629789333375,-2.387021320787128,10.162722476360313,147.0,194.0,150.15045688178185,4.893859842136885,0.14261569454540982,0.7244607572723338,144.0,157.0,122.87512849800115,3.268259940968694,0.5789990225993754,-0.21914751781715447,119.0,128.0,167.18894917190178,23.92362605438859,-2.2148110425102985,8.49847345079605,141.0,190.0,150.4275271273558,6.125815517799748,0.03344812762043895,-0.149283191205269,142.0,158.0,131.69129069103369,3.166516820398302,-0.3111465929784506,-0.634343530883327,127.0,136.0,0.6644411670918368,788.0264786586927,0.32379363162703995,0.6746535531373923,0.9557925518190419,1.0,0.793313503866746,206.03041809870112,-1.0160330470541752,214.64458783518336,203.08119694507113,0.7859873161764722,4.086192122586238,3.667636668879939,5.740588395722635,-11.177183134305789,8.097640772325772,10.45227522241976,0.11344071507843667,0.08751520356019785,4.0,49.95508151800819,206.03041809870112,33339.0,788.0264786586927
11,False,nv,139.4066039546938,17.167099733796082,-1.4783491746627997,1.4104255051779466,110.0,153.0,103.36014590132463,27.96161413954411,-1.0385378179193727,0.07626610248148946,55.0,130.0,108.14705317719331,38.85875639051965,-0.7255853163715382,-0.5979472171146898,43.0,149.0,98.3574582453446,78.88871610229081,-0.34382331227151824,-1.84276862567767,2.0,175.0,77.36475331157612,44.42138611941557,1.233189374647982,0.4556406396455501,38.0,155.19999999999982,139.62660779420233,17.37279275855938,-1.4290759171034026,1.3262605426944152,110.0,154.0,121.17316183528509,25.863612210146492,-1.1079605608403116,0.2587184530392115,77.0,145.0,143.8055288923018,4.213536240477581,0.9867773034653671,0.09692454616192991,140.0,151.0,131.73085045114226,9.498387293094051,0.3836563353420953,-1.062742595172977,120.0,146.0,114.69725475139182,25.79088629431368,-1.0806953327871027,0.1693079756052991,70.0,139.0,145.64734114033405,6.895389319766135,0.3552561242065909,-1.0095218266295,138.0,156.0,124.2977538875024,7.947987761007399,-0.16231276524199095,-1.2703495243762077,113.0,134.0,0.09394929846938775,262.99494936611666,0.36442823739960956,0.8564551510303913,0.9675697865353038,0.9743589743589743,0.7952091767881242,77.47290632138153,0.20137879121469696,80.96424564571133,75.39645388427357,0.7897340212608371,3.8753979441528816,3.8886042401147516,5.8342635192180685,-10.827264114307438,-7.806227341111468,10.866973559384917,0.08867204072974122,0.07223929002087859,5.0,140.68289498026576,77.47290632138153,4714.0,262.99494936611666
110,False,mel,165.5633764832794,16.030803231451973,-0.6459702768148853,-0.013835885492526678,142.0,184.0,123.06974110032363,24.369745803038402,-0.2594302154936371,-0.6342634296936516,88.0,154.0,122.66321467098166,28.624850128827248,-0.2993600535990109,-0.6056892724496015,81.0,158.0,83.74644012944984,85.56802495100352,0.12736192232928933,-1.9791046017180616,1.0,178.0,72.92265372168285,26.076527370206964,0.5555235284510109,-0.2945155949102185,42.0,112.0,165.5633764832794,16.030803231451973,-0.6459702768148853,-0.013835885492526678,142.0,184.0,142.1980582524272,21.80286137869652,-0.36861273194090227,-0.5011857574033205,111.0,169.0,144.70501618122978,4.038926913083617,-0.06400842897340112,-0.6889853961407946,139.0,150.0,134.94768069039912,5.448420741812304,0.3221142990632999,-0.4978489582436012,128.0,143.0,135.7383495145631,22.17152139637565,-0.3496594122512117,-0.5311289375504189,104.0,163.0,149.30075512405608,5.078079620651016,-0.19486884629634404,-0.7696708981467255,142.0,156.0,120.61294498381876,4.75334716113792,-0.1386374181660813,-0.5912529271441191,114.0,127.0,0.34823421556122447,579.8305191657993,0.8456792806116046,0.6530932570208704,0.9177477808708441,0.7473684210526316,0.6476278724981468,149.15533703209383,-0.46650091967841933,208.65599511370408,111.35791873437168,0.6987812209018154,1.9064286880283399,3.209194731944328,4.032325760983565,7.6705591120282355,5.005564483066504,8.2089560991759,0.1622503290791507,0.23898292208539293,5.0,127.67535555266245,149.15533703209383,17473.0,579.8305191657993
110,True,mel,165.90021198490254,16.38780104900282,-1.0859204929886264,4.365055352047905,143.0,184.0,123.94400496354893,24.570505779735992,-0.3205354655033729,-0.40704856414985935,89.0,154.0,123.78087999586371,28.89176449445846,-0.32553844834340095,-0.5002776708433476,83.0,159.0,85.53270254898919,85.60198803169483,0.08317539197246548,-1.988042398492086,1.0,178.0,71.79142753735587,26.263349739949046,0.6707783517836546,0.5020794139908613,41.0,110.0,165.90021198490254,16.38780104900282,-1.0859204929886264,4.365055352047905,143.0,184.0,142.92699446771107,22.056574366564217,-0.49097460515475505,0.2276177138797606,112.0,170.0,144.51310687141307,4.0515136436674855,-0.0676353765201713,-0.679200221519507,139.0,150.0,134.71423401065096,5.44997874396279,0.3265199845597992,-0.4893354341745826,128.0,143.0,136.48053358151077,22.408815305743637,-0.44757675708445394,0.003820999633661337,105.0,164.0,149.0129259086914,5.145827362459708,-0.20085835565801657,-0.7507371498375974,142.0,156.0,120.82213949640659,4.77673904634133,-0.14114579628884677,-0.5667767417490985,114.0,127.0,0.3521205357142857,608.6000717874997,0.8463190338740187,0.5994227973833154,0.9129333953392239,0.6532663316582915,0.6829532276768457,149.98532020294806,-0.33006719866964146,210.01709733680178,111.87114066032086,0.6983196114887745,1.903459706022485,3.207890279892387,4.028184342127577,7.662974196200926,4.999000074510258,8.21088086239683,0.161648177496038,0.23946404592450132,5.0,128.2531388206467,149.98532020294806,17668.0,608.6000717874997
110,True,mel,166.28283167983858,16.333330756163715,-0.6365606972868519,-0.014736742144493054,143.0,185.0,120.49722549184463,21.119057258526514,-0.2583899454723381,-0.6462305854140427,90.0,147.0,106.75489042094053,28.18277634789273,-0.25660276521879977,-0.5954820712552333,67.0,142.0,28.198307269771874,55.473262004556105,2.282358083626511,3.252089930593484,2.0,174.0,94.92124880892327,28.646390356053516,0.5807768463455892,-0.29193144872529597,61.0,137.0,166.28283167983858,16.333330756163715,-0.6365606972868519,-0.014736742144493054,143.0,185.0,139.82304803542402,19.568769484064234,-0.37826411948360983,-0.49757388843978445,112.0,164.0,144.23586121854157,3.9863247541129945,0.38551475415146935,0.06921016771253807,139.0,150.0,142.81043663471777,7.037676344516913,0.20506275150340486,-0.45480518373210677,134.0,153.0,132.63213945406648,20.133469132192758,-0.34994423639693417,-0.536576908346174,104.0,158.0,152.02768903088392,3.813298217368782,-0.012848167063079249,-0.22606060074393275,147.0,157.0,113.39364385404406,6.094488138816924,-0.13466164702504912,-0.3749658101097233,105.0,121.0,0.3270886479591837,602.700576850888,0.8707886319180277,0.5677644002123527,0.9133507707718849,0.5588235294117647,0.7057103543171654,144.55589717543,0.14514821483498502,210.65547443004837,103.57035703390531,0.6781098112634453,1.7846209794863868,3.175409839086586,3.8741046281801483,7.401872635690743,4.767469927554216,-8.329403597582083,0.16292956373385326,0.2621433902916416,5.0,100.45298311677334,144.55589717543,16412.0,602.700576850888
111,False,mel,147.3132859486058,26.243700456340495,-0.5699767546500909,-0.397432397876305,109.0,179.0,88.10114816839803,32.9343606150867,-0.034561555356327614,-1.118960857510465,42.0,133.0,79.45179515217788,37.647734628968436,0.46002793072381587,-0.9964889372489925,36.0,137.0,37.76663021687625,67.66680672438267,1.555744532292798,0.4285429885375711,2.0,177.0,125.79606342263531,40.21161853906459,-0.30672215942357306,-1.2028633535904116,66.0,172.0,147.3132859486058,26.243700456340495,-0.5699767546500909,-0.397432397876305,109.0,179.0,112.07171496263896,30.91688971498687,-0.1672259713291134,-0.9591511744170846,69.0,153.0,151.78412611627482,4.44974361307613,0.07122080409625832,-1.0066239249490876,146.0,157.0,144.13550209586296,7.284636526440317,-0.6226040152156908,-0.5849202231704358,133.0,152.0,104.82905048295973,31.199922220936614,-0.07619175695347635,-1.0470747864469707,62.0,147.0,158.34937124111536,5.189014473893432,-0.5072320098797013,-0.6511100223365616,151.0,164.0,113.66484417714598,5.790565160440283,0.5840815208257149,-0.5101200637229923,107.0,122.0,0.20430086096938777,416.47518010647184,0.8478583034690119,0.7426733639575246,0.9710144927536232,0.6363636363636364,0.6792340312748476,114.24525623884851,-0.3610935826450863,157.8038837460067,83.67122893570307,0.7110555053051879,1.9240085711757031,3.8700053940316352,4.891847989493994,9.377428968092287,6.0621486230887385,-9.481502931812246,0.07862647546580825,0.2230115038919221,5.0,134.12212571978776,114.24525623884851,10251.0,416.47518010647184
111,True,mel,155.37188690950987,32.74846130511047,0.25659652108314657,0.09117160217414,112.0,196.0,98.41052911459718,40.470542253798754,0.2571709379963384,-0.3812961440899443,44.0,146.0,90.73739253744571,45.02431703767107,0.42695817690274585,-0.7289706852084104,36.0,151.0,42.81060001772578,71.12263218572397,1.3285339840692265,-0.22750106537844106,2.0,177.0,116.40210936807587,43.986913838205936,-0.03004292074897724,-1.2727940716978738,58.0,173.0,155.37188690950987,32.74846130511047,0.25659652108314657,0.09117160217414,112.0,196.0,121.52069485066029,37.53711970364631,0.19405757383179179,-0.39756015731843997,71.0,165.0,150.63626695027918,5.247260669419065,0.09362464068477207,-0.7606755794437823,144.0,158.0,142.87450146237703,7.630017489790394,-0.5296970333242027,-0.7508301520838807,131.0,151.0,114.57741735354072,38.38781926243069,0.27233284742812053,-0.3597460355529809,63.0,160.0,157.14224940175484,6.1099173570447025,-0.42793020671862786,-0.7863244852255153,148.0,164.0,114.53150757777188,6.0871652289335545,0.5847989447326635,-0.5998873769718709,108.0,124.0,0.20196906887755103,451.2152954766495,0.8714606824473498,0.6254939850727701,0.9659708321418359,0.569620253164557,0.7126582278481013,113.59141493240648,-0.29534841428767933,163.12650717322697,80.00790266079964,0.6912353368489351,1.8087124245531678,3.853787645158008,4.823348769735142,9.307383807363522,6.029698643019275,9.317600299717302,0.07736333135977891,0.24837420676963534,5.0,147.8580073290404,113.59141493240648,10134.0,451.2152954766495
111,True,mel,149.27948172891993,26.65032907064159,-0.5375420571341533,-0.4173706509847448,110.0,180.0,93.9855248506934,30.928256224784914,-0.30649836479930914,-0.9722830788534429,49.0,131.0,75.9383540844215,38.001472336617766,0.35782493315084885,-1.098833494346977,30.0,131.0,25.147180888753923,51.421895699423374,2.590889216951531,4.750723783354653,3.0,171.0,133.19566757769005,42.60342241932555,-0.1931157281393187,-1.2673053398956078,72.0,185.0,149.27948172891993,26.65032907064159,-0.5375420571341533,-0.4173706509847448,110.0,180.0,116.04737321591254,29.888861568964934,-0.36367225512124934,-0.8190132584583858,72.0,152.0,148.93349529304587,3.5691838603869934,0.5942406777708595,-0.0976792021994295,145.0,154.0,148.24830448425953,8.335144508716299,-0.630503502325971,-0.6636900601585056,135.0,157.0,108.47960319870432,30.16301769394027,-0.25923306449220385,-0.9383855151141098,65.0,146.0,157.14262577183925,3.7942322049195294,0.0047582162038890385,-0.6740134125271635,152.0,162.0,109.63882984107703,6.839840187768,0.5623477433165408,-0.6172481185364029,102.0,120.0,0.17592075892857142,412.34523779156063,0.8589900400861589,0.6523805794463235,0.9638567372788819,0.9126984126984127,0.6091787439613526,106.0136097931642,-0.6535745584855261,149.02771548231686,76.30104219842303,0.7022928287216598,1.8708455294931734,3.8589630909729,4.860483509236629,9.3477039520123,6.053533567524786,9.396472081162845,0.07782938710773757,0.23551072566844083,5.0,120.6756471893905,106.0136097931642,8827.0,412.34523779156063
112,False,nv,176.46987524389522,24.80676923272495,-0.8787584148486319,-0.09476337297601223,138.0,202.0,142.09442440726068,34.26236862614781,-0.39615962865278465,-0.9456367067081599,90.0,183.8000000000011,128.63412759415834,37.818782001433306,-0.12820252120563463,-1.2102017520584638,75.0,177.0,10.602376869863418,19.703767525689823,8.107953553274223,64.61127333643797,5.0,11.0,73.08667888606398,32.17088835262179,0.02775052486706679,-1.2512617807524138,32.0,116.0,176.46987524389522,24.80676923272495,-0.8787584148486319,-0.09476337297601223,138.0,202.0,157.51889079406374,31.054376197090793,-0.5163594442270703,-0.7594630614005342,110.0,194.0,139.31774374741323,4.499370559139529,0.08835429962502826,-1.1648511688408383,134.0,145.0,140.3739726837344,5.333015893617225,-0.1226709777270253,-0.9885187406652043,134.0,147.0,150.8391178383492,31.62831168275887,-0.46618041410902855,-0.8457453887001312,103.0,188.0,146.31254064920475,6.088363252795444,-0.2581684523752822,-1.0858894543346562,138.0,154.0,115.46106545261041,4.79707416149488,0.17957958050530096,-0.7480642081202724,109.0,122.0,0.32035235969387754,492.30360723121805,0.35703558169226474,0.83342743402547,0.9818581638262782,1.079136690647482,0.7709352517985611,143.05961149839953,1.5028359394211694,148.3992161696861,138.61834022871383,0.7949529702671178,3.9239154671821943,4.3045315318554,6.857320320187783,-12.491778371983074,-8.99572689645345,12.768532625999256,0.04939654099788482,0.04386383756853562,5.0,76.68142511103656,143.05961149839953,16074.0,492.30360723121805
112,True,nv,176.4608880742624,24.81351052046815,-0.8784771207337604,-0.09812551916569578,138.0,202.0,142.09383314610062,34.25935706907423,-0.39620152656148616,-0.9448789749299147,90.0,183.0,128.6456571867794,37.8049647844778,-0.12894850727919274,-1.209737624251554,75.0,177.0,10.626855081889671,19.81208963404277,8.056238227316749,63.75810005798151,5.0,11.0,73.05900786377343,32.1402806687841,0.028769627762592773,-1.2509564594659723,32.0,116.0,176.4608880742624,24.81351052046815,-0.8784771207337604,-0.09812551916569578,138.0,202.0,157.51682138000353,31.04987992121233,-0.5167445790104238,-0.7587127570457528,110.0,194.0,139.31667947732512,4.500785748486364,0.0855627996350685,-1.1562633049916557,134.0,145.0,140.36457163128955,5.324519006456767,-0.12484413584411613,-0.9814324599734028,134.0,147.0,150.83899958611718,31.627896070445498,-0.4662402324001091,-0.8457314987582505,103.0,188.0,146.30769230769232,6.084821758169914,-0.25765856144906174,-1.0848707499070716,138.0,154.0,115.46804233429906,4.788551954006307,0.1823124103224127,-0.7385798104102181,109.0,122.0,0.32035235969387754,492.30360723121805,0.35703558169226457,0.83342743402547,0.9818581638262782,1.079136690647482,0.7709352517985611,143.05961149839953,-1.5028359394211694,148.39921616968613,138.61834022871383,0.794952970267118,3.9239154671821965,4.304531531855363,6.85732032018755,-12.491778371982747,-8.995726896453263,-12.76853262599874,0.04939654099788482,0.04386383756853561,5.0,76.76588082329502,143.05961149839953,16074.0,492.30360723121805
112,True,nv,182.0646033653846,24.726096352401804,-0.8935790875706551,-0.08443992885272422,143.0,207.0,159.77599158653845,32.61161877007053,-0.5327502996460322,-0.7695609252812128,109.0,198.0,139.38551682692307,39.66177258394433,-0.15986778540935154,-1.2232435604437386,82.0,190.0,14.603365384615385,10.340014416301102,14.159924405622343,211.07374462359854,11.0,17.0,63.65835336538461,32.7439739931719,0.03826012513993036,-1.2785418251280356,22.0,107.0,182.0646033653846,24.726096352401804,-0.8935790875706551,-0.08443992885272422,143.0,207.0,171.10571915064102,29.87931439691643,-0.6200090284158817,-0.6154130256050765,125.0,205.0,133.26482371794873,2.8729404218748757,0.4258408698484306,-0.8609781991274623,130.0,138.0,141.9412560096154,6.623957092030052,-0.13019893046383105,-1.1488706373339457,133.0,150.0,164.11683693910257,30.890378206104884,-0.558644509949427,-0.7268026677028092,116.0,200.0,140.8084435096154,5.2859361152209035,-0.24182447302883364,-1.1218270828141013,133.0,147.0,114.03550681089743,6.252707048651143,0.18242177010141944,-1.0208634659977944,106.0,122.0,0.3695591517857143,565.9503602129438,0.28019345236794435,0.7275003070974583,0.9766670178025914,1.032258064516129,0.7477016129032258,153.65442030096017,-0.9443647318372762,157.23685793772822,150.93850842378168,0.7955527706486721,4.368550605545264,4.30245434698958,7.051664389075283,-12.73200564366208,-9.259524703679714,-13.64067800917165,0.049776195869061124,0.03874754876895028,5.0,67.8100847618748,153.65442030096017,18543.0,565.9503602129438
113,False,vasc,180.76588628762542,15.600318584360954,-0.5779745173673513,-0.7331463152851714,157.0,197.0,115.89799331103679,39.4038089935133,-0.46736118515402525,-1.2679285601876162,57.0,158.0,122.66555183946488,36.534793751455055,-0.4620041232015972,-1.1958429396137227,67.0,163.0,143.81270903010034,67.58635035914067,-1.6291216070822492,0.6587870848282198,2.0,178.0,95.53929765886288,44.335875545389676,0.5785832270501132,-1.0924528150622974,49.0,165.0,180.76588628762542,15.600318584360954,-0.5779745173673513,-0.7331463152851714,157.0,197.0,143.21321070234114,29.460344516925442,-0.4349026114705791,-1.303245927191741,99.0,175.0,154.5376254180602,11.24615530201676,0.4345610696968018,-1.2706959816606547,143.0,172.0,136.13127090301003,5.59057305474651,0.6070760600902877,-0.5423958822413955,130.0,145.0,136.06939799331104,31.7152522306272,-0.47989056949742814,-1.2427792077250204,88.0,170.0,159.90551839464882,12.397348526349306,0.4515601834232027,-1.1992769764091604,146.0,179.0,120.40802675585284,3.591014769700509,0.030259899471838717,-0.9860051703437955,116.0,125.0,0.017857142857142856,112.42640687119285,0.5784575635396143,0.8908020583361843,0.9665587918015103,0.8333333333333334,0.8296296296296296,33.77606596515802,-0.25325165938171135,37.58537518620652,30.658859539351297,0.784875082263016,2.963694409285855,4.4759486072958286,6.791190298066072,-12.502053116720774,-8.522738531481686,12.686567334941168,0.0401785714285714,0.09359251035868692,5.0,127.52254448889128,33.77606596515802,896.0,112.42640687119285
113,True,vasc,181.2784280936455,15.02946613751163,-0.7391710167653707,-0.676626209045855,157.0,196.0,120.07608695652173,38.63273686826029,-0.6175494204665154,-1.0918986503477464,59.0,159.0,126.95401337792642,36.19277250435037,-0.5949792941167151,-1.0653700547693523,69.0,165.0,146.76505016722408,64.8121738217378,-1.796337550883391,1.2333913517562225,2.0,178.0,89.85367892976589,43.59989676789569,0.7240322131139999,-0.8726760048819586,47.0,161.5,181.2784280936455,15.02946613751163,-0.7391710167653707,-0.676626209045855,157.0,196.0,146.05351170568562,28.990924875314295,-0.5831242169963992,-1.1575970964761388,101.0,176.0,153.03428093645485,11.023371131601312,0.593522138685773,-1.0708082843080053,142.0,171.0,135.2140468227425,5.511860426603355,0.6472013105433164,-0.5572812238256022,129.0,144.0,139.16973244147158,31.082968918438272,-0.6288526103192782,-1.0802037663578872,89.0,170.0,158.05852842809364,12.259113837548282,0.5941482727660106,-1.0146620594961175,145.0,178.0,121.09448160535118,3.6872195861404147,-0.01806198353759628,-1.1180270232750633,116.0,126.0,0.015644929846938774,107.84062043356595,0.5303049091760789,0.8482322202024749,0.9515151515151515,0.8787878787878788,0.8202716823406478,31.614759885488656,0.14713097438828562,34.52149988140154,29.26756912891033,0.7875908677371374,3.1475180624475074,4.453775068121077,6.8961236236561145,-12.574256832806055,-8.546015098817248,-13.48956291006799,0.042038216560509545,0.0836920841992177,5.0,123.44153672714512,31.614759885488656,785.0,107.84062043356595
113,True,vasc,181.05100334448161,15.729100078971562,-0.5803377806868709,-0.6794411710436279,158.0,197.0,116.14799331103679,39.48564369294376,-0.4677297521267238,-1.2611150399694588,57.0,158.0,122.95986622073579,36.55122023019958,-0.46439226100833897,-1.1848998568886975,67.0,163.0,145.16555183946488,66.51220888213751,-1.6952715830581728,0.879003985917401,2.0,178.0,95.38377926421404,44.43155313676594,0.5847965166237116,-1.081774829388718,48.5,165.0,181.05100334448161,15.729100078971562,-0.5803377806868709,-0.6794411710436279,158.0,197.0,143.48411371237458,29.501497866861055,-0.4330937093965325,-1.298380528028761,99.5,175.5,154.53177257525084,11.291434016202633,0.4443456257071535,-1.2587599224379815,142.0,172.0,136.10117056856188,5.595085513855996,0.6358189526035446,-0.466245885457242,129.0,145.0,136.33110367892976,31.760481151833005,-0.4794909413099568,-1.2363404277497263,88.5,170.0,159.91722408026754,12.493771196707355,0.46883191312669376,-1.1729800856614174,146.0,180.0,120.43311036789298,3.572662932036273,0.02687431680467909,-0.9751807404995572,116.0,125.0,0.017857142857142856,112.42640687119285,0.5784575635396141,0.8908020583361843,0.9665587918015103,0.8333333333333334,0.8296296296296296,33.77606596515802,-0.25325165938171107,37.58537518620653,30.658859539351308,0.7848750822630202,2.963694409285836,4.475948607299432,6.791190298051601,-12.502053116702418,-8.522738531468102,12.686567334917637,0.0401785714285714,0.09359251035868693,5.0,126.67286209787503,33.77606596515802,896.0,112.42640687119285
114,False,mel,199.54163653269967,8.087201482637813,-1.0013427558885237,1.890914917087935,189.0,209.0,145.28902779212729,17.11982573451722,-0.8041825971763412,0.5116704206285578,121.0,164.0,123.0326996590557,24.995668910002955,-0.45780739132419246,-0.048458738229260945,87.0,154.0,8.605382787478046,6.313013858479181,24.23629243143368,651.8668003084709,5.0,10.0,98.62537452216138,27.57792331423066,0.5177080867955132,-0.08762581996654273,65.0,139.0,199.54163653269967,8.087201482637813,-1.0013427558885237,1.890914917087935,189.0,209.0,165.870441161277,13.810611211864504,-0.7966367797156453,0.6596585036862552,146.0,182.0,145.839291249096,4.06806839250734,0.9738501346266817,0.29659769194436025,142.0,152.0,148.08533939456555,6.854294447813055,0.20244414707823769,-0.4784667403066023,139.0,158.0,158.9921479491683,14.995258413867388,-0.7910510532494776,0.6353566415345426,138.0,176.0,156.96306436615353,5.999365392541489,0.5266365812954533,-0.4130730343090412,150.0,166.0,107.69898749870855,6.043711526978562,-0.018741637906121707,-0.543664526667408,99.0,116.0,0.362484056122449,576.3574311003804,0.6019736799395463,0.6880357674850734,0.9384448686858263,0.8033707865168539,0.7145438830832089,152.17647925892865,-0.030288513839293683,173.57631892493623,138.603455536281,0.7707088076319966,2.851537948452688,3.3553397116432766,6.0500021810533156,11.619978285758119,7.949695972433869,10.756711215872306,0.15521222784253352,0.12597866130792065,5.0,41.97813865534765,152.17647925892865,18188.0,576.3574311003804
114,True,mel,175.78736169166461,9.019822314679068,0.4073616032008741,3.002800681198419,166.0,185.0,122.47460044258668,16.03175271801667,-0.6118700409700292,0.7353788973593125,100.0,140.0,97.51408900909762,24.074938035869913,-0.4173240871166436,-0.024780948868496022,63.0,127.0,9.26083107941972,2.85532258672191,30.538508030938846,1840.5229659455174,7.0,11.0,114.58726333907057,30.489233449555936,0.5942036804620038,0.016956670729921353,78.0,159.0,175.78736169166461,9.019822314679068,0.4073616032008741,3.002800681198419,166.0,185.0,143.5572657978854,13.424833888590062,-0.45766522793877834,0.8662800509137965,125.0,159.0,145.952446520777,3.787917170174637,1.1781555336457796,0.8119203335818734,142.0,152.0,150.1457093680846,7.173528856829614,0.21138390971586563,-0.49120743895191676,141.0,160.0,135.5859847553479,14.44636588797776,-0.4827652289885846,0.824415071919764,116.0,152.0,156.7191541676912,5.386516553657098,0.6783086956206671,-0.215104538441524,151.0,165.0,106.51005655274157,6.078551834036122,-0.0686208036325686,-0.5881876448259686,98.0,115.0,0.37137276785714285,634.1686142824235,0.6945227963827091,0.5822459363678313,0.937182517728713,1.2080536912751678,0.6947800149142431,154.03098933849324,-1.1191191652403625,185.09259686553128,133.16869986458087,0.7584797598067378,2.5125499322155997,3.346325415784464,5.34626499327347,9.856736053183194,6.757174844758183,-9.830223120419785,0.1552001717290974,0.14871561803873778,5.0,42.36437835095691,154.03098933849324,18634.0,634.1686142824235
114,True,mel,204.1455903996377,8.063281154180652,-0.9670434107521053,1.6502621597997562,194.0,213.0,148.13279746405524,17.535635075975797,-0.8036108983695581,0.47899602212602366,122.0,168.0,125.39142986527793,25.762180181128095,-0.45879580942026005,-0.08589512597990145,88.0,158.0,8.434223932978602,5.033500745270535,28.537820152601206,967.3920058198273,5.0,10.0,99.24170723423525,27.856851648185206,0.5254008360645909,-0.10575740984355209,65.0,140.0,204.1455903996377,8.063281154180652,-0.9670434107521053,1.6502621597997562,194.0,213.0,169.04477527453867,14.032985802094442,-0.783056221970613,0.5879454475200374,149.0,185.0,146.4021283822031,4.164382950711154,1.01861572656902,0.4019452661739673,142.0,153.0,148.56147401788746,7.070666492428509,0.22737196229319367,-0.49734199575119487,139.0,159.0,162.30114343937507,15.342672361932987,-0.7817333634655207,0.5721862062430705,140.0,180.0,157.88797690478887,6.174961888496522,0.5542649042215242,-0.36611247528153124,151.0,167.0,107.1629684139024,6.250849886453526,-0.03996479927128709,-0.5822324315589538,98.0,116.0,0.3214485012755102,571.8132752230961,0.49635332446811214,0.6198817329468423,0.9342562557924003,1.0972222222222223,0.7089047116736991,143.3041542211301,1.11430100540319,156.77524000514035,136.09981552180352,0.7772336730554388,3.259181211775115,3.3573660003005132,7.106727389197025,12.649407472145272,-8.833252158684884,-12.398134438075024,0.15506231012462024,0.11055128782458715,5.0,40.95363354763639,143.3041542211301,16129.0,571.8132752230961
115,False,nv,128.846386681801,25.075350939555932,0.1623368862534682,-1.0454363927640302,97.0,166.0,75.54086265607265,35.096835593065485,0.46794071871656734,-0.9303877085877437,35.0,131.0,77.85830495648884,43.05752663327671,0.5917988713678041,-0.8405710737135221,30.0,148.0,71.35187287173666,83.36286746764885,0.36683580172405483,-1.8521997146792963,0.0,177.0,118.53764661369655,45.26843885783759,-0.0625028046276263,-1.0152936649419668,54.0,175.0,128.8465758607643,25.075748176635983,0.16240633190204265,-1.045285734539678,97.0,166.0,98.01740446462354,32.85502959792726,0.3991706737494901,-0.9698747026852552,59.0,149.0,151.37779038970865,4.549691016433476,-0.6381010592596439,-0.7552437089591728,144.0,156.0,137.45592130155126,8.18790889045224,-0.6588191331971274,-0.7384630484510475,124.0,146.0,91.76825576995839,32.91819942594825,0.418711721201722,-0.9654714288459063,53.0,143.0,154.51475595913735,6.137168802236791,-1.016148934600767,-0.12617602679316686,144.0,160.0,120.11956110480514,6.126958555985023,0.9618672921448526,-0.2561940137616219,114.0,130.0,0.09355070153061225,285.7228714274745,0.8596672501793613,0.722541734476423,0.9585460486011844,0.5,0.7758677685950414,77.30838520488481,0.02974587239202904,108.90524850776862,55.63472548664811,0.7008599286475408,1.8658093655779588,4.080537129008365,5.2943757703721195,-10.184421170500215,-6.319585369217907,10.090377042809608,0.06966340008521521,0.24437151836060586,5.0,153.70705450212242,77.30838520488481,4694.0,285.7228714274745
115,True,nv,119.57464522232735,22.94966646002206,0.1579975094083236,-1.0477498900886175,91.0,153.0,71.0480605487228,32.10056864903508,0.4641830913198056,-0.9322584307471229,34.0,122.0,73.08968779564806,39.33766562949352,0.5838652099290582,-0.8467127723072063,30.0,137.0,72.45771050141911,83.50216240017735,0.3444000514207043,-1.8685124672196118,1.0,178.0,116.2484389782403,44.28787482060049,-0.07150145725410662,-1.0155687821991526,53.0,172.0,119.57464522232735,22.94966646002206,0.1579975094083236,-1.0477498900886175,91.0,153.0,91.57805108798486,30.474845168852088,0.38925301809000323,-0.974938057857134,55.0,139.0,149.51882686849575,4.207651199220503,-0.632290087455614,-0.7164110537910355,143.0,154.0,136.60870387890256,7.474343370590438,-0.6568542858571179,-0.7396964168776692,124.0,145.0,85.79848628193,30.108691113775137,0.4141178650793102,-0.9681607088121846,50.0,133.0,152.10652790917692,5.577136472861509,-1.0247291843151325,-0.11043398543515393,143.0,157.0,120.78467360454115,5.582696583821638,0.9364012762895021,-0.2869460893300575,115.0,130.0,0.09355070153061225,285.7228714274745,0.8596672501793614,0.722541734476423,0.9585460486011844,0.5,0.7758677685950414,77.30838520488481,0.029745872392028833,108.9052485077686,55.634725486648094,0.7008599286475402,1.8658093655779573,4.080537129008079,5.294375770371595,-10.184421170498721,-6.319585369217216,10.090377042809045,0.06966340008521521,0.24437151836060586,5.0,150.7397036807999,77.30838520488481,4694.0,285.7228714274745
115,True,nv,109.07753230512714,26.074935932128952,0.14909043082075882,-1.1551610559570469,76.0,147.0,57.2234264276782,37.16205088001049,0.425473890626748,-1.0864523111433455,14.0,116.0,60.607753230512714,45.57914524150481,0.5368394420587357,-1.0439031375684247,10.0,135.0,75.3320133388912,83.48103361030631,0.2545902318868717,-1.9188797561818554,0.0,177.0,140.26781992496873,61.66900386923331,0.03116113982913001,-1.161198225838976,54.0,222.0,109.07794914547728,26.07574997520497,0.1492114284357165,-1.1549245522111804,76.0,147.0,78.9260108378491,34.88816388896133,0.3834856414675305,-1.1133937888023278,38.0,133.0,151.67653188828677,5.027104058688902,-0.6144308376301487,-0.9515294039764384,143.70000000000005,157.0,137.49124635264693,9.263714665808003,-0.5931586174290591,-1.0334990211781567,122.0,147.0,73.13568153397249,34.72292720796173,0.38234371764978387,-1.1136323995351765,32.0,127.0,153.69841600666945,6.664355358083661,-0.8794975709581332,-0.5478839674227349,142.0,160.0,120.89537307211339,6.520328894119912,0.8330984670244659,-0.6358818216293778,115.0,132.0,0.08031728316326531,280.5929291125633,0.8699516957285092,0.6432228511588151,0.9471210340775558,0.5576923076923077,0.6681034482758621,71.6320833515451,0.22112537846661076,102.71500857587705,50.6525655946564,0.6916217868046209,1.814333874665763,4.067990311400885,5.258499486878545,-10.113764403313578,-6.254421569651092,-10.037428823009092,0.07295285359801484,0.2517551176507942,5.0,171.2257874547446,71.6320833515451,4030.0,280.5929291125633
116,False,mel,166.58384778868535,28.36375966390459,-0.72741376422034,-0.6643083611562552,120.0,197.0,114.38649934217185,38.78721213259533,-0.2403021680782569,-1.2097888756512094,57.0,163.0,96.91812569577978,40.40692314043655,0.23628016550657688,-1.2440332356665003,47.0,155.0,8.340754984313328,13.955949021929818,11.625912301039545,138.53244414990456,3.0,10.0,112.38821981580811,39.93135085333609,-0.3241029232500163,-1.1932788723223298,53.0,159.0,166.58384778868535,28.36375966390459,-0.72741376422034,-0.6643083611562552,120.0,197.0,135.33437911142596,35.05174397565447,-0.3549678522407334,-1.096793619314279,82.0,178.0,146.9188341261006,6.110450722532669,-0.015105235180127755,-1.4257857436524108,139.0,155.0,146.56998279526363,6.735852509306478,-0.37693787860702715,-0.848536843711468,136.0,155.0,128.0107276591438,35.55852001418853,-0.28977393349140235,-1.1578516766857796,74.0,172.0,155.55520696285802,6.7077598769425295,-0.5111651723154371,-1.030810651083472,145.0,163.0,110.45531828762272,5.788731668764823,0.2670262671831364,-0.888959282731264,103.0,119.0,0.18185985331632654,391.22034611053283,0.7167216598320644,0.749203627070096,0.949630554688313,0.7209302325581395,0.7606068183712594,107.78826859036359,0.2692087564330525,129.94582334798963,90.61893483949787,0.7647187874241776,2.452254293396666,4.790486495047981,6.451783660568106,12.118519837879719,7.873066339183189,-12.43420992418926,0.07342465753424654,0.14348804315457533,5.0,82.2510595391705,107.78826859036359,9125.0,391.22034611053283
116,True,mel,166.57097485663874,28.252276845492904,-0.7538381950005498,-0.6395620963862068,120.0,196.0,110.95624172915748,36.86425975970526,-0.37089018858401485,-1.1644263600808071,54.0,155.0,85.73674459638289,39.21522444771718,0.24014502602213963,-1.2787353735621905,37.0,142.0,9.438112042346713,8.830493821857619,17.283944784354265,328.41661478853973,5.0,12.0,129.696074106749,40.930024069617374,-0.28867667081546244,-1.2474540933598828,70.0,178.0,166.57097485663874,28.252276845492904,-0.7538381950005498,-0.6395620963862068,120.0,196.0,132.65734450816058,33.655903152835705,-0.4588300137131992,-1.0433119987679131,80.0,172.0,147.629289810322,5.470813409658307,0.2143239181099482,-1.388234278517027,141.0,155.0,151.54309660344066,7.449028068917685,-0.4120453872062897,-0.8230179065692877,140.0,160.0,124.73065725628584,34.26830060998616,-0.38003399000306065,-1.124613139785687,72.0,166.0,157.8988972209969,5.605861638715175,-0.3762532171240957,-1.2119830525552677,149.0,164.0,105.98985443317159,6.457528669055455,0.23692838049643594,-0.956444974757189,98.0,115.0,0.2017498405612245,439.4995667241114,0.7280983170100446,0.6585703867397189,0.9448385290274407,0.7801418439716312,0.652675693101225,113.52974901475847,-0.44707402176855854,138.04344121786454,94.62501221376743,0.7621178999634723,2.4100352219804773,4.788514015868678,6.377743091257218,11.995367120872288,7.7461859163480025,-12.37738718951018,0.0732984293193717,0.14582218344232933,5.0,78.01279473696789,113.52974901475847,10123.0,439.4995667241114
116,True,mel,168.90462455533122,28.307283795672625,-0.7387453431063202,-0.5659297679099038,122.0,198.0,117.67647341601769,39.62324047520202,-0.28731024342562167,-1.1652303678325355,57.0,167.0,100.83799634650515,41.90493591290199,0.1724229102578294,-1.2664362160425886,47.0,160.0,9.196807999230844,18.789806660668717,8.643232706291833,74.37264589464904,3.0,10.0,108.73694837034901,41.37968427175211,-0.24440633546200521,-1.2634661748255889,48.0,159.0,168.90462455533122,28.307283795672625,-0.7387453431063202,-0.5659297679099038,122.0,198.0,138.32987212768003,35.57997664254223,-0.39155158584892463,-1.0434081903848023,83.0,181.0,146.50043265070667,6.352815016516737,0.0929596644775253,-1.4046018502285562,138.0,155.0,145.98096336890683,6.973408298698701,-0.38652316484713245,-0.8837819575099326,135.0,154.0,131.08778002115181,36.203556666710895,-0.328649686168609,-1.1080316593744972,76.0,175.0,155.0139409672147,7.135690768115906,-0.4331359539619043,-1.1339128890068984,144.0,163.0,110.92962215171619,5.97189587757236,0.3008119123628405,-0.8720227969077401,104.0,120.0,0.18401227678571427,422.8599564173221,0.7215473765704027,0.6488728131107341,0.9417584659322725,0.7185185185185186,0.7050782741504391,108.42426258241169,-0.09869616389846864,131.18351912506998,90.82688575845492,0.7636276376153042,2.4343491200509915,4.764432944236447,6.392302852628612,12.024256903931992,7.816096273880789,-12.300763990524558,0.0745153254630131,0.14446505437097934,5.0,88.47677472809346,108.42426258241169,9233.0,422.8599564173221
117,False,nv,171.24972303147183,12.745009966493406,-0.3407337127233246,0.17465260098872148,154.0,188.0,114.09671330679906,27.116817250533924,-0.5064595410887986,-0.38726980785512044,74.0,147.0,117.65319437035821,26.500560549586474,-0.45238205146439175,-0.2917728458374964,80.0,150.0,135.3215707192975,75.17300409396185,-1.2322022731525897,-0.47977794173846355,0.0,179.0,87.54798736202864,30.677714699425657,0.7551093493679518,-0.24353976502151609,54.0,133.0,171.24972303147183,12.745009966493406,-0.3407337127233246,0.17465260098872148,154.0,188.0,138.2610889992204,21.546104298138044,-0.4431698280976601,-0.32250704385653606,107.0,166.0,151.22153379016044,7.272011586905113,0.5616540928750533,-0.8330283015507258,143.0,162.0,135.78913462722088,4.023449804067389,0.7844309448404785,0.43935797580146474,131.0,141.0,131.6117106396947,22.49762169968263,-0.48464310724207016,-0.2526662684230647,99.0,160.0,156.31455418325058,7.932112729924573,0.4365000982851351,-0.9151179270210905,147.0,168.0,120.09687743629723,2.9205576636516923,-0.291270721855567,-0.3448339823644777,116.0,124.0,0.46127630739795916,603.1858582251266,0.6263449466046063,0.7994011107476652,0.9628104330462998,1.0112994350282485,0.7305179433765742,171.66574865970014,-0.9058066742375269,195.41824828667265,152.33751901147986,0.7804440829941571,2.7860395601882963,4.427261500971819,5.959643631358635,11.169487554774712,7.353311863830972,11.722310024252046,0.05906243249081877,0.10062660709609604,5.0,118.5957287598809,171.66574865970014,23145.0,603.1858582251266
117,True,nv,171.24972303147183,12.745009966493408,-0.34073371272332453,0.17465260098872015,154.0,188.0,114.09671330679906,27.116817250533924,-0.5064595410887988,-0.3872698078551209,74.0,147.0,117.65319437035821,26.500560549586474,-0.45238205146439164,-0.2917728458374964,80.0,150.0,135.3215707192975,75.17300409396186,-1.232202273152589,-0.4797779417384649,0.0,179.0,87.54798736202864,30.677714699425657,0.755109349367952,-0.2435397650215152,54.0,133.0,171.24972303147183,12.745009966493408,-0.34073371272332453,0.17465260098872015,154.0,188.0,138.2610889992204,21.546104298138044,-0.4431698280976601,-0.32250704385653606,107.0,166.0,151.22153379016044,7.272011586905113,0.5616540928750533,-0.8330283015507258,143.0,162.0,135.78913462722088,4.023449804067389,0.7844309448404784,0.4393579758014634,131.0,141.0,131.6117106396947,22.49762169968263,-0.48464310724207016,-0.2526662684230647,99.0,160.0,156.31455418325058,7.932112729924573,0.4365000982851351,-0.915117927021091,147.0,168.0,120.09687743629723,2.9205576636516923,-0.291270721855567,-0.3448339823644777,116.0,124.0,0.46127630739795916,603.1858582251266,0.6263449466046056,0.7994011107476652,0.9628104330462998,1.0112994350282485,0.7305179433765742,171.66574865970014,0.9058066742375273,195.4182482866726,152.3375190114799,0.7804440829941571,2.786039560188296,4.427261500971802,5.959643631358698,11.169487554774786,7.353311863831031,-11.722310024252256,0.05906243249081877,0.10062660709609604,5.0,118.59572875988094,171.66574865970014,23145.0,603.1858582251266
117,True,nv,168.45391875256462,13.683167868587592,-0.33188169754177826,0.16846432056257976,150.0,187.0,107.23254000820681,29.108271555509116,-0.5009644055614281,-0.3917738134333155,64.0,143.0,111.09958965941732,28.46774971320985,-0.4507424035417217,-0.3041339062626598,70.0,146.0,133.9342224045958,75.94924431948378,-1.1837018681314968,-0.5969739516681414,0.0,179.0,95.61723430447272,34.24211122924328,0.7863356225341054,-0.15628427611829343,58.0,147.0,168.45391875256462,13.683167868587592,-0.33188169754177826,0.16846432056257976,150.0,187.0,132.9681165367255,22.851013618917268,-0.4118138629201458,-0.3616662523605898,100.0,162.0,153.051990151826,7.807956361243994,0.5279017531573844,-0.8915124880546079,144.0,165.0,136.72326631103817,4.673727669027841,0.8535842022273614,0.5594094858075174,131.0,143.0,125.98814115716044,24.161565986902648,-0.4775501676322969,-0.257638711783196,91.0,156.0,158.33725892490767,8.516114895976237,0.43865915865939387,-0.9168640934129293,149.0,171.0,119.54054164956914,3.1406271628783804,-0.2754482064994877,-0.4148481255325658,115.0,124.0,0.46127630739795916,603.1858582251266,0.626344946604606,0.7994011107476652,0.9628104330462998,1.0112994350282485,0.7305179433765742,171.66574865970014,0.9058066742375269,195.41824828667265,152.33751901147988,0.7804440829941571,2.786039560188297,4.427261500971819,5.959643631358631,11.16948755477471,7.353311863830967,-11.722310024251975,0.05906243249081877,0.10062660709609604,5.0,123.87452341731465,171.66574865970014,23145.0,603.1858582251266
118,False,nv,178.21466963210082,25.10628914418723,-0.3149903077662371,-1.0752216278989384,142.0,209.0,118.37030859049207,41.241166002249884,-0.1375421221614311,-1.2178477004926507,60.0,171.0,108.89319803539988,43.903570809918556,-0.060271910410917666,-1.2187283615751479,48.0,166.0,5.505699193772588,16.15067077209546,10.548048044355863,110.07646408472789,2.0,6.0,105.22606801964601,43.57697699918561,0.2830932610291068,-1.0499709037831637,52.0,169.0,178.21466963210082,25.10628914418723,-0.3149903077662371,-1.0752216278989384,142.0,209.0,142.34709480122325,34.96014577814853,-0.16373246895913537,-1.2047311455612622,93.0,187.0,150.80701510518026,7.820895009792474,0.09366303676557455,-1.2890086191575065,140.0,162.0,143.79357798165137,6.409392831085926,0.08602938433294076,-1.0635513645332897,136.0,153.0,135.19409693262904,36.65333111549568,-0.16475075761160743,-1.1974995977149878,83.0,182.0,158.7288017792605,8.545472400384492,-0.15161151045140261,-1.2423693655220287,147.0,170.0,113.14336020758039,4.470386935289478,0.3186147782163765,-0.9748115477330357,108.0,119.0,0.40842235331632654,591.6711395993652,0.34755211532320923,0.7356218700243018,0.9510836775421172,0.9302325581395349,0.7446584302325582,161.53172440811028,-0.04435448661815417,168.42112089723412,157.92186061984847,0.7889576725811394,3.961785087342288,4.311940804983534,6.210689775470459,-11.478841914817039,-8.250443504678906,-12.226363681255659,0.06016688625384281,0.07408769209183763,5.0,84.8339369154683,161.53172440811028,20493.0,591.6711395993652
118,True,nv,154.04333917616125,23.735852964058612,-0.33750520816919455,-1.0748028101421516,119.0,182.0,98.37988606485538,39.09694448191893,-0.15355203183944713,-1.2261613937659668,43.0,148.0,89.68926380368099,41.71988072128704,-0.07907566760966299,-1.226625821650517,32.0,144.0,5.767572304995618,17.71005052856078,9.595210815956634,90.6282317330268,2.0,6.0,114.12550394390885,49.87887280731881,0.3495868131854876,-0.9944049011027114,53.0,188.0,154.04333917616125,23.735852964058612,-0.33750520816919455,-1.0748028101421516,119.0,182.0,121.54180543382998,33.738818135058835,-0.16985723130780836,-1.221665969497518,73.0,164.0,149.9621822962314,7.681956856471025,0.09079863737204052,-1.3218162819924124,140.0,161.0,143.3676161262051,6.686576177534326,0.13240593642028844,-1.0498839501705035,135.0,153.0,114.04395267309378,34.734985732064146,-0.18133057404306013,-1.2039924634236525,65.0,158.0,156.57397020157757,8.123903926068333,-0.14125568316565004,-1.2623905950196468,145.0,167.0,114.24824715162138,4.273620651673619,0.2971789654029606,-0.9951911598577654,109.0,120.0,0.42227359693877553,642.8549057834388,0.11008989080522849,0.6442788923445564,0.94711903804032,1.01875,0.8124233128834356,164.24798164315027,-1.0934904406008585,166.34187494726754,165.33078826813832,0.7898165506508327,6.0094237604383,4.310535227005634,6.314264243412585,-11.879405687758112,-10.185715653344914,11.707951887857517,0.06069473286766092,0.07080367019810886,5.0,91.3247762999382,164.24798164315027,21188.0,642.8549057834388
118,True,nv,182.29475012855875,27.711360972070302,-0.1003842925934137,-0.8219329478341533,143.0,214.0,124.87363844607545,43.32006997522182,-0.17671972266312216,-1.0710129918155422,63.0,178.0,115.91912486559768,46.01495514254564,-0.12581721548968797,-1.097979712839194,50.0,174.0,5.775513066242812,17.805868315273273,9.529865610935644,89.39739492691822,2.0,6.0,99.05348043569725,44.055255559833284,0.42777753917307737,-0.8836021732579318,46.0,165.0,182.29475012855875,27.711360972070302,-0.1003842925934137,-0.8219329478341533,143.0,214.0,147.85708943013418,36.949829417633794,-0.1781145713813491,-1.0640525397259322,95.0,193.0,149.71590855967463,8.019891870957926,0.2287360759370901,-1.1886709824621948,140.0,161.0,142.85788415688842,6.5022587094680775,0.2376400728392373,-0.9120669823325054,135.0,152.0,141.0314618297415,38.772876786447874,-0.173887931274265,-1.0393143739139856,85.0,188.0,157.4716469543266,8.94108975788298,-0.007062128441034736,-1.2116976873911285,145.0,169.0,113.8166051143004,4.636703595850405,0.20481173859655785,-0.9991869543133265,108.0,120.0,0.3940927933673469,621.097546470558,0.5171711978481675,0.6441466708159399,0.9457623876028315,0.8602150537634409,0.6644489247311828,158.67274106661517,0.2430757184796504,173.17868322376572,148.22051312057,0.7845438920651072,3.191913971320038,4.2991150081467815,5.999132708291051,-11.256661647985366,-7.957326011298502,-11.351061176320371,0.0607363204207545,0.08830722646863041,5.0,89.57248484717687,158.67274106661517,19774.0,621.097546470558
119,False,mel,181.51891681782845,41.00705407393744,-0.295673720031504,-1.2807851297320327,123.70000000000005,231.0,120.32741642912671,61.06237451219941,-0.030601268091413628,-1.4233623955508146,40.0,201.0,108.2529152630215,69.05773120818925,0.10781077080206447,-1.4089809912315816,21.0,204.0,32.09808240476807,61.70056040374134,1.864040043259575,1.4869578355103945,3.0,173.0,119.04444156517232,67.75509967194509,0.16947009771403757,-1.3455181316044607,33.0,213.0,181.51891681782845,41.00705407393744,-0.295673720031504,-1.2807851297320327,123.70000000000005,231.0,144.494169473957,52.69665255663371,-0.08370627593874917,-1.405117374865293,74.0,213.0,151.60235812386628,9.653108992780638,-0.08131230274039994,-1.4778895976841155,139.0,163.0,146.3896087069189,11.198701514116124,-0.2527504566952858,-1.249407269291831,130.0,160.0,137.26444674786214,55.796082362197374,-0.06865984888905033,-1.4119014588867407,63.0,210.0,159.6071521119461,11.507475207203028,-0.41909719507333315,-1.1961600161385029,142.0,172.0,111.63293599378078,8.397585905328073,0.5376502476209167,-0.8785804120992871,102.0,125.0,0.14275749362244897,331.22034611053283,0.32241017068110744,0.8204852949674027,0.9549393414211439,0.98,0.7309183673469388,95.49981601520481,-0.6834582093169433,98.88648837062263,93.60595625570582,0.7910908535789076,4.104247115112071,4.010178841414483,7.340219609930551,-13.429448952618495,9.551777968306379,13.05034511545317,0.08781236911908419,0.06457346202220728,5.0,170.46271414962388,95.49981601520481,7163.0,331.22034611053283
119,True,mel,181.51891681782845,41.00705407393744,-0.295673720031504,-1.2807851297320332,123.70000000000005,231.0,120.32741642912671,61.06237451219941,-0.030601268091413544,-1.4233623955508146,40.0,201.0,108.2529152630215,69.05773120818925,0.10781077080206451,-1.4089809912315816,21.0,204.0,32.09808240476807,61.70056040374134,1.8640400432595747,1.4869578355103945,3.0,173.0,119.04444156517232,67.75509967194509,0.16947009771403757,-1.3455181316044607,33.0,213.0,181.51891681782845,41.00705407393744,-0.295673720031504,-1.2807851297320332,123.70000000000005,231.0,144.494169473957,52.69665255663371,-0.08370627593874909,-1.4051173748652932,74.0,213.0,151.60235812386628,9.653108992780638,-0.08131230274039991,-1.4778895976841162,139.0,163.0,146.3896087069189,11.198701514116125,-0.25275045669528573,-1.2494072692918317,130.0,160.0,137.26444674786214,55.796082362197374,-0.06865984888905033,-1.4119014588867411,63.0,210.0,159.6071521119461,11.507475207203028,-0.4190971950733331,-1.1961600161385029,142.0,172.0,111.63293599378078,8.397585905328073,0.5376502476209166,-0.8785804120992871,102.0,125.0,0.14275749362244897,331.22034611053283,0.3224101706811073,0.8204852949674027,0.9549393414211439,0.98,0.7309183673469388,95.49981601520481,0.6834582093169401,98.88648837062264,93.60595625570583,0.7910908535789076,4.104247115112111,4.010178841414383,7.340219609926433,-13.429448952608398,9.551777968303389,-13.05034511544762,0.08781236911908419,0.06457346202220728,5.0,170.46271414962388,95.49981601520481,7163.0,331.22034611053283
119,True,mel,197.48499433748583,42.45723051049976,-0.41175173921367325,-1.1740887038619068,135.0,246.0,139.4007644394111,64.59190476649174,-0.19592191778516455,-1.3510548975348182,49.0,221.0,119.16208946772367,77.35907565744373,-0.027123070408402207,-1.414411851129885,15.0,222.0,29.68629671574179,56.144038026116235,2.1626077857627064,2.700541570845213,4.0,170.0,117.47890713476784,74.68410906114845,0.31859166687443796,-1.264079861835595,27.0,226.0,197.48499433748583,42.45723051049976,-0.41175173921367325,-1.1740887038619068,135.0,246.0,161.44096828992073,55.0366903561536,-0.2306478643586622,-1.3343360108019926,84.0,230.0,149.137174405436,10.382465712971126,0.2839993384574683,-1.3102430314212685,137.0,164.0,149.41902604756513,13.842053554893349,-0.12834370832996514,-1.3466894524556607,130.0,167.0,154.47338618346546,59.18655482837484,-0.2160844645509426,-1.3415864040113048,72.0,228.0,158.7083805209513,13.169023074053975,-0.09244471384501442,-1.2722894729466705,140.0,175.0,108.06639297848244,11.279509313984107,0.3238769238080232,-1.1567122661202645,95.0,125.0,0.12482063137755102,330.8772003600252,0.34771664912278166,0.7188836244979983,0.945073185453448,0.9473684210526315,0.7325146198830409,89.29893206906969,0.8336857302935623,92.91322551211923,87.11540911991625,0.7907990151308381,3.9645926976287083,4.029505235349782,7.568799933424898,13.525916511388505,9.575384414129923,-13.511265597165837,0.0889350151684496,0.06573213577013529,5.0,173.28537759776444,89.29893206906969,6263.0,330.8772003600252
11,True,nv,140.19216947229052,16.817204772498833,-1.5679722908661358,1.6765141835943442,111.0,153.0,105.41138641951957,27.97178397593877,-1.0532720340203001,0.15474689516185336,57.0,133.0,111.16852657461699,39.17949084531414,-0.7580238785235627,-0.5092695999494672,45.0,152.0,100.79856251182144,77.44938427675653,-0.4291606337361115,-1.7641018384380955,2.0,175.0,74.45205220351806,43.834561813571895,1.3018935818891724,0.6741908145361792,36.0,152.0,140.68242859844904,17.299002692602038,-1.4385444351931387,1.4625390136068832,111.0,154.0,122.96689994325705,25.82846767213528,-1.134756908711646,0.3628949283533207,78.0,147.0,143.4287875922073,4.2191018716163535,0.9217641686305902,-0.0021620145257243983,139.0,150.0,130.9464724796671,9.5892752229974,0.4305801903522339,-1.0361171777902725,120.0,146.0,116.4821259693588,25.72519238318543,-1.1115970197657246,0.27902005307006483,72.0,141.0,144.93606960469074,7.079787808176975,0.3164113309547488,-1.006529920865044,136.60000000000002,156.0,125.0,8.093645215185928,-0.20562225454604452,-1.2648148288114243,113.0,135.0,0.08926578443877552,266.6639969244288,0.2407808675485029,0.7915204827060149,0.9655098081483078,1.0126582278481013,0.7087025316455696,75.51714984603692,-1.117245015916848,77.30931111484807,75.03483284589784,0.7905827172729665,4.631186976993543,3.8982232715714025,5.940885178043023,-11.31732088335605,-8.961537194497081,-10.88868361518536,0.08952891270372854,0.06697324452510511,5.0,138.58294878293046,75.51714984603692,4479.0,266.6639969244288
11,True,nv,139.95298438934802,16.803416745583128,-1.5321771247714984,1.5389969738852338,110.0,153.0,104.7959595959596,27.894416933713266,-1.0531729991264687,0.14304966311072986,56.39999999999998,132.0,110.26042240587695,38.991446687567695,-0.7480935867478765,-0.5361451411619811,44.0,151.0,99.41028466483012,78.00442103745277,-0.38776662754528796,-1.8026160873805046,2.0,175.0,75.22093663911846,43.886876061063035,1.2843427312089872,0.6262984685196216,37.0,153.0,140.34343434343435,17.18198267131876,-1.4332085797214393,1.3779183933977102,110.0,154.0,122.41707988980717,25.73957235908739,-1.126930321228216,0.32693348046607973,78.0,147.0,143.53829201101928,4.201037654749265,0.9719854935546823,0.12279733452552044,139.0,150.0,131.1742883379247,9.540418107272927,0.4186756004892925,-1.0351495350446067,120.0,146.0,115.94471992653811,25.66877512966086,-1.1031891390681121,0.2445212660696927,71.0,140.0,145.15096418732782,7.014950680259105,0.33035833726149594,-0.9886062060034604,137.0,156.0,124.78640955004592,8.032173530656285,-0.19252415942738135,-1.2611142088989102,113.0,135.0,0.09375,271.1370849898476,0.23110813834957616,0.8040801330821455,0.9611769513690233,1.013157894736842,0.8038277511961722,77.39068948157914,0.688641559725373,79.12748176105511,76.98534807286212,0.7906583355272176,4.7046042567100255,3.907279096111966,5.98000826520989,-11.893862636249537,8.67161031074847,10.9261571071342,0.09438775510204078,0.06781553106428041,5.0,139.07327976983456,77.39068948157914,4704.0,271.1370849898476
12,False,vasc,81.4836117041316,48.637454555099005,0.31195775445911333,-1.4382923738514577,25.0,151.0,48.967474569885724,33.50051698768236,0.608394797893885,-1.0214247466920043,15.0,100.0,68.42019339444933,43.138213242796795,0.4192425419184562,-1.2641367229432512,21.0,130.0,157.91849805349742,16.87602483243642,-4.266545446324053,32.94110275642433,138.0,170.0,106.74180585206581,37.679623225073584,0.31732505033652636,-0.20363757380888314,61.0,158.0,83.85432625894764,49.32701304107605,0.23047975163321777,-1.5129377714894252,25.0,152.0,62.15873414542258,42.298790324856206,0.3792313958577587,-1.382181728972138,16.0,123.0,145.61748084892628,9.658483576308711,0.03588499356303285,-0.8794116513609476,132.0,159.0,122.59249026748712,6.451848629416817,-1.1551489384303022,0.9510864078687233,112.0,129.0,60.90681903805098,38.38242705960095,0.44885183247116145,-1.3006380310922718,20.0,117.0,142.70501067436896,10.50501796741941,0.553605442766318,-0.7880888888338,130.0,158.0,132.21386412156224,5.3700064860108885,1.4054688689905224,1.4562589567547057,128.0,141.0,0.14829799107142858,327.8061325481598,0.5981395377465135,0.8701758387028454,0.9860853432282004,0.7927927927927928,0.7617731367731367,97.33537616085093,-0.20393173635288422,109.06830002317145,87.40646007897351,0.7849204572181373,2.893498354894265,4.18821701859889,6.219457870567189,-11.638403816284526,-7.791571222472976,11.524090728049217,0.056847197957263784,0.0894658709607435,5.0,103.88266109858606,97.33537616085093,7441.0,327.8061325481598
120,False,nv,186.50901885761138,40.79444553682435,-1.3394661532026944,1.2063962491443405,123.0,226.0,130.48510522000547,61.57672727549572,-0.4307230263672785,-0.8950248103021887,36.0,205.0,111.89054386444384,68.16677028741933,0.0375547269994803,-1.3022532072185546,19.0,205.0,24.433588412134462,50.933670170459045,2.5940322984934423,4.7781733868197085,2.0,164.0,116.51503142935228,71.26908757098485,0.14818171129715343,-1.226376036493754,24.0,214.0,186.50901885761138,40.79444553682435,-1.3394661532026944,1.2063962491443405,123.0,226.0,152.50560262366767,52.98658251924918,-0.6178704636126557,-0.49918449174708623,72.0,214.0,148.44779994534025,11.006604141760231,0.17437967591842649,-1.3614851829309937,135.0,164.0,148.39710303361574,12.536604063990833,-0.21492078091839822,-1.3193239486292663,130.0,164.0,145.13022683793386,55.439527898396484,-0.529622936136179,-0.6974128671847883,60.0,211.0,157.5554796392457,13.744451414786353,-0.21130345253677488,-1.3286273129082522,138.0,175.0,109.23257720688713,10.754268832115102,0.1893096102212877,-1.233294279971269,95.0,125.0,0.13319116709183673,320.14927829866735,0.6988470681702753,0.8193628532980837,0.9759053738317757,0.7232142857142857,0.7366622574955908,92.24456557144758,-0.07880180135705986,109.66864573312348,78.44281507803487,0.7694859290556831,2.5203243753066333,3.8795253772366016,5.1551866126196595,9.686737387035782,6.458491612158899,-10.271914168691302,0.08484213676492591,0.13073302450910043,5.0,162.99720327826824,92.24456557144758,6683.0,320.14927829866735
120,True,nv,192.00798969072164,40.32723029387403,-1.3721182674110814,1.3270627691751598,131.0,230.0,146.06688144329897,57.29824115314253,-0.6968755318856853,-0.5267761366329782,55.0,209.0,114.88853092783505,69.81704236461795,-0.02865726269270012,-1.3437788288303674,18.0,208.0,21.61262886597938,40.14703896203256,3.518236990127115,10.568312488489028,5.0,17.0,116.44703608247423,72.50449526752598,0.21047116110835123,-1.23614213887403,25.0,219.0,192.00798969072164,40.32723029387403,-1.3721182674110814,1.3270627691751598,131.0,230.0,163.47963917525774,50.8902583985364,-0.845471184664521,-0.12750831973902388,85.0,218.0,142.73853092783506,8.681213268962376,0.6639230744824905,-0.9278373884495044,134.0,157.0,152.22731958762887,14.632856547972231,-0.20738981992323002,-1.366062802945323,131.0,170.0,156.26623711340207,53.0536029681542,-0.7202488867011668,-0.4137505979960543,73.0,215.0,153.52873711340206,11.477553124455799,-0.0361662029497128,-1.3707607710994039,139.0,169.0,104.64123711340206,13.403248202845315,0.16084168620963854,-1.302530844286541,88.0,124.0,0.13414779974489796,334.22034611053283,0.7460654445429978,0.7572228056352114,0.9687679907887162,0.6896551724137931,0.725323275862069,92.57524169891418,-0.19165017696045122,114.08481761553898,75.96595695555824,0.7583612736995464,2.344380035575839,3.850711635816593,4.977656061715725,9.4096742795035,6.2027938812752215,-9.943444350994884,0.08304858119150205,0.15427451282976065,5.0,152.97876452343257,92.57524169891418,6731.0,334.22034611053283
120,True,nv,179.33647085506917,38.155224101242496,-1.3609708311120332,1.2763250188512467,121.0,216.0,128.57178498525744,58.7444028016663,-0.46040768220233375,-0.8837091795446947,38.0,199.0,112.06293944205035,65.72600989734099,-0.019541019578046177,-1.3360254546150339,22.0,200.0,27.715241551372195,54.978040494980064,2.2644194670736937,3.1671555069238604,2.0,170.0,109.81106826944885,70.92840671786368,0.18238444110523658,-1.2625207360545585,19.0,208.0,179.33703787706963,38.15582690391344,-1.3609004778818516,1.2762073012897588,121.0,216.0,149.15955999092765,50.956258841886616,-0.6390695994667945,-0.49434739133833316,71.0,208.0,146.66897255613517,10.589211735610972,0.22689716340259092,-1.3536478059266457,134.0,162.0,146.33352234066683,12.138677178615595,-0.14555406291115244,-1.3828589969666496,130.0,161.0,141.88194601950556,52.77186368642665,-0.5562586857505994,-0.685434433993255,61.0,204.0,154.75277840780223,13.350114898673366,-0.16004899143476087,-1.3771042532661468,136.0,172.0,111.17657065094126,10.37675446774148,0.13784594397570543,-1.2880637511881265,98.0,126.0,0.15304129464285715,368.50461735799473,0.7289882078501106,0.710605662300548,0.9667631877124512,0.743801652892562,0.7051423324150596,98.87975760498867,-0.30090273989269434,120.1763864599801,82.26389167783734,0.7628898842305207,2.4086907227446703,3.8666457498295856,5.042710611277444,9.512930691534434,6.293763414101788,10.077738501235777,0.0832139601510613,0.14398131413481058,5.0,164.06227411675718,98.87975760498867,7679.0,368.50461735799473
121,False,nv,192.87493472584856,18.67177743320977,-0.0759451525549445,-1.0691840991751667,169.0,217.0,138.188772845953,30.37879446792417,0.12519378550442495,-1.2266303685530524,100.0,180.0,132.7509138381201,32.002612376238964,0.1580779036518368,-1.1408942382348761,93.0,178.0,7.494778067885117,28.581911950516723,5.7966124313531555,31.692503675157425,1.0,5.0,81.93681462140992,26.045575185052144,-0.014233265696490797,-1.0711744328705202,46.0,116.0,192.87493472584856,18.67177743320977,-0.0759451525549445,-1.0691840991751667,169.0,217.0,159.97676240208878,25.744136354125136,0.08076697739460507,-1.2005706870903643,128.0,195.0,148.38563968668407,5.497481269528493,-0.157383598024795,-1.2640978489462857,141.0,155.0,139.5939947780679,3.98258814387485,0.13596715436517004,-0.6026600204084138,134.0,145.0,153.92584856396866,26.95826452813148,0.09402869854480549,-1.2037770269175174,120.0,191.0,155.822454308094,6.385674014438055,-0.3301564132938807,-1.1340605573989884,146.0,164.0,116.01462140992167,3.3176945186880507,0.07675131509473664,-0.41114840357845495,112.0,120.0,0.06774154974489796,227.92388155425118,0.2821094570178335,0.8222073672918722,0.9590857787810384,0.9552238805970149,0.7926772388059702,65.78556994170391,-0.5629250455885093,67.95185461390768,65.19180149415251,0.7876735974727062,4.340466456492436,4.277823681651968,5.862927002761434,11.993839064233889,8.293601256865072,10.934951757331005,0.06148867313915862,0.07948088937061656,5.0,73.29926456877864,65.78556994170391,3399.0,227.92388155425118
121,True,nv,205.76207996075547,19.791290314763724,-0.10591495955887051,-1.1733961205451382,180.0,231.0,152.81334314446897,33.239370707880575,0.08154080589965719,-1.302730959299623,110.0,199.0,149.88398332106942,34.487537870392444,0.11486085673991232,-1.2412977503430598,106.0,198.0,17.21093941623743,49.84858257975057,2.915784220135758,6.508773546813005,0.0,4.0,71.85675741967133,25.485322820352188,0.0009491939400006151,-1.1979557586700302,36.0,106.0,205.76207996075547,19.791290314763724,-0.10591495955887051,-1.1733961205451382,180.0,231.0,173.51434878587196,27.728653002805938,0.040358449381330756,-1.281580886602972,138.0,211.0,147.67966642138828,6.022475367545634,-0.12443702396794164,-1.3374874154589296,139.0,155.0,137.72136374785381,3.800632159491895,0.06613248829970826,-0.7538943508515383,133.0,143.0,168.31935246504784,29.271106831501257,0.05216685502763663,-1.2853331380023099,131.0,208.0,154.74809909246994,7.204199470400052,-0.2797359259171455,-1.2219086939205517,144.0,164.0,117.57321559970566,3.348801312987973,0.14728098527385552,-0.634927895671225,113.0,122.0,0.06758211096938775,243.7056274847714,0.45083126050008365,0.717474612433889,0.9527957291373982,0.9333333333333333,0.6459047619047619,65.70810677684251,0.5971729816423763,70.3784995287016,62.82049579217196,0.7850798281438756,3.4630794420990947,4.268319631069889,5.759054274178618,10.897899206753216,7.51027684480961,10.951970638699548,0.06605721026245948,0.089938120932441,5.0,95.12519571486649,65.70810677684251,3391.0,243.7056274847714
121,True,nv,194.34093424839494,18.919863870935348,-0.1062646477552524,-1.1842270228106517,170.0,218.0,141.10183750276732,31.26478983114169,0.0645822752530843,-1.3156623479704432,101.0,184.0,136.075049811822,33.073232881821696,0.11089090250502015,-1.256410401250663,94.0,182.0,9.747841487713083,34.655200289690335,4.649406351787056,19.658323863966817,1.0,5.0,79.04294885986275,26.70437569363663,0.0024796869488092526,-1.2036591604625169,42.0,114.0,194.34093424839494,18.919863870935348,-0.1062646477552524,-1.1842270228106517,170.0,218.0,162.3803409342484,26.422733645140447,0.02824745313127103,-1.2935126655821891,128.0,198.0,147.8100509187514,5.636958273797818,-0.079604550538763,-1.3578318674147747,140.0,155.0,139.08235554571618,4.077980301848102,0.0610408960690917,-0.8349952899916087,134.0,145.0,156.45251272968784,27.696619598980895,0.039862357444142724,-1.297186537968173,121.0,194.0,155.06530883329643,6.652508035327826,-0.2645364028934941,-1.256920798278647,145.0,163.0,116.47066637148549,3.4508267545391527,0.14453626956494323,-0.6607850788593153,112.0,121.0,0.07513552295918367,257.03657992645924,0.3125808064122383,0.7170696581927525,0.9510595358224017,0.9558823529411765,0.8529411764705882,69.28284840890683,-0.6392747400966062,71.94133749054727,68.33644141516288,0.7872268529819746,4.15315940589121,4.263404670405058,5.827498416015446,11.445859114979617,7.985684304223427,10.889054217955284,0.06259946949602124,0.08172012259431734,5.0,80.27943985426231,69.28284840890683,3770.0,257.03657992645924
122,False,mel,152.9278650378127,34.960968196346045,-0.29180183974932183,-0.639148028150478,106.0,199.0,74.61113050222998,39.5327596425328,0.3683331981419269,-0.9853890132401331,27.0,134.0,63.77735117316269,42.304970858747986,0.8140672372133412,-0.46878905082762534,20.0,133.0,29.329377545084352,61.103776469201335,1.994952387010916,1.992604032407474,1.0,176.0,159.07473337211556,45.51060495555163,-0.530700072003401,-0.8633233660007975,86.0,210.0,152.9278650378127,34.960968196346045,-0.29180183974932183,-0.639148028150478,106.0,199.0,105.82485941438821,36.8035801562543,0.158616955946362,-0.9175967583239766,60.0,159.0,159.8452976536746,5.017270511668705,-0.49668874829266546,-0.5205821287878662,152.0,165.0,150.6040721349622,8.905173359489893,-0.43385227840494034,-0.5302464075113553,137.0,161.0,96.81900329649021,37.98104621476545,0.2806800294236659,-0.9686263968872688,50.0,153.0,168.07391894512313,6.0890907210530605,-0.7219369236117511,0.12347051467578396,159.0,175.0,109.34966065541981,7.068800811384012,0.15111614228135278,-0.45139703929031727,100.0,119.0,0.48887914540816324,645.8549057834389,0.603433689092541,0.7389881711033917,0.9538808523876185,1.2378048780487805,0.7368136489246666,176.72737771028443,1.4715542451981767,199.33983351009658,158.95621094373618,0.780881149061413,2.8667404859764782,4.043391835973576,5.9646472525883825,11.186589449784533,7.584954630719183,-11.067816838844458,0.09384427231960868,0.10138648659353879,5.0,141.575349621099,176.72737771028443,24530.0,645.8549057834389
122,True,mel,141.46001081832935,36.57790970689139,-0.2883617698541727,-0.6585620604250488,92.0,189.0,78.85681168379568,40.170304974573654,0.09394474114705267,-1.148014318697362,26.0,135.0,45.74534425469438,43.52567931944071,0.7989641454808857,-0.6223912473041011,0.0,118.0,11.011938799165444,14.215553484032673,11.003093535056419,126.24927552682962,6.0,14.0,185.6632794992659,56.82464770953745,-0.5166652910102398,-1.0130290289763402,95.0,255.0,141.46001081832935,36.57790970689139,-0.2883617698541727,-0.6585620604250488,92.0,189.0,102.82041573294181,38.86149008927925,-0.03823914785212476,-0.9901554035723312,52.0,156.0,151.7597171779615,4.92120386433,-0.07011463397366972,-1.0162143591078632,145.0,158.0,158.30326095355846,9.542778846397715,-0.4520904442734753,-0.5333635707133846,144.0,170.0,93.8113747005641,39.0036807981746,0.10153634571891153,-1.0671169956910391,43.0,149.0,162.03485047523375,4.538345008286523,-0.745595339006467,0.8185720168065491,156.0,167.0,100.87133915462483,8.657767696120187,0.0158796724921331,-0.620359529082311,89.0,113.0,0.48887914540816324,645.8549057834389,0.603433689092541,0.7389881711033917,0.9538808523876185,0.8078817733990148,0.7368136489246666,176.72737771028443,0.09924208159672006,199.3398335100966,158.9562109437362,0.780881149061413,2.8667404859764782,4.043391835973576,5.9646472525883825,11.186589449784533,7.584954630719183,11.067816838844458,0.09384427231960868,0.10138648659353879,5.0,107.61811090046152,176.72737771028443,24530.0,645.8549057834389
122,True,mel,159.46732894920945,36.55973072815251,-0.11667469848093767,-0.4026257442512673,112.0,204.0,81.18329368965999,43.647195086359794,0.3199001532237847,-0.8891022024730533,27.0,142.0,70.79512382817965,46.740224221158975,0.645315506740456,-0.694903859596562,20.0,144.0,32.10084650902476,63.720035375039245,1.824935505479339,1.3413685390267638,1.0,177.0,153.3268504267525,49.618051405126685,-0.30108554116581804,-1.0659669352700365,78.0,213.0,159.46732894920945,36.55973072815251,-0.11667469848093767,-0.4026257442512673,112.0,204.0,112.42213516160626,39.50771279276711,0.1911572327401197,-0.8149492979926003,63.0,167.0,159.52147754302504,5.9868267915884745,-0.3828642392949883,-0.5272484764232894,151.0,166.0,150.08587519238841,9.288717006195943,-0.4152299590128897,-0.6391137177371724,136.0,161.0,103.42899118511264,41.38862342839044,0.2713917498661303,-0.8621858286418034,52.0,161.0,168.01804953127186,6.953453870088276,-0.5856307729906796,-0.05624703863152147,158.0,176.0,109.57964880369386,7.171161033560705,0.20742628615180955,-0.47073215587050043,101.0,119.0,0.5299545599489796,728.7077195258244,0.4912881107744867,0.6292711099502669,0.95025551227531,1.0806451612903225,0.7112555502059594,184.00193676712405,-1.2671332565342952,198.5833889797936,172.96556092584007,0.7877928595137934,3.3005926162254102,4.055081602176455,6.467696393257721,11.976475677219431,8.262291920921076,-11.812847277529391,0.09390395246511973,0.07905718437961592,5.0,149.89781750831844,184.00193676712405,26591.0,728.7077195258244
123,False,mel,186.86916507141805,20.71381612230567,-0.9000675951712903,0.5039075819540941,156.10000000000014,209.0,144.59019290237077,28.547195154298993,-0.5489587734676197,-0.23250445814133514,102.0,178.0,147.82837579148872,32.64760658718705,-0.6150464751546486,-0.09164124454406464,98.0,185.0,112.19636283316154,81.44472307718904,-0.5825440772084937,-1.6533449882023685,2.0,178.0,63.36702989250479,24.14004896575506,1.1236204996499786,1.1709995832746074,38.0,97.0,186.8696804594316,20.71462444534623,-0.8998521952944043,0.5038408272964201,156.10000000000014,209.0,163.1543218966279,25.59018650789996,-0.6672187390514686,-0.03152092060280198,125.0,192.0,144.69120895302606,3.9248849303091444,0.014578953520788387,-0.7742286745220173,139.0,150.0,132.73486968045944,5.8053912058882045,0.9770788674451737,0.5778483709302176,127.0,142.0,157.61566779561184,26.450844302730268,-0.6288551870430197,-0.1059403273694719,118.0,188.0,148.8953762332499,4.960529895278943,0.2695556294460079,-0.09692014828569429,143.0,156.0,122.48269768811663,5.277831223760272,-0.8095190966215204,0.14838997169971702,114.0,128.0,0.2535873724489796,459.40411229460636,0.640495061256898,0.7576066317755983,0.9491272564523348,0.8985507246376812,0.7435717625058439,127.28197031477086,-0.47443892631362206,146.85286732962965,112.77746406221675,0.7736455563667578,2.7238944223874726,3.6697065778844173,5.159505075333652,9.901785797812147,7.113697754488184,-9.628378774696925,0.10570575290789064,0.12103530260354939,5.0,126.29939648829033,127.28197031477086,12724.0,459.40411229460636
123,True,mel,187.3643253565674,20.373370494855568,-0.9053589168448222,0.4629256532808177,157.0,209.0,145.44166616936207,28.38535477983737,-0.5509748736306974,-0.24437115075490334,103.0,179.0,148.75520677925644,32.45927563421047,-0.6127491845247456,-0.08259949221225904,99.0,186.0,113.16112669332219,81.15037130476213,-0.6088754023882829,-1.621510066627617,2.0,178.0,62.57754968073044,23.98430549751482,1.1049022855919806,1.1144541009136795,37.0,96.0,187.36474309243897,20.374058680717535,-0.9051606043200846,0.4629061989789349,157.0,209.0,163.88601778361283,25.378260647704302,-0.6666324311085432,-0.054511793055536995,126.0,193.0,144.5537387360506,3.9628794549566226,0.021072730022966314,-0.8109238670227406,139.0,150.0,132.62314256728533,5.740105067783947,0.9941431268140156,0.6580951565840811,127.0,142.0,158.369815599451,26.24179738704374,-0.6315190539960628,-0.11740307138302963,119.0,188.0,148.7158202542221,5.002325269723277,0.23761681216438174,-0.1092828007189861,142.0,155.0,122.58369636569792,5.231502084736963,-0.8250414755554422,0.23391083339528906,115.0,128.0,0.3048070790816326,548.4701294725886,0.6429250525192289,0.6388883801943451,0.9443072363546555,1.097902097902098,0.6812168722996749,139.5454248521949,0.8679033309691969,161.23090003063925,123.49143716500963,0.7732640937945267,2.7148476276430746,3.666585831543099,5.1552445822649435,9.918132386915918,7.161847287519872,9.613997324131475,0.10618543219563226,0.1207154282641563,5.0,125.5087354829945,139.5454248521949,15294.0,548.4701294725886
123,True,mel,184.50656349316014,20.447704027707083,-0.9109330025277242,0.48366918718723007,155.0,206.0,147.93408871079177,30.090886601230622,-0.5891514372102182,-0.18029560872445005,102.0,183.0,154.13327345585188,32.381920481085814,-0.706558400926336,0.03142380292752778,105.0,191.0,135.6461931739671,69.53399393865513,-1.3919333078037135,-0.040627774570516806,2.0,178.0,53.99302197042974,23.983496777458924,1.1024551809030225,1.1464311386685653,28.0,87.0,184.5067707613652,20.447987780229738,-0.9108671339002297,0.48362447859356994,155.0,206.0,165.08187094099765,26.55385259041702,-0.68986630934599,-0.021766400875741887,125.0,195.0,142.94535028326655,4.631552247847904,0.2953602659143433,-0.28894304395513615,137.0,149.0,130.22999861821197,4.869623497860406,1.1447456309428683,0.9821415890131555,125.0,138.0,159.58435815945833,27.25780519060022,-0.661334438937359,-0.07462661410562355,118.0,190.70000000000073,145.80344065220396,5.797726922174712,0.5687258752099534,0.3115648695631159,139.0,154.0,124.91308553267929,4.442940112583533,-0.9658757724118587,0.4150124747315749,118.0,130.0,0.2610411352040816,491.3452377915607,0.6058305064776079,0.6817754329269263,0.9440680409398876,0.8391608391608392,0.7632867132867133,129.13903963148078,-0.3992739107060198,146.40331746595834,116.47756273417261,0.7772450871125521,2.8510417126569005,3.6726475715768196,5.178573983958639,9.704999150933528,6.747367618888287,-9.81926114202735,0.10505420674912203,0.11159191912698253,5.0,113.96547849634379,129.13903963148078,13098.0,491.3452377915607
124,False,mel,169.24489795918367,61.63821742426584,-0.16616189159890127,-1.3710551652904688,84.80000000000001,246.0,104.78275181040158,63.80203246764884,0.22902860656310467,-1.4421717641296534,29.0,194.0,84.37524687294272,66.47855564233672,0.4182069354194206,-1.3596072766460563,13.800000000000011,183.0,6.979591836734694,1.625659808709348,-0.6235384931611466,-0.02510676584569449,5.0,9.0,148.1520737327189,59.03187493805027,-0.22738314402750456,-1.3951593702782736,65.0,217.0,169.24489795918367,61.63821742426584,-0.16616189159890127,-1.3710551652904688,84.80000000000001,246.0,128.3285055957867,61.770067146887115,0.061584180825950116,-1.4368838963314954,49.0,212.0,152.42857142857142,5.799593638576203,-0.335679973653874,-0.7561284455194501,144.0,159.0,151.45095457537855,7.79747330473332,-0.21981641352249243,-1.0851404748609146,140.0,161.0,121.7557603686636,63.088631068077234,0.14761946907428564,-1.4615489039906258,44.0,209.0,161.92560895325872,6.99781748218461,-0.3805771102645044,-0.6607030240069824,152.0,170.0,106.90980908492429,6.013844234627615,0.18185845626027963,-1.0916208862731553,99.0,115.0,0.02321827168367347,128.3259018078045,0.540968805289118,0.889011009918642,0.9716430358632193,0.9743589743589743,0.7860998650472335,38.51394643004615,-0.7910031627327136,42.186132708015975,35.48033716163004,0.7877832201547894,3.107524068214198,4.648323588783936,6.105345417499647,11.488301112902409,7.730434898223062,12.260192474758636,0.04120171673819739,0.0803694952360457,5.0,122.29575217102547,38.51394643004615,1165.0,128.3259018078045
124,True,mel,169.35220539828833,63.87680791911434,-0.17182576266217692,-1.371563884862386,81.0,249.0,102.40421329822252,66.47879184371456,0.22760084988930057,-1.4424501476253628,23.0,196.0,81.201448321264,68.94139995143547,0.42127289112117705,-1.3591971323858665,7.0,184.20000000000005,6.979591836734694,1.6481815836087121,-0.7472945683111021,0.24853856246107098,5.0,9.0,155.81764318630678,64.1633576343346,-0.19483870899169015,-1.416557593077044,67.0,232.0,169.35220539828833,63.87680791911434,-0.17182576266217692,-1.371563884862386,81.0,249.0,126.85516787360105,64.05037381931355,0.05733188897108024,-1.4354914688519682,45.0,213.0,153.5194206714944,6.201211262799092,-0.38906206455866604,-0.6309757741417821,145.0,161.0,152.43449637919684,8.24897433685499,-0.24414373241026727,-1.1031580996311794,141.0,163.0,120.02172481895984,65.59927966435711,0.14537916920560334,-1.464863606908215,39.0,210.0,163.2363396971692,7.364762912067522,-0.43527394596704516,-0.5607717825255478,153.0,172.0,106.08953258722843,6.281619087427791,0.24046258469948883,-1.0417011986168494,98.0,115.0,0.02321827168367347,128.3259018078045,0.540968805289118,0.889011009918642,0.9716430358632193,0.9743589743589743,0.7860998650472335,38.51394643004615,-0.7910031627327136,42.186132708015975,35.48033716163004,0.7877832201547894,3.107524068214198,4.648323588783936,6.105345417499647,11.488301112902409,7.730434898223062,12.260192474758636,0.04120171673819739,0.0803694952360457,5.0,129.68834713705766,38.51394643004615,1165.0,128.3259018078045
124,True,mel,175.08878807517823,58.7052946856646,-0.2940021136541776,-1.3629535120151617,91.0,243.0,115.61373946856773,58.91088532742013,0.014304252094204249,-1.523691628488553,39.0,191.0,86.26895657809462,62.25384127698087,0.24959071749152328,-1.5210548399572477,16.0,174.0,9.668178872326637,1.6537840468975007,-0.4356784162067004,-0.35439883743416045,7.0,12.0,146.5197666882696,54.93200384782562,-0.0913313186621346,-1.4775102872751023,72.0,213.0,175.08878807517823,58.7052946856646,-0.2940021136541776,-1.3629535120151617,91.0,243.0,136.83927414128323,57.72749883575565,-0.11994829053184014,-1.4704627838885083,58.0,208.0,148.9701879455606,4.272978644623082,-0.2291582392955474,-0.6947602869221932,143.0,154.0,154.47958522359042,7.685873741786791,-0.14910845222677305,-1.1879331717432136,144.0,164.0,130.0699935191186,58.93531742611228,-0.03991588011303473,-1.5207004932678858,53.0,204.79999999999995,160.15165262475696,5.5642429204613855,-0.45275309470422515,-0.4899744753409734,152.0,167.0,103.28321451717433,6.379611239696829,0.1625395443794605,-1.0548879588793258,95.0,112.0,0.021424585459183673,128.81118318204307,0.5344806560371221,0.814162676907312,0.9555555555555556,0.925,0.7263513513513513,36.99638510165959,-0.5636765985241853,40.445069837778355,34.18339274018726,0.7877027339114652,3.1318665679166338,4.5684977330606475,6.029216901166118,11.328117365748811,7.620564883422102,-13.178995285213851,0.04837209302325585,0.08149907753291853,5.0,115.29108258038772,36.99638510165959,1075.0,128.81118318204307
125,False,nv,129.7194661091903,30.8524257252649,0.17576047556106408,-1.2857214454589283,91.0,174.0,85.66784594355552,43.482046167996316,0.5465730134823292,-1.0362560291328762,39.0,153.0,83.99429122778805,46.16944662103596,0.7340202004827039,-0.805101168225109,38.0,159.0,52.39358366165474,77.24352442404447,0.9089521668361497,-1.1528622474344097,1.0,178.0,103.5121813942269,46.74220011994137,-0.5608871875651437,-1.132728055746591,30.0,152.0,129.7702822224009,30.946998366766227,0.1863355049908504,-1.2650023047525922,91.0,174.0,104.65988582455576,40.5281539541118,0.4476418479315183,-1.1220043986168995,59.0,167.0,146.7286323068264,6.39275700517109,-0.7549117550206721,-0.7992807368825758,136.0,153.0,137.4222079279569,5.716240278746394,-0.9520239352010461,-0.1967863335890474,127.0,143.0,98.6577952882528,39.87349293895728,0.4893988256786139,-1.0901080964292291,54.0,160.0,150.19450028141836,7.353142633373644,-1.1434555516627578,0.06301958212186554,138.0,156.0,119.68706279649433,4.5928027183668645,1.0598245944142066,0.28215722010623123,115.0,128.0,0.23108657525510204,431.60512242138304,0.8005487293217796,0.7821813133088781,0.977820880418283,1.4423076923076923,0.7432692307692308,121.50396092804634,-1.278764561475315,157.6784752569747,94.49161138104435,0.7395875554819835,2.1321407344295205,4.428747876207475,5.549698078987906,10.648961912602603,6.69452835477842,10.739223116183712,0.04984907287623974,0.1855638775569166,5.0,154.93272291075206,121.50396092804634,11595.0,431.60512242138304
125,True,nv,120.23861991314139,33.06529506465259,0.5272872647400952,-0.33645359977577405,82.0,162.0,85.34164387968474,44.655583923523345,0.48984711351517785,-0.884876968136445,35.0,150.0,79.23797651600451,47.2870222796149,0.5970944013716761,-0.8786562048424091,29.0,151.0,25.189158758243526,54.56140142575991,2.2777039618693444,3.248656915240736,2.0,165.0,101.34856039890623,55.03457417050021,-0.32968103367077267,-1.2727730893827858,19.0,164.70000000000073,120.26138008685861,33.101503705854284,0.5289260124641331,-0.33692040724592376,82.0,162.0,100.90566189480457,42.52763612567763,0.4312471465188836,-0.9368035184295138,52.0,161.0,142.4027666076886,6.543828705834907,-0.4516481994975781,-0.9774441034100385,133.0,150.0,138.337461798295,5.556529576460498,-0.7027716606639169,-0.7663534715837383,129.0,144.0,95.08026379282612,41.29464103118056,0.49191183335240596,-0.8270059297913348,48.0,153.70000000000073,145.96083319929227,7.37549558735441,-0.8831608062944444,-0.44743182811802606,134.0,153.0,119.0201865851697,4.43489835294189,0.8635675018946459,-0.38682706950519163,115.0,127.0,0.23108657525510204,431.60512242138304,0.8005487293217799,0.7821813133088781,0.977820880418283,1.4423076923076923,0.7432692307692308,121.50396092804634,-1.2787645614753151,157.6784752569747,94.49161138104432,0.7395875554819834,2.1321407344295205,4.428747876207459,5.549698078988056,10.648961912602743,6.694528354778537,10.739223116184046,0.04984907287623974,0.18556387755691658,5.0,142.6974793021144,121.50396092804634,11595.0,431.60512242138304
125,True,nv,131.7784031518855,30.888060909564437,0.18122096241547633,-1.2771294687728547,93.0,175.0,95.9594757578194,38.45293973256008,0.35887658791837485,-1.1701621380353144,51.0,152.0,80.85293881161051,45.21514419639738,0.7267718792313658,-0.7494527726402964,35.0,152.0,25.560344134437564,48.63198401338694,2.6178369745246948,4.921423358711983,6.0,145.0,110.51700570877222,46.878968270436104,-0.5484206877465513,-1.122264312076809,36.0,160.0,131.8001125673394,30.930360974723964,0.18638111077194122,-1.2661502075377808,93.0,175.0,111.65570475194983,37.319490482103866,0.3030908754340537,-1.2042511510355243,68.0,165.0,141.1021950631181,3.6705739737810794,-0.08032914595451887,-1.2303347536656053,136.0,146.0,143.00892498190882,7.217388576444541,-1.1651117607360648,0.3904120645035172,131.0,149.0,104.9804615260915,36.828324706610985,0.3674767708671143,-1.1628540868751236,62.0,159.0,147.1382166117231,4.755088983669879,-1.0954429049742402,0.18046687452050802,140.0,151.0,114.37838707083702,6.030965299976185,1.2147185965291276,0.8328729175574403,109.0,124.0,0.23108657525510204,431.60512242138304,0.8005487293217796,0.7821813133088781,0.977820880418283,1.4423076923076923,0.7432692307692308,121.50396092804634,1.2787645614753151,157.6784752569747,94.49161138104435,0.7395875554819835,2.132140734429521,4.4287478762075,5.549698078987991,10.648961912602534,6.694528354778393,-10.739223116184167,0.04984907287623974,0.18556387755691658,5.0,126.44131325854701,121.50396092804634,11595.0,431.60512242138304
126,False,nv,136.51007462686567,33.22482060857579,-0.06520554061425927,-1.228657391758247,93.0,180.0,83.57798507462687,41.48738210048949,0.22076064833115638,-1.2396529801720502,33.0,141.0,72.99216417910448,44.578234245544735,0.27043763725343933,-1.2190918814913607,19.0,134.0,5.395895522388059,9.612044582902813,17.580639123161436,314.6404493391629,3.0,7.0,131.40970149253732,53.42018787916439,0.05158347711402916,-1.305217641423861,63.900000000000034,202.0999999999999,136.51007462686567,33.22482060857579,-0.06520554061425927,-1.228657391758247,93.0,180.0,105.01044776119403,39.34793944548405,0.12342836224675613,-1.2582174946158584,55.0,158.0,149.3466417910448,5.37528096371255,-0.4682099067974946,-0.9010221744747824,141.0,156.0,144.45932835820895,5.839187187578753,-0.23224595859138714,-1.0340754376780883,136.0,152.0,98.21044776119403,39.267249786172435,0.15900857691544096,-1.2599599685162173,49.0,151.0,155.3507462686567,5.221521855537829,-0.7243639924245815,-0.20660391387210852,148.0,161.0,113.76380597014925,3.5268421236762912,0.5493900607217264,-0.32160174730378843,110.0,119.0,0.04653619260204082,186.75230867899734,0.6464877981077531,0.8413269294479665,0.9632838283828383,0.8852459016393442,0.7088646023072253,54.525354991568875,0.5689655794597491,63.1889670884444,48.20840011396658,0.7719031817617096,2.700007380557752,3.4531474902518706,5.12198147813235,-9.492436075615755,-6.558578968777448,-9.658800029472141,0.128051391862955,0.12349222226503404,5.0,96.257053070643,54.525354991568875,2335.0,186.75230867899734
126,True,nv,133.99902280130294,33.585250548710746,-0.13457798217370479,-1.2490167085773494,89.0,176.0,66.32345276872964,42.95921788286775,0.21020505597077205,-1.2617744825278183,13.0,125.0,75.38175895765472,42.96561983855557,0.20099383837896023,-1.2589752969538075,22.0,133.0,174.9527687296417,12.333690406534204,-13.911376606552627,194.2201170930003,174.0,178.0,142.25928338762216,54.61334509695089,0.1251115382223866,-1.3083751300342807,73.0,217.0,133.99902280130294,33.585250548710746,-0.13457798217370479,-1.2490167085773494,89.0,176.0,94.83941368078176,39.069677300264246,0.11682034930507053,-1.2741989587740705,46.0,147.0,157.59153094462542,5.749544091954516,-0.6590289147638444,-0.43810374244247763,149.0,164.0,137.58762214983713,5.340092645248312,0.14041673393331375,-1.0518590797945149,131.0,145.0,87.61400651465799,40.02062822216032,0.12928347007034774,-1.2960983205625352,37.0,141.0,161.1355048859935,5.848122000609701,-0.6393590817530357,-0.1168382119306779,153.0,168.0,121.08306188925081,2.3306357367760837,0.31657746456701413,-0.36153012554758357,118.0,124.0,0.04994419642857143,204.89444430272832,0.6249733976383809,0.750119689674425,0.9572192513368984,0.9047619047619048,0.6978557504873294,56.48662053182433,0.5403997617841998,64.7271294686211,50.52897781749626,0.7742621309345176,2.7784105826081684,3.452034023392434,5.154009493850271,-9.579147462356724,-6.636997192096449,-9.640225943932,0.1304868316041501,0.12272191032168489,5.0,100.53228605219584,56.48662053182433,2506.0,204.89444430272832
126,True,nv,139.859346082665,33.48626584973961,-0.09347846935395339,-1.1507461488231066,95.0,181.0,87.38371375694015,42.79560138457548,0.15062420556283912,-1.224586152569742,34.0,145.0,76.84824182603332,46.17960850322274,0.18791407084419495,-1.2251439412764589,19.0,139.0,5.464836520666255,10.224236235023168,16.454391862119326,275.6811031017184,3.0,7.0,127.78901912399753,55.2110685273671,0.15732635859270597,-1.2757300425265334,61.0,203.0,139.859346082665,33.48626584973961,-0.09347846935395339,-1.1507461488231066,95.0,181.0,108.74892041949414,40.19682305813657,0.06418920770443991,-1.2364917367781054,57.0,161.0,149.0404071560765,5.772622174386203,-0.3876179888403061,-1.030450562508689,141.0,156.0,144.1952498457742,6.2118522870722686,-0.13149167148568766,-1.1165433823312907,136.0,152.0,101.87446020974707,40.29822473907154,0.09641695528588284,-1.231503031671183,50.0,155.0,155.11875385564466,5.7498029836584275,-0.6492222462119206,-0.4789385623919258,147.0,162.0,113.87075879086983,3.836689656201775,0.4464242255851325,-0.509186647824976,109.0,119.0,0.05325255102040816,202.99494936611666,0.6645451412925129,0.8148465905615928,0.962536023054755,0.835820895522388,0.7121535181236673,58.32748977568257,0.46290064561729555,68.32664591074365,51.05695780973577,0.769102934485131,2.6334545159981597,3.437964462105946,5.045856452020444,-9.623598412836763,-6.687466890877599,-9.33977377697936,0.13098802395209586,0.13045597027907346,5.0,98.92157061212987,58.32748977568257,2672.0,202.99494936611666
127,False,vasc,153.10518934081347,23.898707070809788,0.008003621950490722,0.30311594341344295,123.0,184.0,69.66900420757364,30.42697290587035,0.3135166863288221,-0.3240078900307246,30.0,111.0,116.31821723546828,22.087858482642805,0.18565081512991108,0.6460735903727644,88.0,143.0,163.67554932211314,3.7283998176211375,0.7326379237710169,0.2158720046619167,160.0,169.0,142.46844319775596,37.38446095783129,0.30260954878613344,-0.500876517443789,95.0,194.0,153.10518934081347,23.898707070809788,0.008003621950490722,0.30311594341344295,123.0,184.0,107.51270063892785,24.76889979813822,0.37636519155021175,-0.08040661968824958,77.0,142.0,167.70204145239208,8.235246045397393,-0.29324775145652776,-0.8758506210471348,156.0,178.0,118.50662303256973,5.368484682744302,0.30458631038658557,-0.5502442775969634,112.0,126.0,99.95465170640486,26.36370031597248,0.359054028801263,-0.15502813510609492,66.0,137.0,165.95480754246532,7.567234288736666,0.007252102966002567,-0.6683718709547408,156.0,176.0,137.2538569424965,5.934469782070494,-0.256190322459275,-0.871901403217664,129.0,145.0,0.11810427295918367,300.73506473629425,0.3974474522321182,0.823385802755067,0.9656183803161154,0.9247311827956989,0.7409352338084522,86.86321167272469,0.25850156863774776,91.13665856393787,83.62927045940214,0.792197425595603,3.717871983931689,3.9988460862949693,6.672105088129686,-12.87614235583723,-8.802567225616963,-12.011595248185161,0.0806614917313534,0.06042405733888538,5.0,65.01156784626221,86.86321167272469,5926.0,300.73506473629425
127,True,vasc,154.03146468810112,23.10101773549884,-0.021719674948921668,-0.1851720300423585,125.0,185.0,71.57062379774663,30.335644590100422,0.2116936348077805,-0.6443839768121227,32.0,113.0,116.99958779884584,21.00766357621646,0.0475875362407009,-0.16802038237886263,90.0,144.0,163.9667491068975,3.888490236351548,0.7616126164637441,0.23769467057671534,160.0,170.0,139.9733443253641,37.207706382341804,0.348120379993514,-0.5310991677117123,93.0,192.0,154.03146468810112,23.10101773549884,-0.021719674948921668,-0.1851720300423585,125.0,185.0,108.88018686452322,24.435713289040628,0.29726560810395,-0.5396697393649581,78.0,143.0,167.17161308051664,8.252479331850573,-0.22355322395025867,-0.9166297201156981,156.0,178.0,118.88142346798571,5.482098429885541,0.3246117610744337,-0.5269766991534119,112.0,127.0,101.42923880186865,26.01459484774778,0.25828485835802295,-0.5938709116285987,68.0,137.0,165.56141797197031,7.401028260579418,0.09427223229095845,-0.6598458749390379,156.0,176.0,136.80983786754604,6.0593929456764215,-0.2501711532462749,-0.8437459442034037,128.0,145.0,0.12781010841836735,323.4629867976521,0.31249914474268925,0.7702326407041891,0.9594554159186116,1.054945054945055,0.7340888278388278,90.36196766553171,1.2582289644471503,93.19913067490715,88.53153562957887,0.7930683817519005,4.1653196670074335,3.9951537368650674,7.208838920464105,-13.293773510247782,-9.335468197105385,12.835695220090964,0.08030562919070638,0.05499505346972605,5.0,64.1972143541922,90.36196766553171,6413.0,323.4629867976521
127,True,vasc,156.94014029618083,21.97901292545939,0.03773972879104453,0.32886364323920736,130.0,185.0,72.60888542478565,27.256964596644398,0.3172565214335652,-0.26722443481565206,37.0,110.0,141.6689010132502,19.47755966728624,-0.0656811855787062,1.0925654662429336,116.0,164.0,155.78830865159782,3.7216168920682997,0.6781780622407815,0.10483268467752982,152.0,161.0,139.67388932190178,32.25151975238517,0.28572489601163586,-0.48097731716362135,98.0,185.0,157.00607950116913,21.959307519458157,0.03313807013654579,0.33656403973996296,130.0,185.0,112.85487139516758,21.91911683477836,0.3816865247806087,0.03275628055586388,86.0,143.0,171.6389711613406,8.12227153981154,-0.2663977032451026,-0.8184079673437434,160.0,182.0,106.19859703819174,6.972554897891201,0.3834538059793448,-0.7870568337521786,98.0,116.0,105.71893998441153,23.481958543795205,0.3748050807424666,-0.055888623788705516,76.0,138.0,164.58238503507405,6.524373745299215,-0.02703122542738438,-0.6106506580505933,156.0,173.0,148.29742790335152,7.4367429276429915,-0.2197497194925015,-0.8859203429945208,138.0,158.0,0.11810427295918367,300.73506473629425,0.39744745223211664,0.823385802755067,0.9656183803161154,0.9247311827956989,0.7409352338084522,86.86321167272469,-0.2585015686377498,91.13665856393784,83.62927045940216,0.7921974255956026,3.7178719839316967,3.9988460862948525,6.672105088127188,-12.876142355822228,-8.802567225612687,12.011595248181564,0.0806614917313534,0.06042405733888538,5.0,57.932444163911626,86.86321167272469,5926.0,300.73506473629425
128,False,mel,198.23417137939512,17.64234918842419,-1.4176364852801617,2.6320389035560616,174.0,216.0,140.41547823948858,28.207149343216603,-0.7789353104068759,0.2659420714361165,100.0,173.0,132.72682567002704,41.836189862695896,-0.33776919950836204,-0.6833345756220406,74.0,186.0,62.921102778460785,78.83766941459437,0.6633596923289365,-1.5490542138283319,3.0,176.0,92.19931767887878,38.536301666467416,0.69737879956147,-0.3364879229756599,49.0,149.0,198.23417137939512,17.64234918842419,-1.4176364852801617,2.6320389035560616,174.0,216.0,163.0326715023359,24.32111060156515,-0.866871231244893,0.5633368442498377,128.0,190.0,149.52978239488567,4.273423069117596,0.7273294489678388,-0.1836747764929818,145.0,156.0,141.45481927710844,11.44193439976387,0.0010297893790807394,-1.0566292012287117,126.0,157.0,156.84939759036143,26.181573646917954,-0.815192052154883,0.3917802532591259,119.0,187.0,157.5594725842144,7.523148688122415,0.031960458867094865,-1.0737833515049575,147.0,168.0,114.38458937791984,10.222906934724183,0.1403150007824016,-1.0540083141695968,101.0,129.0,0.6204559948979592,782.541197284454,0.4852598294562939,0.6388552452118189,0.8920599444110147,0.9419642857142857,0.6586831415030467,199.09418250339482,0.006458353594387181,217.17459737961283,189.89095283699433,0.7770816558410006,3.3035205436866932,3.9138573143377617,5.521411769344186,-10.429395269115131,8.24992088190258,-10.355914268805089,0.1187845303867403,0.1089320661431461,5.0,135.016320269486,199.09418250339482,31132.0,782.541197284454
128,True,mel,198.2612571218526,17.736420563612953,-1.4270855469073205,2.707476523043124,174.0,216.0,140.49065735465294,28.286004332933736,-0.7793833487607047,0.2696355210494956,100.0,173.0,132.92176683207742,41.93822608428991,-0.3376303467982959,-0.686632878169926,74.0,186.0,63.40289775163879,78.97562969255645,0.6492960477056159,-1.5674568666551105,3.0,176.0,92.05902713961895,38.5546516895509,0.6988029841533373,-0.33879498103041206,49.0,149.0,198.2612571218526,17.736420563612953,-1.4270855469073205,2.707476523043124,174.0,216.0,163.09645898425535,24.39950329227453,-0.8687693872620367,0.572317728118334,128.0,191.0,149.52615940697177,4.274222875341415,0.7284446969129411,-0.17304177745009275,145.0,156.0,141.38461067205785,11.475395567775365,0.0038961598910037453,-1.059832395453975,125.0,157.0,156.92440115174907,26.260496115900338,-0.8160253818203054,0.39473470332567384,119.0,187.0,157.5254855112418,7.537990725233159,0.03298500263265302,-1.0754343456830664,147.0,168.0,114.45230656129388,10.256773874873243,0.13622983751361273,-1.058519059547208,101.0,129.0,0.6204559948979592,782.541197284454,0.4852598294562937,0.6388552452118189,0.8920599444110147,1.061611374407583,0.6586831415030467,199.09418250339482,-1.5643379732005096,217.1745973796128,189.8909528369943,0.7770816558410006,3.303520543686694,3.9138573143377533,5.521411769344177,-10.429395269115096,8.249920881902403,-10.355914268805085,0.1187845303867403,0.10893206614314604,5.0,135.26670194572029,199.09418250339482,31132.0,782.541197284454
128,True,mel,197.43891694423553,20.26245549387644,-3.21138703954533,21.762113673633166,174.0,216.0,139.52753303964758,28.98776560761367,-0.9505174950203045,1.1603586163842037,99.0,172.0,131.52546470398624,42.00850555592445,-0.3591722462059082,-0.5976978880683612,73.0,184.0,61.58036961426883,78.45699331133643,0.7032035438844148,-1.4941919040770106,3.0,176.0,93.04136671322661,38.893974828281436,0.7299409116288151,-0.07510928651854298,50.0,150.0,197.44039432685076,20.248181285207703,-3.197953681223829,21.569403125186977,174.0,216.0,162.1510153647792,25.63519947289525,-1.3409600057589486,3.820729493138865,128.0,190.0,149.5335231546148,4.40270083717106,0.4040374982167739,0.757251074818194,145.0,156.0,141.64733533899215,11.294007518384984,-0.005965548067569438,-1.04512191110744,126.0,157.0,155.95374449339207,27.261836992497045,-1.1400673256290335,2.3948559130492075,119.0,186.0,157.6315407757602,7.600066384415385,-0.10149674774147519,-0.6802265268176586,147.0,168.0,114.21161491350597,10.076372296291481,0.15207917718791542,-1.0411795539746722,101.0,129.0,0.7085259885204082,874.5655839020935,0.4572341384698683,0.5840861652129627,0.8962587606514395,1.0,0.7085259885204082,212.7555852495529,-0.4923476604192455,229.73392680690677,204.31303087321507,0.7794412370672634,3.42448846944375,3.9595234813161757,5.535761221729548,-10.749676089507863,-9.007036346008315,10.310374844797183,0.1108548282748727,0.10316836456610562,5.0,137.59914942482555,212.7555852495529,35551.0,874.5655839020935
129,False,nv,159.26068890528524,26.899621685528285,-0.9686597180348686,0.6196856959951074,123.0,188.0,122.66249854374587,37.67673755705674,0.09259243326214968,-1.0189836478242664,73.0,175.0,133.1271406935653,40.808903642406925,0.2371677136955445,-1.036018368757923,81.0,191.0,161.05844433225894,32.023368618485904,-4.0068754093025225,17.01323499694608,138.0,177.0,64.19746805949283,29.191644450771552,-0.033274529406304876,-1.2327307861218377,24.0,103.0,160.46056463826648,28.554846781639885,-0.6870540843112919,0.457484054631041,123.0,192.0,140.63985864626616,34.36168634242266,-0.13117128200314246,-0.8297185082145679,95.0,186.0,144.32014290707156,6.048118257113136,-0.18763445905238627,-1.0100862453618058,136.0,152.0,128.24243718690536,5.181035700752742,-0.22134900326613385,-0.8093667125138366,121.0,135.0,134.80975496097238,34.325481916073386,-0.08118892337460852,-0.8804709644714577,89.0,180.0,145.46040930449303,8.321874634047088,-0.4002954783061213,-0.9128005144890428,133.0,156.0,127.0545609879228,4.976268257395407,0.4291159199567534,-0.6275345779122867,121.0,134.0,0.48842075892857145,677.2102448427661,0.7624389123081047,0.671510759687187,0.9565947148600648,0.8356807511737089,0.6463839215065675,176.6445060646513,-0.5828131334979506,220.74860579147273,142.83763745228683,0.7537276347145958,2.2824081770606406,6.379816904836055,6.601804449986945,-13.684307344749955,7.775906611670733,-13.107338596897646,0.04374260415391518,0.15574762526648012,5.0,89.76985985089733,176.6445060646513,24507.0,677.2102448427661
129,True,nv,159.4369026517916,26.972985668775376,-0.9463702421688427,0.6004902915418779,123.0,189.0,122.98366524171966,38.03499584045162,0.12097810741562742,-1.0108335997486548,73.0,176.0,133.49216279150593,41.18086960258475,0.266359961846371,-1.0215340056753148,82.0,193.0,161.3580787543878,30.9541383423882,-4.059415415907271,17.937291341718517,136.0,177.0,64.0912313627359,29.182345171707315,-0.04694093937762007,-1.2457105738077867,24.0,103.0,160.75386647203976,28.816346870347342,-0.6365094551159752,0.43241694614944226,123.0,193.0,140.91335627150454,34.62761418737601,-0.10148756722214078,-0.832365072124698,95.0,187.0,144.2753623188406,6.103138447013173,-0.2149656672820043,-0.9948485954727544,136.0,152.0,128.20244673826156,5.180721556611143,-0.24735551028088984,-0.8225056032125027,121.0,135.0,135.09515865568414,34.60579371123602,-0.05182884204452327,-0.8801326882557099,89.0,181.0,145.38313696868593,8.415285278074384,-0.42686811117541457,-0.8830233308098947,133.0,156.0,127.10228339067876,5.0001285215513365,0.4603227167849459,-0.6152057098957413,121.0,134.0,0.5375677614795918,743.2935059634514,0.7347713904259753,0.6135054703553126,0.9635623191512164,1.4076433121019107,0.7773870939850708,185.31888797459783,1.3538253599183374,225.96232591299636,153.27359589084023,0.762591288219768,2.389345372449701,4.911604910814103,6.678874628896289,-13.021479568331387,-8.717835127590897,12.492315512510949,0.04211619026433844,0.1412772577736749,5.0,88.95283038444286,185.31888797459783,26973.0,743.2935059634514
129,True,nv,159.80309224708245,26.918355973288094,-0.9604186670694033,0.6256796158449762,124.0,189.0,123.69538392923512,38.26802401916289,0.10282501271761234,-1.0239173292843933,73.0,177.0,134.2994127703858,41.52727542029056,0.24562930629840055,-1.041722588102473,82.0,194.0,161.30327807923882,30.34938724725518,-4.056912761842141,18.282004149871156,136.0,177.0,63.580205158700664,29.33739973167295,-0.022406642796727706,-1.2727947508521915,24.0,103.0,161.22069426893628,28.8938336095828,-0.6297913365123768,0.4370133897436479,124.0,194.0,141.53326395599495,34.78232035517611,-0.11727088352333097,-0.8378362194587026,95.0,188.0,144.1584776629748,6.161146072475161,-0.19591167811984497,-1.0170321217184688,135.0,152.0,128.09849104289006,5.24008799694496,-0.23694106727025244,-0.8648913754193308,121.0,135.0,135.71419014346242,34.76531106680643,-0.0677807971128921,-0.8875889473759537,89.0,182.0,145.19943507024456,8.523969883009682,-0.41241085790145143,-0.9023131223783403,132.0,156.0,127.20649669218761,5.06682727013453,0.4477766179451825,-0.6642818362673188,121.0,135.0,0.5011758609693877,705.2518754031088,0.7757714788474672,0.6353419716130422,0.9551790937060812,0.8894230769230769,0.653508316008316,178.93617530129322,-0.6193256649644667,226.32240216573902,142.81259431127384,0.7495884217643323,2.231366917673508,5.889626103452711,7.526932844487757,-14.243360806298803,8.64421148826442,-14.952112468872487,0.041794249811110684,0.16369101340485107,5.0,88.58062058851093,178.93617530129322,25147.0,705.2518754031088
12,True,vasc,86.03015772870663,49.97144142427038,0.21731933877667806,-1.5110766996881024,26.0,155.0,48.76744479495268,32.74195525873392,0.5261796448519229,-1.1250641403379957,15.0,98.0,65.41047318611987,41.671056353672924,0.41970948499905064,-1.186106799148015,20.0,125.0,160.2358359621451,25.038071257862207,-4.654923802115308,25.886146862727955,140.0,175.0,114.07356466876972,37.6299399419879,0.23746870814681817,-0.11712793112236985,67.0,165.0,87.682523659306,50.27015625004576,0.1566964506533937,-1.5498455336400148,27.0,155.0,63.43356466876972,42.07699457877304,0.29157525977478393,-1.4652776457309402,16.0,122.0,147.0805047318612,9.828899884084974,-0.14963309071853723,-0.8961405015799477,132.0,160.0,125.3552050473186,7.900302256660762,-0.9087509038362512,0.46900074550068327,112.0,134.0,61.81981072555205,38.09945923048025,0.36396292917821876,-1.390638142691096,20.0,116.0,145.29690851735015,11.375009268945785,0.414600419865269,-0.945052859958615,131.0,162.0,130.03091482649842,6.412147638150534,1.14110818408168,0.9044193117216768,124.0,141.0,0.1415218431122449,347.1614716074871,0.4509210478979165,0.7403998725932233,0.978099173553719,0.9215686274509803,0.740613266583229,95.08561409153538,-0.017707418122978415,100.98169480364402,90.13260928857561,0.7924858180735468,3.4775063390305556,4.180149638537856,6.8831546635067555,-12.498955891028498,-8.759163228083084,12.661376799892258,0.05816082241937759,0.05813496802915189,5.0,112.93816744989587,95.08561409153538,7101.0,347.1614716074871
12,True,vasc,90.0735314254416,48.68677116121957,0.2310357359379482,-1.506621775541048,32.0,157.0,56.878132274407776,32.93519031815662,0.5039768652032888,-1.1677481806448908,23.0,106.0,75.87744762426401,41.89226957960655,0.3169665446173246,-1.3672385736129884,29.0,134.0,158.63918937422977,16.28715120997659,-4.040841389940535,30.460710717592953,139.0,171.0,95.15938655347118,34.04846380858413,0.163138587099293,-0.16050595125294942,51.0,140.0,92.24003834040805,49.08762005222974,0.15223049148508894,-1.5609518170370764,33.0,158.0,71.13542379843899,41.306582388013595,0.2864833251314325,-1.4661563172710361,25.0,129.0,145.64863754621388,9.472882692003077,0.02523713494372032,-0.9481762913499203,132.0,158.0,122.90880460084897,6.001474827460096,-1.219585106702402,0.8888007625030108,113.0,128.0,68.96371354237985,37.95320126124833,0.34972997337862316,-1.412152346700566,27.0,123.0,143.0809256469944,10.583025771069684,0.46110781415121044,-0.9483326455195962,131.0,158.0,131.86841024236614,5.1174958552951075,1.3861655403972275,1.2257144182366666,128.0,141.0,0.12962372448979592,328.01933598375615,0.6370657915820684,0.7596114568352714,0.9746740596433389,0.8431372549019608,0.7414500683994528,91.000824166364,0.42714087448946697,103.98755812858772,80.15459039597866,0.7808093406094351,2.749938368313857,4.171037005724013,6.066981236380433,-11.527045496485105,-7.65088094669268,11.236604974714707,0.05796432964329645,0.09987633245436102,5.0,99.42323507079045,91.000824166364,6504.0,328.01933598375615
13,False,mel,221.57577693315022,10.372089063351284,-1.2829373628789862,4.346124057074378,208.0,233.0,136.78664281835893,22.661827518090778,-0.2968880645634984,-0.4449462742814987,106.0,165.0,128.5916509629819,31.663262794412194,-0.11669361783148362,-0.7376215793749541,88.0,170.0,41.82851576224089,71.9141171179994,1.3406905239376983,-0.19827956831799787,1.0,177.0,110.01852502475326,29.413331266577742,0.2722068917140143,-0.6444463707080872,73.0,148.0,221.57577693315022,10.372089063351284,-1.2829373628789862,4.346124057074378,208.0,233.0,167.83803379220032,17.162797472628657,-0.40489406030635045,-0.10327459303002584,145.0,189.0,159.70030981506915,5.865084356328089,-0.022120763420293284,-0.8556049500936318,152.0,168.0,146.56140406911751,9.01831510692311,0.06824195364387653,-0.707657081695622,134.0,158.0,161.21460282985723,19.47948706431473,-0.39953360064148097,-0.22197684160621556,135.0,185.0,171.07087418953017,8.164987448351035,-0.16686544823423166,-0.9591046670932837,160.0,181.0,109.58730716407423,7.623323804186032,0.05514898590790521,-0.7356609888272136,100.0,120.0,0.5979551977040817,797.541197284454,0.5274854126659743,0.5927455389370961,0.906681575050618,0.8949771689497716,0.6989795918367347,195.450776567117,0.6008822713185997,215.69555679439503,183.2471989689707,0.77762986971987,3.1383627176084685,3.6216106722397945,5.9707303792407025,-11.798583427240487,7.751601225441205,10.768785737387615,0.1187214611872146,0.1077463363141547,5.0,111.69953744792842,195.450776567117,30003.0,797.541197284454
130,False,nv,162.84455093919814,21.968327890417385,0.6581472366612411,-0.6039321780757532,139.0,198.0,126.01322151384194,32.00004741085352,0.7630466593854727,-0.5051172771220886,93.0,178.0,114.19211843737966,35.484774208701296,0.8208908823219508,0.014109225653674784,76.0,171.0,33.16717299216978,59.693591646185645,1.9393295311606937,1.800505639267345,3.0,174.0,80.70951178811347,31.96498345905959,-0.07952508597457271,-0.3844777547774392,34.0,121.0,162.8447220914809,21.968740065109557,0.6582228893889982,-0.6036922241634866,139.0,198.0,142.6870480510034,28.522347869514604,0.744806444216527,-0.5123396651575498,113.0,189.0,140.88673997689443,4.9725841186136845,-0.17363034610372458,-1.1658690944790877,134.0,147.0,140.18544349835267,7.09119640432132,0.15110171870636646,-0.6092052758221898,131.0,150.0,135.68413846219673,29.11067285780628,0.7870321802932899,-0.4258504615606724,105.0,183.0,147.3997261563476,5.84618700126712,-0.5772809164300488,-0.3922511430072655,138.0,154.0,115.8550340165162,6.38498883814387,-0.08699414481938378,-0.606498417416625,107.0,124.0,0.44198421556122447,581.7716446627535,0.4157091220927253,0.8233937390175929,0.971057010246081,0.9106145251396648,0.7600849984576893,168.03759514939418,-0.1510780920857176,176.63313921544105,160.64742021735208,0.7940956627562998,3.636598590103073,4.585261728479243,7.148526990361126,-13.035223383247986,-8.998481713643585,13.545269393558707,0.05009694728773051,0.04926942837272161,5.0,113.62731517035479,168.03759514939418,22177.0,581.7716446627535
130,True,nv,157.77657771104762,22.705057955290286,0.6375635905325542,-0.6802905880718266,133.0,194.0,115.14898048142587,34.58442453618131,0.7971376271282975,-0.3634454004743213,79.0,172.0,113.36683295394003,36.141019284419535,0.787773655129154,-0.06653337792416325,74.0,170.0,72.86341841429747,83.3804849267574,0.38998203930870645,-1.8385516245159863,1.0,178.0,79.90095413377246,32.48208573803024,-0.15846274066748822,-0.4358459261215035,30.0,121.0,157.78113043057104,22.715390240241156,0.639196449189785,-0.6755819859658816,133.0,194.0,134.21460744902407,30.493776355122858,0.7760274009876266,-0.41981744019082257,102.0,184.0,144.94594856395602,5.983006879299059,-0.35806251113100007,-0.7357376316368014,135.0,152.0,135.987988569768,6.242973562477432,0.14103401590140877,-0.6411257582296344,128.0,145.0,127.70116723979271,30.914667645579357,0.8012243625302672,-0.3605265310840666,95.0,178.0,149.47803554995883,7.089611732899596,-0.4419932741557434,-0.3422173452833399,139.0,158.0,119.90478035549958,5.468184454213933,-0.009071375204773842,-0.6791172345624643,112.0,127.0,0.38163663903061223,570.239682094289,0.5097998917786577,0.7400159686190292,0.9674143679903001,0.9817073170731707,0.7252310256021814,156.14500966131973,-0.7752593321154441,168.75402486250798,145.17790871334606,0.7911825794047074,3.2339166488360407,4.587821956868718,6.827004372157887,-12.541648790670603,-8.524477062159882,-13.276793479622613,0.050603164656117805,0.06300097640305552,5.0,138.57796090502882,156.14500966131973,19149.0,570.239682094289
130,True,nv,163.81582284213385,22.686079012010413,0.6550338290418334,-0.6720135924475228,139.0,200.0,127.54841047006612,33.15295341769008,0.7581079226688415,-0.5769301006450158,93.0,182.0,116.03858346164297,36.881762827428716,0.847359427761107,-0.05543869766287335,77.0,175.0,32.6944117380672,59.252950480765485,1.9563441209920591,1.8709332054181145,2.0,174.0,79.09673036862603,32.41003194155358,-0.14376139372805777,-0.4375825595644889,31.0,120.0,163.8162304139118,22.687041466718817,0.6551971887520903,-0.6715086328308217,139.0,200.0,144.0371796032968,29.536270760579217,0.7404176754880661,-0.5840615309297359,113.0,192.0,140.68626030250883,5.02105164954629,-0.17196868380047575,-1.2228486960875173,134.0,147.0,139.9126437822661,7.074021179488904,0.11854715458900349,-0.6053290763122279,131.0,150.0,137.08368807173264,30.183227665973615,0.7830666695292103,-0.500824409392238,106.0,186.0,147.0896657911421,6.040104105851599,-0.6189028057689765,-0.44721426183281876,138.0,154.0,116.10619509102436,6.396111505635,-0.04779011976059169,-0.6067899527964,107.0,124.0,0.4086415816326531,589.5706345359768,0.32656110451140885,0.741270589166543,0.9674892653234558,1.030674846625767,0.7487583990651475,161.5750711751345,1.0807536695540962,166.60110416618156,157.46738057030072,0.7953701215401241,4.089347824946681,4.593518821670107,7.501772497999094,-13.758852513597684,-9.554500623053348,13.65363635137609,0.04989270386266098,0.0405760614444428,5.0,114.35002388903789,161.5750711751345,20504.0,589.5706345359768
131,False,mel,145.0838773006135,17.7291962643901,-0.2614603079051686,0.12801071212296788,123.0,169.0,100.6039754601227,25.819516542771773,0.014473911720421341,-0.36650615285699306,68.0,137.0,98.86699386503068,33.33194827227669,0.04439285588342512,-0.4206314716627424,57.0,145.0,68.87028220858896,83.00846587200263,0.4786786132553402,-1.7634022241708258,1.0,178.0,89.70640490797545,35.79736544040757,0.8170365631493746,0.5905261029439357,48.0,138.0,145.0838773006135,17.7291962643901,-0.2614603079051686,0.12801071212296788,123.0,169.0,120.34910429447852,23.933691447711865,-0.06912521802229418,-0.2541390567790476,90.0,153.0,146.09835582822086,3.478035514342896,-0.06422622022792797,-0.7803124963777841,141.0,151.0,136.66090797546013,6.7628658142984275,0.13836300864194045,-0.4642978296114779,128.0,146.0,113.71077300613497,24.154086735544947,-0.03561073906286697,-0.29009820603854397,83.0,147.0,150.40976687116566,5.121502158823021,-0.37951137806136254,-0.7720609036104582,143.0,157.0,119.60574233128834,5.474527418984601,0.19209567232904046,-0.545519744013983,113.0,127.0,0.3783681441326531,659.9970414071697,0.5697318276658377,0.5476921144034109,0.8554884643114636,0.88,0.5393465909090909,155.47492645695982,0.7046862535740475,184.9923664473024,152.03239983108574,0.7241029938976193,2.873764009587976,2.630103290591824,5.111537583253588,-9.495678251295221,6.775942842990372,-9.003805943812733,0.32594153278904403,0.2098441037976569,5.0,136.5350275768003,155.47492645695982,18985.0,659.9970414071697
131,True,mel,114.7430057916953,16.525934976996332,-0.16428917556226635,0.15861888981854078,94.0,137.0,74.0882497300481,23.80091642367005,0.030620724045532986,-0.32675194845614675,44.0,107.0,72.52748601158339,30.458840254243572,0.07121374228611548,-0.451026394153454,34.0,115.0,69.61431235888878,83.24606239466796,0.46019640642029835,-1.7807544910375768,1.0,178.0,104.68592323549622,44.013777226966305,0.8832136459833189,0.6786165351676376,54.0,164.0,114.7430057916953,16.525934976996332,-0.16428917556226635,0.15861888981854078,94.0,137.0,91.89157750073623,22.816268092270157,-0.022285084613349358,-0.2654996542079675,63.0,124.0,145.48488269362915,3.5251194668831385,-0.020458612049794222,-0.728061951387283,140.0,150.0,136.55045646412094,6.5802565095567465,0.07800089883899107,-0.6045751983134888,128.0,146.0,86.07651909296162,22.29393901121149,-0.009586421480292144,-0.2634312283035207,58.0,117.0,148.4756552468833,4.707626428351138,-0.3711322393016045,-0.7408383974696613,141.0,154.0,120.34141552959655,4.968167608612301,0.20396543340278409,-0.5603964065664355,114.0,127.0,0.3783681441326531,659.9970414071697,0.5697318276658377,0.5476921144034109,0.8554884643114636,0.88,0.5393465909090909,155.47492645695982,0.7046862535740472,184.9923664473024,152.0323998310857,0.7241029938976197,2.8737640095879797,2.6301032905918253,5.111537583253544,-9.495678251295047,6.7759428429903625,-9.00380594381268,0.32594153278904403,0.2098441037976569,5.0,143.78577459863058,155.47492645695982,18985.0,659.9970414071697
131,True,mel,145.0838773006135,17.7291962643901,-0.2614603079051686,0.12801071212296788,123.0,169.0,100.6039754601227,25.819516542771776,0.014473911720421333,-0.3665061528569953,68.0,137.0,98.86699386503068,33.3319482722767,0.04439285588342505,-0.4206314716627433,57.0,145.0,68.87028220858896,83.00846587200263,0.4786786132553402,-1.7634022241708258,1.0,178.0,89.70640490797545,35.79736544040757,0.8170365631493745,0.5905261029439357,48.0,138.0,145.0838773006135,17.7291962643901,-0.2614603079051686,0.12801071212296788,123.0,169.0,120.34910429447852,23.933691447711865,-0.06912521802229415,-0.254139056779048,90.0,153.0,146.09835582822086,3.478035514342896,-0.06422622022792791,-0.7803124963777841,141.0,151.0,136.66090797546013,6.7628658142984275,0.1383630086419404,-0.4642978296114775,128.0,146.0,113.71077300613497,24.15408673554495,-0.03561073906286688,-0.29009820603854486,83.0,147.0,150.40976687116566,5.121502158823021,-0.37951137806136276,-0.7720609036104578,143.0,157.0,119.60574233128834,5.474527418984601,0.19209567232904046,-0.545519744013983,113.0,127.0,0.3783681441326531,659.9970414071697,0.5697318276658377,0.5476921144034109,0.8554884643114636,0.88,0.5393465909090909,155.47492645695982,-0.7046862535740475,184.9923664473024,152.03239983108574,0.7241029938976195,2.87376400958798,2.630103290591818,5.111537583253499,-9.495678251295129,6.775942842990274,9.00380594381259,0.32594153278904403,0.2098441037976569,5.0,136.5350275768003,155.47492645695982,18985.0,659.9970414071697
132,False,nv,152.00051921079958,36.513474467112815,-0.4980079769014655,-1.1777627640924704,94.0,192.0,102.14157147802008,50.68610634772409,-0.24190626048634364,-1.3955953376503787,28.0,163.0,91.2085496711665,55.13903835754214,-0.22580626534482823,-1.424593452455745,12.0,157.0,5.218760816891658,1.4843994516274437,-0.27557270296894437,-0.192171865259267,3.0,7.0,117.98580823814468,67.03148213960651,0.5072171767592171,-1.2041236572478478,45.0,223.0,152.00051921079958,36.513474467112815,-0.4980079769014655,-1.1777627640924704,94.0,192.0,122.8594669435791,46.22470941309483,-0.3127623035533343,-1.346495153384325,54.0,177.0,147.57338179300797,7.680981107375064,-0.021021664407083702,-1.5446480981743242,138.0,157.0,143.62132225683627,7.786074640473166,0.2564251627066159,-1.4151542388508458,134.0,154.0,115.79179646936656,46.89384056564683,-0.29814877466164125,-1.3600750619551893,46.0,171.0,153.85687088958116,7.983613281963491,-0.22618570013745018,-1.4566251149216243,143.0,163.0,114.10574593284873,5.001114262048818,-0.025729086284354028,-1.3016709143449479,108.0,121.0,0.10469148596938775,281.9655121145938,0.7112959687249534,0.8302813463999865,0.971518402071389,0.7956989247311828,0.7632955536181343,81.78219444655304,0.28641002662686493,98.35413943860348,69.13239943125892,0.7645746274479879,2.469682806259591,3.8044187761844883,5.22605975919285,10.664607886737278,-9.275528014083791,9.744412508870944,0.0902341519131925,0.14293197200183644,5.0,105.02935605834676,81.78219444655304,5253.0,281.9655121145938
132,True,nv,151.10951327433628,36.67663685793077,-0.5408428793589881,-1.1417160341671666,92.0,191.0,87.31010324483776,53.95292593093089,-0.2611855237235571,-1.4072951468927124,8.0,152.0,92.99631268436578,53.661123829011395,-0.29384282432179526,-1.3965313614453794,14.0,157.0,170.56710914454277,33.30653302852787,-4.915562758019838,22.20985021841754,175.0,179.0,123.95833333333333,67.48369269766644,0.5511092072724029,-1.1587397990213115,53.0,232.0,151.10951327433628,36.67663685793077,-0.5408428793589881,-1.1417160341671666,92.0,191.0,114.79369469026548,46.367937694960915,-0.30614222406513447,-1.3686602321668873,46.0,169.0,154.7734144542773,8.697307910507398,-0.12495595994157692,-1.4799905149855057,143.0,165.0,138.38716814159292,7.262347674856215,0.5876308605577492,-1.1648288716226174,131.0,150.0,107.05272861356931,48.657411356033954,-0.3259532616778389,-1.3636759028121934,34.0,164.0,159.47732300884957,9.236279095814682,-0.11731681691777386,-1.4012002023212515,147.0,171.0,120.0490412979351,3.247615275951781,-0.2286023077157933,-1.15677198105944,116.0,124.0,0.09359056122448979,272.79393923934,0.6783231484521068,0.7929914737960146,0.969847170590665,0.7613636363636364,0.7964721845318861,77.3248530685725,-0.16575839585089105,90.94710743608013,66.82463387181114,0.7707840575585552,2.5907940258933864,3.8120151494964625,5.302430867149869,10.43486351483504,7.316816656083547,-9.875582044161673,0.09028960817717202,0.1300696246530812,5.0,137.46686258412507,77.3248530685725,4696.0,272.79393923934
132,True,nv,175.96078098471986,36.66422213996368,-0.5408427234803731,-1.136872350837199,117.0,216.0,127.30016977928693,51.470860267509195,-0.287114404827299,-1.3762309259651113,51.0,188.0,116.70747028862479,55.94973333862619,-0.27405845622155306,-1.3985123110145055,34.0,183.0,5.259932088285229,3.5194112211328097,40.824476012079685,2013.7529215257648,3.0,7.0,96.91137521222412,53.387772803011806,0.46427157650942313,-1.2622585365594399,38.0,180.0,175.96078098471986,36.66422213996368,-0.5408427234803731,-1.136872350837199,117.0,216.0,147.05755517826825,46.14251836964618,-0.364110612382995,-1.3140703598228634,77.0,200.0,146.21154499151103,7.4338556393926964,0.026862287852150463,-1.5460522406646748,137.0,156.0,142.30967741935484,7.135020263278992,0.3040330491233144,-1.3733070133849345,134.0,153.0,140.6327674023769,47.503063391327714,-0.3428397169440642,-1.3345600698033586,69.0,195.0,153.22988115449914,8.266925745172648,-0.16710125889227603,-1.4805216872612237,142.0,163.0,114.47453310696095,5.069343929148418,-0.055067990323556595,-1.316640339423346,108.0,121.0,0.10182158801020408,302.7056274847714,0.7847303257648637,0.7006558897086091,0.9626907857546636,0.978021978021978,0.6308186195826645,80.65346138915518,-0.7287442005851775,103.29431363534286,64.02567158153211,0.7431047404196457,2.1897243691557033,3.771662686549574,5.068221518488911,-10.217482567701152,-6.61596302024643,-9.495851050992345,0.09042865531415145,0.17774028780395887,5.0,93.57140616410828,80.65346138915518,5109.0,302.7056274847714
133,False,nv,186.1981663722769,17.298391380535527,-0.670376546483651,0.9115289770186079,165.0,207.0,119.3846412650349,30.152984247622076,0.05577073025321918,-1.0186905550562384,84.0,161.0,97.68239549163091,33.01385472596524,0.37751518925614136,-0.9948383422040363,62.0,145.0,7.420977374043233,3.8266105048068093,37.86136259743546,1696.9991548937044,5.0,9.0,124.0850365884431,33.570059020605065,-0.3734766230271813,-0.9708348968490461,76.0,160.0,186.1981663722769,17.298391380535527,-0.670376546483651,0.9115289770186079,165.0,207.0,144.89603835478172,24.967576759860506,-0.054171783691861944,-0.7673098277437465,116.0,179.0,152.03557910673732,6.563637062335712,-0.2313620606286339,-1.3658563574360765,143.0,160.0,151.27622171755405,6.027392038022012,-0.6817154463769934,-0.5280665134697493,142.0,158.0,136.9168138615527,26.438458176111723,-0.008367758731584638,-0.8600777778855302,106.0,173.0,163.2132223063336,7.2987420894473445,-0.543157384267477,-1.1114867722951136,152.0,171.0,105.88266464799395,4.702122949349315,0.7869180295397505,-0.11841539971057147,101.0,113.0,0.2188297193877551,415.1614716074871,0.5414850247635692,0.8005309343556473,0.9656142819452994,0.959349593495935,0.7565109549400578,118.23776977426496,0.784058363399848,129.23737861181516,108.65120759811771,0.7897649426026413,3.1095462825206797,4.840873119676446,6.865259024522762,12.849227720719988,8.576028949461671,12.890401295371822,0.03460837887067392,0.06955053350847887,5.0,54.6950609059474,118.23776977426496,10980.0,415.1614716074871
133,True,nv,191.116870004207,17.217680465719464,-0.6368326518757105,0.7640017647094934,170.0,212.0,93.12360117795541,33.26004098691031,0.3427259449754377,-1.0535036041792765,57.0,140.0,95.0748843079512,32.33060361969173,0.5104974715147874,-0.8124068395720743,62.0,143.0,88.19444678165755,88.82254772233348,0.025869576829292928,-1.9989595206288515,0.0,179.0,134.73832562053008,33.66995666339287,-0.3661403999634056,-0.9659269289047376,86.0,170.0,191.116870004207,17.217680465719464,-0.6368326518757105,0.7640017647094934,170.0,212.0,132.42120319730753,24.99555443316829,0.22231262727345458,-0.882484347427432,105.0,167.0,167.27530500631048,8.040323292964876,-0.6336443830450897,-0.9849282874078242,155.0,175.0,146.4543542280185,5.925796142430207,-0.44170502504541925,-0.4971926176173218,138.0,153.0,122.62566259991586,28.075715844581744,0.23715669887015192,-0.9698008948060486,92.0,162.0,176.8286074884308,8.990669091180267,-0.7176684451968094,-0.6760368732101778,163.0,186.0,112.43331931005469,3.6263700853696395,0.6824904355936555,0.09155702953527989,108.0,117.0,0.2188297193877551,415.1614716074871,0.5414850247635684,0.8005309343556473,0.9656142819452994,0.959349593495935,0.7565109549400578,118.23776977426496,0.7840583633998476,129.23737861181513,108.65120759811775,0.7897649426026413,3.1095462825206845,4.840873119676506,6.865259024522029,12.849227720718721,8.576028949460799,12.890401295370994,0.03460837887067392,0.06955053350847885,5.0,139.7101848514458,118.23776977426496,10980.0,415.1614716074871
133,True,nv,190.28555807889646,16.466901556161176,-0.5530036855330294,0.781020523680243,170.0,210.0,129.29834300614013,27.997733072978846,0.05187110817801365,-0.9966122414092697,96.0,167.0,109.51577088064597,30.525315346869263,0.3523082296218057,-0.981344289293701,76.0,153.0,7.434687526284801,3.8237027524398277,37.676169030675716,1685.8726482665895,5.0,9.0,110.48591134662293,29.154672765761013,-0.4007816468778809,-0.9792290194939413,69.0,142.0,190.28555807889646,16.466901556161176,-0.5530036855330294,0.781020523680243,170.0,210.0,152.60854571452603,23.431418821427485,-0.0521384682876909,-0.760772753591493,125.0,184.0,149.44553789216923,5.841594926745661,-0.20921289959232223,-1.3647465721834764,141.0,156.0,148.63537723946504,5.2323935884130535,-0.6353500034969481,-0.4930104958549508,141.0,154.0,145.30448313567163,24.62482858373035,-0.007689818177703777,-0.8385359948010995,116.0,178.0,160.1103541088401,6.668680085874949,-0.5448717110090018,-1.093094993363071,150.0,167.0,107.81234754815375,4.2898823844283935,0.7585573392959212,-0.1062214306088447,103.0,114.0,0.2188297193877551,415.1614716074871,0.5414850247635684,0.8005309343556473,0.9656142819452994,0.959349593495935,0.7565109549400578,118.23776977426496,-0.7840583633998481,129.2373786118151,108.65120759811774,0.7897649426026411,3.1095462825206845,4.840873119676421,6.865259024522843,12.849227720718766,8.576028949460804,-12.890401295373545,0.03460837887067392,0.06955053350847887,5.0,49.44527707436202,118.23776977426496,10980.0,415.1614716074871
134,False,mel,201.98319786899802,15.064612489612196,-0.5988226094600525,0.4254875089232044,182.0,220.0,121.87613550986954,24.390919146354143,-0.08890066887653192,-0.3643414072562323,90.0,153.0,118.49245270131821,34.48474480415364,-0.054600364332920405,-0.7692792984172594,71.0,164.0,74.7804453247729,84.32210577380879,0.3529643780807109,-1.870588554757326,1.0,178.0,113.34236049450175,29.985837125454566,0.32085496630504107,-0.3621860179741585,76.0,157.0,201.98319786899802,15.064612489612196,-0.5988226094600525,0.4254875089232044,182.0,220.0,152.55187487193498,20.033093396299176,-0.20868739286868446,-0.35164035961167706,126.0,178.0,159.10740386585616,5.79048516294647,-0.3738987045020765,-0.3131201262715759,151.0,166.0,143.7037429137354,10.056267098157216,0.19700983738897893,-0.7814200587402844,131.0,158.0,145.46151219179018,22.076945932491945,-0.20709569254196425,-0.4149443380966362,116.0,173.0,168.35906017348543,7.01591281483502,-0.4929843899772026,-0.03453067961999201,159.0,177.0,112.77272727272727,8.637353140356405,-0.14305077291500126,-0.7603821682337739,100.0,124.0,0.5575972576530612,690.4406922210657,0.5073311498254374,0.7375199478590149,0.9386070853462157,1.094240837696335,0.7008692602520104,188.73975729188692,-1.187939234248679,205.34181315655337,176.95355076622656,0.7847803894601919,3.230797612776471,3.6945110516337323,5.9704362533656745,11.306914267391818,-8.027309845994488,-10.82534824630546,0.09950675530774178,0.08936405980420449,5.0,129.37255538887555,188.73975729188692,27978.0,690.4406922210657
134,True,mel,202.36720142602496,16.614612698637742,-1.8654943577838574,17.980080015595668,182.0,221.0,123.2893642305407,24.689499067259867,-0.2126691395685419,0.036236416534942695,91.0,155.0,120.10038465146825,34.52061532691707,-0.12007752908834544,-0.7059399698511037,72.0,165.0,75.85523970353692,84.51913856018714,0.3268746792057249,-1.8882279504729966,1.0,178.0,111.64824717765894,29.927137066294527,0.434690615995484,-0.032034285273979,75.0,155.0,202.36763924070425,16.609318761325046,-1.855791718340008,17.820525378009695,182.0,221.0,153.53754260875004,20.690465326202137,-0.5359597350800759,2.0346556485696947,127.0,179.0,158.66691684648342,5.763482397569193,-0.4393200799778503,0.24491446939559047,150.0,165.0,143.33330206085623,9.931065630951347,0.23170745209266738,-0.7830524737782967,131.0,158.0,146.58823529411765,22.615376935158654,-0.41917332449142064,0.9046677146132125,117.0,175.0,167.82915845764143,7.032454157151419,-0.5460531052786602,0.5109253849056739,158.0,176.0,113.0462832660975,8.54139456458161,-0.17307969092243072,-0.7793077443608545,101.0,124.0,0.601203762755102,776.2935059634514,0.43959415299945337,0.629036265767086,0.9371524433812793,1.101010101010101,0.6988694282272264,195.98097894051077,1.3609294336108189,208.81621387744212,187.55799570698056,0.7872095337250902,3.5160109210280805,3.7140052091162183,6.6641188069436215,-12.33358545477889,-8.430933098183944,11.878350121965871,0.09809056553735995,0.08018322321063308,5.0,131.05559438780674,195.98097894051077,30166.0,776.2935059634514
134,True,mel,166.64551293928727,13.725652885231902,-0.5566031851648077,0.2929987258601532,148.0,183.0,91.71039466370206,22.135716279010758,-0.12304922342378308,-0.42225310828649754,63.0,120.0,88.91050583657588,31.917399959411746,-0.05771580677607946,-0.821715089583666,45.0,131.0,77.14208510901118,84.71891260587874,0.29485188158960524,-1.9083645285845217,1.0,178.0,128.45942190105615,34.53320013505084,0.39221619293736826,-0.38710311464213154,86.10000000000036,179.0,166.64551293928727,13.725652885231902,-0.5566031851648077,0.2929987258601532,148.0,183.0,121.90720153171515,18.52644111701089,-0.20585345897417248,-0.4323227837419723,97.0,145.0,158.4854240009882,5.372133449941426,-0.3740344680829199,-0.40414630817775254,151.0,165.0,143.71221666357854,10.058047734329364,0.1961788972821993,-0.8442469087548905,130.0,158.0,113.81783089370639,20.119610513321796,-0.2193796521640847,-0.46468624433662775,87.0,139.0,165.7314248656661,6.392131230900206,-0.432783855257994,-0.1904168047910284,157.0,173.0,113.93820641096906,8.075770184922593,-0.15477949144066103,-0.8000481952318426,102.0,125.0,0.6086375956632653,724.4701294725885,0.46670377420956544,0.7311789977565208,0.9416607566834202,0.9289099526066351,0.738441822226521,197.18890043982478,-0.5779362698874201,211.4654808770618,187.02296769418155,0.7875424115368987,3.4008264000065838,3.7708000366940104,6.293984576932327,-11.61999780820365,-8.047417886830752,11.391373204988437,0.08936114476570944,0.07813465327262469,5.0,132.9777656261615,197.18890043982478,30539.0,724.4701294725885
135,False,nv,161.24939226519336,10.368152052257177,-1.0003414209669728,1.308095491559759,147.0,173.0,117.84232044198895,16.788972937470206,-0.8488106195817053,0.5073480477817398,94.0,137.0,126.18950276243093,20.57037510102705,-0.8276898151298712,0.17411625259654429,96.0,149.0,161.50950276243094,43.523385068478454,-3.398421334859296,9.64140758522295,168.0,178.0,69.78375690607734,16.665522726998688,1.130484003048405,2.055129950096357,51.0,92.0,161.24939226519336,10.368152052257177,-1.0003414209669728,1.308095491559759,147.0,173.0,137.97381215469613,14.967141888022772,-0.896636023669295,0.6294128435771986,116.0,155.0,146.39955801104972,2.8420131031856477,0.5186933048195247,0.26589179222560944,143.0,150.0,130.3817679558011,3.7927524912611483,0.7731055003552204,2.9125041977273725e-05,126.0,136.0,131.78950276243094,15.208408559509959,-0.8943730811751415,0.5976103948729952,110.0,149.0,149.0396685082873,3.8493274006083933,0.5087391901183741,-0.29761905038200753,144.0,154.0,124.85127071823204,3.300289797868675,-0.6048794415154466,-0.41780621467271484,120.0,129.0,0.16515864158163265,355.9482681718907,0.5923034935814464,0.8219273543622378,0.9766647024160283,0.9636363636363636,0.7107204116638078,102.71969678314035,-0.7537943301538322,115.67997058921183,93.2050810615536,0.7787338259260463,2.901824787878214,3.481714193266661,5.531376181180766,-10.145396772572523,-7.052358296504216,10.242169769070614,0.11958489199951727,0.10639853791355114,5.0,70.55705984773432,102.71969678314035,8287.0,355.9482681718907
135,True,nv,154.44872966550903,10.201706974833233,-1.0143791053927136,1.208467947629809,140.0,166.0,102.38110034728568,15.722817283358717,-0.8410818363136967,0.35122846018866793,80.0,120.0,114.44315481630414,20.392820563456496,-0.7888212028026999,0.04409117902854831,85.0,137.0,164.4715774081521,36.19853087368438,-4.274811440436379,16.481630561946744,167.0,177.0,87.02229939681959,16.540105291973344,1.0347979681407438,1.2503417906362406,68.10000000000014,110.0,154.44872966550903,10.201706974833233,-1.0143791053927136,1.208467947629809,140.0,166.0,125.46115883750686,14.24675161873023,-0.8857445322312801,0.48440171881528604,105.0,141.0,150.826996892707,2.47313300668462,0.3782035652913545,-0.12850647663031234,148.0,154.0,130.0622372509596,4.426336251074471,0.63911239927044,-0.20049918364546881,125.0,136.0,119.34198501188082,14.498382579811874,-0.8947742604638932,0.487878155904923,98.0,135.0,153.0848108206909,3.4714188741833576,0.4278291889240393,-0.4266941842189329,149.0,158.0,125.2267409979894,3.657374694104886,-0.446995523809268,-0.6123477170879736,120.0,129.0,0.19377790178571427,419.67113959936523,0.5957249747571293,0.6937323411404781,0.9708437343984024,1.2380952380952381,0.7123076923076923,111.26413660052366,-1.3929982290787732,125.51564415814437,100.81272101390505,0.778329144428585,2.888865869588173,3.4780148198772802,5.481151932994575,-10.375727592960672,-7.207523288941879,9.995494128434427,0.11981898590969864,0.11156033597648335,5.0,62.94034314049095,111.26413660052366,9723.0,419.67113959936523
135,True,nv,163.54934086629,14.463165583621475,0.8833515448931661,3.3712940953036474,147.0,175.0,121.23022598870057,19.566555735201828,-0.05088072824011982,1.052043650326003,96.0,140.0,129.56798493408664,22.69334985360089,-0.31265831058089755,0.5476295248342531,99.0,152.0,163.27730696798494,40.2013111381916,-3.7653903904981165,12.309036728215718,168.0,178.0,67.2590395480226,16.685453767851623,1.0505326473872525,1.4201961051578875,49.0,89.0,163.54934086629,14.463165583621475,0.8833515448931661,3.3712940953036474,147.0,175.0,140.9327683615819,17.793791625070746,0.027482324321621048,1.2759585780984644,118.0,158.0,145.89227871939735,2.85979281733783,0.4958865571839552,-0.01688881679994836,142.0,150.0,130.15564971751414,3.660185733827689,0.7861067402140047,0.10260034865139867,126.0,135.0,134.8521657250471,18.207885908188377,0.0870850206956482,1.371414431277631,111.0,152.0,148.4931261770245,3.8658592841430472,0.5167980121641762,-0.3162499104537426,144.0,154.0,125.02853107344633,3.220496316406426,-0.6281667296676686,-0.3073701342041719,121.0,129.0,0.1875597895408163,397.9015869776647,0.5921228669566267,0.7469547526381303,0.973618870266915,0.7890625,0.7279548267326733,109.46441136507617,-0.03451854270506426,123.27875910299804,99.3439040866869,0.7786557560625297,2.902311162265576,3.4768569219042518,5.547726883003747,-10.060288346791962,-6.999139930531409,11.513201911360676,0.1201785145043035,0.1091477212303802,5.0,71.3499304896647,109.46441136507617,9411.0,397.9015869776647
136,False,mel,210.41141047604216,18.365746863122194,-1.1526809562802993,1.6163417231165154,185.0,229.0,145.47645745730156,26.095240719294743,-0.47067680480669705,0.009563253641783565,111.0,177.0,159.56143902818874,31.811902594806483,-0.43380248640852825,-0.306859669383174,115.0,198.0,148.41525203758502,58.69356001626258,-2.0874005935221946,2.405312773821593,2.0,178.0,80.84654519026112,19.545577774193376,0.4239328970538064,0.008808754113975414,57.0,107.0,210.41141047604216,18.365746863122194,-1.1526809562802993,1.6163417231165154,185.0,229.0,171.0603748118154,22.54955467948884,-0.6664956071151672,0.39696684060065346,141.0,197.0,154.7043555001817,4.450616771546966,0.203487050346804,-0.02064199066877581,149.0,161.0,130.80807766183875,6.8042522651124155,0.20183939040309018,-0.5107800610772819,122.0,140.0,166.51497689871775,24.039850618346456,-0.6284149289269592,0.2699270945556975,134.0,195.0,159.35280070601672,5.59027959928003,-0.33841558618289314,-0.2935160672528201,152.0,166.0,124.06722732699996,6.224794226152949,-0.12049110240162461,-0.5084391477135202,116.0,132.0,0.3611686862244898,661.1858582251266,0.8462090398506887,0.5209174163922913,0.8207799266271117,0.7081339712918661,0.5858657700762964,151.90012188833364,0.28529951549802235,221.77529611192034,118.17320343217101,0.6619583383189959,1.8310889043754899,3.411421974767765,4.147008833114647,-8.133237379968577,-5.280793585971441,-8.031947401872738,0.21046242136629512,0.2917102829075702,5.0,96.60488465357815,151.90012188833364,18122.0,661.1858582251266
136,True,mel,226.48147125421107,19.89201051344098,-1.6301127591482578,7.8417066033657115,201.0,248.0,163.8434307174021,27.151787980715433,-0.562337680078487,0.4671880485326594,127.0,197.0,177.92323410835587,32.40485842049394,-0.5218865903684946,0.03943146113465357,133.0,217.0,150.3876401391727,56.30996421709982,-2.2462334397420363,3.1059970545401354,3.0,177.0,72.33114265201303,17.82307901303734,0.4021910590723442,0.20679099853397886,50.0,97.0,226.48191307229249,19.887260011373915,-1.6236405343777547,7.741697438055192,201.0,248.0,187.5439332854697,23.442942134665532,-0.8740411834337078,2.026405437138842,157.0,215.0,153.3434583310322,4.448554952855002,0.10213701491633373,0.38881233597561415,148.0,159.0,130.14867178439277,6.384885502878972,0.2119980455985734,-0.5325066607892035,122.0,138.0,184.1975479096482,25.140091687109948,-0.7765843810479099,1.2876081033400766,151.0,214.0,158.20362290826753,5.737883121782512,-0.40018146513390435,-0.07449266277252953,150.0,165.0,124.45236648809852,6.035423432365943,-0.12088530295398181,-0.5433449898367484,117.0,132.0,0.32810507015306123,684.3523804664972,0.8636112268120263,0.4417324232181919,0.8192992933213895,1.4809160305343512,0.6477925552844889,144.78032540706275,1.387726635360317,217.67524299721,109.74279286716828,0.6466525206886916,1.744748652056259,3.333439158281918,4.054093868619626,-8.275447888433433,-5.436170552338886,-7.767879485248523,0.2033043795177064,0.3063653124694041,5.0,94.02030324151107,144.78032540706275,16463.0,684.3523804664972
136,True,mel,210.76821989266188,18.48927350914909,-1.3566045830992792,4.017897523436529,186.0,230.0,146.31499222551037,25.97075866052453,-0.5051150098459682,0.14612119988240524,111.0,178.0,160.55178813261776,31.669118682618482,-0.44861026528792136,-0.24426483303159952,116.0,199.0,149.77689722626272,57.21317440957182,-2.190538050587696,2.853239482359907,2.0,178.0,80.01203791944626,19.218713177369022,0.5098938873840964,0.9662354513121523,56.0,106.0,210.76837036665495,18.48757031154004,-1.3538753220291886,3.9733072020894937,186.0,230.0,171.71394893915834,22.53424122144773,-0.7396792430329926,0.8977376135690771,141.0,198.0,154.51803180017055,4.327873544832975,0.10753716717942344,0.10817852808615447,149.0,160.0,130.62777749912223,6.681959283595819,0.1661489194971308,-0.5586220787112919,122.0,139.0,167.22576114761497,23.995494604234146,-0.6840888648177803,0.5938777954794312,135.0,195.0,159.0986607814616,5.5124555586366375,-0.4011063537119998,-0.21375052907136505,151.0,166.0,124.22370466970959,6.124530181899188,-0.08465762986413755,-0.5506898329809262,116.0,132.0,0.36461654974489793,702.2691193458119,0.8072016648561806,0.46616013875878065,0.8188246878216892,0.7421052631578947,0.6829040686823442,152.62344993784475,0.07061848490762017,212.20600327374353,125.26005975288795,0.6831101168490608,1.997945933661649,3.382539428560932,4.171313802946125,-7.9584442849955925,-5.208998557209597,-8.617317151836087,0.203170265099754,0.269258854472934,5.0,94.91945789848089,152.62344993784475,18295.0,702.2691193458119
137,False,nv,135.1403706839778,25.83430081485627,0.4118482906138496,-0.8824499245024136,104.0,173.0,73.3405776648791,42.01773871608025,0.7283733748205626,-0.6462251869477629,29.0,142.0,69.742214695644,47.84952429328051,0.9002843216917775,-0.35777751515521716,22.0,150.0,40.430332110264374,70.19210475772654,1.3268357035155771,-0.22149571216380348,1.0,174.0,137.36513312635242,56.74998599611697,-0.5221507040941396,-0.9656342232005257,46.0,202.0,135.1495907423088,25.853954423455402,0.41476036165568725,-0.8751564857866354,104.0,173.0,99.10029165490639,36.64375787193674,0.6912913646486805,-0.6751610102969896,59.0,158.0,154.23821620095964,7.781864932335767,-0.8339422165310102,-0.629125054007408,141.0,162.0,143.4387995107724,9.126727397342076,-0.8917638259275203,-0.3347541713488935,128.0,152.0,91.4365415373036,37.650467028238,0.6895150632182668,-0.6758335433297904,51.0,152.0,159.21488380844858,9.294975842529634,-1.1388317553625142,0.07392456247571078,143.0,167.0,115.75990215448302,6.497263949353598,1.1786387125839892,0.4796432390471179,110.0,127.0,0.19722576530612246,405.60512242138304,0.5182446308052181,0.7558971161283915,0.944094638427781,0.9827586206896551,0.7483363581367211,112.24962598912822,-0.4857923700866221,122.7310627673184,104.96358456751223,0.7832676218415695,3.185202113451595,3.960993725288304,5.702426420418478,-11.476086138882797,-7.8413093622605885,-10.536992160265322,0.09094583670169765,0.09419874279540137,5.0,152.7960451772989,112.24962598912822,9896.0,405.60512242138304
137,True,nv,134.40587073101892,25.22205657540952,0.4099610487831368,-0.8739935658092821,104.0,171.0,74.34189481606924,40.886352423422125,0.7244592919330352,-0.6546124345305264,31.0,141.0,70.95719258632045,46.49580584023249,0.9004076075462072,-0.35360566959682416,25.0,149.0,40.62743437764606,70.35897541203052,1.3190417084935433,-0.24231211975773936,1.0,174.0,133.72603255245085,54.77756164214764,-0.533504817904313,-0.9648131314344162,46.0,195.0,134.4139618026155,25.239301712471242,0.41258078679680343,-0.8674674192546732,104.0,171.0,99.36513312635243,35.86524144780283,0.6827899308757293,-0.6851759490086331,60.0,157.0,153.52065104901683,7.566898099780034,-0.8063661456937545,-0.6777128992263814,141.0,161.0,142.7633831969141,8.723256423416656,-0.9103159357951288,-0.29061014868378976,128.0,151.0,91.94966600809107,36.64378994263414,0.6880318119607369,-0.6776114621707148,52.0,151.0,158.33361558001693,9.014320461862255,-1.1228471902241552,0.03673162874689595,143.0,166.0,116.16407940540032,6.26999273313389,1.1962910382268248,0.534466766372375,110.0,127.0,0.19722576530612246,405.60512242138304,0.5182446308052177,0.7558971161283915,0.944094638427781,0.9827586206896551,0.7483363581367211,112.24962598912822,0.4857923700866216,122.73106276731839,104.96358456751224,0.7832676218415701,3.1852021134516,3.9609937252883807,5.7024264204186546,-11.476086138885547,-7.841309362261355,10.536992160265594,0.09094583670169765,0.09419874279540137,5.0,150.3758387666494,112.24962598912822,9896.0,405.60512242138304
137,True,nv,140.48831168831168,27.71784541216111,0.4448343346770125,-0.6765712926490108,107.0,179.0,78.92917748917749,45.479237513155624,0.6082796536640217,-0.8457181708778672,29.0,150.0,75.80294372294372,51.79116197641218,0.7473772096744352,-0.6828237935659445,22.0,161.0,45.73619047619048,73.110668157763,1.11595209266836,-0.7350536225443958,1.0,175.0,132.435670995671,60.330162101404966,-0.38721125061280065,-1.157555476514641,39.0,203.0,140.5038961038961,27.74858886420305,0.44838493724178324,-0.669313225790535,107.0,179.0,104.82519480519481,39.220122572124126,0.5911942942890783,-0.8438502100390335,61.0,165.10000000000036,153.9887445887446,8.823721161386464,-0.5924712642482766,-0.9564086850491944,140.0,163.0,143.0316883116883,9.965570175584308,-0.7151988672320545,-0.7199892254408873,126.0,153.0,96.9974025974026,40.565259188051044,0.5846281601662813,-0.8416927798600091,52.0,159.0,159.0651948051948,10.769565536509253,-0.833658771656127,-0.5043812369433089,141.0,169.0,116.03489177489178,7.155810393720946,1.0114992331854147,-0.10380199702280146,109.0,129.0,0.20651307397959184,445.15642097360376,0.5027086592096456,0.6570950080348271,0.9393527332064183,0.8769230769230769,0.6991902834008097,114.8621267544083,0.12962299713637054,124.93351327458228,107.99951272375881,0.7838421635403565,3.2471458649344482,3.9593189969222204,5.703041941221996,11.69183146287184,-8.57095258526392,-10.53527580025382,0.09187415556842304,0.09308856255432144,5.0,161.189419123371,114.8621267544083,10362.0,445.15642097360376
138,False,mel,187.01927194860815,17.130533720439445,-0.5235534713673241,0.0158603412335534,163.0,208.0,140.2498215560314,24.330500980946958,-0.5018603051698286,-0.31610102989758015,106.0,169.0,130.01268001847419,30.221233061662566,-0.44394470905700945,-0.5662958484384282,87.0,166.0,19.02989461309149,46.73049098877564,3.0951431066159896,7.616910357065478,2.0,9.0,80.1844060964857,28.147475760196212,0.6728702666515851,-0.26648860999793333,48.0,121.0,187.01927194860815,17.130533720439445,-0.5235534713673241,0.0158603412335534,163.0,208.0,159.46214888525003,21.634107388058887,-0.5371582884305796,-0.21162494560738176,129.0,185.0,144.57228030398454,3.4540622787764184,0.5717499307476099,-0.06863856484366337,140.0,150.0,140.67741529159844,5.876586140922111,0.34278727079322346,-0.833544030550653,133.0,149.0,153.08225217281773,22.646728856873768,-0.5069612390996973,-0.2723991047577021,121.0,180.0,152.24545492715288,4.932100031331533,0.2199322383607748,-0.8562151668180538,146.0,159.0,114.96204391820969,5.10523133461892,-0.1646423040531056,-0.9610464854458618,108.0,121.0,0.44985650510204084,754.2691193458119,0.511782614698988,0.4985712719342435,0.8401071907101385,1.0939226519337018,0.6298342541436464,169.52746976157607,0.9226959926664602,192.98282144204043,165.79443350587164,0.7465833199057025,3.1369633270991275,3.024692541367536,5.001391961493189,-9.396134790830258,-7.365938154886193,9.055530386720513,0.25496189969874183,0.17725991772889482,5.0,92.0085004694113,169.52746976157607,22572.0,754.2691193458119
138,True,mel,177.35821031945522,22.85401372623895,-3.1336618418871502,20.679710377454654,153.0,200.0,146.83085782185458,24.959693301284677,-1.6019283568841405,6.3866723966556815,116.0,174.0,122.57894977377633,32.78551075510415,-0.680209191563692,0.21735838543256847,77.0,160.0,12.747132215163841,5.809428339914573,14.153854539728863,327.3368050465321,8.0,16.0,82.17051323065674,33.56819438394707,1.1899315166877498,2.5840398507958584,47.0,128.0,177.36236917873956,22.82198310382091,-3.1149467705121467,20.481455606842246,153.0,200.0,160.64233810154929,24.342733290360876,-2.1315648376223084,10.718983435465972,132.0,186.0,136.04570175037705,1.969887776383082,0.9189447822290085,6.7829728147053565,134.0,138.0,145.26602988894476,7.444164568687375,0.30070389176373546,-0.8526133106896725,136.0,156.0,153.20652620995384,24.90285656084378,-1.7559158464723081,7.666448781363979,123.0,180.0,145.25346190759106,3.731311614002839,-0.28643401897101023,1.4552494472505346,141.0,150.0,110.70824002559299,6.654358730963512,-0.2040659874142195,-0.8439848098563787,101.0,119.0,0.39979272959183676,756.3889603929564,0.556384245500581,0.44060602287079653,0.8370191104064091,0.9308510638297872,0.609726443768997,159.81609827356993,0.2884510447841327,185.0075186112772,153.72739641890163,0.7440732750148072,2.962645013322021,3.02320864218952,4.885194388516601,9.098495453849356,6.474234234079932,8.917857434871813,0.25593220338983047,0.18033236570218378,4.0,62.19960582768256,159.81609827356993,20060.0,756.3889603929564
138,True,mel,187.60133238519407,16.92468106771512,-0.6767202522979977,1.5385014725970425,164.0,208.0,140.90897862943973,24.151726874090514,-0.5133941820819986,-0.27964798289175974,107.0,170.0,130.4846738276133,30.308369029070263,-0.4486115360437606,-0.6193308693836754,87.0,166.0,17.7769003330963,44.670987265707446,3.2968389935337057,8.911112230763473,2.0,9.0,80.0574123283057,28.192803342629723,0.6634645069000167,-0.29761489408893205,48.0,121.0,187.60133238519407,16.92468106771512,-0.6767202522979977,1.5385014725970425,164.0,208.0,160.07006250233917,21.49127444257082,-0.5732686169932025,0.025786612459441027,130.0,186.0,144.50028069912796,3.3558254908859615,0.45811414341420226,-0.29119310777418406,140.0,149.0,140.7499906433624,5.851544712867804,0.3285770170961514,-0.8742108703206264,134.0,149.0,153.69905310827502,22.51025032432273,-0.5353784250865158,-0.13747767383636633,122.0,180.0,152.21991841012013,4.914706307586318,0.2094111408778757,-0.8071752913152519,146.0,159.0,114.88184438040346,5.072541561802495,-0.14661215618624424,-0.98801904445321,108.0,121.0,0.49966119260204084,825.1513703397204,0.5881805221524107,0.4627157372960551,0.859007743438635,1.005181347150259,0.6695956412584798,178.665577619348,-0.5155407379909632,206.93998112018184,167.3585019019123,0.753055856807777,2.8651631043174097,3.4191534628700513,4.791353190714327,-9.069950697556509,-6.623108704741238,-9.02646573277186,0.2042200151569542,0.16712646487264093,5.0,89.7884716760523,178.665577619348,25071.0,825.1513703397204
139,False,nv,121.20336269015212,35.6974133650903,-0.15437959722446212,-1.28679041579502,72.0,167.0,73.08246597277822,40.81784023768502,0.2869388249539713,-1.290112693993049,24.0,132.0,76.6447157726181,41.44603591676592,0.47581254506224135,-1.1400953359734682,30.0,139.0,126.37710168134508,78.69130425389206,-0.9620174849261137,-1.0691612413675398,1.0,179.0,115.07786228983187,44.386004959478626,-0.16886479515540292,-1.28308391643327,52.0,170.0,121.20336269015212,35.6974133650903,-0.15437959722446212,-1.28679041579502,72.0,167.0,93.02061649319455,40.59760963439426,0.12748122608327583,-1.3121799116040793,41.0,149.0,149.34347477982385,4.5089670749330955,-0.6192555984274232,-0.7701680443109566,142.0,154.0,135.35688550840672,4.426218222580681,-0.41712150296948414,-0.6768654809000667,129.0,141.0,87.88951160928742,39.14637343259277,0.19648349559363537,-1.3116128385734678,39.0,143.0,151.7822257806245,4.898224822830806,-0.586154895926189,-0.5271878350957868,144.0,157.0,121.64091273018414,3.47136857844799,0.2706956931171499,-0.5800546869359593,117.0,126.0,0.09052136479591837,268.2081528017131,0.8162587926452213,0.7934380867579234,0.9753059909813184,0.5686274509803921,0.7677484787018256,76.04639381448084,0.13101709828444774,100.21520199456643,57.89295984530863,0.7344347208285738,2.0716883104555945,5.5134110071410385,6.5014612377138095,12.50965085034231,7.548869426889971,13.739112349713427,0.0303830911492734,0.19699822681609158,5.0,158.77472257846097,76.04639381448084,4542.0,268.2081528017131
139,True,nv,96.74750306640968,34.196515007747244,-0.1977310186741291,-1.2978033833959803,48.0,139.0,52.543893464166814,39.63285985940928,0.23030350335838579,-1.3778636967533706,4.0,109.40000000000055,56.16909059050289,40.92202157683802,0.3988708266524249,-1.2648705490194911,9.0,118.0,133.37199929910636,74.74617670087167,-1.2001181792088012,-0.5507182273053721,1.0,179.0,140.971263360785,66.69478782881731,0.1459093002589783,-1.29627578299069,55.0,236.0,96.74750306640968,34.196515007747244,-0.1977310186741291,-1.2978033833959803,48.0,139.0,70.19607499561941,40.39474397955729,0.08420059220318844,-1.37171963958154,17.0,126.0,148.32100928684073,4.715377373227736,-0.44804203958634387,-1.0261844255716517,141.0,154.0,135.15857718591204,4.942910235804429,-0.3154849463304478,-0.8241850862610836,128.0,141.0,66.18503592079902,37.95681655861036,0.1448009535733752,-1.3835117256127258,18.0,119.0,149.8309094094971,4.8654550104192005,-0.5478791328154002,-0.711973211411451,142.0,156.0,122.34256176625198,3.360770283173752,0.37814075139159586,-0.5126743882462539,118.0,127.0,0.09821428571428571,301.71782079359116,0.7911084228363984,0.6802658015789281,0.9643835616438357,0.8260869565217391,0.7048054919908466,79.21189605390646,-0.5575103294644993,101.4561601533357,62.05829277268398,0.7462004985286306,2.1755236443578756,5.497077992728307,6.590310423298046,12.63463821964377,7.6876738016877155,13.90179492068001,0.03145292207792205,0.1706596883632283,5.0,175.63747953743623,79.21189605390646,4928.0,301.71782079359116
139,True,nv,121.20336269015212,35.6974133650903,-0.15437959722446212,-1.2867904157950203,72.0,167.0,73.08246597277822,40.81784023768502,0.2869388249539714,-1.290112693993049,24.0,132.0,76.6447157726181,41.44603591676592,0.47581254506224135,-1.140095335973468,30.0,139.0,126.37710168134508,78.69130425389207,-0.9620174849261136,-1.06916124136754,1.0,179.0,115.07786228983187,44.386004959478626,-0.16886479515540284,-1.28308391643327,52.0,170.0,121.20336269015212,35.6974133650903,-0.15437959722446212,-1.2867904157950203,72.0,167.0,93.02061649319455,40.59760963439426,0.12748122608327583,-1.3121799116040793,41.0,149.0,149.34347477982385,4.5089670749330955,-0.6192555984274232,-0.7701680443109566,142.0,154.0,135.35688550840672,4.426218222580681,-0.4171215029694843,-0.6768654809000658,129.0,141.0,87.88951160928742,39.14637343259277,0.1964834955936353,-1.3116128385734678,39.0,143.0,151.7822257806245,4.898224822830806,-0.5861548959261891,-0.5271878350957868,144.0,157.0,121.64091273018414,3.47136857844799,0.2706956931171499,-0.5800546869359593,117.0,126.0,0.09052136479591837,268.2081528017131,0.8162587926452212,0.7934380867579234,0.9753059909813184,0.5686274509803921,0.7677484787018256,76.04639381448084,-0.13101709828444777,100.21520199456641,57.89295984530863,0.7344347208285741,2.071688310455597,5.513411007140244,6.501461237714796,12.509650850343403,7.548869426890884,-13.739112349711483,0.0303830911492734,0.19699822681609155,5.0,158.774722578461,76.04639381448084,4542.0,268.2081528017131
13,True,mel,220.25673095912055,19.18713944653646,-8.177034369380445,87.26202232884707,208.0,232.0,136.33756829701798,24.546813310390036,-1.0564211096738343,3.811671921475635,106.0,165.0,128.3940491080245,32.88377389953601,-0.3471868389205215,0.10623227656063872,88.0,171.0,43.43930616812587,72.88676921323712,1.2765039258170408,-0.36345383714881674,1.0,177.0,109.94898295043117,31.025818911473525,0.5903474394441756,1.0703927920036431,72.0,148.0,220.26048318083076,19.14435265121724,-8.15594259138025,86.9116159112761,208.0,232.0,167.0778750575999,20.980238834500586,-2.85904863362367,19.807122415657055,145.0,189.0,159.38223290105984,6.324909532249393,-0.5995985044828078,1.7586051780884198,152.0,167.0,146.25880455532882,9.14562302442824,0.05721100127855579,-0.7393889733683441,133.0,158.0,160.53604107695347,22.566317712826155,-2.0712128087272075,11.893804662840914,135.0,185.0,170.6183924692252,8.820755549675162,-0.6656790784818275,1.3190728020516307,160.0,181.0,109.85863340135607,7.776026394037787,0.07984405983067501,-0.7446482955863223,101.0,121.0,0.5665856186224489,818.0691552395617,0.5115979289649898,0.5338157842305206,0.9060169545541462,1.0292682926829269,0.6572419373482834,190.2549001137052,-1.1841546176334525,208.63174280544035,179.26160416799962,0.7790041691517973,3.202526477648723,3.602291455033056,5.808097899012389,-11.733854651088715,7.652780974595334,-10.514080379216944,0.11600830138239127,0.10412753623116722,4.0,123.05694077592787,190.2549001137052,28429.0,818.0691552395617
13,True,mel,220.88217740613214,15.473951543499163,-8.252838398688962,108.36369316437437,208.0,232.0,137.6850959173635,25.00143755571372,-0.6172847687238234,1.5676756020991185,106.0,168.0,132.92034759796687,32.90427197332621,-0.2299482015960123,-0.2634399905702933,92.0,176.0,51.81593703885883,78.12193559392335,0.9644095574253622,-1.0663630656101872,1.0,177.0,105.48922774225282,30.16693577650437,0.46133045016468577,0.4474963247842756,69.0,143.0,220.88342351205117,15.456281076370448,-8.232725255802412,107.9552627042242,208.0,232.0,168.35471388752254,19.994962523391006,-1.8448023111195861,12.719669201575424,145.0,191.0,159.42377438924413,6.62155394681109,-0.296673126261978,0.1572113136439608,151.0,168.0,144.44433513690768,8.8345772026581,0.08377387357368876,-0.7242153208568793,133.0,155.0,162.02764387604526,21.941501094519115,-1.308832654862935,6.9563616297922675,135.0,187.0,169.99770454172815,9.154797883792662,-0.37829624888813435,-0.09328468928074374,158.0,181.0,111.56812592228233,7.44652074495193,0.06958181856769298,-0.7678100108414903,103.0,122.0,0.5721460459183674,808.3107499061546,0.5128646710581609,0.5521487487758037,0.9026253733689672,1.0398009950248757,0.6833773715156276,191.18619419366308,-1.1736354194493266,209.7260475444927,180.0434086679677,0.7790259007159481,3.1976252172342865,3.6385563529064173,6.481627321447978,11.572093316393628,8.502549789610121,11.98385427358109,0.116309042775533,0.10469644088005393,4.0,123.74515244679817,191.18619419366308,28708.0,808.3107499061546
14,False,nv,157.93606720774596,20.105390462284827,-0.9190949878140787,0.30126562899789455,127.0,180.0,98.1953581090702,30.5519214054146,-0.3267154069752447,-0.662367538783823,54.0,137.0,105.9468887939627,36.790781594776846,-0.3175141391432655,-0.713842390853642,51.0,153.0,136.44169158479284,71.07478004834947,-1.3737058932143507,-0.097592122921482,1.0,178.0,101.73985476292182,34.9383903034245,0.6044902254550927,-0.19004483938971006,60.0,154.0,157.93606720774596,20.105390462284827,-0.9190949878140787,0.30126562899789455,127.0,180.0,123.51288623095543,27.133645915727307,-0.46553296957976675,-0.49406970774682746,84.0,157.0,153.5409369215435,4.992147908723076,-0.32519698645527423,-0.8292401728680998,146.20000000000005,160.0,134.6064359960131,7.095313234657371,0.35347125411833824,-0.700194516670166,126.0,146.0,116.96682329488823,27.970248401593313,-0.4540627194663087,-0.5300620662982758,76.0,151.0,157.26512886230955,6.469551352079372,-0.4929939705735172,-0.6677243063796094,148.0,165.0,121.78043571123452,5.290445419726345,0.008456993126551163,-0.818803484977563,114.0,129.0,0.1272919323979592,317.4629867976521,0.7061701323744075,0.7963804392858402,0.9703737465815861,0.7567567567567568,0.685006435006435,90.1786059563103,0.43628039322814405,108.06789402036698,76.51662845178052,0.7655491691680576,2.488409664658271,4.903327071721362,5.852049311539362,11.233289893536451,7.180456673469041,12.12462809288355,0.04775324878659781,0.13905402118984964,5.0,126.1185608140588,90.1786059563103,6387.0,317.4629867976521
140,False,mel,179.54666035054476,20.015744762986454,-0.5034158049745499,-0.1141712558100787,153.0,204.0,138.71157880489952,27.80912101823112,-0.39745265133357205,-0.26778560423812436,102.0,174.0,146.8091628882723,34.60408018997865,-0.37693871522658273,-0.4911017896231895,99.0,190.0,132.62177708601206,69.66561201145039,-1.319047633571698,-0.21794257152723562,2.0,178.0,61.648372470731545,22.98352894837115,1.033134819504482,0.9923889162762238,36.0,94.0,179.5503823509508,20.021440325398835,-0.5021830449496401,-0.11411076679501786,153.0,204.0,157.45922717737022,25.194860382058202,-0.4603370380873692,-0.17880643051778256,124.0,189.0,145.06120998849565,3.2195406413368746,0.4242559010611413,0.08571082672290986,141.0,149.0,130.0500101509102,6.266088003564013,0.4585522405197517,-0.6231858531871954,123.0,139.0,151.86130473032415,26.060611289581868,-0.4198094588696747,-0.2632094479217071,117.0,185.0,147.7831765581647,5.301221592714894,0.19108770659503876,-0.6328734607817847,141.0,155.0,125.14251877918387,5.7663787368054455,-0.3040987621861989,-0.8504751977138323,117.0,132.0,0.5574776785714286,808.3818177180199,0.3380562585520412,0.537898471463794,0.8428601560852141,1.041237113402062,0.7137899356946004,188.71951818858582,-0.9489480499823183,208.59786489946052,196.31685405118492,0.7367470456266205,3.9084916464956465,2.9107169167953626,4.646333744282334,-9.709904321584137,6.693348571164735,8.42544420003918,0.26683826683826684,0.19689490616687574,5.0,112.67058128522038,188.71951818858582,27972.0,808.3818177180199
140,True,mel,181.85539078392642,22.438770980346483,-0.06554498042898338,0.07380180977846518,153.0,208.0,142.3683481234706,29.487298072571274,-0.23466598489096288,-0.17104854800526148,104.0,179.0,150.41416315339484,35.54464591357315,-0.3039104478043592,-0.4231841007598942,102.0,194.0,133.83599162711164,68.77903400156245,-1.3720427071947487,-0.07152126862194352,2.0,178.0,58.92888941301336,22.327137977843837,1.0630233105543916,1.1430919362702108,34.0,90.0,181.86113977416787,22.446815961569975,-0.06461777600800352,0.07303457883508235,153.0,208.0,160.57103688198356,26.82486996414341,-0.27415661883280695,-0.12946016496328117,125.0,193.0,144.45691205519032,3.1924742396219123,0.465016919715933,0.29697429198878345,140.0,149.0,129.8193048144108,6.01477567634341,0.4623902209263074,-0.6053856146566177,123.0,138.0,155.10589934844776,27.84228916800086,-0.21972215857484353,-0.16875864135085772,119.0,189.0,147.1101742386273,5.212847123880697,0.21609014306934857,-0.5661185430134514,140.0,154.0,125.34679678056547,5.582836731008659,-0.30867086556745904,-0.8432785416781896,117.0,132.0,0.6296635841836735,905.8498551495554,0.4093323662043269,0.4838403007049345,0.8401095540723802,0.9684684684684685,0.6619316991410015,200.56602448162235,0.5294934931723426,225.0760395141012,205.35607949543498,0.7360346415689577,3.5498277905712423,2.9086156458309986,4.514085528348151,-10.503015867747115,6.652003637867089,8.225442163285605,0.26580996391719947,0.19797804846180608,5.0,113.55298794097627,200.56602448162235,31594.0,905.8498551495554
140,True,mel,171.67384681552633,19.610242956966925,-0.5020630400007325,-0.1403856989610146,146.0,196.0,128.34504139636573,20.279118666758578,-0.3790327275764669,-0.018820517171154183,103.0,154.0,124.34640335471848,30.940906604378956,-0.1721207398064085,-0.41820089253976844,83.0,165.0,75.70617540589943,81.96154871062032,0.3460724829067158,-1.8692342159028152,2.0,177.0,78.61327550983836,22.90269482924668,1.0171232866820719,0.9092290433361421,53.0,111.0,171.67384681552633,19.610242956966925,-0.5020630400007325,-0.1403856989610146,146.0,196.0,147.30783842873015,20.1783444462926,-0.45074977435550595,0.02105475151997549,121.0,173.0,144.31411060535464,2.702698970112055,-0.14976612804673325,-0.6160366190915787,140.0,148.0,136.9298949858428,7.778659269933078,0.13082207095645046,-0.6848234765298007,127.0,148.0,140.86215547829826,21.031747222695632,-0.3807582511137879,-0.12042345807082278,114.0,168.0,150.00903193433928,2.2908144153054755,-0.45026293603339684,0.44124813016388886,147.0,153.0,118.6718038779972,6.986687018549846,-0.020980712471660824,-0.7172956782877495,109.0,128.0,0.5135124362244898,800.8376618407357,0.3287751894654452,0.5048564260347365,0.8400495565988524,0.9948717948717949,0.6810996563573883,181.12506759045309,-0.8745941504068857,199.8825286523932,188.770701907246,0.7367175599065029,3.9596384836500262,2.911807060545807,4.6922452088212925,-9.721715584361554,6.7030893954262245,-8.495034526690674,0.2674066599394551,0.1964708647737623,5.0,124.47448649683393,181.12506759045309,25766.0,800.8376618407357
141,False,vasc,213.78250748254075,15.91883470196758,-0.4856292315777434,-0.536705787238211,192.0,233.0,86.60492184901895,40.05833228870273,-0.10045253699315564,-1.429657743936434,32.0,138.0,118.9577652144995,26.310618235222098,0.028353947712752195,-1.2542996395644257,84.60000000000002,155.0,172.7894911872298,2.392743986515719,0.38368892235024177,-0.8772141412102634,170.0,176.0,154.36082474226805,41.6517523674083,0.20883724877875987,-1.4174711564418985,104.0,213.0,213.78250748254075,15.91883470196758,-0.4856292315777434,-0.536705787238211,192.0,233.0,140.83305620219488,24.139216238927435,0.0055810211698874455,-1.405601711468123,109.0,173.0,179.1805786498171,10.332853281235675,-0.12194517424514896,-1.5150293599515,166.0,192.0,137.28001330229463,2.8756647154225767,-0.11907437212388261,-0.5204481627855531,133.60000000000002,141.0,128.2986365147988,30.814623353870072,-0.10020311806931888,-1.407899204621317,87.0,168.0,188.952111739275,12.062815087912927,0.05306192084307923,-1.4969333713670563,174.0,205.0,122.71533089457931,3.766387461224324,-0.13540263902405775,-0.9745104624147376,117.0,128.0,0.05193718112244898,190.12489168102783,0.5487052342573528,0.9059543531415029,0.983025273481705,0.8360655737704918,0.8376727740276438,57.60262366923779,-0.10672131887345178,63.184023921877134,52.822847900854995,0.7887062475034995,3.0804032524840226,4.54917142527314,6.658696584353348,13.134843752808052,8.5585193028962,-12.26657760643992,0.044512663085187976,0.07714749717202596,5.0,59.9633310558916,57.60262366923779,2606.0,190.12489168102783
141,True,vasc,214.23284941645318,14.608833871767292,-0.4067188157756623,-0.9158316442396308,194.0,231.0,98.76743524053515,41.641718672673626,-0.16052143895128013,-1.428591589666862,41.0,150.0,100.82607458013094,33.55417053441951,-0.07373593686755671,-1.4071521105429603,56.0,144.0,82.86934244235697,87.74410467038105,0.15670839291542552,-1.9746072873372265,0.0,179.0,143.38514090520923,40.278068148793075,0.29633498118416746,-1.3941117794817484,96.0,202.0,214.23284941645318,14.608833871767292,-0.4067188157756623,-0.9158316442396308,194.0,231.0,145.55707372615998,25.845722436524046,-0.05625703691127323,-1.424692356805892,111.0,179.0,172.4526046114432,12.193411896243415,-0.022988506520720875,-1.510313994927248,157.0,188.0,150.66182749786506,5.891084974027352,0.2779942978150698,-1.1034665405418853,143.0,159.0,133.51892968972388,32.229972591819966,-0.16233137150709318,-1.4088394583469228,89.0,174.0,185.5730145175064,13.97143930885501,0.07838706662461427,-1.4918150779791193,168.0,204.0,109.52832337033874,1.823669519554783,0.38288639706114364,-0.45702028176083953,107.0,112.0,0.05658083545918367,215.37972567696687,0.41458177593979684,0.7690695518579215,0.9679509035117627,0.9384615384615385,0.7160151324085751,60.12260030556835,-0.24461356689792108,63.234409223057895,57.54407505947948,0.7933732808311312,3.640316058187335,4.546588027667275,7.221683758888483,-13.288136796400261,10.17591237575822,13.228600608390659,0.041916167664670656,0.05368536688776884,5.0,142.63100669094143,60.12260030556835,2839.0,215.37972567696687
141,True,vasc,171.95711947626842,14.440887834793395,-0.49526843789640734,-0.49110659715061544,152.0,189.0,57.43306055646481,36.37157781781061,-0.11323010219358838,-1.4387619906982843,7.0,104.0,86.29459901800327,24.005692593321278,0.005020352614660687,-1.2533633724461424,55.0,118.0,172.84517184942717,2.401565657127101,0.43871995494143784,-0.7648788498036758,170.0,177.0,173.3698854337152,48.58740425793191,0.237133203848618,-1.4127909085725623,116.0,243.0,171.95711947626842,14.440887834793395,-0.49526843789640734,-0.49110659715061544,152.0,189.0,109.37250409165303,21.03671554911794,0.03474647745935936,-1.3929790807201095,82.0,138.0,174.60523731587563,8.370040803075824,-0.22431419934444893,-1.4675247511780194,163.0,184.0,138.73911620294598,3.7163361052323216,0.1523288098528387,-0.45363809274922895,134.0,144.0,94.9682487725041,27.99949683982639,-0.11237655523178747,-1.415122174718238,57.0,131.0,182.9050736497545,10.984000734268847,0.0695120248019139,-1.5056189606279056,169.0,198.0,123.12078559738134,3.3776210705792686,-0.15093148495553105,-0.8928539927159602,118.0,128.0,0.05193718112244898,190.12489168102783,0.5487052342573531,0.9059543531415029,0.983025273481705,1.196078431372549,0.8376727740276438,57.60262366923779,1.464075007921445,63.18402392187715,52.822847900854995,0.7887062475034993,3.0804032524840204,4.549171425273953,6.658696584362035,13.134843752743151,8.558519302888733,-12.266577606454794,0.044512663085187976,0.07714749717202596,5.0,65.4298577498524,57.60262366923779,2606.0,190.12489168102783
142,False,vasc,189.76254826254825,11.244028310927412,0.03457835364697954,-1.1939478026354282,175.0,205.0,75.79681467181467,33.07368235859381,0.16666196787332088,-1.4282241361035501,35.0,122.0,108.6554054054054,18.157025819547325,0.42402280080072874,-1.1189226035800381,88.0,135.0,171.83590733590734,2.7331626085352516,0.24930553901470115,-1.077937396507298,169.0,175.0,155.3219111969112,38.60308296118257,-0.08588753680308897,-1.459482143220338,103.0,204.0,189.76254826254825,11.244028310927412,0.03457835364697954,-1.1939478026354282,175.0,205.0,125.20656370656371,20.095159604821227,0.27678118136289775,-1.3464350909614888,102.0,154.0,175.51978764478764,9.511555375919913,-0.32375255280031273,-1.393933755187064,162.0,186.0,134.00048262548262,2.1726848857191623,0.27720248718328916,-0.2699864890217283,131.0,137.0,113.59749034749035,24.699744294607967,0.17475377128832273,-1.4006350425039549,83.0,148.0,182.30357142857142,9.960735016611615,-0.23189757257934246,-1.4011538099283831,168.0,194.0,125.19449806949807,4.46060714037978,0.12004770684595305,-1.2387116123646438,120.0,131.0,0.03378109056122449,155.53910524340094,0.7031557223694571,0.8804412343033532,0.9809027777777778,0.6964285714285714,0.7760989010989011,46.45579649867281,0.1221561802155158,55.18074311783407,39.23548853099237,0.7720130575487636,2.511223129300057,4.849107146103767,6.171589412725385,11.717216251146626,7.470640897567175,12.093959951200487,0.03126843657817113,0.12818727555357584,5.0,52.58027388064524,46.45579649867281,1695.0,155.53910524340094
142,True,vasc,189.76254826254825,11.244028310927412,0.03457835364697954,-1.1939478026354282,175.0,205.0,75.79681467181467,33.07368235859381,0.16666196787332088,-1.4282241361035501,35.0,122.0,108.6554054054054,18.157025819547325,0.42402280080072874,-1.1189226035800381,88.0,135.0,171.83590733590734,2.7331626085352516,0.24930553901470115,-1.077937396507298,169.0,175.0,155.3219111969112,38.60308296118257,-0.08588753680308897,-1.459482143220338,103.0,204.0,189.76254826254825,11.244028310927412,0.03457835364697954,-1.1939478026354282,175.0,205.0,125.20656370656371,20.095159604821227,0.27678118136289775,-1.3464350909614888,102.0,154.0,175.51978764478764,9.511555375919913,-0.32375255280031273,-1.393933755187064,162.0,186.0,134.00048262548262,2.1726848857191623,0.27720248718328916,-0.2699864890217283,131.0,137.0,113.59749034749035,24.699744294607967,0.17475377128832273,-1.4006350425039549,83.0,148.0,182.30357142857142,9.960735016611615,-0.23189757257934246,-1.4011538099283831,168.0,194.0,125.19449806949807,4.46060714037978,0.12004770684595305,-1.2387116123646438,120.0,131.0,0.03378109056122449,155.53910524340094,0.7031557223694571,0.8804412343033532,0.9809027777777778,0.6964285714285714,0.7760989010989011,46.45579649867281,0.1221561802155158,55.18074311783407,39.23548853099237,0.7720130575487636,2.511223129300057,4.849107146103767,6.171589412725385,11.717216251146626,7.470640897567175,12.093959951200487,0.03126843657817113,0.12818727555357584,5.0,52.58027388064524,46.45579649867281,1695.0,155.53910524340094
142,True,vasc,200.30656610470274,12.043310683487777,-0.08842561531858346,-1.2326946961129994,184.0,216.0,81.10470275066548,35.91398386393632,0.0589930135728283,-1.4945849106982485,36.0,129.0,114.95962732919254,20.024445199303518,0.2991046726369326,-1.2607102739286007,91.0,143.0,171.9622892635315,2.742076961651571,0.19087692244889964,-1.053613880782345,169.0,175.0,154.05545696539485,39.940028622556056,0.015057743655491842,-1.5036322405793772,102.30000000000001,206.0,200.30656610470274,12.043310683487777,-0.08842561531858346,-1.2326946961129994,184.0,216.0,132.4631765749778,21.456259995976968,0.16256167780589661,-1.444857887540287,106.0,162.0,177.04614019520852,10.129577550789206,-0.22668983864590117,-1.4796087884311855,163.0,189.0,134.52839396628215,2.1405456255468813,0.21021589516079092,-0.051736846151169136,132.0,137.0,120.59094942324757,26.81955920049891,0.06272055844124713,-1.4703015898367198,87.0,157.0,184.83717834960072,10.89131685381754,-0.127395127497829,-1.4742665822757903,170.0,198.0,124.80700976042591,4.622149196736068,0.19176745101195117,-1.1824321250506533,119.0,131.0,0.034458705357142856,177.06601717798213,0.7869707999248231,0.693001891589124,0.9568345323741008,0.8333333333333334,0.7115226337448559,46.91941147166166,-0.5373449927128993,59.84924469247702,36.92640003143949,0.7477055504569994,2.1917607825323873,4.862778525910465,5.8783378699588935,11.270311401210174,7.008545583533062,-11.762530480051401,0.028918449971081506,0.1721754898364873,5.0,54.7254162676954,46.91941147166166,1729.0,177.06601717798213
143,False,vasc,208.0852614896989,10.749828652440058,0.037940098230144735,-0.860214977721264,193.0,223.0,99.32202852614897,36.70743033561294,0.2707793446194664,-1.1653822339746487,52.400000000000034,152.5999999999999,133.25166402535658,18.99857513018947,0.6458167752913841,-0.6175055376860277,112.0,162.0,171.397147385103,3.207329874089245,0.2125236432863046,-1.1760168477170305,167.0,176.0,135.09160063391442,39.165189302031486,-0.19706958916521072,-1.2278087590162166,79.0,186.0,208.0852614896989,10.749828652440058,0.037940098230144735,-0.860214977721264,193.0,223.0,144.86148969889064,22.718873595144288,0.3828426323099552,-1.0531043137461178,117.0,178.0,173.47765451664026,12.332621689311294,-0.41230828656074264,-1.2185915177701978,155.0,188.0,130.8351822503962,2.9047365423414826,-0.25556285281443564,-0.9322396091234331,127.0,134.0,135.70808240887482,26.64417256183976,0.2737330668432164,-1.1151225414465644,101.0,174.0,179.60760697305864,12.119168160569723,-0.396101870609581,-1.1520554660738511,161.0,194.0,126.6148969889065,5.035628995393335,0.35313855890063434,-1.1373892953648814,121.0,134.0,0.05606265943877551,207.3380951166243,0.8035696539047135,0.8222831440497207,0.9815073272854152,0.6756756756756757,0.7602702702702703,59.84666105423103,-0.3553497841826694,77.6959714754977,46.245475783574015,0.74078559064504,2.1248913139595174,4.6088263161930065,5.63364193868658,10.75503348979259,6.696339823673922,-12.324796919823049,0.03874866690366152,0.18463954397955706,5.0,53.12234782856079,59.84666105423103,2813.0,207.3380951166243
143,True,vasc,241.1851030110935,10.182423248639212,-0.25891017110648806,-1.0545893045025871,227.0,255.0,137.66434231378764,38.77097423676537,0.2360971086824191,-1.2032656405901285,88.0,194.0,177.3068145800317,18.975929397771303,0.5511077881076759,-0.8250716673412586,156.0,206.0,169.38573692551506,3.2042739960939355,0.18630199903586947,-1.1383447107031543,165.0,174.0,110.75055467511886,35.49549060232335,-0.2224920425977702,-1.2143455378204897,60.0,156.0,241.1851030110935,10.182423248639212,-0.25891017110648806,-1.0545893045025871,227.0,255.0,178.32931854199683,24.44359487876981,0.28212953893781095,-1.1633395934123534,147.0,214.0,171.55435816164817,13.987785339096371,-0.3340578679691899,-1.2377539521848473,151.0,188.0,125.22060221870048,4.225590323664838,-0.2975067311070984,-1.1324452511059333,119.0,130.0,173.12424722662442,27.66720552418198,0.21157733351637537,-1.1892935246004401,137.0,213.0,176.52900158478604,13.291443529990733,-0.4124417705326041,-1.1238486744378573,157.0,192.0,130.37210776545166,5.565206192319384,0.36708337442071054,-1.1347617494741349,124.0,139.0,0.05606265943877551,207.3380951166243,0.8035696539047135,0.8222831440497207,0.9815073272854152,0.6756756756756757,0.7602702702702703,59.84666105423103,0.3553497841826693,77.69597147549771,46.24547578357402,0.7407855906450406,2.124891313959506,4.608826316190798,5.633641938685178,10.755033489789426,6.696339823672571,12.324796919761441,0.03874866690366152,0.18463954397955704,5.0,48.8821878470565,59.84666105423103,2813.0,207.3380951166243
143,True,vasc,241.940133037694,10.446451311014064,-0.333892837715949,-1.0615075694638998,227.0,255.0,126.16574279379158,41.76219793996022,0.20970110837671826,-1.2504639638058692,72.0,187.0,162.2530487804878,22.103064159758304,0.5782424396124085,-0.8363463016208565,138.0,197.0,171.4470620842572,3.152529026388327,0.08225638070496381,-1.206482275360724,167.0,176.0,123.51080931263859,38.87189567544478,-0.19306292325166946,-1.2467856627445169,67.0,173.0,241.940133037694,10.446451311014064,-0.333892837715949,-1.0615075694638998,227.0,255.0,172.09451219512195,25.37617632054092,0.2763953852882499,-1.2119576335457336,140.0,210.0,175.33065410199558,14.519565224034386,-0.3471607852126232,-1.263414681588915,153.0,192.0,130.20565410199558,3.15426560937036,-0.41452573139668414,-0.7910209079345036,125.0,134.0,164.90133037694014,29.86623389844559,0.18909367000502114,-1.2381582688922936,126.0,209.0,182.93625277161863,14.615862299147336,-0.40041304417289536,-1.1513835147441345,161.0,200.0,126.50471175166297,5.270717750389819,0.48661610452312554,-1.0092651741425331,121.0,135.0,0.06118463010204082,224.40916292848976,0.8324169633465657,0.7660675527903841,0.9749126706891077,0.6097560975609756,0.748780487804878,62.520759770950875,-0.27188750718012644,84.15668428748972,46.6354096369457,0.7247782919353393,2.0007985637645564,4.548803630339683,5.452272879994903,10.459816566371762,6.467293659006643,-11.201964155430298,0.04039087947882736,0.20930738001894159,5.0,52.47087601284718,62.520759770950875,3070.0,224.40916292848976
144,False,nv,145.29180116204003,23.41077093443123,-0.5839869508105284,-0.9359151751359742,110.0,171.0,94.30191521411663,36.1786787544547,-0.3357362203628942,-1.2599854147280312,42.0,137.0,97.5024747148698,49.08171541793192,-0.19645435808786205,-1.4110495263010527,29.0,158.0,92.31633311814073,81.92407664445773,-0.14301071509488325,-1.962712453992227,3.0,175.0,106.12093823972455,53.510288601026176,0.5557265093152517,-1.1862035538903615,50.0,187.0,145.30578868086937,23.4297363301103,-0.5810454184011932,-0.9351226909843455,110.0,171.0,116.61738756186787,32.91737579518523,-0.3701907095446745,-1.223374654363108,69.0,155.0,150.04389928986444,5.122074333690503,0.2940092100861923,-1.3059377338886273,144.0,157.0,136.05960834947277,11.575135009209527,0.09656464193404428,-1.4918109302596636,121.0,151.0,109.9261889391005,33.736659392427164,-0.3625460505604809,-1.2416940970110473,61.0,149.0,153.26081342801808,7.810041570156668,-0.04022305023625302,-1.4370825772125555,143.0,163.0,120.98041747363891,8.990265854555867,0.08719806904712038,-1.4739791181588195,110.0,133.0,0.08043686224489796,272.40916292848976,0.9113004926989965,0.6834670754375147,0.9616392661424827,0.4090909090909091,0.8153535353535354,71.6853876501419,-0.026458261045257846,112.50284215333245,46.32213668741715,0.6397322610771454,1.5768418835560534,4.493388562631861,5.515656163183827,-10.819593376218897,-6.4755610428998835,-10.583188956981719,0.04806739345887012,0.30898353317780247,5.0,158.8641015755942,71.6853876501419,4036.0,272.40916292848976
144,True,nv,152.61243813212826,23.483315511176283,-0.5394729504392586,-0.8544687285961508,117.0,177.0,94.95158166559071,43.42860223042107,-0.3660794879663776,-1.3178091563206218,32.0,144.0,114.97245534753604,50.28460098531468,-0.2790534322284044,-1.4190103312222393,44.0,174.0,166.4346890466968,9.50511995638874,-0.6889641325367751,-0.6286294225749622,152.0,176.0,104.74521196470842,53.937618550040064,0.5637010192782438,-1.1562645998087346,48.0,186.40000000000055,152.8495803744351,23.736075988947142,-0.5170145617683165,-0.8698028222555352,117.0,178.0,121.17043253712072,36.373339157546354,-0.3659181945249498,-1.2919741205489632,68.0,163.0,154.6272864213471,8.099186877626153,0.27118467543828806,-1.4199293381494051,145.0,166.0,128.34495373359155,9.927714197195824,0.26970975045403894,-1.4208061490239337,116.0,142.0,114.49106950720895,38.09305138305626,-0.3871511748038805,-1.2783883855206355,59.0,157.0,155.22487626425652,11.027344422217379,0.15900490813258641,-1.4420964829637617,142.0,170.0,128.26899074671832,7.255753363243303,0.023165717098306195,-1.5110127647671943,119.0,138.0,0.08043686224489796,272.40916292848976,0.9113004926989965,0.6834670754375147,0.9616392661424827,0.4090909090909091,0.8153535353535354,71.6853876501419,-0.026458261045257846,112.50284215333245,46.32213668741715,0.6397322610771454,1.5768418835560534,4.493388562631861,5.515656163183827,-10.819593376218897,-6.4755610428998835,-10.583188956981719,0.04806739345887012,0.30898353317780247,5.0,87.17881449537595,71.6853876501419,4036.0,272.40916292848976
144,True,nv,146.61496913580248,23.452603069590978,-0.6264033219348362,-0.9005436260807747,111.0,172.0,96.70138888888889,36.57033787468361,-0.3920907104756799,-1.2239786332918012,42.0,140.0,100.88888888888889,49.75753324068156,-0.25947907993505637,-1.3855328363266333,30.0,161.0,96.20929783950618,81.14082398107601,-0.24784992151882748,-1.9184512714182103,3.0,175.0,102.84008487654322,53.47329441631155,0.6256614445820198,-1.1021451736564303,48.0,186.69999999999982,146.63869598765433,23.482321453178688,-0.6222487173226161,-0.9004190667670553,111.0,172.0,118.75617283950618,33.23314748147822,-0.42353533397551246,-1.1893295637044543,69.0,157.0,149.6971450617284,5.178200197117357,0.3726218170247893,-1.248951484333522,144.0,157.0,135.25077160493828,11.718008696006653,0.17303091492273553,-1.4646318525925788,121.0,151.0,112.10628858024691,34.05765818173835,-0.4179322948471797,-1.2045708561879174,61.30000000000007,152.0,152.65181327160494,7.977453313717349,0.03234446768373457,-1.4467122496263594,142.0,163.0,121.66415895061728,9.186219684170732,0.015075560774820706,-1.4769845777879969,110.0,134.0,0.08512037627551021,284.40916292848976,0.9211469985154712,0.6635173250679375,0.9617203332582752,0.3879310344827586,0.8181992337164751,73.74283758822872,-0.026464347940512938,119.03293570117073,46.32938738614155,0.6220557701414249,1.5093147640407871,4.470530873113641,5.4924742027871725,-10.68069244790501,-6.364579514898201,-10.579886671386094,0.048466401311168306,0.32386922311494626,5.0,158.09643985056624,73.74283758822872,4271.0,284.40916292848976
145,False,nv,93.43361119380768,43.91178314989564,0.37711654509483095,-1.2815435986931536,43.0,159.0,65.87466507889253,46.64255146988406,0.6163240160242908,-1.1113052301526263,19.0,140.30000000000018,63.73831497469485,44.82392524917138,0.9638816741259112,-0.49904809723465426,25.0,141.0,82.04733551652278,81.14593910761465,0.16131616059545714,-1.9581476963624262,4.0,175.0,109.45192021434951,45.99219417155575,-0.5764999169694108,-0.9019194373942621,32.0,159.0,93.43480202441202,43.911629001314395,0.3772196934210939,-1.2814714207968034,43.0,159.0,76.89714200654957,49.008058595022206,0.5141345507387622,-1.2012492900917355,24.0,153.0,140.2718070854421,3.551888164887966,-0.2700772178408265,-1.1800472454013988,135.0,144.0,134.32316165525455,7.028854492857057,0.09775392700920442,-1.0302158873003053,125.0,144.0,73.8629056266746,45.37903079458873,0.598201638691193,-1.1137823552080894,27.0,146.0,141.97380172670438,3.860267547841718,-0.2845441245830517,-0.9277453580484676,136.0,147.0,122.2773146769872,5.901800891216787,-0.16775536425687435,-1.0959538177766392,114.0,130.0,0.12240911989795919,303.4213562373095,0.4603660608162082,0.8383538935400369,0.9651162790697675,0.8947368421052632,0.7606191950464396,88.43210550339379,-0.5161982206645969,94.24694323696698,83.66576126700924,0.7915124095907129,3.435377299920142,4.5608170190727675,6.653026622569881,12.260537927412704,8.498348553092955,13.54338425772095,0.05975252360794525,0.06344962367112242,5.0,171.0497622804848,88.43210550339379,6142.0,303.4213562373095
145,True,nv,98.33827349121466,45.36739600970467,0.2882841247324613,-1.3646820338739365,44.0,165.0,70.93659281894575,49.18392646758191,0.5045022522299987,-1.2717890896568431,19.0,148.0,69.24415584415584,48.35205726919634,0.8171929538619408,-0.8199028085956388,25.0,153.0,84.20733384262796,81.08582221947141,0.1020345836398577,-1.9735778845375498,4.0,175.0,105.29931245225363,48.8864021251664,-0.4341452519927116,-1.1186139254821639,26.0,160.0,98.33934300993124,45.36681717637107,0.2883620440563996,-1.3647037038227503,44.0,165.0,82.27960275019099,51.19960538511619,0.41185962671567083,-1.327158760113319,25.0,161.0,140.19067990832696,3.807114715369486,-0.16358859381309132,-1.2326367643012544,135.0,145.0,134.0165011459129,7.073511395669507,0.15506895351656255,-1.05763941282627,125.0,144.0,78.92864782276547,47.720832693505386,0.4909441163981215,-1.2655340400625115,28.0,154.0,141.85989304812836,4.0845256047189675,-0.25902958591915953,-1.0374775748841363,136.0,147.0,122.52452253628724,5.928042074042311,-0.20861263513187375,-1.1171459947794447,114.0,130.0,0.11346061862244898,310.0904037956216,0.5869598889668071,0.7440024997291744,0.9598718597201147,1.0227272727272727,0.7188131313131313,85.1384327326812,0.9187988104687486,95.02207076298885,76.93139009210492,0.784888748444596,2.933190675189141,4.561627864324381,6.667433583123392,-12.955119976458452,-8.245001414543202,12.291973845620445,0.05814157737572456,0.08682906878585556,5.0,175.33904152100888,85.1384327326812,5693.0,310.0904037956216
145,True,nv,96.42381316998468,45.283894793570376,0.32016615902213125,-1.3638845556188368,43.0,164.0,69.3201888718734,48.53135007957492,0.5410436645494427,-1.2439445831479843,19.0,146.0,67.46273608984175,47.51918303562177,0.8606568263282316,-0.764132699096228,25.0,149.0,83.88935681470137,81.27461583556564,0.1134361187030723,-1.97135094183156,4.0,175.0,105.66960183767227,47.38458964989181,-0.5175639952016112,-1.0832904852965752,28.0,157.0,96.42381316998468,45.283894793570376,0.32016615902213125,-1.3638845556188368,43.0,164.0,80.4025012761613,50.77561578773475,0.44723950472279206,-1.310137946885705,25.0,159.0,140.05589586523737,3.5823556178468645,-0.2156971805949956,-1.2413237939232458,135.0,144.0,134.05525778458397,6.9701203003196746,0.16571275728394638,-1.0364186819641836,125.0,144.0,77.20329249617151,47.21579649734519,0.5261331306683951,-1.242308344485099,27.0,152.0,141.7244767738642,3.9392098628260492,-0.25162605546979827,-1.017961005463414,136.0,147.0,122.49132210311383,5.836687687611191,-0.22846389815827034,-1.0827267264288472,114.0,130.0,0.13707748724489796,347.06096654409873,0.533640319133551,0.7175637513413894,0.956606397774687,1.0206185567010309,0.716234510048943,93.5806688835277,-0.8857371865263475,102.19406543488995,86.4267005125333,0.7884089412344862,3.1364670618564037,4.554724712579124,6.680572093129472,12.532564085480011,-8.958208203975452,-12.388405758293185,0.05772026751962778,0.07498777702777194,5.0,173.94310027902782,93.5806688835277,6878.0,347.06096654409873
146,False,nv,151.8612303290415,23.914234552313342,-0.6254487477031055,-0.8117551216558887,115.0,178.0,119.40963280877445,27.01320898936889,-0.3987338152204972,-1.0169969098078806,79.0,150.0,121.14067715784454,27.981851706258343,-0.24420555617603146,-1.007267411614741,82.0,156.0,108.95040534096329,84.13309176691484,-0.47576145633386024,-1.770244439828673,1.0,178.0,58.896518836432996,17.376370920724085,0.4491191904813516,-0.4629991709004888,38.0,83.0,151.8612303290415,23.914234552313342,-0.6254487477031055,-0.8117551216558887,115.0,178.0,135.6833571769194,26.302101589122458,-0.4882296603028386,-0.9303109084064491,96.0,165.0,141.07677634716262,2.2353895908421437,-0.21710717747356825,-0.24403709554603203,138.0,144.0,131.9375298044826,3.0037979777402484,0.41565512996125303,-0.13954744734386937,128.0,136.0,129.30615164520745,26.104549806002154,-0.4412820216530865,-0.9834879668826177,90.0,159.0,144.11492608488317,2.5885650391885613,-0.11180818400947241,0.49985827566711283,141.0,147.0,123.39198855507868,2.7202928227227403,-0.3110584908294456,-0.18825861505993613,120.0,127.0,0.03575414540816327,163.095454429505,0.6826199452458332,0.8475173319872913,0.9723577235772358,0.7586206896551724,0.7029780564263323,47.79321859066286,-0.20310706459722289,56.277834201306234,41.126353801223374,0.7714338141780329,2.577819445486148,3.8137560343515924,5.686995667424766,-11.607700242012488,-7.409734256001828,10.438364839756547,0.09030100334448166,0.12829963649786935,5.0,125.42369723995228,47.79321859066286,1794.0,163.095454429505
146,True,nv,183.416561580496,26.135355848653393,-0.6929368679439808,-0.7267771245478039,142.0,211.20000000000027,148.91887347625052,29.654755362112937,-0.4754193437549684,-0.9663118056350961,104.0,183.0,151.46279949558638,31.26018931156052,-0.297388485496276,-1.0136802158258715,107.0,191.0,117.68011769651113,81.3250644477227,-0.7120333444626242,-1.4877566187176274,1.0,178.0,51.306431273644385,14.794736967957064,0.43689789514255634,-0.5132529229743295,33.0,71.20000000000027,183.416561580496,26.135355848653393,-0.6929368679439808,-0.7267771245478039,142.0,211.20000000000027,165.07692307692307,27.860148272019902,-0.5529555505822513,-0.8708382031829855,122.0,196.0,141.44052122740646,2.220536741184055,-0.2070727887049905,-0.32148826423268817,139.0,144.0,131.64606977721732,3.113516530205983,0.23041204572391188,-0.20915903295242844,128.0,136.0,159.52795292139555,28.689484924654955,-0.5125466092933032,-0.9287638022338474,116.0,192.0,145.06809583858765,2.7936582594957087,-0.15237684403422022,0.13646763468261014,141.0,149.0,123.44598570828079,2.9961309760009995,-0.18468750590286548,-0.2859099631748081,119.0,127.0,0.0372688137755102,177.3380951166243,0.704517930549268,0.7472181152889846,0.96045197740113,0.7333333333333333,0.7083333333333334,48.7950606993654,0.03241614020993687,58.31473738244555,41.3851636811379,0.767256886742759,2.497241678892483,3.81777172624689,5.592649033984422,12.49778606923852,-7.3713426073208685,10.29786806198005,0.08770053475935824,0.1368297158772722,5.0,122.25515726433315,48.7950606993654,1870.0,177.3380951166243
146,True,nv,149.82495126705652,26.97406452801223,-0.18796148799845014,-0.09789059998728922,109.0,175.0,117.07407407407408,29.741275038350217,-0.15076094498628098,-0.501737448869731,74.0,150.0,122.34775828460039,30.788822302832152,-0.06071873757268377,-0.5931604082053656,79.0,159.0,146.57348927875245,62.81916680627251,-1.875811004140289,1.5417642045791249,1.0,178.0,58.953216374269005,18.008081204844608,0.6149369992804189,-0.26512059142407685,38.0,84.0,149.82495126705652,26.97406452801223,-0.18796148799845014,-0.09789059998728922,109.0,175.0,133.5672514619883,29.079494789316307,-0.23593390039296627,-0.48573997569301763,90.0,164.0,141.83703703703705,2.313439123377926,0.15052637066209046,0.555480587827494,139.0,145.0,130.1251461988304,2.9686357923976887,0.3188598128645159,-0.25826940374738383,127.0,134.0,127.48499025341131,28.92638146550678,-0.15221227863720618,-0.42265655986423445,85.0,158.0,143.9664717348928,2.771978735281028,0.31048003743206415,0.736566893267538,140.0,147.0,125.13255360623782,2.68320396868645,-0.224529301310284,-0.3791331685361299,121.0,128.0,0.040517378826530615,182.40916292848974,0.646471954234385,0.7678103143481989,0.9621391386654047,1.25,0.7059027777777778,50.87726402280872,-1.5429983276946884,58.644913630433926,44.742418531526475,0.7765698625228883,2.709394563687695,3.816852891934997,5.859604428943175,-11.405685450397353,-7.527283119432351,-10.706335144352083,0.09001475651746182,0.11532152986119064,4.0,107.80131253912936,50.87726402280872,2033.0,182.40916292848974
147,False,nv,199.0523783587509,14.984780398153402,-0.5396474229604569,-0.2192167872499109,176.0,217.0,134.6167392883079,30.28797854380051,-0.36915458212990115,-0.8225594967672767,90.0,172.0,135.05982207697895,37.602104492670506,-0.5696047466563883,-0.5067928886586586,76.0,180.0,95.56436092955701,86.22638203366083,-0.1475746690013783,-1.9755968458998825,1.0,178.0,89.95143427741466,35.463482472580274,0.8225124937783019,-0.11375212065141538,51.0,145.0,199.0523783587509,14.984780398153402,-0.5396474229604569,-0.2192167872499109,176.0,217.0,160.0620007262164,24.277726652075202,-0.40188725945137255,-0.718729641144995,124.0,190.0,153.1640341321714,7.003672850653452,0.3009594369698352,-1.1007140064139678,144.0,164.0,138.5214233841685,8.464849701687678,0.9153348097276218,0.11599063976005963,129.0,152.0,153.95388525780683,26.25856808279542,-0.4382758437681782,-0.6658234098187283,114.5,186.0,160.2164124909223,8.994804401946174,0.2214213884552088,-1.1545203995566278,149.0,173.0,117.32861292665214,6.95481853362472,-0.6953142358845423,-0.2999344474360024,106.0,125.0,0.2019889987244898,439.26197667087547,0.8945097611857974,0.660064527433852,0.9712505989458553,0.45454545454545453,0.7198153409090909,113.59701926499162,0.026630957524200045,170.4928785232248,76.21857145379488,0.6674034654847686,1.686722161976825,4.323571124588716,5.030821148151779,9.755215274763076,6.069039231193108,10.062604406353536,0.04686729156388747,0.27656872976766084,5.0,136.67464490439448,113.59701926499162,10135.0,439.26197667087547
147,True,nv,190.93953150535683,16.889980697849285,0.0016841566866082544,0.41951058202706815,167.0,209.0,149.01407299800255,23.932689678634034,-0.15757012131183112,-0.604866670866445,115.0,178.0,131.51779553295805,34.980206616296435,-0.5372976683844134,-0.41375326979083615,77.29999999999995,172.0,11.54330851643363,24.42972013510546,6.499724008745977,41.51029792904034,3.0,14.0,82.00181587071,35.13577643769985,0.8526123933018953,-0.02103600193196442,44.0,136.0,190.93953150535683,16.889980697849285,0.0016841566866082544,0.41951058202706815,167.0,209.0,166.21381877610315,21.225619339830487,-0.204029135269837,-0.457357449853951,136.0,191.0,141.5584710368622,4.181746336143905,0.7710201296941018,0.17913330105656922,137.0,147.0,143.55066279280916,8.621308973614333,0.8827194549657705,-0.011294797325987371,134.0,158.0,159.56137642999818,22.680156638190574,-0.21373369126144184,-0.42656496179096903,127.0,186.0,150.41547121844926,5.863240784052105,0.27066720882846496,-0.990156917508286,143.0,159.0,112.15180679135645,7.738392016966365,-0.8170205725714912,-0.10899977911873826,100.0,121.0,0.2019889987244898,439.26197667087547,0.8945097611857974,0.660064527433852,0.9712505989458553,0.45454545454545453,0.7198153409090909,113.59701926499162,0.02663095752420007,170.49287852322485,76.21857145379488,0.6674034654847686,1.6867221619768253,4.323571124588782,5.030821148151649,9.755215274763032,6.069039231193187,10.062604406352886,0.04686729156388747,0.2765687297676608,5.0,76.4554772706546,113.59701926499162,10135.0,439.26197667087547
147,True,nv,199.68954248366012,16.261726217943107,-0.24117624878019728,0.0069597553901310505,176.0,219.0,135.9431735657226,30.642799433202878,-0.3573023460914609,-0.7563469744950932,91.0,173.0,136.35584604212056,37.72228850032547,-0.5572034795116144,-0.46536811690938995,78.0,181.0,95.73819898329702,86.22752354976993,-0.15122727631359756,-1.974467386234076,1.0,178.0,88.75626361655773,35.05614410676408,0.8440482537699714,-0.042011897432261414,50.0,142.0,199.68954248366012,16.261726217943107,-0.24117624878019728,0.0069597553901310505,176.0,219.0,161.08396877269428,24.810800645954334,-0.36991760303270915,-0.6543425578184832,124.0,191.0,152.85185185185185,6.895752314567415,0.3188464543630198,-1.0590305544238308,144.0,163.0,138.36610384894698,8.334153027100054,0.9225877766055751,0.151092515572802,129.0,152.0,155.07489106753812,26.776244116559482,-0.4021316921216833,-0.6021386588855107,115.0,187.0,159.8730936819172,8.88644055828156,0.23313037155133493,-1.1241191924803262,149.0,173.0,117.42601670297749,6.87450865487188,-0.6986353572655798,-0.28307032171504565,106.0,125.0,0.2019889987244898,439.26197667087547,0.8945097611857974,0.660064527433852,0.9712505989458553,0.45454545454545453,0.7198153409090909,113.59701926499162,0.026630957524200045,170.4928785232248,76.21857145379488,0.6674034654847686,1.686722161976825,4.323571124588716,5.030821148151779,9.755215274763076,6.069039231193108,10.062604406353536,0.04686729156388747,0.27656872976766084,5.0,137.5453938744771,113.59701926499162,10135.0,439.26197667087547
148,False,mel,189.914095371669,23.57591071617585,-0.7979067874130895,0.9158515042675619,160.0,218.0,131.3040973752755,31.278600876842273,-0.1740767695543636,0.17596337089509761,93.0,173.0,152.34762572630734,42.35181686040695,-0.6132133692331574,0.28669880913911827,97.0,204.0,138.89826688038468,60.930224890041025,-1.739270593467872,1.1101313389629412,4.0,175.0,83.39270687237027,30.96105643439823,1.118223305111496,2.6826188648554563,46.0,120.0,189.92982368262872,23.59941338913169,-0.7928324515424446,0.9126012202254117,160.0,218.0,156.35729312762973,27.771270400062203,-0.4364568944926898,0.5282361973783556,122.0,191.0,153.92797034662394,7.805465174079829,0.541321656557596,-0.43218359627494873,145.0,166.0,126.47710879583249,10.408074623447211,0.6602306797783595,0.06122211116684051,114.0,141.0,151.2424363854939,29.2898214222076,-0.41579958389541427,0.4532012942742689,115.0,188.0,155.61756161089963,7.6972852946082755,0.16490803105187055,-0.2552959069344758,145.0,166.0,128.6254257663795,9.348500238869246,-0.45718270564079855,-0.44494767799318113,115.0,140.0,0.37145248724489793,680.8254685319159,0.6831998497394557,0.5052863709574887,0.867287110283853,0.797979797979798,0.5957678046285642,154.0475207031063,0.10646888205770869,185.32074691359327,135.32703706721878,0.7530616417271608,2.5391513638207464,3.494693606803854,4.518945117553464,8.539943637115469,5.811969046462138,-9.125367428482958,0.1270522588260543,0.17231856241301324,5.0,115.49069471357095,154.0475207031063,18638.0,680.8254685319159
148,True,mel,183.81611901422562,23.437509872195847,-0.8106470850004159,0.8990559993882106,154.0,212.0,113.90583049489081,30.131709276002386,-0.19646458152814186,0.18772726827254882,77.0,154.0,143.9916850330595,44.146485396880564,-0.5725253696414551,0.10820380007064001,84.0,199.0,144.31717090763374,54.31784932644566,-2.1771873806897353,2.8926529169945594,4.0,175.0,101.07839110398717,31.081398164456125,1.094413971332717,2.567173601410804,64.0,138.0,183.8720196353436,23.513502357923205,-0.7958627057439165,0.8850618014744422,154.0,212.0,143.84036265277499,27.01737962185927,-0.45631804571111795,0.49148261845241814,111.0,178.0,159.97415347625727,7.711288368530396,0.53951602804738,-0.5772334441721432,151.0,172.0,124.04367862151874,12.300371297379519,0.566057332336455,-0.24486129323493122,110.0,142.0,138.2590162292126,28.695923092973,-0.4442034457897564,0.45198260675780944,103.0,174.0,160.533610498898,7.331854016395436,0.13009315293923074,-0.2961474032099507,151.0,170.0,131.23963133640552,10.898797686357266,-0.33647999884424373,-0.693981355053281,115.0,145.0,0.37145248724489793,680.8254685319159,0.6831998497394557,0.5052863709574887,0.867287110283853,0.797979797979798,0.5957678046285642,154.0475207031063,0.10646888205770869,185.32074691359327,135.32703706721878,0.7530616417271608,2.5391513638207464,3.494693606803854,4.518945117553464,8.539943637115469,5.811969046462138,-9.125367428482958,0.1270522588260543,0.17231856241301324,5.0,108.91274984882499,154.0475207031063,18638.0,680.8254685319159
148,True,mel,190.0,23.186737694445924,-0.8442553227563303,1.4560644778119345,160.0,218.0,132.08906461346373,30.96651347653129,-0.17915124020196188,0.15732602519377759,94.0,174.0,152.91062324419934,41.58678320624496,-0.6175545378166857,0.3135838522633563,99.0,204.0,139.33607324940172,60.70471202941823,-1.7611065896986027,1.1866830010093636,4.0,175.0,82.13500156071169,30.511031444307882,1.0746463654669212,2.442127784173733,45.0,119.0,190.00957236499843,23.201294904605778,-0.8409140581416913,1.4528341035630916,160.0,218.0,156.89605660181041,27.416478971053944,-0.44980262246145386,0.6306400665742125,124.0,192.0,153.59619186348976,7.849781120370681,0.5475730312630391,-0.4388112553508572,144.0,165.0,126.44724794506295,10.159005371962088,0.6356161491840637,0.07617872592271668,115.0,141.0,151.79518260326708,28.889881517222104,-0.4231133811141311,0.5018374056771582,116.0,189.0,155.28774321090418,7.718514106315393,0.18927307990894832,-0.3062260137140562,145.0,166.0,128.6308916866091,9.138064516329115,-0.4289347592659217,-0.4391487405961634,115.0,140.0,0.34598214285714285,691.636651713959,0.560886169373268,0.45604068101177114,0.8643696474805815,0.9111111111111111,0.5880758807588076,148.6722519389628,-0.48124695927484035,167.9659078176768,139.05778771157367,0.7665227030616575,2.9909559164660915,3.5447268497875584,4.8474155138150135,9.092305975857679,6.430784274627356,9.391520683100609,0.12730414746543783,0.14145191510642524,4.0,114.4170383783319,148.6722519389628,17360.0,691.636651713959
149,False,nv,144.23158551810238,26.183247946286556,-0.21864617649622042,-1.1283886400336138,107.0,178.0,101.0705368289638,35.78072550884108,-0.07807130859825415,-1.2281833603130758,52.0,150.0,93.16978776529338,45.861226226423135,0.1331698240348421,-1.2464846703170216,34.0,160.0,48.146067415730336,71.82533528744581,1.1320866035557735,-0.7073337814202181,4.0,174.0,103.04244694132335,50.51492105747756,0.2904856918672106,-1.150396101971505,41.0,174.0,144.23158551810238,26.183247946286556,-0.21864617649622042,-1.1283886400336138,107.0,178.0,119.83645443196005,33.71166525026317,-0.11149330193232854,-1.2063606084579082,74.0,166.0,145.01810237203495,4.245911232205303,0.29888598572814856,-1.0940176198145841,140.0,151.0,140.27590511860174,8.923032308526766,-0.3437210137523082,-1.1763306576085317,127.0,151.0,113.08739076154806,33.971124601270134,-0.07676303197091038,-1.2218235752105344,67.0,160.0,150.22721598002497,5.941836970274232,-0.2861589370859899,-1.210264303231362,141.0,157.0,116.75905118601747,7.165904225526248,0.5707792233366158,-0.9870011892403405,109.0,128.0,0.025729432397959183,139.63961030678928,0.5234627733803535,0.8319914245444929,0.9478707782672541,1.1,0.7335227272727273,40.5432146265327,1.362205941065611,44.39809296977016,37.82933056382333,0.7832801412784571,3.1650919775755395,3.712431397683083,5.496317318587589,-10.323207088233938,-7.183355914764457,-10.197227589898128,0.10457010069713402,0.09799179907922193,5.0,148.52350429120992,40.5432146265327,1291.0,139.63961030678928
149,True,nv,143.8355048859935,26.958196999057392,-0.26206801526838636,-1.1872510200703534,105.0,177.0,98.72475570032573,43.748140653153136,-0.1021988764353116,-1.3832148239638038,39.0,155.0,103.37404994571118,49.26459879744134,0.00392518884243082,-1.4084856413220506,37.0,170.0,105.3783930510315,82.64180804233209,-0.4650209765043383,-1.760571577663134,0.0,179.0,90.33821932681867,50.736071078149216,0.38362693943852516,-1.1859304742022225,32.0,165.0,143.8355048859935,26.958196999057392,-0.26206801526838636,-1.1872510200703534,105.0,177.0,119.13409337676438,39.02663334405774,-0.12350228382857399,-1.3588667468900506,65.0,169.0,147.6259500542888,7.521856664445204,0.13143746122799094,-1.4691752685476462,138.0,158.0,134.0515743756786,7.798218720932069,-0.040778101546436296,-1.3383526927431961,123.0,144.0,112.73507057546145,39.292803202601405,-0.11798708927129663,-1.3574813394620888,58.0,163.0,150.20412595005428,9.193340383478878,-0.0895672615140126,-1.48832023168043,138.0,162.0,122.68023887079262,5.956623002814923,0.3645439608086702,-1.279668412369867,116.0,132.0,0.026905293367346938,146.46803743153546,0.5326882620799084,0.7907840622491255,0.9407665505226481,1.0714285714285714,0.7142857142857143,41.45929793656026,-1.3079375260065402,45.57217776707629,38.56825975080065,0.782475352134642,3.1282158627002303,3.6954262863327934,5.47939620178911,-10.262006068269082,-7.120509786464266,10.180282963292123,0.1014814814814815,0.09947589303353771,5.0,160.3360761195387,41.45929793656026,1350.0,146.46803743153546
149,True,nv,153.145443196005,26.355050919100808,-0.22376411348362713,-1.1169459952255423,116.0,187.0,111.81897627965044,36.99419179638004,-0.08661832722696189,-1.2272000179359093,61.0,162.0,101.82896379525593,47.32460973628386,0.09285344318235887,-1.2612004270130308,40.0,169.0,44.81086142322097,69.33591580383558,1.2857851319321705,-0.3350154236979699,4.0,173.0,96.52684144818976,49.938722411981104,0.28017728639207945,-1.169172250882278,35.0,167.0,153.145443196005,26.355050919100808,-0.22376411348362713,-1.1169459952255423,116.0,187.0,129.9338327091136,34.338923459196536,-0.12408928639042646,-1.205911471648172,82.10000000000002,176.0,143.64357053682897,4.5373659344714214,0.3263920293112935,-1.0981422644118546,138.0,150.0,140.75593008739077,9.01620017430443,-0.25838408041656646,-1.2316048044878019,127.0,152.0,123.04868913857678,34.92163692465779,-0.0875606048857011,-1.2197867657436972,75.0,171.0,149.50624219725344,6.474594428996474,-0.21962916810448335,-1.2316970897686559,140.0,158.0,116.0043695380774,7.4076490402078505,0.4622114051770675,-1.1154730947766291,108.0,128.0,0.025729432397959183,139.63961030678928,0.5234627733803535,0.8319914245444929,0.9478707782672541,1.1,0.7335227272727273,40.5432146265327,-1.362205941065611,44.39809296977016,37.82933056382333,0.7832801412784554,3.165091977575515,3.712431397682029,5.49631731858175,-10.323207088226003,-7.183355914759184,10.19722758988809,0.10457010069713402,0.09799179907922193,5.0,145.6296891349175,40.5432146265327,1291.0,139.63961030678928
14,True,nv,158.54533207598007,20.04284947646558,-0.9265463205528717,0.2765217132270976,128.0,180.0,99.62764380978041,30.928216915542777,-0.3297919162139767,-0.7046793041758379,54.0,139.0,107.69136467735417,37.16028380189092,-0.3213408430789762,-0.7460260925566886,52.0,155.0,138.72531321568098,69.23997333381575,-1.478432404821852,0.20478908459462897,1.0,178.0,99.93856931159908,35.034653054817575,0.5778129680574506,-0.27804850603163933,58.0,153.0,158.54533207598007,20.04284947646558,-0.9265463205528717,0.2765217132270976,128.0,180.0,124.68139566213121,27.398721690158112,-0.46810589213418574,-0.5341522433805168,84.0,159.0,153.21891418563922,5.129407998095919,-0.3015911739259014,-0.9158178976982487,146.0,160.0,134.24114239525798,7.087493801319204,0.34924602294682394,-0.7105615606645781,125.0,145.0,118.18779469217297,28.22144542197281,-0.45651003756065256,-0.5688224726458837,76.20000000000005,153.0,156.83268220396067,6.664474606695134,-0.4650774519488801,-0.7730232350631936,147.0,165.0,122.07153442004581,5.335049480568851,0.021106684717545066,-0.8426439574270002,115.0,129.0,0.13030133928571427,346.43354954612926,0.7569577330398274,0.6845653184028809,0.9624613572795525,0.8921568627450981,0.7043740573152338,91.23836990805181,-0.7065733173120626,113.83220722947809,74.3852312695891,0.7526060496413337,2.297782649570548,4.882004078782113,5.807180651958097,11.173595639095558,7.163912592583234,-11.661516651582724,0.04863872743958397,0.16392749093069722,5.0,124.3174758650989,91.23836990805181,6538.0,346.43354954612926
14,True,nv,137.79883945841394,27.152249277352464,0.9209214054738566,2.3065209654142045,105.0,157.0,89.21856866537718,36.577096846019195,0.2943274956359905,0.5707234411709274,38.0,130.0,108.62385557704707,37.75643170339776,0.1504724082082534,0.41183979077922483,54.40000000000009,149.0,166.7658284977434,5.205347948650991,-0.91792018836885,0.8701932929796183,159.0,173.0,96.67053513862024,42.13426272134663,0.7724154716378654,0.14122341751579626,49.0,161.0,137.80889748549322,27.16298156525372,0.9207991392192352,2.303134243019798,105.0,157.0,111.61328175370728,33.35638255062856,0.33000512544825583,0.688107757067788,66.0,146.0,151.13346228239845,5.845693268731922,-0.16469935939716798,-0.8013568787372076,143.0,159.0,125.9531914893617,4.526930783925791,0.9833603411523996,0.4600007767464933,121.0,133.0,105.96363636363637,33.610208731007816,0.39155689730278465,0.9007859616863203,60.0,140.0,150.73836234687298,6.694533670877309,-0.15040117921083604,-0.7384271805504099,142.0,159.60000000000036,129.47646679561572,3.098562616580739,-0.4143416427401197,-0.49548715528483145,125.0,133.0,0.13368941326530612,345.9482681718907,0.6819626332108488,0.7043371508979118,0.9608938547486033,0.9587628865979382,0.743598270701696,92.41694036313619,0.638418287383951,108.97472399958016,79.70269818541708,0.7699737648703101,2.577080646151798,4.910632391541559,5.898694839539155,11.303619631955412,7.231188440286139,-12.763398826894644,0.047704233750745395,0.13006401543732968,5.0,74.50259223525134,92.41694036313619,6708.0,345.9482681718907
15,False,vasc,166.0400890868597,36.19895310340769,-0.7756357499868965,-0.5539005972850486,106.10000000000002,204.0,134.16146993318486,47.377136692032266,-0.6931049911033496,-0.9251722744512256,58.0,182.0,150.59632516703786,37.00948183859214,-0.7346801342899391,-0.7193959078224581,91.0,188.9000000000001,154.83630289532294,38.02418988190958,-3.518911057007822,11.307111438071146,145.0,175.0,57.20573496659243,38.51401475263625,0.984531863885449,-0.2910737250009512,23.0,119.0,166.46130289532294,36.06342864464756,-0.8050526825227191,-0.5115366387242952,107.0,204.0,150.831570155902,42.895192297694784,-0.7561428630332172,-0.7655124948165528,81.0,194.0,143.31959910913142,8.201850452276831,0.6975544030814624,-0.9805149897538241,135.0,156.0,123.86386414253897,5.785908250991578,-0.3172270446070977,-0.6089148338266956,115.0,130.0,145.5665367483296,42.550775700655464,-0.7166448221961227,-0.8258987229594084,77.0,189.0,142.61915367483297,6.720414877159757,0.708859501675633,-0.29598246636058745,135.0,153.0,130.8499443207127,5.243516518114698,0.21200660274739627,-0.691803178203271,125.0,138.9000000000001,0.06074617346938776,223.76450198781714,0.8228662298327744,0.7649665488996158,0.9685414680648237,0.9722222222222222,0.6047619047619047,62.2963412437101,0.7843661619456276,83.69027394648539,47.55575405174506,0.721260849491755,2.0242529753019394,3.389854044713077,4.664705577857959,-9.193702886736045,-6.078930399412884,-8.714674137201888,0.12664041994750652,0.20779271925610462,5.0,112.60163327919338,62.2963412437101,3048.0,223.76450198781714
150,False,nv,161.59963381141287,51.145530988700614,-0.5423526369152514,-1.038083381515439,79.0,217.0,115.29752822703692,61.29610894848204,-0.0504451042187326,-1.4862655843659933,32.0,195.0,103.54043332316142,62.34759359260086,0.21962004704184157,-1.4728348236975286,29.0,193.0,23.797985962770827,52.235857057182756,2.592375634415942,4.749775463442715,2.0,173.4000000000001,107.14617027769302,54.142210893521025,-0.21902338875569363,-1.4489118586079517,29.600000000000023,171.0,161.59963381141287,51.145530988700614,-0.5423526369152514,-1.038083381515439,79.0,217.0,133.64845895636253,58.0095301818481,-0.21419090680194405,-1.356132127501609,48.0,206.0,145.61519682636558,7.408062544390069,-0.09643848655605927,-1.3820909679524036,135.0,155.0,142.84467500762892,7.724425541603884,-0.08671657053138168,-1.090652986722964,132.0,153.0,127.81263350625572,57.95041432893278,-0.13359177442432224,-1.4257526329792252,45.0,201.4000000000001,152.12664021971315,8.692636533761922,-0.14898826244783625,-1.1446053105695457,139.0,163.0,114.29539212694537,6.661162776839604,0.0791668895909207,-1.1369462304063545,106.0,124.0,0.055743781887755105,198.16652224137044,0.3567274695417263,0.8950385785248236,0.9789989499474974,1.0508474576271187,0.7646254784034991,59.676218099208086,1.230059969564751,61.91879911491993,57.84506814476309,0.7946886343005358,3.9249885861136526,4.299407802258817,6.916404842021438,-12.528161746431133,-8.927507541545726,-13.401847564719642,0.05255631033249908,0.04695528004499749,5.0,157.5235989394044,59.676218099208086,2797.0,198.16652224137044
150,True,nv,122.77845590479097,47.36282783769674,-0.5276069363843268,-1.0535054945044462,46.0,174.4000000000001,61.84314922184925,53.39748341906935,0.2711902502012328,-1.48606599209,0.0,140.0,69.55782728104974,51.99248288349061,0.3819743110691623,-1.3611768464052427,12.0,148.0,162.19987793713761,45.665693167676075,-3.24692953115489,8.614732823376121,167.0,178.0,154.19865730851387,75.66583634491091,-0.056398803836907145,-1.5151887498803782,52.0,255.0,122.77845590479097,47.36282783769674,-0.5276069363843268,-1.0535054945044462,46.0,174.4000000000001,87.33811412877633,51.59130066007037,-0.017411444413367574,-1.3860212105887908,15.0,157.0,154.54562099481234,8.943255653555743,-0.11488020679629402,-1.3156103097476288,142.0,166.0,137.20384498016477,7.31116317516117,0.20397997684107008,-1.033097503766935,128.0,147.0,80.95941409826061,50.59379359751004,0.10594178050432349,-1.4826431531830868,16.0,151.0,157.8669514800122,10.434766056039484,-0.02103407780030665,-1.2700621384569122,144.0,171.4000000000001,121.54928288068355,4.559419883931386,0.05646456859658522,-0.9969533193883584,115.60000000000002,128.0,0.055743781887755105,198.16652224137044,0.3567274695417263,0.8950385785248236,0.9789989499474974,1.0508474576271187,0.7646254784034991,59.676218099208086,1.230059969564751,61.91879911491993,57.84506814476309,0.7946886343005358,3.9249885861136526,4.299407802258817,6.916404842021438,-12.528161746431133,-8.927507541545726,-13.401847564719642,0.05255631033249908,0.04695528004499749,5.0,168.69435735028372,59.676218099208086,2797.0,198.16652224137044
150,True,nv,163.02781977623223,50.80284213951867,-0.5549037043985061,-1.0063389596450856,80.0,218.0,116.72724523737527,61.58213402020136,-0.07606086819428987,-1.4739845264640836,32.0,196.0,105.11460538252193,62.869358704001755,0.18945268851905045,-1.4785366404601537,29.0,194.0,25.069549440580587,53.8281264015816,2.4666573732038084,4.109968131358127,2.0,174.0,106.2824312065316,55.02805235962133,-0.1657797652621053,-1.4561633302320431,28.0,172.0,163.02781977623223,50.80284213951867,-0.5549037043985061,-1.0063389596450856,80.0,218.0,135.11309343816148,58.046465082500696,-0.23481217361664555,-1.3380946150973858,49.0,206.0,145.60598729966736,7.539144925953791,-0.0765169844838321,-1.3995517846545855,135.0,155.0,142.76171756879347,7.796710894302839,-0.09067276118604536,-1.0785291241441137,132.0,153.0,129.25733293014818,58.08760057615066,-0.15559195554273014,-1.4107904288969364,46.0,202.0,152.11400060477774,8.80940925910503,-0.16120732579956262,-1.1487942050976634,139.0,163.0,114.37103114605382,6.702448333487986,0.08014470815076968,-1.1267110286209352,106.0,124.0,0.055743781887755105,198.16652224137044,0.35672746954172696,0.8950385785248236,0.9789989499474974,0.9516129032258065,0.7646254784034991,59.676218099208086,0.34073635723014434,61.918799114919935,57.845068144763076,0.7946886343005358,3.924988586113701,4.299407802258817,6.916404842021438,-12.528161746431133,-8.927507541545765,13.401847564719642,0.05255631033249908,0.046955280044997494,5.0,159.6590209007216,59.676218099208086,2797.0,198.16652224137044
151,False,vasc,186.26051885764116,9.407260553164976,0.2338204552423926,-0.5602081121577864,174.0,199.0,60.63636363636363,28.9410271226617,0.5662945747897289,-0.9255261416034037,29.0,104.0,97.87944190102463,12.88085235514667,0.6937230211656529,-0.325290879363231,84.0,117.0,169.3281011554393,19.20240433360381,-8.471395304262852,71.7071313519474,168.0,176.0,173.60715064312186,35.26278713334157,-0.5064491230592589,-1.0181621148349649,120.0,213.0,186.26051885764116,9.407260553164976,0.2338204552423926,-0.5602081121577864,174.0,199.0,116.72640069762372,16.204153402842064,0.664317877739103,-0.6799776017464088,99.0,141.0,179.78569871375626,8.459966662782277,-0.9369429166390283,-0.3728116599349036,166.0,187.0,135.68083714846304,2.553493338304617,0.06628641703986694,-0.1787612125706719,132.0,139.0,102.43143666884674,20.990188344121197,0.5254810493832565,-0.9181078702524847,79.0,134.0,187.77065620231087,8.991344944804771,-0.7357217843724864,-0.7356061540703407,174.0,197.0,125.4270765206017,5.2654903390062495,-0.32746026740670053,-1.1165495759655968,118.0,132.0,0.08404416454081633,249.52186130069782,0.730217781754762,0.8511307130265724,0.9822967621709761,0.7906976744186046,0.7211012311901505,73.27517424167739,0.4105017973529933,88.96907088180588,60.78495525406837,0.7642799041401698,2.4074813290831965,4.178328174013635,5.457270625922235,10.3761912520291,6.755577566706008,-10.489628076150757,0.056201090822859845,0.14008359454653305,5.0,63.87245202011035,73.27517424167739,4217.0,249.52186130069782
151,True,vasc,189.04148230088495,14.888274093137882,1.7773894078872527,3.8826846770567585,175.0,202.0,67.42072271386431,33.21636162666936,0.5297085718547403,-0.7373900642317728,30.0,115.0,102.64767699115045,18.610655821070775,1.3863948158416741,2.557171637389832,84.0,126.0,168.9223820058997,22.034199763612996,-7.365252728539221,53.51982731128722,168.0,177.0,166.24594395280235,38.57897101009109,-0.34656716820867234,-1.1819262583146708,109.0,212.0,189.04148230088495,14.888274093137882,1.7773894078872527,3.8826846770567585,175.0,202.0,121.07724926253687,20.396343050595448,0.890594710883493,0.32593418192397783,100.0,149.0,178.1839970501475,9.55438140763635,-0.7331123822514538,-0.818682324169743,163.0,187.0,135.3410766961652,2.822064876674347,-0.5487045412098364,1.7738799037039872,132.0,139.0,107.78539823008849,25.250800257258646,0.6633498141788394,-0.24550027146954534,80.0,142.0,185.930494100295,10.00695551131424,-0.5638395667135229,-1.0252529227149176,170.0,197.0,125.08646755162242,5.3502757958006235,-0.2002804765238745,-1.2351487492436815,118.0,132.0,0.09363042091836735,290.63455967290594,0.7574511798462992,0.6989214440413781,0.9724694680190437,0.8850574712643678,0.7012987012987013,77.3413174258481,0.6885642769015219,96.07359524267096,62.725663092737754,0.7566238588112894,2.304231232296771,4.162106802566882,5.325097109037381,10.105716115297941,6.506643061671885,-10.471120977316808,0.05598126862494679,0.15402489511608938,3.0,75.50144486684196,77.3413174258481,4698.0,290.63455967290594
151,True,vasc,171.14800298618889,8.553125743903951,0.11842083115163701,-0.8203816228393648,160.0,182.0,70.41937290033594,26.91422049502777,0.48906554622956194,-1.083733541052439,40.0,112.0,112.87122060470325,10.6063742148789,0.6079366201173475,-0.5279543181220681,101.0,129.0,167.99682717431878,3.300574736505533,0.7186183005846628,-0.5651930991194396,165.0,173.0,151.6580813736469,34.8379001126953,-0.4481164868182599,-1.1440664893754044,99.0,192.0,171.14800298618889,8.553125743903951,0.11842083115163701,-0.8203816228393648,160.0,182.0,115.1004106009705,16.61576388214551,0.54250241882591,-0.9452281305860186,96.70000000000005,141.0,172.75774542739828,9.187905629023774,-0.7093569508828461,-0.8536108754121581,158.0,182.0,125.15584173198955,3.961810796114375,0.3858722164406623,-0.9559455070121761,120.0,131.0,105.36375513251213,19.362227773711698,0.4494611906276291,-1.0741525132580216,83.0,135.0,174.90257558790594,8.223877784765198,-0.6545333791426944,-0.9225994111730471,162.0,183.0,132.25886524822695,5.5401408365781455,-0.27722173369684006,-1.20442441133883,124.0,139.0,0.09351084183673469,269.0071426749364,0.7128344130655839,0.8147797830124851,0.976889444097439,0.8636363636363636,0.7015550239234449,77.29191383254386,-0.5181465397662092,92.63197772895872,64.96580489710684,0.7682259766121748,2.4719575953662463,4.167288227451674,5.534306002856258,10.612343253740534,7.005807520725974,10.479038285013626,0.05754475703324813,0.13115254089220896,5.0,46.69160059310478,77.29191383254386,4692.0,269.0071426749364
152,False,vasc,224.89001741149158,12.550297143344135,-1.1223122115479374,3.725652469828182,212.0,240.0,92.62710388856645,34.44754197532602,0.4761337838995037,-1.0249932798225971,54.0,145.0,133.48316889146838,25.688355735044603,0.47049263945266195,-0.8766104121021328,105.0,172.0,170.7690075449797,0.8404545804850714,0.27728825571236687,0.07846406096007863,170.0,172.0,151.28554846198492,34.21142578412435,-0.37031961189197105,-1.1383018998352703,100.0,191.0,224.89001741149158,12.550297143344135,-1.1223122115479374,3.725652469828182,212.0,240.0,148.1950087057458,20.894096018909256,0.5021515509103056,-0.7395637587986608,126.0,180.0,182.18601276842716,10.097058952097651,-0.5405945982876021,-1.0637793680554812,167.0,193.0,133.04004643064422,3.4742429077342454,0.11003200170809768,-1.0929213950197185,129.0,138.0,136.8435867672664,26.12123334523785,0.44412529831607583,-0.9437278108389369,107.0,176.5,190.7739408009286,12.300702572358555,-0.35404009805626796,-1.1734834339920839,173.0,205.0,126.15438189204875,1.4840874711435448,-0.06142513328629891,-0.4370738786046968,124.0,128.0,0.0615234375,217.09545442950497,0.8013121808866144,0.8230856555550349,0.9793781725888325,0.6753246753246753,0.7709790209790209,62.69362387513939,0.31924890944657364,81.31785686124879,48.64811740991452,0.7404173627060807,2.131362548964359,4.088060401405859,5.0757662183664545,9.703954711022249,6.217800655121293,10.016109466603226,0.0599287333981211,0.18696768301108693,5.0,47.602177507953556,62.69362387513939,3087.0,217.09545442950497
152,True,vasc,229.5708067324434,13.176865346912253,-0.8108520925107663,2.5611763468927897,216.0,246.0,82.4219384793964,35.36596048727026,0.4671130653901416,-0.9762326380851531,42.0,135.0,103.60882182240279,30.62703529104128,0.47213797006077074,-0.8971874201559764,69.0,149.0,175.76320371445155,0.8747396977864187,0.27786371134973953,0.3223497553513699,175.0,177.0,164.86854323853743,34.829238731270635,-0.3588658249776777,-1.0931736540566848,114.0,206.0,229.5708067324434,13.176865346912253,-0.8108520925107663,2.5611763468927897,216.0,246.0,144.50174114915845,20.410467890817326,0.5383870502856777,-0.6262342831696515,123.0,175.0,185.17701683110855,9.494935873156399,-0.6113545068544727,-0.858948948704755,171.0,195.0,148.73215322112594,7.224164996886094,0.01675125334954547,-1.2014263200871964,139.0,158.0,128.81775972141614,27.38929361717209,0.44060642552955515,-0.9268849759423077,98.0,169.5,199.8247243180499,12.873059117445116,-0.35201039657840766,-1.0635909869577995,182.0,215.0,113.75130586186883,2.5063974514134824,0.10846476231372035,-0.3780263720720054,110.0,117.0,0.0615234375,217.09545442950497,0.8013121808866144,0.8230856555550349,0.9793781725888325,0.6753246753246753,0.7709790209790209,62.69362387513939,0.31924890944657364,81.31785686124879,48.64811740991452,0.7404173627060807,2.131362548964359,4.088060401405859,5.0757662183664545,9.703954711022249,6.217800655121293,10.016109466603226,0.0599287333981211,0.18696768301108693,5.0,48.8808437759693,62.69362387513939,3087.0,217.09545442950497
152,True,vasc,225.85992907801418,12.079029636894072,-0.6691956853451617,1.4906482988585052,212.0,241.0,96.56501182033097,36.0753238182728,0.377063839951198,-1.202770970250053,55.0,150.0,136.37056737588654,26.939392775814778,0.42017444505315893,-1.0623629657489106,106.0,176.0,170.8161938534279,0.8350465681214951,0.4284233768269178,0.265136042731525,170.0,172.0,147.36672576832152,35.779490693569514,-0.26861252134103886,-1.288890479204664,96.0,189.0,225.85992907801418,12.079029636894072,-0.6691956853451617,1.4906482988585052,212.0,241.0,150.5830378250591,21.802511041123974,0.4678778068067815,-1.0266647270084968,126.0,184.0,180.9887706855792,10.689879071553436,-0.41960465639732986,-1.2413297754944252,165.0,193.0,132.74113475177305,3.5721718815181753,0.1384308270033371,-0.9779012541445633,128.0,138.0,139.77364066193854,27.195491217066532,0.38025315710938506,-1.1466492322471653,109.0,180.0,189.38209219858157,12.945979719379014,-0.2557987242115148,-1.2894002220495189,171.0,205.0,126.14154846335697,1.3798617343936088,-0.12267525454337576,-0.4945648266686571,124.0,128.0,0.05626195790816327,220.03657992645927,0.780671673803918,0.7327080620829326,0.9687714481811942,0.6623376623376623,0.7188693659281895,59.95294183597135,-0.23576256407388244,76.09679213701965,47.556034856914295,0.7489110097611829,2.214322637617779,4.08096069862288,5.129170488143568,9.769664983948935,6.2855032776595685,10.14540804308639,0.060219624512929504,0.17078494947344594,5.0,48.69356689858508,59.95294183597135,2823.0,220.03657992645927
153,False,nv,142.43808444318503,12.752085172236141,-0.4668037246065857,-0.7491049753848769,124.0,157.0,95.931992065741,22.33511530052197,-0.0672486994763847,-1.2994961267476828,66.0,125.0,92.57069991499009,29.65138243198549,0.07002859032059656,-1.3131023823681116,55.0,132.0,63.1088126948144,81.2867964343585,0.6437018333781371,-1.580830087313689,2.0,177.0,95.88977047322187,35.57432331975246,0.16094648371373935,-1.3437978262272776,52.0,144.0,142.43808444318503,12.752085172236141,-0.4668037246065857,-0.7491049753848769,124.0,157.0,116.32643808444318,19.961708479483164,-0.12330821159915012,-1.2310789425764725,90.0,142.0,146.83678095777842,4.136450835191022,0.04519335763814712,-1.3228646039377656,141.0,152.0,138.0396712949844,7.015233515746168,-0.13553873235185196,-1.1756602444341149,129.0,147.0,109.4712383111363,20.146511606733686,-0.10727937271677432,-1.2511689896113338,83.0,135.0,151.54009634457353,5.8552138915544605,-0.21332964977715832,-1.2962904302351985,143.0,159.0,118.46358741853216,5.677444173103121,0.28623382272135195,-1.0543263062171158,111.0,126.0,0.062181122448979595,217.9655121145938,0.5846104579062305,0.8252563858852747,0.9538367471721186,0.9142857142857143,0.6964285714285714,63.027830198839204,0.6099001647948207,70.52462239399618,57.21762244250062,0.7819481092737803,2.935719755113667,4.160311888762856,5.748362820771493,-10.70387008445539,-7.216235278866622,-11.837585999659503,0.08076923076923082,0.09906304709774785,5.0,129.6132049263471,63.027830198839204,3120.0,217.9655121145938
153,True,nv,139.7072899276572,13.118250645611399,-0.4779370106239501,-0.7394719024696883,121.0,155.0,96.38619922092376,27.444647360610976,-0.10991712336091182,-1.3653003803701371,60.0,131.0,104.76599888703394,29.540292532033753,-0.07145118712725981,-1.3415984705671546,66.0,143.0,170.72509738452976,18.353909606243146,-8.469030154079215,75.68795268905338,164.0,178.0,82.11992209237619,35.62628831234533,0.19082863463200983,-1.3119939656139556,38.0,131.0,139.7072899276572,13.118250645611399,-0.4779370106239501,-0.7394719024696883,121.0,155.0,116.6594323873122,23.396387963509003,-0.13925234216482113,-1.3101856706124817,85.0,146.0,147.20895937673902,6.646409223563909,0.11332376676007926,-1.3800523480843236,139.0,156.0,130.92153589315527,4.754925195215494,0.17737482054124767,-1.024042035655075,125.0,137.0,110.30272676683362,23.23274267105348,-0.15180772302391987,-1.3069684290320398,79.0,139.0,149.00779076238175,7.921986441995473,0.006732826860934527,-1.3739845763246432,139.0,159.0,124.85614913745131,3.7894146089444276,0.0819953126947078,-1.0828900048565084,120.0,130.0,0.062181122448979595,217.9655121145938,0.5846104579062301,0.8252563858852747,0.9538367471721186,1.09375,0.6964285714285714,63.027830198839204,-0.9608961620000752,70.52462239399618,57.21762244250063,0.7819481092737797,2.9357197551136807,4.160311888762385,5.748362820772955,-10.70387008445722,-7.2162352788681,-11.83758599968517,0.08076923076923082,0.09906304709774783,5.0,67.09844856419987,63.027830198839204,3120.0,217.9655121145938
153,True,nv,142.64524207011686,12.843528645107895,-0.4958689356754045,-0.7136245684063627,124.0,158.0,96.48469671675014,22.53943343637014,-0.0915631718882636,-1.3060066388073635,66.0,126.0,93.291040623261,29.89111929423577,0.040706747183629266,-1.3256846675234026,55.0,133.0,63.70756816917084,81.43367839674666,0.6251547648692269,-1.604343912898203,2.0,177.0,94.99554813578186,35.825622348902634,0.18700892998013466,-1.3379789293020035,51.0,144.0,142.64524207011686,12.843528645107895,-0.4958689356754045,-0.7136245684063627,124.0,158.0,116.8002225932109,20.142056432899587,-0.15019676710396895,-1.2305601479408512,90.0,143.0,146.70506399554813,4.195996973932832,0.0628014966041993,-1.3396143155101288,141.0,152.0,137.87200890372844,7.0527688295033295,-0.11211580441253911,-1.1952561189895103,128.0,147.0,109.94017807456872,20.315596629495353,-0.13353622607793728,-1.2519473166888158,83.0,136.0,151.35642737896495,5.930041429396033,-0.18723005129791276,-1.3259595291624497,143.0,159.0,118.60239287701725,5.718708118402036,0.2602619381096896,-1.093821983335085,111.0,127.0,0.062181122448979595,217.9655121145938,0.5846104579062306,0.8252563858852747,0.9538367471721186,1.09375,0.6964285714285714,63.027830198839204,0.9608961620000765,70.52462239399618,57.217622442500605,0.7819481092737803,2.935719755113683,4.160311888762856,5.748362820771493,-10.70387008445539,-7.21623527886663,11.837585999659503,0.08076923076923082,0.09906304709774784,5.0,130.10282939075717,63.027830198839204,3120.0,217.9655121145938
154,False,nv,166.84247853676746,28.37414090891508,-1.4962661639169075,2.8127746828605904,126.0,194.0,111.21683463979096,31.58639089653189,-0.9914584822712263,0.4293168327559558,59.0,143.0,113.56241134751772,37.316471463510695,-0.629353371189286,-0.1910400068948368,53.0,156.0,96.98006718924972,86.19793306048544,-0.19199288033717923,-1.9590415012826818,1.0,178.0,93.03762597984323,31.81418855234575,1.4212771709497034,1.3538523286399542,65.0,146.0,166.84247853676746,28.37414090891508,-1.4962661639169075,2.8127746828605904,126.0,194.0,134.29738708473312,30.77935039101003,-1.1831276751808122,1.2429570364719105,86.0,165.0,150.674804031355,3.265362763903376,1.032264766035308,0.7475480686528884,147.0,156.0,136.23751399776035,6.196537517768873,0.31941217120645754,-0.16947622492393855,129.0,145.0,128.13475177304966,31.04451977028792,-1.0472719175198597,0.7462374775313392,78.0,160.0,155.65203434117208,4.242474681067648,0.39865220937598683,-0.013927322834486056,151.0,162.0,119.75576707726763,4.888228060527337,0.08414021945613147,-0.3782271236869943,113.0,126.0,0.5117586096938775,634.2569260369921,0.5209641829649008,0.80212235789053,0.9630574203953044,0.8571428571428571,0.7798226433430515,180.8154999708529,-0.08337132444365916,197.2579862063545,168.3751834209408,0.7859184028094961,3.1799925100200683,4.351161508602078,5.925546561348437,11.099442743065916,8.070477418011743,11.474434659864505,0.0710335695926474,0.0863328346691874,4.0,146.3862625217463,180.8154999708529,25678.0,634.2569260369921
154,True,nv,168.51698155645525,27.82471112039949,-1.286650359625869,2.2527629640583413,129.0,197.0,113.3282351177088,31.794750067471075,-0.9042388226969541,0.3431061289964523,62.0,147.0,115.9947518368571,37.69586688238034,-0.5838954310624356,-0.18650966153499038,56.0,159.0,98.97683310841205,85.91366441318151,-0.24144025223448304,-1.9372359131954442,1.0,178.0,91.10942420152946,31.6259946628544,1.4646011446132676,1.5524999702342495,63.0,143.0,168.51698155645525,27.82471112039949,-1.286650359625869,2.2527629640583413,129.0,197.0,136.28729944519418,30.588573419679175,-1.0541247070245832,0.9796049725555429,88.0,168.0,150.48440545808967,3.3648783607899078,1.221164786236776,1.1194433120480012,147.0,156.0,135.94463187884242,6.278717862262289,0.3286309438548677,-0.15236512442485983,128.0,145.0,130.15107212475633,31.054124423333068,-0.9350086178201933,0.5789355708419901,81.0,163.0,155.4126180836707,4.37006179867006,0.6386027217631888,0.0813858841607149,150.0,162.0,119.99182786024892,4.9623194755734295,0.0833470073459115,-0.3953433550984351,113.0,127.0,0.4981265943877551,671.5533905932737,0.3452715540742359,0.6964413315950709,0.9584323951223254,1.1292134831460674,0.6985857230700431,178.39100084115975,1.4005985059605481,185.59332342381416,174.17985847421875,0.7904913084344756,3.9770189030385787,4.350291163936457,5.862120867454189,11.208075493117603,7.956331799623317,-11.055780949750728,0.07321757221733216,0.06952637483346046,5.0,145.3643701964354,178.39100084115975,24994.0,671.5533905932737
154,True,nv,163.8427576964598,28.335582804923604,-1.4820447343425613,2.7737321385975875,123.0,191.0,118.32918884711313,26.491200741923215,-1.4989068071885834,2.0678552622031363,76.0,142.0,102.63820124334586,33.18293198791959,-0.863106442762791,0.1237134284785375,48.0,137.0,20.34076610951867,44.15316540100881,3.24882444557389,8.642355335182597,3.0,13.0,100.90875925994862,32.61498369590354,1.4918421361861447,1.7538909134272123,72.0,154.0,163.8427576964598,28.335582804923604,-1.4820447343425613,2.7737321385975875,123.0,191.0,137.14398987454862,27.662911708303792,-1.5993192443942383,2.7410468379425286,95.0,162.0,143.91765625581655,2.9738455612888814,0.3195858905214071,-0.2812135289272395,140.0,148.0,143.89446450508134,6.111466941353453,0.3967347505698297,-0.15192228065098234,137.0,153.0,130.17176041395228,27.582760508476856,-1.4128839618703233,1.9164623373637042,87.0,155.0,152.05487101217287,2.6250727544231722,-0.3153844486297534,1.3241444981312265,149.0,155.0,112.46014964821502,5.036423525946854,-0.20757346399788668,-0.19839529804997946,105.0,119.0,0.5117586096938775,634.2569260369921,0.5209641829649008,0.80212235789053,0.9630574203953044,1.1666666666666667,0.7798226433430515,180.8154999708529,-1.4874250023512374,197.2579862063545,168.3751834209408,0.7859184028094958,3.179992510020069,4.351161508602079,5.925546561348448,11.099442743065953,8.070477418011652,-11.474434659864414,0.0710335695926474,0.08633283466918741,4.0,105.10373190183596,180.8154999708529,25678.0,634.2569260369921
155,False,nv,166.87363560033586,20.681865476943024,-1.2623283685766844,1.7384035980716712,139.0,189.0,134.2752588860901,30.666309743503593,-0.8219571636664738,0.4711225883620056,94.0,171.0,108.87181640078366,37.00955350491219,-0.5767211531978196,-0.15453341256374875,57.0,155.0,13.234676742233418,1.5720163011076,-0.05641532065265814,0.1544468149426117,11.0,15.0,93.70542961097117,42.26534622985956,0.9635949510318905,0.7246491769799936,45.0,150.0,166.87363560033586,20.681865476943024,-1.2623283685766844,1.7384035980716712,139.0,189.0,148.9699132381752,27.801469544550717,-0.9436286567818637,0.7965156203941666,112.0,181.0,137.21788413098236,4.643666398071375,0.6951776786896645,0.09609806530496634,132.0,143.0,146.79191155891408,6.513646598323497,0.21392786433300157,-0.7508847250496395,138.0,156.0,141.13000279876854,28.29609403263091,-0.8832547798256765,0.6134026727196975,103.0,174.0,146.37685418415896,5.921566503683891,0.047590795747623205,-0.9602345020797634,138.0,154.0,109.7969493422894,5.424911357577019,0.030730724318461727,-0.9106040138061102,102.0,117.0,0.13131776147959184,317.22034611053283,0.4099570578176383,0.8228246662587121,0.95826061663758,1.0434782608695652,0.7460371376811594,91.59353339761486,-1.4343475571237012,96.3746859490508,87.90381600689817,0.7921034284047589,3.6590736065158915,4.0764172479373375,6.9251632813197475,12.591674011947047,9.000451638984975,-12.562258496689145,0.0670814994688117,0.05944611369131986,5.0,64.51922800791019,91.59353339761486,6589.0,317.22034611053283
155,True,nv,171.59738158281849,23.67036371657333,-0.34420424309907366,1.158873299936669,143.0,196.0,140.41718152397763,33.22082559024711,-0.6094933665044362,0.4792548026871484,99.0,178.0,116.12385995881141,39.7026897834294,-0.5359170605696582,0.020242784237741507,65.0,163.0,13.258752574286556,1.5951647214780436,-0.04988101043989669,0.10679108897651268,11.0,15.0,87.64460135333921,43.27396416815047,1.1772719890514105,1.4419299599286504,41.0,141.0,171.59738158281849,23.67036371657333,-0.34420424309907366,1.158873299936669,143.0,196.0,154.5862018240659,30.04245545887836,-0.6442289948525134,0.6155025471338385,117.0,188.0,136.6869667549279,4.8912844845871,1.059535719094957,1.2709748322790801,131.0,143.0,145.83245072080024,6.8392219983028735,0.45048452621603485,-0.4362979387096382,138.0,155.0,146.97881729920564,30.878228289562006,-0.5744819221670636,0.5339411246374999,108.0,181.0,145.58105325095616,6.397180991149771,0.35266476743639946,-0.5111743121542194,137.0,154.0,110.58605472197705,5.789267316485777,-0.20439767579745446,-0.7360226720870009,103.0,118.0,0.11955915178571429,326.01933598375615,0.40677940644778365,0.7092543512853627,0.949659648567358,1.0444444444444445,0.7091016548463357,87.39659048765141,-1.1290417136205866,91.89606246684053,83.94948067837767,0.7920800980983144,3.673774242969181,4.080055140851898,6.947463270207367,12.653250597848379,9.057999818212975,12.57690121032104,0.07051175195865977,0.06015625513439634,5.0,68.53949260620185,87.39659048765141,5999.0,326.01933598375615
155,True,nv,172.1447483270294,25.126340567488988,-0.15688508201626328,1.1942557033713568,142.0,198.0,141.39234797788768,34.158824043552094,-0.4782115130517721,0.5346336278576884,99.0,179.0,117.290078556881,40.40377308796309,-0.4683055416895389,0.07884787757802103,65.0,164.0,13.298079720686646,1.6084694848953613,0.13856070236847617,0.15277258261696636,11.0,15.0,86.62860052371254,42.96336311147295,1.1922462632583317,1.494581519476502,40.0,140.0,172.1447483270294,25.126340567488988,-0.15688508201626328,1.1942557033713568,142.0,198.0,155.3780913587431,31.04519671774245,-0.5224088094116466,0.6690505063344903,117.0,189.0,136.51163805644458,4.7155264647035775,0.9733713037965622,1.008560038593198,131.0,142.0,145.62860052371255,6.739325411550445,0.43798372597169466,-0.3872834372449181,137.0,155.0,147.84419551934826,31.94616993102214,-0.437378294349485,0.6012830136682767,108.0,183.0,145.3572883328484,6.213125142834201,0.2718833019569934,-0.624852335778344,137.0,153.0,110.75225487343613,5.700597568192893,-0.18176154390609067,-0.7029562691121938,103.0,118.0,0.12055564413265306,329.01933598375615,0.25993895018046176,0.7021834762157713,0.9493094789704959,0.9578947368421052,0.6997108155002891,87.76004789255188,-0.7774041510384686,89.75426720876996,86.66896899316389,0.7935891935396476,4.499901269840462,4.079446814963473,7.426841691633582,-13.214108433226668,-9.87121062258928,-13.598680629323567,0.06629194908249303,0.05346442225100373,5.0,69.69817316385729,87.76004789255188,6049.0,329.01933598375615
156,False,nv,161.39850746268658,15.50624646277661,-1.4013664180911842,1.229329735535364,135.0,175.0,103.7865671641791,19.02670860801847,-0.8632251159460044,-0.10599395963700298,72.0,123.10000000000014,77.6950248756219,18.91376147830166,-0.5323842644583341,-0.5016664178475154,47.0,100.0,9.35323383084577,1.0364510774129183,0.04347749084114113,-0.5060165333729754,8.0,11.0,133.97761194029852,20.807241283254225,0.3883419875067182,-0.4990614192011704,109.0,165.0,161.39850746268658,15.50624646277661,-1.4013664180911842,1.229329735535364,135.0,175.0,126.35323383084577,17.622283552424175,-1.043455762628412,0.28544059565482227,97.0,144.0,148.28159203980098,3.328051953278033,0.027239294871425856,-1.0086221186273099,144.0,153.0,152.34378109452737,2.796893022435085,-0.46049139312757104,-0.3463819466643443,148.0,156.0,118.04925373134328,17.766312298192723,-0.9828743520119841,0.1364633493254308,88.0,136.0,158.9542288557214,3.1047859905519326,-0.2291852264735838,-0.6324447101418982,155.0,163.0,105.2452736318408,2.129639226156235,0.4309032547837779,-0.23805587270464912,103.0,108.0,0.03218670280612245,161.78174593052023,0.5417098086471503,0.775395640169755,0.9324480369515011,0.8333333333333334,0.6646090534979424,45.34624421875849,0.4047427372506459,51.214271862716885,43.04895379546803,0.7613913641511313,3.051954211112115,2.9460317560982885,4.800904379610102,8.922336409091745,7.058537838131006,8.757864829325289,0.23343653250774,0.15374852169067704,5.0,37.34993882344375,45.34624421875849,1615.0,161.78174593052023
156,True,nv,162.79202423018677,15.707290898542857,-1.0978756931534066,1.204407137026899,137.0,176.0,105.90964159515396,19.696342273704374,-0.7590621141515902,0.06989023944782735,73.0,127.0,80.12569409389198,19.804900272303094,-0.49107609525755197,-0.3363294864206643,49.0,104.0,9.37203432609793,1.0234037450952211,-0.0568484478868004,-0.3495295712525781,8.0,11.0,131.31751640585563,21.64459008038646,0.47698293926591756,-0.4127972376109046,106.0,164.0,162.79202423018677,15.707290898542857,-1.0978756931534066,1.204407137026899,137.0,176.0,128.21049974760223,18.08406559300647,-0.8948684904923122,0.4063188416226633,98.0,146.0,147.92327107521453,3.464417613542867,0.05120594598126044,-0.9929831342155029,144.0,153.0,151.96617869762747,2.855137330062943,-0.3526679568872233,-0.5572397690721593,148.0,156.0,119.9979808177688,18.329862041626324,-0.8372124311126177,0.2862470684407241,90.0,139.0,158.55830388692578,3.2723055781203736,-0.27000142335073757,-0.6229627697980837,154.0,163.0,105.51892983341746,2.0971532026534736,0.38637050132876144,-0.4720229147014865,103.0,109.0,0.029595822704081634,166.0243866176395,0.5247933134994077,0.677006048664675,0.9149722735674677,0.8113207547169812,0.651601579640193,43.482878514786904,0.06880386676101702,48.82424390023803,41.560645798039126,0.7618890217276233,3.1171975949087445,2.944651323084601,4.79782673052573,8.81348033653233,6.749849409869183,8.825857521858444,0.235016835016835,0.14945378261165926,5.0,38.37528472402454,43.482878514786904,1485.0,166.0243866176395
156,True,nv,168.55074626865672,15.373514147846235,-1.3654933543041776,1.1004606861445856,142.0,182.0,111.94278606965175,19.030329555319966,-0.8573986646355701,-0.12322994346039007,80.0,132.0,85.73532338308458,18.614085396392152,-0.5131162855065557,-0.5114257395010862,56.0,108.0,9.517412935323383,1.089043248748011,0.025887385335740087,-0.5476489381361569,8.0,11.0,126.7358208955224,18.83215627320116,0.28459298435531555,-0.5726099082277414,103.0,154.0,168.55074626865672,15.373514147846235,-1.3654933543041776,1.1004606861445856,142.0,182.0,134.01691542288557,17.47623012383121,-1.0267754753743406,0.2346230362548316,104.0,151.0,147.51144278606967,3.2577681228486712,-0.0016915298165410698,-1.0365860139849548,143.0,152.0,151.82985074626865,2.617374872177163,-0.45696412507918727,-0.44946514065021503,148.0,155.0,125.88955223880598,17.700401667829322,-0.9699255242663374,0.09897359827821672,96.0,144.0,158.463184079602,3.090490600243641,-0.31209975113808897,-0.6267318952803507,154.0,162.0,105.35572139303483,2.106689086565169,0.39922819496628714,-0.4191561922991287,103.0,108.0,0.03218670280612245,161.78174593052023,0.5417098086471503,0.775395640169755,0.9324480369515011,0.8333333333333334,0.6646090534979424,45.34624421875849,0.4047427372506459,51.214271862716885,43.04895379546803,0.7613913641511313,3.051954211112115,2.9460317560982885,4.800904379610102,8.922336409091745,7.058537838131006,8.757864829325289,0.23343653250774,0.15374852169067704,5.0,35.29471366979541,45.34624421875849,1615.0,161.78174593052023
157,False,vasc,185.8784283513097,12.186475364658705,0.5898092129283138,-0.5086015008153346,172.0,203.0,95.23605546995377,33.63132931826231,0.5338069610437197,-1.063154859800425,59.0,145.10000000000036,144.2029275808937,14.466015348323449,0.5921262544894876,-0.572618105387007,128.0,165.0,164.6024653312789,3.607310685015636,1.0389371662623887,0.034400231491221955,161.0,170.0,126.61941448382126,37.21107899076793,-0.4165729335186683,-1.2383648170414592,71.0,169.0,185.8784283513097,12.186475364658705,0.5898092129283138,-0.5086015008153346,172.0,203.0,135.2080123266564,22.688658419054896,0.608595484231388,-0.9098381352180662,111.0,169.0,169.78489984591678,11.348694597078811,-0.6066881832596687,-1.1106352737558336,152.0,181.10000000000036,118.32942989214176,5.535870962866095,0.6734925873658475,-0.8791600250615694,113.0,127.0,127.92480739599384,24.853479125763002,0.5378723164847355,-0.9924328564899016,101.0,165.0,169.34869029275808,9.581697321159366,-0.54309954078353,-1.0918680836272205,155.0,180.0,137.19907550077042,6.354921105551344,-0.5353328307858193,-1.1334432349746937,128.0,144.0,0.11744658801020408,299.1787155501902,0.7879512118946298,0.827341707881256,0.9790662900814089,0.6216216216216216,0.769421595508552,86.6210172944437,0.0037446062882844655,110.47756543630094,68.02519957381222,0.7483021182009945,2.189819155236409,5.251776717753332,6.528367673425809,12.88791265766789,8.802686756673006,12.444991412196401,0.024266078398099467,0.17501505372184573,5.0,53.00486504044227,86.6210172944437,5893.0,299.1787155501902
157,True,vasc,196.91973903808224,12.902776755312896,0.5625188572853249,-0.6445548775854557,182.0,215.0,117.88833257472311,35.08492376656257,0.4915202737609915,-1.132472870571218,79.0,170.0,183.65968745258687,10.08649949944737,0.6826754089044038,-0.13697686119672925,172.0,198.0,156.02139280837505,3.8278060118312776,0.9444684646475864,-0.2423723070058168,152.0,162.0,104.50007586102261,35.176395665426426,-0.37528585291934174,-1.2970919590806762,52.0,145.0,196.91973903808224,12.902776755312896,0.5625188572853249,-0.6445548775854557,182.0,215.0,154.19875587922925,23.760077611185274,0.5527889609475566,-1.0085763046948222,129.0,189.0,168.23456228189957,12.963713269644185,-0.49884699316269693,-1.238582174448404,148.0,182.0,106.75496889698073,9.16747923821824,0.4891505648678871,-1.274978404768886,97.0,120.0,149.03125474131392,25.386634195986534,0.5049699048221757,-1.0526675590497303,121.0,186.0,162.20118343195267,9.407877132605345,-0.489940609262914,-1.1629900996272664,148.0,173.0,147.55560612957063,9.214823261291558,-0.4216533177770193,-1.3298714449757,134.0,158.0,0.1139389349489796,318.9482681718907,0.8326446835769227,0.7062160111007808,0.9722789115646259,0.7788461538461539,0.678656220322887,85.31770318785502,0.5327372099979695,114.74599689818206,63.54720236432957,0.7256362560897692,2.001787322407877,5.247385218493474,6.399519706898772,12.68975539447107,8.82077151084351,12.249875989480413,0.02291411579499736,0.20207121498202266,5.0,51.9069784325706,85.31770318785502,5717.0,318.9482681718907
157,True,vasc,182.01406865503657,12.830562141393752,0.5729572044545618,-0.6185158436210418,167.0,200.0,85.79586381541925,34.185298136271285,0.48298018604671383,-1.1543360307391846,48.0,137.0,126.85959482273495,16.21076656662786,0.5562692305716606,-0.7337153037672919,109.0,152.0,167.5275745638717,9.22771689304409,-15.069902579939672,272.18623104863747,164.70000000000005,174.0,137.37338210467078,38.98141961746784,-0.3548537678372731,-1.3200215602152288,80.0,182.0,182.01406865503657,12.830562141393752,0.5729572044545618,-0.6185158436210418,167.0,200.0,127.82428249859313,22.85850363952677,0.57937400153667,-0.9857076311465405,103.0,162.0,170.6796567248171,10.907174578334882,-0.5554346601759209,-1.1940491557497872,154.0,182.0,124.34819921215532,4.530134314065881,0.7013996242221653,-0.6658784344174427,120.0,131.0,119.24690489589196,25.581222455260622,0.4944693679518774,-1.0834294235054336,91.0,157.0,172.75773776027012,9.600069935785527,-0.46565169492864333,-1.181933545212081,158.0,183.0,132.31598199212155,5.832354796414313,-0.5284392638840539,-1.0911418060520737,124.0,139.0,0.12282764668367346,338.7888886054567,0.8241758392114096,0.6747512774265843,0.9685682853999685,1.0978260869565217,0.6632587171760654,88.58315479933421,-0.8877620480962062,117.81717902474513,66.72387286199873,0.7306794912195476,2.038910305110412,5.238403966255142,6.386830578947204,12.53410456833555,8.175557198922393,12.251773729325166,0.02401427876034401,0.19257056985675083,5.0,61.03969865190568,88.58315479933421,6163.0,338.7888886054567
158,False,mel,134.93536818008394,30.110515321309364,-0.19476875013265077,-1.269973719288495,92.0,172.0,73.48660816482258,46.32226571129944,0.2880180427651444,-1.3152322031793044,18.0,140.0,74.99397176650133,52.636845522722474,0.4434523586292166,-1.2833842320529627,18.0,154.0,75.88409004196872,84.32993331108986,0.2641969890992249,-1.9172438761910018,0.0,178.0,134.89317054559328,62.91022802727419,-0.206656783285507,-1.4631874987787754,47.0,209.0,134.9559710034338,30.140575633596168,-0.19178293012597325,-1.2673259120570193,92.0,172.0,99.63296451735978,40.7977980412611,0.20053937197594007,-1.322141360118548,48.0,157.0,154.57932086989697,7.970796544562327,-0.6224593867579375,-0.9898567244333489,142.0,163.0,140.80053414727203,10.312050700136965,-0.5188359344283983,-1.155487158151195,124.0,152.0,92.04250286150324,41.926589907992096,0.21455489100578082,-1.346780543210381,40.0,151.0,158.64006104540252,9.877800359536467,-0.7644227403957111,-0.734455870044084,143.0,168.0,118.36398321251431,7.172980162830025,0.6661887696476705,-0.7552465604985881,111.0,130.0,0.24424027423469388,463.78888860545663,0.6099323237365913,0.7159496816311127,0.9322936477748194,1.112,0.7053237410071942,124.91417301783422,-1.0779790036529338,142.49427555542954,112.92008836477342,0.7731887145545208,2.828550326948474,3.668585237590081,6.02935372998617,-11.003906410510494,-7.829442894996656,-11.057008394049966,0.11660546715626274,0.12447524725169254,5.0,177.3807369719602,124.91417301783422,12255.0,463.78888860545663
158,True,mel,134.8452140077821,30.17811861022873,-0.22079872897638528,-1.279627718742363,91.0,172.0,69.69976653696499,48.16551852770581,0.32739051508870654,-1.3782438259322103,15.0,139.0,82.75898832684825,52.17751396873046,0.4158882010478124,-1.3606369566843728,27.0,160.0,170.84715953307392,14.541532686261093,-8.544695661983752,95.22657849449287,160.0,178.0,137.1525291828794,64.12570524656842,-0.18125941513759958,-1.482841188437411,48.0,213.0,134.9495719844358,30.315620304508908,-0.20978231384824172,-1.2739665264047346,91.0,172.0,98.35579766536965,41.43430719452876,0.22945245544078866,-1.370096730128979,48.0,156.0,157.09649805447472,8.686231075931088,-0.5955268804297558,-0.9355116428527062,144.0,166.0,135.30560311284046,9.583005777600844,-0.34249299245990156,-1.1930562494005532,121.0,146.0,90.68132295719845,42.89047314016864,0.24177998055296746,-1.4102074409786554,39.90000000000009,151.0,159.5414785992218,10.973375603377955,-0.6012838156378985,-0.842041195652818,143.0,172.0,123.51058365758755,6.324930971909626,0.54593979543866,-0.8419281489160642,116.0,133.0,0.23329878826530612,484.87214972614186,0.6120174818584021,0.62569675766184,0.9275752773375594,1.0923076923076922,0.634127843986999,122.08415994988792,0.9910636336706764,139.42071591417596,110.2600692322787,0.7729043848050365,2.8206924603906476,3.6623206564681805,6.020589208000238,-11.05309449901545,-7.9531670246694794,-10.978413438097867,0.11891337775499744,0.12460684536383157,5.0,108.98285823733842,122.08415994988792,11706.0,484.87214972614186
158,True,mel,136.07412750755702,30.35074460861816,-0.2173002310611714,-1.2731621258231298,92.0,173.0,75.85243198680956,47.46584012275772,0.25661292897727594,-1.3420276032437037,18.0,143.0,77.94036823303105,54.15880631214067,0.40276030498141335,-1.3318878529100948,19.0,158.0,79.90416323165705,84.42060800887961,0.16161671428664803,-1.9572478342723607,0.0,178.0,131.5759137125584,63.938012667105006,-0.1655212230015729,-1.495122726733629,44.0,208.0,136.1143858202803,30.40845029112026,-0.21171051926864684,-1.2685462241969534,92.0,173.0,101.62496564990381,41.71698282700593,0.17415740224970558,-1.3448070751643957,49.0,159.0,154.11074471008519,8.21385417159627,-0.5730062299164015,-1.0769664867546556,142.0,163.0,140.15594943665843,10.587898730691622,-0.4672474402979795,-1.2371077611820915,124.0,152.0,94.10545479527343,42.85463963065934,0.18549042968354393,-1.3693518386443886,40.0,153.0,157.97890904094533,10.287033798781453,-0.7184181526440536,-0.8404427104955703,142.0,168.0,118.85765320142896,7.435945472289995,0.6259879135903281,-0.8604349704032419,111.0,131.0,0.2631138392857143,517.4995667241113,0.6392770701237549,0.6194833117303546,0.9293256370547656,1.0571428571428572,0.6371621621621621,129.65071719660335,-0.9040626688393303,150.14286996613507,115.45633572378672,0.7699914462305741,2.7207440607425575,3.6685011816691198,5.901289792841089,11.473057830284981,7.674163225320803,10.69205840315972,0.11846689895470386,0.13095903518644955,5.0,178.76707096710487,129.65071719660335,13202.0,517.4995667241113
159,False,nv,140.71900220102714,36.445150476870396,0.12140886502964014,-1.2399749358672647,94.0,193.0,83.2461482024945,46.150094191609156,0.46877264891709786,-1.130378977729127,31.0,155.0,74.6463683052091,51.814462082910666,0.7759071880431128,-0.7842151931544254,25.0,162.0,32.21496698459281,62.266273258700465,1.8147320800660336,1.3084037906623225,2.0,172.0,135.29677182685253,53.185795795417135,-0.5507255078084465,-1.1776662013230517,50.0,190.0,140.71900220102714,36.445150476870396,0.12140886502964014,-1.2399749358672647,94.0,193.0,106.40865737344095,43.23652617609588,0.3739558495070521,-1.1709136195968828,55.0,172.0,151.6177549523111,5.613554652817744,-0.5562039124589165,-1.0314363558225144,143.0,158.0,144.61151870873073,8.451050161413145,-0.9020697321396429,-0.17502622470286333,130.0,153.0,99.46368305209097,43.681448356585406,0.43342334327322113,-1.1474688669062034,50.0,167.0,157.47505502567864,6.550380512986291,-0.98335397880351,-0.0931308400726798,146.0,164.0,113.991195891416,6.553179620100968,0.8623597382097842,0.07865156869885714,107.0,125.0,0.0470344387755102,198.50966799187808,0.8493644989525992,0.7525901691754324,0.9574036511156186,0.5657894736842105,0.7221542227662179,54.816469473826785,0.010081334702924898,75.74650471133101,39.97951522508849,0.711578901929913,1.9202371630216535,4.4241006883984,5.767915256326105,-10.86392420170767,-6.730381260021887,13.538240142950222,0.04110169491525428,0.22690346795935093,5.0,151.897219530988,54.816469473826785,2360.0,198.50966799187808
159,True,nv,136.4803448275862,38.057940762126215,0.007124627529527653,-1.3580772642339591,86.0,187.0,80.81862068965518,50.806789508553564,0.40510337802886565,-1.345742229456405,25.0,158.0,82.17206896551724,55.03319104330619,0.566865978299576,-1.2096061722401983,27.0,169.0,83.0651724137931,85.8254899087312,0.11148410470210222,-1.9784003169932998,0.0,178.0,123.35206896551725,56.643225658155814,-0.32875435798426156,-1.4657863873407677,40.0,185.0,136.4803448275862,38.057940762126215,0.007124627529527653,-1.3580772642339591,86.0,187.0,104.00896551724138,47.04744401755549,0.3009032724112182,-1.3674883241765992,49.0,173.0,152.08310344827586,7.119157545785333,-0.529749437513505,-1.1169317926162141,141.0,160.0,138.9451724137931,8.022345568382688,-0.5286355493094845,-0.8422059981950119,126.0,148.0,97.63137931034483,47.22839204693383,0.3457122032204913,-1.3664033044898103,43.900000000000034,167.0,155.75,8.320472259474798,-0.6758549573168293,-0.7878526325503454,142.0,165.0,119.26,5.894765650046278,0.6225301967291266,-0.5192496345561661,113.0,129.0,0.04567920918367347,219.03657992645927,0.8861563913273222,0.6003315637251697,0.943986820428336,0.64,0.6366666666666667,54.02096848940227,0.4114615047192452,79.69160729199453,36.92799793329751,0.6770307924774456,1.732977350718708,4.3559886124460405,5.60234825821039,-10.589149873515991,-6.48088588284709,-11.312346510153581,0.04493891797556715,0.2662179284028306,5.0,180.5266563290132,54.02096848940227,2292.0,219.03657992645927
159,True,nv,144.9933222036728,37.94088128834452,0.020286035581105796,-1.3440899638819597,95.0,196.0,89.51352253756261,54.92131327513499,0.4837311717280294,-1.3012442084216262,32.0,175.0,95.42904841402337,56.04879722509627,0.578994816741236,-1.2182547459921556,40.0,185.0,143.089816360601,66.51775677524273,-1.6628072788673927,0.8036103316223282,0.0,178.0,111.91051752921535,55.845655470748476,-0.38448847718269513,-1.412466599554411,28.0,172.0,144.99365609348914,37.94130815610147,0.02030210289244838,-1.3440916346914202,95.0,196.0,113.11953255425709,49.192671547753946,0.37455519868226117,-1.3354070668769893,57.0,187.0,152.2534223706177,9.126245928537502,-0.6053728718453102,-1.059831355765097,137.0,162.0,135.89081803005007,6.680130193162765,-0.2826146022848073,-0.9252463129851405,126.0,144.0,106.7873121869783,49.66173226983835,0.4100585826539329,-1.3377111260439327,52.0,182.0,155.29348914858096,10.370579663180987,-0.6524284063957227,-0.8311525828008102,138.0,166.0,121.57028380634391,5.004370552557071,0.4143528082321886,-0.7307291960081845,115.0,129.0,0.04749282525510204,213.1370849898476,0.8191016192806544,0.6591979723468846,0.9490242931103147,0.7878787878787878,0.6943473193473193,55.082935970261175,0.49068686044462145,73.01306116670567,41.88382892920587,0.7308942264025564,2.0555346833327612,4.49864558989998,5.9225669092615565,-11.133516349787419,-6.95581632064526,-12.53395397918132,0.04070499370541336,0.2000572174026552,5.0,160.3047204020927,55.082935970261175,2383.0,213.1370849898476
15,True,vasc,158.95794510198942,37.238144690666715,-0.8218263124980996,-0.49675114908437434,97.0,197.0,126.6036262906069,48.54180415774945,-0.7524394891624097,-0.8600857999738856,46.0,175.0,142.56761521027448,37.7019638065689,-0.7887061540414372,-0.664738813329973,81.0,181.0,152.94359103500378,42.59998641675359,-3.0945601543585295,8.155593799381192,142.0,176.0,61.908839083354316,43.76463168575533,1.0758240544391022,-0.1442840060677053,25.0,134.0,159.3183077310501,37.12259481554762,-0.849236122974803,-0.45250251430890254,97.0,197.0,143.48400906572653,44.362412071240705,-0.8137762913545925,-0.6962442088336416,70.0,187.0,143.58700579199194,8.403310998278396,0.7434424747646088,-0.9384631603256892,136.0,157.0,124.20045328632587,5.910062936585409,-0.3965379342782996,-0.5909018955197225,115.0,131.0,138.09921934021656,43.637967417691534,-0.7734955786984514,-0.7623217459733542,65.0,182.0,142.89322588768573,6.705683171637545,0.7215753028548595,-0.24858198707441614,136.0,153.0,130.54192898514228,5.344674207873544,0.29423501467581725,-0.7333616737688802,124.0,138.0,0.06303810586734694,252.10764773832474,0.8278074101846092,0.6253699593237129,0.9535725052758517,0.7125,0.693640350877193,63.4606703399619,-0.33992083827797925,85.83191269253882,48.152765706049614,0.7180834047334751,2.0021259482354927,3.381991954668145,4.710139016457313,-8.76250490595965,-5.723552302314912,9.52804004788818,0.1280429971546001,0.21786441708100374,5.0,123.48721291805654,63.4606703399619,3163.0,252.10764773832474
15,True,vasc,169.13591128802958,36.16685275361796,-0.816429761772026,-0.4793025197460459,108.0,206.0,137.76485641171453,47.20497935286522,-0.7531055451947292,-0.832363295026683,60.0,184.0,153.2951379016207,36.68903377797774,-0.7765596017445597,-0.6508420146242364,94.0,191.0,154.43673585442139,40.14581459921329,-3.324010845416484,9.791985441776948,145.0,176.0,55.11145862951379,37.32517511341195,1.0180162498816767,-0.3122928127139031,22.0,117.0,169.48677850440717,36.03935325442178,-0.842821765403291,-0.4354621440509172,108.0,206.0,154.13420528859822,42.688884003772806,-0.8128536007671904,-0.6721516583176363,83.0,196.0,142.90162069945976,8.106659624696782,0.7532361881823693,-0.9446402719958136,135.0,156.0,124.25533124822292,5.72049954321397,-0.40193622187210726,-0.5916133894267062,115.0,130.0,148.92465169178277,42.42316653734769,-0.7712418573219564,-0.7362096219071783,78.60000000000002,191.0,142.4404321865226,6.555221793916447,0.7131391953750312,-0.30744591473931493,135.0,152.0,130.47540517486493,5.189749595745571,0.2884942372393769,-0.7057812431400357,125.0,138.0,0.05590322066326531,226.10764773832474,0.8227947198996468,0.6894650019262696,0.9576647319904404,0.8108108108108109,0.6317567567567568,59.76150034078906,0.5496680480101128,80.29831741863984,45.636639284371704,0.7210772090629691,2.0241139318745116,3.3821290653075056,4.639924939431307,-9.41053041750682,-6.220198385940343,-8.657623883190668,0.12941176470588234,0.2086704449495984,5.0,113.51034296704702,59.76150034078906,2805.0,226.10764773832474
16,False,vasc,168.14024935109146,24.357004737122633,0.6389800446454899,-0.45107594829914976,141.0,204.0,45.74469171524616,28.511521555724723,0.9996655497594255,0.14391791470921556,17.0,91.0,96.29734904897664,19.77376848566036,0.767236653939467,0.32518319491586967,74.0,124.0,167.7147355431684,2.5636992432195957,1.5123566934922965,1.8943763648379255,166.0,172.0,189.75422322454364,31.346753725423884,-0.672882700731602,-0.4902853153426552,142.0,224.0,168.14024935109146,24.357004737122633,0.6389800446454899,-0.45107594829914976,141.0,204.0,102.38019658737926,22.556636181291456,0.8992996694877556,0.01718265210982839,79.0,137.0,180.22713927066934,4.060578735994734,-0.7153276411945407,1.3036529506541807,175.0,185.0,128.255478490277,3.7478734996965897,0.746901876301539,0.8010618059170307,124.0,133.0,88.0830177439258,25.873186326084678,0.8840611869739515,-0.0463746746553273,61.0,128.0,185.04940215309986,4.2242148967577,0.02951711383900633,-0.3365956321204182,180.0,191.0,132.65409982553933,5.0164920026181425,-1.3479436338397137,1.0672929527897033,124.0,137.0,0.4489596619897959,590.4751801064718,0.7328829447508075,0.8119138099961725,0.9748150071400753,0.7244897959183674,0.8093920666858293,169.358398741394,0.0909496447694433,206.92315594807062,140.78115255826694,0.7599956834706517,2.390271848594967,3.9891393056742133,5.546343817488163,10.740499908931982,7.2600621851017975,10.346921159672608,0.0689838860034625,0.15113601695366533,5.0,58.26745770576612,169.358398741394,22527.0,590.4751801064718
160,False,nv,177.83782019085888,30.88300155591708,-0.888706187882616,-0.07498140338959347,125.0,211.0,135.71677548970368,37.446929396075966,-0.13157835128652337,-0.9140841656642711,80.0,185.0,123.4028126569563,39.05317978031818,0.1773565386657886,-0.9058344191256738,72.0,177.0,8.692265193370165,18.86900507521175,8.675546054971687,74.13250739518506,4.0,9.0,81.80683073832245,29.825579574204365,-0.1902903980741198,-0.6048211723461931,40.0,117.0,177.83782019085888,30.88300155591708,-0.888706187882616,-0.07498140338959347,125.0,211.0,153.30050226017076,34.64373105201415,-0.33914133047859174,-0.7515802799230897,100.0,197.0,142.6629331993973,4.872049170430619,0.02754517425420662,-0.6149441020304485,136.0,149.0,141.1401808136615,4.973206742264938,-0.24797330348297836,-0.4992011907788356,134.0,147.0,146.91361125062784,35.28520904665511,-0.27186592454966985,-0.8128415288218536,93.0,192.0,150.08809643395278,6.400580236657364,-0.20692987924457082,-0.5891899289426363,141.0,158.0,114.71185334003013,4.497311561516917,0.3658375863491341,-0.4216960511459775,109.0,121.0,0.3772520727040816,533.2447327281723,0.6435096765192166,0.8365355209545692,0.979457725344096,0.7666666666666667,0.7620370370370371,155.24545514214546,0.3112737382276011,178.4085346298668,136.560667779104,0.7781418906366816,2.7226124759855477,3.920028627298528,5.3491097436525425,10.016682289501913,6.782441342380472,10.409069724384809,0.07813407998309474,0.10859608763568299,5.0,79.57758620533319,155.24545514214546,18929.0,533.2447327281723
160,True,nv,196.2470243435612,35.19136867953438,-0.7063141672799582,-0.1270740325927422,138.0,238.0,156.1614929122555,42.35649148481939,-0.21249896054196868,-0.8258474410231971,91.0,210.0,144.4116274896824,44.027709588989204,-0.0005853763902827284,-0.9454786366670707,82.0,203.0,8.563849512530654,18.08754751206527,8.969550259898517,79.76193438769042,4.0,9.0,71.23356660087326,28.707001353251638,-0.016560432959306717,-0.6296756386980791,32.0,107.0,196.2470243435612,35.19136867953438,-0.7063141672799582,-0.1270740325927422,138.0,238.0,172.27675100185417,38.5917704786399,-0.3818236697833128,-0.6744246899308166,111.0,220.0,141.5097194808302,4.954353337993685,0.06439666360744246,-0.43087108021976084,135.0,148.0,140.15150427657156,4.803360017760647,-0.2141092486228533,-0.42680138042304616,134.0,146.0,166.81876906513548,40.053466920471,-0.31365131123953616,-0.7373387634821462,104.0,217.0,149.02153238830073,6.6615399047636155,-0.18595827587013272,-0.5019375705700155,140.0,157.0,115.34104910580777,4.500023845054383,0.3399500845975573,-0.41321155117950914,110.0,121.0,0.30831473214285715,513.1269837220809,0.6417593056719787,0.7383299247394914,0.9730171708912511,0.8260869565217391,0.7224583197123243,140.34605714822547,-0.3769903598364595,161.13365158990962,123.57438319451586,0.778347648212893,2.728986897107863,3.9246918024493462,5.356729735168051,10.028128074346084,6.788977565399766,10.437499523831109,0.07679379444085321,0.10654577001617076,5.0,81.98591754485129,140.34605714822547,15470.0,513.1269837220809
160,True,nv,178.73540702825082,30.919043964239247,-0.8963756807400913,-0.070708109977061,126.0,212.0,137.26282114381337,38.02561845620489,-0.13406705819444498,-0.9448925959933572,81.0,187.0,125.17801949010729,39.89746128817072,0.1684102814655209,-0.9500676766341174,73.0,181.0,8.929471404665813,19.911545131325866,8.165150061408168,65.40143523315031,4.0,9.0,80.30524657938774,30.49197195027588,-0.1986836811289188,-0.6802184568205454,37.0,116.0,178.73540702825082,30.919043964239247,-0.8963756807400913,-0.070708109977061,126.0,212.0,154.63465892312234,35.04804618732252,-0.3381571076749355,-0.7798358105187977,100.0,199.0,142.42361452898908,4.959571516608935,0.0039950601916378765,-0.6761501532365388,136.0,149.0,140.89383797617876,5.069931319916574,-0.2744842624878883,-0.5508635807271487,134.0,147.0,148.29254847918102,35.73742787263589,-0.27330413003528964,-0.83906546610933,93.0,194.0,149.74603799586575,6.586486701612037,-0.23536681813281257,-0.6208113414478613,140.0,158.0,114.9339994093907,4.595180656371527,0.390186919237657,-0.458510414687467,109.0,121.0,0.3747608418367347,572.239682094289,0.5871043581359725,0.7216126951045275,0.9751088985687617,0.8809523809523809,0.7562741312741312,154.73201478427146,0.5582913066703141,172.91168233615883,139.97395304537787,0.7838426146624288,2.9305818884853063,3.9296720032190158,5.498294257934967,10.214333916781102,6.969529566943847,-11.22511465707646,0.07806849606466704,0.09102170785421948,5.0,81.322561045841,154.73201478427146,18804.0,572.239682094289
161,False,vasc,172.20821204228588,12.944413574258641,0.6767720513034987,-0.5233491827927215,158.0,193.0,45.3937490424391,32.13944277638535,0.8688920174789284,-0.6651657781983671,15.0,100.0,87.54925693274092,15.339096059327803,0.9060898165598182,-0.05079073805427203,71.0,113.0,170.35376129921863,6.46711123136817,-19.454757166174378,513.54055884961,168.0,176.0,190.69174199479087,40.795013816325294,-0.7673152169970633,-0.8442115780368029,123.0,230.0,172.20821204228588,12.944413574258641,0.6767720513034987,-0.5233491827927215,158.0,193.0,104.64302129615443,18.680989090427364,0.9801380941660449,-0.3623121524243178,87.0,137.0,179.85062049946376,7.699298834393073,-1.1800700861512854,0.02599990156385701,166.0,186.0,135.09897349471427,2.835245761215807,0.2966985257185235,-0.3612250283603564,132.0,139.0,88.11031101578061,24.266902900567544,0.8515168204908437,-0.6379791821840053,65.0,129.0,187.95618201317603,8.621623028510559,-0.9461638863409138,-0.4130501208884816,173.0,196.0,127.66339819212502,5.811126168754221,-0.7207755214465554,-0.9770642679518202,118.0,133.0,0.11774553571428571,290.14927829866735,0.4703502384419571,0.8818756705833253,0.9827012641383899,0.9347826086956522,0.7467138523761375,86.73118948968325,0.476962766469313,92.50106401470451,81.6303233953993,0.7931470569281716,3.3968485511344237,4.55016837573582,7.076854978631264,-13.127600505240729,-9.00429218628254,12.979078726743797,0.04502369668246442,0.054034382610774534,5.0,60.206538621952106,86.73118948968325,5908.0,290.14927829866735
161,True,vasc,172.41442672741078,13.119577547628209,0.657075490569395,-0.5544413423733796,158.0,193.0,45.916476841306,32.520795431527716,0.843270765298577,-0.7239559583511839,15.0,101.0,87.80106302201975,15.591157436635285,0.8868939626521956,-0.10270713829128386,71.0,113.0,170.3466970387244,7.108119248429932,-18.695913323546534,447.94910465600367,168.0,176.0,190.06317388003038,41.21793057653776,-0.7421373898011703,-0.89927651934478,122.0,230.0,172.41442672741078,13.119577547628209,0.657075490569395,-0.5544413423733796,158.0,193.0,104.96826119969629,18.94064728175614,0.9522384738082506,-0.42832278565280735,87.0,137.0,179.71966590736523,7.796544444779518,-1.1429568413823936,-0.08829060142806133,166.0,186.0,135.13135914958238,2.834845931558484,0.28752325519406874,-0.3701099968536026,132.0,139.0,88.50721336370539,24.56858717309334,0.826573314178125,-0.6921138530234092,65.0,130.0,187.82201974183752,8.71953450738206,-0.9199575729894627,-0.49164392994893813,173.0,196.0,127.57995444191344,5.843623473962157,-0.6978610626899563,-1.013650650705211,118.0,133.0,0.11774553571428571,290.14927829866735,0.47035023844195734,0.8818756705833253,0.9827012641383899,1.069767441860465,0.7467138523761375,86.73118948968325,1.0938335603255835,92.5010640147045,81.63032339539927,0.7931470569281719,3.396848551134421,4.550168375735743,7.076854978636263,-13.127600505248626,-9.004292186287666,-12.979078726751036,0.04502369668246442,0.05403438261077455,5.0,61.4456273725959,86.73118948968325,5908.0,290.14927829866735
161,True,vasc,161.17735283089613,13.905277683246341,0.6044116061081528,-0.8058353759731509,145.0,183.0,21.23159605049369,29.09391129782104,1.0337124815911884,-0.5166863789023561,0.0,71.0,78.52005999250093,11.756566322270258,0.9721315694791149,0.30828980450986787,67.0,97.0,168.06524184476942,3.176237067567552,0.9078782599061732,-0.49066765716477745,165.0,173.0,224.64066991626046,40.56760437141441,-0.967650032877264,-0.6799092439369634,156.0,255.0,161.17735283089613,13.905277683246341,0.6044116061081528,-0.8058353759731509,145.0,183.0,92.20709911261092,15.233014278395453,1.0152083422579812,-0.3199056271943155,78.0,118.0,182.77090363704536,4.516700479657152,-1.380784728882697,1.1366858451307236,175.0,187.0,133.53943257092862,3.4279012988371877,0.404641237510594,-0.4932416018077235,130.0,139.0,69.58605174353205,22.217677022481173,0.9952182811747117,-0.5572642434732424,51.0,108.0,193.27034120734908,6.9114441680810765,-1.0813059177104953,0.013821573948478605,181.0,200.0,133.05711786026745,7.156916896247975,-0.6989625949329963,-0.9386175607910423,121.0,140.0,0.1394092793367347,348.5756851698602,0.4720337839729408,0.7234414752391091,0.9736915367483296,0.875,0.739116652578191,94.3732515886915,7.224161282973242e-06,100.71115066692833,88.78498249405973,0.7930201647740669,3.3896128402951096,4.55037627520784,7.075362991171579,-13.16492321887522,-9.049197709326045,12.959461618076576,0.04560400285918509,0.05526891207875517,5.0,57.6491191222283,94.3732515886915,6995.0,348.5756851698602
162,False,mel,105.94421052631579,40.724525691501725,0.3816554909175433,-0.6536928431881015,55.0,167.0,55.214894736842105,46.115962292321456,1.1072902144185524,0.11073071198084605,12.0,133.0,52.10752631578947,49.03045526358664,1.3779195050258795,0.7200364129952788,13.0,140.0,67.49084210526316,82.0039467620554,0.5168738337585007,-1.7185519963737397,1.0,178.0,154.93384210526315,58.44731313419504,-0.943871858072403,-0.33921514150292564,50.0,212.0,105.99168421052632,40.79595741460128,0.38514435218640525,-0.6497174252041762,55.0,167.0,75.0521052631579,45.84005626878921,0.8489206522976449,-0.2482390354142039,26.0,150.0,150.54468421052633,6.313853036255668,-0.6120604417941116,-0.530677919589424,141.0,158.0,141.10705263157894,8.929850163614075,-0.3884662022224757,-0.6762218245535547,129.0,152.0,70.05042105263158,44.224082327589926,0.9848404433876005,-0.06795102198639702,26.0,144.0,153.64526315789473,7.972126024580931,-0.5413899235041727,-0.48316728110639584,142.0,164.0,117.87131578947368,6.921440248301168,0.2943076024565044,-0.5652345595544102,109.0,127.0,0.3600526147959184,562.6589462905454,0.626047322745791,0.7171027910164216,0.9291298086813413,0.7580645161290323,0.6888583848089682,151.66524194813212,0.11633616989422066,175.16118338111585,136.58807500258135,0.7678027154542384,2.761783844079287,3.50129489968517,6.653687579142417,-11.73978132902233,-8.247690062631305,12.436530427071435,0.14275434517878893,0.13213861995432763,5.0,181.24721731085174,151.66524194813212,18066.0,562.6589462905454
162,True,mel,125.63812785388127,44.63246709880733,0.4225037923048451,-0.5428844566007514,72.0,189.0,55.910863774733635,54.697322050651124,0.9884692976012364,-0.23262327640099034,6.0,147.0,67.2459094368341,57.45095546199039,1.0847240316591509,-0.04931885763160171,17.0,166.0,144.23944063926942,63.09258294619566,-1.799027895436983,1.325179435075854,1.0,178.0,163.0529394977169,67.5843095149685,-0.586347987324204,-0.9674456152908255,52.0,237.0,125.89659436834094,44.96374067472676,0.42882730238277444,-0.5538724953069005,72.0,190.0,85.94977168949772,49.94878320471164,0.80017672488762,-0.4264455776247629,35.0,166.0,158.8101693302892,8.828947459997039,-0.5207165066076875,-0.5594516364009983,145.0,169.0,138.33761415525115,10.923617499239576,-0.17777270034732878,-0.7613775780220515,123.0,152.0,78.0646404109589,50.975594013326486,0.8957817372125344,-0.34813486530707705,29.0,161.0,161.96946347031962,12.025717613137198,-0.3422606239004929,-0.5069013887907023,144.0,177.0,121.89012557077625,7.513230941315119,0.3016975090207004,-0.6069170891816791,112.0,132.0,0.38707748724489793,642.1808075912433,0.6732976426913603,0.5918193625552216,0.9249892841834548,0.7978142076502732,0.7269256680889288,157.25412057509442,-0.3642677178078338,186.52435468702225,137.91080065706606,0.7615450984898823,2.5890573045111323,3.4965828694764918,6.068429134006245,-11.188137951890782,-8.351862125710397,10.902572390954306,0.14313664916074553,0.14498092113944452,5.0,175.6406331358909,157.25412057509442,19422.0,642.1808075912433
162,True,mel,114.08940646130729,42.157578672534896,0.38395289197358,-0.7208699809127368,62.0,177.0,64.39074148991504,53.561622797250564,1.11313397052153,-0.01838632192698242,17.0,157.0,66.29041206727157,54.05551400575628,1.20978212662934,0.12570055502786825,21.0,164.0,98.43957695197365,84.45277291762815,-0.2564894465651396,-1.9118805508623498,0.0,178.0,135.06241692192106,61.07073302934388,-0.8928353707206422,-0.5633038680508213,27.0,194.0,114.16280413801076,42.263623339173,0.38823875504865685,-0.7170346075821881,62.0,178.0,84.70184361093452,50.833086718985726,0.8876251363318685,-0.3215775790455955,33.0,170.0,150.40137548402012,8.736100401562101,-0.8017982588609579,-0.27231993499163076,136.0,160.0,137.89527827544356,7.864894836020528,-0.04412678747454706,-1.0582138859114085,127.0,148.0,79.4833265907646,49.53712169130592,0.9887868423051144,-0.2002702226802855,32.0,164.0,152.7237473270531,10.307673688460783,-0.6010294251543573,-0.47129460735152495,137.0,165.0,120.5438363289603,5.908716796531626,0.027174177667531194,-0.9965099089006619,113.0,128.0,0.3184191645408163,551.3574311003804,0.6095155582159095,0.6604480079953079,0.9247019330941081,0.8068181818181818,0.6392845710627401,142.6273052617685,0.3185168821448005,163.36562955450796,129.51204103955232,0.7695085311909076,2.822648490016665,3.502326338268041,6.911521130134041,-12.166313898163924,-8.3770933989779,-12.470289698881928,0.1421418288790136,0.1278737686646288,5.0,187.78712928614502,142.6273052617685,15977.0,551.3574311003804
163,False,mel,157.42560553633217,54.16419515139158,-0.24007427998020917,-1.2966253036621849,79.0,223.0,104.76470588235294,62.557350849670094,0.11494694241426176,-1.5351039047521795,28.0,189.0,109.78892733564014,76.79880073510992,0.3063764282084163,-1.5430540906894763,25.700000000000003,219.30000000000007,89.5242214532872,80.39384198149827,-0.10379428280183792,-1.950294975302287,2.0,177.0,112.8840830449827,59.598820753701645,0.05874968230236724,-1.5801459204676942,40.0,189.0,157.6107266435986,54.404950503280276,-0.22978924827901168,-1.2932091457189816,79.0,223.0,126.22664359861592,60.36015479319487,-0.0034350126352144655,-1.4762502523754932,47.7,205.0,151.00692041522493,4.667485322513698,0.009708135927606878,-1.0842741582025366,145.0,157.0,135.72837370242215,13.242635524133872,-0.11680311547319915,-1.3200588156570532,117.0,153.0,121.09861591695501,61.325037065579465,0.0684643526402591,-1.5217688268920064,43.7,203.0,153.9567474048443,8.256057719917177,-0.18759949240165244,-1.211476923849077,143.0,164.0,121.62110726643598,11.07523988753059,0.20598583726847486,-1.235792595855134,108.0,137.0,0.008031728316326531,79.94112549695427,0.7976270049424039,0.7924546047095522,0.9243119266055045,0.6551724137931034,0.7313974591651543,22.65205369339104,-0.16150382277589093,29.401533976192308,17.733565403743178,0.7379371782391336,2.1381707020516094,4.628319640311705,5.499256538303163,10.807604986311615,6.727540880385202,10.64815143196461,0.09677419354838712,0.19919205007723367,5.0,194.3976132384802,22.65205369339104,403.0,79.94112549695427
163,True,mel,161.50521609538004,53.53043804169193,-0.41969847449190545,-1.2526258606632121,82.0,219.0,110.28017883755588,66.77905074979745,-0.058118282078746135,-1.6590901357490033,25.0,192.0,125.51862891207153,77.39246678623648,0.025510665825485015,-1.6889303823225492,33.0,223.0,140.07004470938898,59.050052121794735,-1.8263480488903578,1.6011061736440944,1.0,178.0,101.50670640834575,59.203905395172036,0.28110615781079384,-1.5189924009271314,36.0,183.0,162.54396423248883,54.64711959165726,-0.38531434043779356,-1.267835677311949,82.0,223.0,132.19225037257823,62.56442521185123,-0.1633976511712789,-1.566946499163823,48.0,206.0,151.60655737704917,7.1191824523032,0.28239059038494935,-0.9668141314887295,143.0,162.0,129.93889716840536,11.639294076231703,0.32282718234926006,-1.057658425191019,116.0,147.0,127.35022354694486,63.629922680353005,-0.11367302266799459,-1.6249665153021369,44.0,203.0,152.38748137108792,10.564771116237,0.17833211944581448,-1.0637742755298432,139.0,167.0,126.98211624441133,9.33239357764805,-0.08445188256213151,-1.172679905807367,114.0,139.0,0.00825095663265306,85.9827560572969,0.7517886394366396,0.7036998877110027,0.8980477223427332,1.08,0.6133333333333333,22.959119571977435,-0.9053806323973952,28.54582441062541,18.823235267183605,0.753239586007949,2.3156872527659327,4.9409924145228015,5.78578348406827,-11.61155979814485,-7.884291212765532,11.176661627321739,0.09903381642512077,0.1654721620949666,5.0,172.90107710862404,22.959119571977435,414.0,85.9827560572969
163,True,mel,145.82112436115844,56.49631333885708,-0.2707907679074183,-1.2735671301181126,63.0,213.0,90.94718909710392,64.75654003084652,0.09653166641115898,-1.5455380792456275,10.0,177.0,96.22146507666099,79.74137507408146,0.28606351418766496,-1.5472174266192045,8.0,209.0,88.41396933560478,80.59407198168174,-0.07764300511050752,-1.9549774908380326,1.0,177.0,133.6388415672913,75.98356132640615,0.16378897677465723,-1.5538358539410504,44.0,236.0,146.10391822827938,56.8579427834019,-0.2561485251718984,-1.2702159919937837,63.0,214.0,113.36456558773425,63.02634563062211,-0.030659081763901076,-1.4672752985541138,31.0,194.0,152.35775127768312,5.129809370399456,0.06492604660192176,-1.1659864783752052,146.0,159.0,136.50596252129472,14.29696773530981,-0.09313670379760151,-1.3015798984705682,117.0,155.0,107.97614991482112,63.61558938747259,0.04702597929875479,-1.528739403066155,26.6,191.39999999999998,155.0289608177172,8.594648672432943,-0.18024145383560117,-1.2027624623204825,143.0,166.0,121.36286201022146,11.460301852702854,0.21811759129434713,-1.1773152069463928,107.0,138.0,0.008031728316326531,79.94112549695427,0.797627004942404,0.7924546047095522,0.9243119266055045,1.5263157894736843,0.7313974591651543,22.65205369339104,1.4092925040190056,29.401533976192304,17.733565403743174,0.7379371782391302,2.13817070205163,4.62831964030252,5.4992565383106475,10.807604986322476,6.727540880393793,10.648151431969216,0.09677419354838712,0.19919205007723373,5.0,213.4355760914898,22.65205369339104,403.0,79.94112549695427
164,False,vasc,135.69853997127814,43.057549438969275,-0.2227305271224808,-0.7047399275249449,78.0,191.0,122.38966012446147,39.90576391467204,-0.05470424313587925,-0.29101842690476776,69.0,171.0,145.7900909526089,36.95547341412625,-0.23754334692696413,0.5033901494463309,98.0,189.0,136.90246529439924,21.99195180373351,-1.0990298475409481,7.920252372723622,116.0,168.0,52.331737673528,18.74152249126754,0.614056523798633,0.23124703549504666,30.0,78.0,150.2865007180469,39.48307700405471,-0.34235122258290723,0.002469138354637579,98.0,197.0,134.9579942556247,40.48357209264681,-0.2912792286459836,-0.2500939001641851,81.0,183.0,138.0464337003351,4.418670727289229,-0.10491305588965352,-0.8505911968681978,132.0,144.0,117.14109621828626,6.2293665877876805,0.5307795673692959,-0.4635820946939444,110.0,126.0,129.0394925801819,39.957111053294284,-0.164600725129652,-0.37295378810754665,76.0,177.0,132.7540689325036,6.934812483476616,0.36255906668090115,-0.967921594014205,125.0,143.0,137.4658927716611,5.899887620936088,-0.6435938548787501,-0.3392134056565661,129.0,144.0,0.15334024234693877,335.22034611053283,0.6622180018232056,0.8604017909223115,0.9842650633235257,0.7719298245614035,0.7669457735247209,98.97628532730626,-0.24863241222647178,114.43540920224375,85.7477371223474,0.7796184120286037,2.6622986915904967,5.047843416084867,6.663261487172886,12.527814340018553,8.034316596186427,13.21454481876536,0.026514166883285673,0.10595405064200995,5.0,80.21655129905575,98.97628532730626,7694.0,335.22034611053283
164,True,vasc,139.06218702690114,44.40235851014293,-0.2466635591309055,-0.6365133956919804,79.0,194.0,134.80074531268195,41.333270828992575,-0.22797660617270887,-0.29884900818398386,79.0,186.0,148.29043903575172,38.30997676725214,-0.38948744309394295,0.07045054025596897,98.0,194.0,129.69768254337953,21.24315954920011,-0.12581839569209866,2.5309059816907586,109.0,162.0,32.31279841621055,17.293895441671385,0.8200984580314423,0.7379034744136033,12.0,57.0,149.88342843833703,39.60393809219286,-0.37094016046187883,-0.10457489613142235,98.0,198.0,144.31768953068593,41.79142582795225,-0.40577025197635663,-0.18572307987968584,88.0,195.0,132.39664609293118,3.751930110137175,0.15788507705085703,-1.0779472351849086,128.0,137.0,121.23430767439152,3.7638231382702405,-0.4690962847431499,-0.525171311467417,116.0,126.0,137.6156981483638,41.666068119610124,-0.2641521562408796,-0.3774019663941828,81.0,189.0,129.03330616047515,4.840178616197494,0.5162663072840884,-0.5889566798392014,124.0,136.0,134.0307441481309,3.4783913220042146,0.2965190490306299,-0.7211510128424767,130.0,139.0,0.1509685905612245,357.61731573020285,0.6859921013279269,0.7443126893665473,0.9791882109617374,0.7982456140350878,0.7301908617698092,98.20788945583169,0.3953153706226705,115.23766919695292,83.84796366568756,0.7757883895792557,2.5753509164493478,5.032559954416846,6.545884750725538,12.338519350847992,7.8571881655083455,13.238667885341675,0.027854785478547806,0.11444027791227186,5.0,78.14099308306436,98.20788945583169,7575.0,357.61731573020285
164,True,vasc,144.51577520335223,45.498930042884766,-0.17632001364090302,-0.6433080538342306,83.0,200.0,131.05373428641855,42.225830665973774,-0.06128102300524065,-0.37063615893567947,75.0,185.0,152.75992112398325,38.84162670754575,-0.12663090934655993,0.19116562061142783,103.0,204.0,137.67451318708405,23.80688933799576,-1.4526794943770005,8.685060569654215,116.0,170.0,47.85937885136801,18.003123791842587,0.7608801868650971,0.5937096467167091,27.0,73.0,157.8005915701257,41.52905584424984,-0.2520616266635659,-0.19992831256501598,103.30000000000007,209.0,143.38217894996302,42.361575327404836,-0.26469014145913117,-0.30973267027286555,86.0,195.69999999999982,137.61437022430368,4.122004958090041,-0.1318156380360967,-0.8728287161067332,132.0,143.0,118.14444170569386,6.1833651616911425,0.5007047454843861,-0.5870080676643608,111.0,127.0,137.55619916194232,42.32780929986779,-0.134100376410093,-0.4131834100399394,81.0,190.0,132.97140744392408,6.737419616358008,0.36400501543000846,-1.0069722184365704,125.0,143.0,136.59267931969435,5.894571279017669,-0.6286227532062368,-0.4803272081588532,128.0,143.0,0.14333545918367346,346.19090885900994,0.5752612956505578,0.7540987570100228,0.9769084487910894,1.0208333333333333,0.7644557823129252,95.69294020843591,0.8377446183463502,105.89988264925408,86.62289599209336,0.7887029967673802,2.9828967869695555,5.052823289314768,7.087931489709992,13.268933892487146,8.84580944035699,13.357728701117038,0.027808676307007785,0.07449020770224046,5.0,83.33906897408818,95.69294020843591,7192.0,346.19090885900994
165,False,nv,158.6754442858996,43.414308405066436,-0.16342018586424292,-1.4982496612972838,98.0,210.0,95.88416136982748,50.76831862659165,0.14045064388573306,-1.5342794291773374,35.0,163.0,95.71954857958231,47.020497491347044,0.20308385665800366,-1.466889140015883,40.0,160.0,70.70229601764171,85.86664535612204,0.44145497990587873,-1.803805168921927,0.0,179.0,115.45245816578026,41.13241989625648,-0.08255328509063252,-1.4748469472490946,61.0,167.0,158.6754442858996,43.414308405066436,-0.16342018586424292,-1.4982496612972838,98.0,210.0,120.97483460889869,47.454680496108,0.029470935814836976,-1.535184949754281,60.0,182.0,153.812167596316,6.161572723351398,-0.4465802405198908,-1.0805084060103392,145.0,161.0,139.8990789985731,3.2674585400263716,0.14318724093921076,-0.3651986463895862,136.0,144.0,114.64794396160332,47.97302788901311,0.06912549360444596,-1.5419818259365292,55.0,177.0,159.44882604747698,5.3709347588335445,-0.3983795703060711,-0.4061674925888057,152.0,166.0,117.27033337657284,2.7846247160224618,0.02837305513271974,-0.28205947418496713,114.0,121.0,0.14020647321428573,326.2914139223983,0.5310795096757029,0.830352837505157,0.96900826446281,1.0833333333333333,0.7046274038461539,94.64269753769632,1.1048515588518486,103.75036027707576,87.9099617126826,0.784393186327618,3.1381715324213406,3.632096935345617,6.003565136545766,11.322027978500099,8.214265818668794,-10.84420483044427,0.1135749822316986,0.08962647502137247,5.0,170.41337365744494,94.64269753769632,7035.0,326.2914139223983
165,True,nv,160.70848008669736,43.77662544558706,-0.21231355412692332,-1.4905285432133248,99.0,212.0,98.96301815226226,51.971115740404976,0.08365026222512784,-1.553873301445461,35.0,167.0,98.78325657003522,48.33921165787912,0.15252542067961394,-1.486188823854283,40.0,164.0,69.95814142508806,85.71275903381846,0.45996059049932936,-1.7871193209844762,0.0,179.0,112.67678136006502,42.232492457486444,-0.030503360354139405,-1.4866555217346678,58.0,166.0,160.70848008669736,43.77662544558706,-0.21231355412692332,-1.4905285432133248,99.0,212.0,123.65795177458683,48.36820771723031,-0.02284228750071461,-1.5434854784491134,61.0,185.0,153.31481983202383,6.414098603292828,-0.39524190616693666,-1.181836183822224,144.0,161.0,139.61785424004336,3.2863222948000224,0.08342167330632566,-0.4144200896507937,135.0,144.0,117.41099972907071,48.947883401264974,0.015360958949245915,-1.5533389862732834,55.0,180.0,158.93145489027364,5.622449344029913,-0.43380381659057343,-0.4981030761697989,151.0,166.0,117.44296938499052,2.7529322341977847,-0.015076950276345343,-0.4803071972463875,114.0,121.0,0.12920519770408162,338.6761902332486,0.5919912447072576,0.7102586869129984,0.9615840996736873,1.186046511627907,0.7390560875512996,90.8537944640622,-1.4548439491387009,102.13011222599981,82.3111914052298,0.780223858593895,2.905915637005744,3.6237842132009663,5.7733745014624755,-10.67979007675438,-7.419446336251541,-10.577162361850835,0.11399043652629959,0.1025264865553596,5.0,171.72187693689196,90.8537944640622,6483.0,338.6761902332486
165,True,nv,160.79841086761502,43.967278823142756,-0.20558920530105665,-1.4866988655896247,99.0,213.0,99.04267589388697,52.15796695097224,0.09553372977935544,-1.5392437054084498,35.0,167.80000000000018,98.93707548378829,48.5616148571281,0.16544477924496362,-1.469582925138836,41.0,165.0,70.51275150583109,85.8381310038473,0.4457895226995617,-1.8000179271930674,0.0,179.0,112.61476355247981,42.27770790047999,-0.041838772373640476,-1.4756486665225585,58.0,166.0,160.79841086761502,43.967278823142756,-0.20558920530105665,-1.4866988655896247,99.0,213.0,123.7362552864283,48.54028294870313,-0.012865132218870973,-1.5335534124358674,61.0,185.0,153.3184672561835,6.422834369776672,-0.413672569653828,-1.133641406282313,144.0,161.0,139.58836344995515,3.3077802451346865,0.09187420138797146,-0.4557941210186214,135.0,144.0,117.49839805203128,49.13595177681421,0.025694964728648326,-1.5424736041943983,55.0,181.0,158.92925797770087,5.667434988776181,-0.4639853243120347,-0.4308214132785695,151.0,166.0,117.48571062411892,2.760580910477864,-0.025175031525138114,-0.5421441749469134,114.0,121.0,0.13659917091836735,351.1614716074871,0.4954546015334293,0.6984579153738499,0.9626404494382023,0.9191919191919192,0.7607947607947608,93.41725664787425,0.08722784468073824,101.16017190045964,87.8711479805417,0.7858854695149741,3.280074465739481,3.6329525548571624,6.12755238478857,11.012238060560364,7.786601320492918,11.855035890626153,0.11263495768894072,0.08518587630970387,5.0,172.08311772747004,93.41725664787425,6854.0,351.1614716074871
166,False,nv,116.83933119255896,32.26237777616432,0.6778725192200283,-0.6881750226956251,83.0,168.0,75.13464732587754,28.058527242908724,0.968609500002695,0.06822679669772702,49.0,121.0,64.96445576348134,23.702100501587687,1.1778000801391655,1.0089613076925499,44.0,105.0,6.440261322112723,13.218442407707906,12.547912896786091,160.86733496865133,2.0,9.0,115.43251024249807,15.446331284440591,-0.31229629922411756,0.01981647170344436,94.0,134.0,116.83933119255896,32.26237777616432,0.6778725192200283,-0.6881750226956251,83.0,168.0,92.11427305946185,29.984416412062938,0.8139559025591586,-0.39267143919310277,62.0,140.0,144.46340383124792,2.0685210178340143,-0.11970028846535549,0.12266913411609037,142.0,147.0,141.33307496401284,3.8216829832866153,-0.0320496050593495,-0.8058472527203464,136.0,146.0,86.44989480677665,28.69813004880443,0.892866499739634,-0.15227331498972463,59.0,133.0,149.71143837891705,3.580419078378899,-0.09953607661921964,-0.950097038278459,145.0,154.0,115.87166426752297,3.8632111352190686,-0.11303368381428375,-0.9672314655856526,111.0,121.0,0.16477997448979592,348.3919189857867,0.5485472069624815,0.8560008307330362,0.9776516495211067,0.9174311926605505,0.7585321100917432,102.60187403683388,0.5177447950318462,112.66710135260864,94.20317011456538,0.7877083006525806,3.0789963842847197,4.004055602191445,6.340182808457925,-11.527335453636203,-7.891982975387817,12.099623344886089,0.07281083696178037,0.07730000379723903,5.0,60.927151468312815,102.60187403683388,8268.0,348.3919189857867
166,True,nv,118.62353199429262,33.0889760053908,0.5874811605106826,-0.9627319093154498,83.0,171.0,76.9524750301833,29.05026965857797,0.8462248521151945,-0.4833218035070703,49.0,123.0,66.61881242454176,24.656127261171623,1.0057151414452548,-0.03530070925367301,44.0,108.0,6.71956975085062,14.34704964327215,11.585753542206154,136.20870037145207,2.0,9.0,114.26232027219844,15.699708701584681,-0.2826883751006151,-0.41287001172329907,92.0,133.0,118.62353199429262,33.0889760053908,0.5874811605106826,-0.9627319093154498,83.0,171.0,93.95412139172429,30.92495869385137,0.7146625667708749,-0.7635597384695232,63.0,143.0,144.3549555482384,2.0690546468637794,-0.08856829949777895,-0.15591269528359009,142.0,147.0,141.3562726374712,3.7684538661933416,-0.07642006705743706,-0.8267921078556553,136.0,146.0,88.24410053781143,29.64916713278207,0.7784581957721154,-0.6296934546919988,59.0,136.0,149.70892327955218,3.50683457906706,-0.12873460667400285,-0.9566516652940207,145.0,154.0,115.79168038634617,3.8342426761634405,-0.051765965373297855,-0.9990790084541752,111.0,121.0,0.16067442602040816,372.4041122946064,0.5721476592286445,0.730505889600233,0.9687575102138909,0.8347826086956521,0.7302536231884058,101.31563161553542,0.17966044075016124,112.34158560306521,92.13702221781146,0.7860773674469169,2.9889308538949617,4.003968716171827,6.242562968779898,-11.40575016921087,-7.766996177274278,-11.75325827594469,0.07243860084346321,0.08399483912889985,5.0,63.13573435024763,101.31563161553542,8062.0,372.4041122946064
166,True,nv,123.9030482210215,37.12036613644867,0.681543995574659,-0.5013038940891925,84.0,175.0,82.05464369456621,34.651245422880315,0.9215173534779325,0.024796566147407884,49.0,133.0,71.81822815781425,31.316326331697717,1.1229847815299234,0.6258348936875415,44.0,119.0,6.356815169742074,12.08064596885296,13.64419603805783,191.925052866782,2.0,9.0,111.67988581914568,20.261655827132785,-0.6590297455813319,0.017884693093793924,83.0,134.0,123.9030482210215,37.12036613644867,0.681543995574659,-0.5013038940891925,84.0,175.0,99.151391579162,35.88523434777334,0.7788844661834812,-0.36496779412831026,63.0,151.0,144.31695381792233,2.1482801524532027,-0.46488039512642737,0.5167608969225266,142.0,147.0,141.23600774798655,3.5018111630257285,-0.07948040436969685,-0.7013843646341242,136.0,146.0,93.40574982159241,34.9041667707167,0.867916042152297,-0.10895584821577575,59.0,144.0,149.78611479253746,3.1234051913367575,-0.18657068864871978,-0.8109185459402104,145.0,154.0,115.81506779488225,3.5500949170213727,-0.03155196388440083,-0.9136192850471829,111.0,121.0,0.1730110012755102,370.77669529663683,0.6409616800273968,0.793514307354757,0.9715724678231673,0.8016528925619835,0.7396268211638408,105.13321305774853,-0.19440042185358916,120.49575001222722,92.48926975671665,0.7795764349218459,2.7341642969912052,3.993519321469417,5.893185327483196,-12.008736873605153,-7.911436783486425,10.837522434369223,0.07406980762584958,0.1042885043160065,4.0,69.46266793243441,105.13321305774853,8681.0,370.77669529663683
167,False,mel,159.486301369863,46.22100887759375,-0.7311003341001961,-0.5686095074866109,85.0,209.0,107.58842954990216,43.80303057387021,-0.1139809342541051,-1.161811085248894,46.0,165.0,125.74706457925636,48.00675574394141,0.05585596942548752,-1.0711159472092224,62.0,192.0,159.63906555772994,34.42875645936356,-3.9998575797293494,15.523615331687836,147.0,176.0,89.83378180039139,30.627486738502782,0.41227571412569797,-0.553546461841405,52.0,133.0,160.29268590998043,45.07193994470221,-0.6972051885048692,-0.6142936190794703,88.0,209.0,130.06812622309198,44.34166329126731,-0.3419277820684119,-1.0003597517612954,64.0,185.0,151.7130626223092,5.50349965281763,-0.8176362419937945,0.8332406397949526,146.0,158.0,126.82081702544032,7.3955421145502145,0.038729187008896396,-0.34713283509985127,117.0,136.0,125.19165851272015,44.305731914927634,-0.2490540793123759,-1.0912602909372218,60.0,181.0,152.49253913894324,8.175885327677076,-0.8778249215998168,0.5744314769448562,142.0,162.0,128.31714774951075,6.434760625761545,0.08981160188549363,-0.4277655458360008,120.0,137.0,0.14598612882653061,367.60512242138304,0.42719807687336864,0.681168230076718,0.9061108362196932,0.9122807017543859,0.6178306342780027,96.57370069115642,-1.0128277486924,104.18733536445501,94.20181934538093,0.7738228994822248,3.544078343931902,3.7466872155293434,5.603803008573246,10.406156963060742,7.590252188865802,10.455800448823977,0.11590443686006824,0.12085095349173822,5.0,110.12818314256855,96.57370069115642,7325.0,367.60512242138304
167,True,mel,161.7896926276866,46.115026901208566,-0.7416577038525819,-0.5803125745196098,87.0,212.0,110.56690547723596,44.54502395296545,-0.096297177958256,-1.1916044538916117,48.0,170.0,129.38837531777213,49.423157003380894,0.08126526087207958,-1.1112285642948214,64.0,199.69999999999982,159.9868269008551,32.45013685363416,-4.228781091395014,17.848918243040803,148.0,176.0,87.36630459902935,30.220449593879923,0.3436035778326536,-0.7388593253814406,49.0,130.0,162.54818581003005,45.09088657945257,-0.7054478688915446,-0.6230399154735706,90.0,212.0,132.85474924890224,44.772620232799646,-0.3234018066446047,-1.040282562418164,66.0,189.0,151.47584931823434,5.435552750900706,-0.7687341889365678,0.6693394710370337,145.0,158.0,126.33487404668361,7.320295550628082,0.05249461323563502,-0.5368034537633091,117.0,136.0,128.0466836145135,44.891517468569624,-0.23591311794838796,-1.1223303621945346,63.0,186.0,152.108273630691,8.097350449916558,-0.7846301624146867,0.29404908457128753,142.0,162.0,128.7625375548879,6.45518420563233,0.07891999119881589,-0.6182373095604858,121.0,138.0,0.14811862244897958,411.2447327281724,0.4086650388582749,0.5522234794167142,0.9000847765532276,0.9904761904761905,0.6805860805860806,97.27649405931389,1.1419538152591655,104.45476894734361,95.33424224463157,0.7742083586995075,3.629268333991143,3.747417551673346,5.819377702452578,11.020699430967653,8.00278843172466,-10.637029212312951,0.11706135629709369,0.12086773717271407,5.0,107.76147302696666,97.27649405931389,7432.0,411.2447327281724
167,True,mel,129.91849066738283,44.06197267172448,-0.7386455891050322,-0.5838858055874319,58.0,178.0,81.00174566939707,42.62389500086175,-0.0959640265402673,-1.1911098853388868,21.0,138.0,98.97408352356653,47.16898471585419,0.0856465103050433,-1.1100082482349458,37.0,167.0,160.49254733449712,31.374470039617044,-4.3697711096694904,19.319105967903837,149.0,176.0,109.12689673694105,44.652824387038564,0.6296028581360985,-0.25938015109923995,56.0,173.0,130.62306969249363,43.08442431694486,-0.7046492305359854,-0.6248958660030408,61.0,178.0,102.29407815227609,44.58581297367774,-0.3415020960409853,-1.015657528428106,36.0,158.0,151.3702161944407,5.376771354289752,-0.7685748780503927,0.5853040458195764,145.0,158.0,126.8463810930576,7.645901998597525,0.07837935768874565,-0.5081733316902137,117.0,137.0,97.6904793876729,42.93589106922041,-0.23451606272133002,-1.1214241381616417,35.0,153.0,151.0190680811065,7.689604962806484,-0.7807141016521743,0.2553586811195614,141.0,160.0,128.7271384450114,6.143373889383972,0.07412232337341539,-0.6007422027354838,121.0,137.0,0.12715242346938777,362.8183258569795,0.41430265822449125,0.6090488291901057,0.8963191907839281,1.1195652173913044,0.673279864921908,90.12917560596202,-1.464166054749625,96.90304468872415,88.19525658999464,0.7742056941091285,3.6032607524433082,3.7628458771637505,5.879789385185165,11.368744181497439,8.0738913244909,-10.711380384497335,0.11598746081504707,0.11931192483023123,5.0,119.11171874360046,90.12917560596202,6380.0,362.8183258569795
168,False,nv,192.3195855748157,28.02126839825197,-1.562561300387908,2.448128780801868,153.0,218.0,146.7913927077107,43.921204180838295,-1.0282769448805449,0.28856151318390966,80.0,191.0,136.1754665604038,48.39448379847063,-0.8962391032966356,-0.10194308978799649,62.0,187.0,5.94062562263399,9.35120865065983,17.936880825166327,328.10551062426987,4.0,7.0,81.34356113435611,48.40349337428338,1.2837522095183496,1.1561464865395745,35.0,152.0,192.3195855748157,28.02126839825197,-1.562561300387908,2.448128780801868,153.0,218.0,165.32894999003787,37.93439570555044,-1.1419870003668164,0.6948373099121632,109.0,203.0,144.23284850899913,7.578425424884243,0.7460338756926601,-0.6034775450191048,136.0,157.0,141.0974961811782,7.080458088108871,0.7685798095554607,-0.37704108474471276,133.0,152.0,159.20893936375109,39.54032435670227,-1.1099271636139285,0.5701696332854191,100.0,198.0,151.6496646078236,8.986337732555228,0.4302230517635381,-1.0653229529858,141.0,166.0,114.97934515507737,5.450597292804245,-0.38291170731572927,-0.9367467593492869,107.0,122.0,0.2825255102040816,515.1614716074871,0.5638087115400114,0.6712384383062399,0.9203999480586936,0.8571428571428571,0.6973632428177883,134.3482183959492,-0.6246115860250886,149.30729126823772,123.3136987543763,0.7816547475137581,3.0104961802347967,3.827020003948955,5.681750597997459,10.447794834839355,7.187815639296944,-11.076986985956106,0.10200338600451464,0.09883715937293043,5.0,85.77597042319518,134.3482183959492,14176.0,515.1614716074871
168,True,nv,216.57547370662124,27.93272136978537,-1.5240199288202576,2.377199205737906,176.0,242.0,185.8498332268824,38.33674755349611,-1.2621678382231545,1.162934730887752,129.0,222.0,156.89425874671775,49.66746881354553,-0.9977365482451539,0.21432334569446798,82.0,208.0,14.316088283301399,1.4795495861719656,-0.5304594661326549,0.5215648645481443,13.0,16.0,75.65687318146334,43.58786276005654,1.3675658653343836,1.5477782944359548,35.0,139.0,216.57547370662124,27.93272136978537,-1.5240199288202576,2.377199205737906,176.0,242.0,197.14967000212903,34.10538313658566,-1.3609985639294488,1.5703722910363176,147.0,229.0,135.23561138315236,4.090677630310325,1.4505701814062055,2.0595652469174865,132.0,141.0,147.183379462068,8.969650321354568,0.6718358236312829,-0.5561400109584973,137.0,161.0,191.73451139024908,36.37653662652158,-1.2824948904976166,1.2398227996901285,138.0,226.0,145.75182740756512,6.694172589956876,0.6255237261541716,-0.6220086273259793,138.0,156.0,108.33155915123129,8.14930121721888,-0.5212029448308929,-0.7703577715972507,96.0,118.0,0.25498246173469385,521.5706345359769,0.5728883285637081,0.591003355789279,0.9141183195198628,0.8767123287671232,0.6846104452054794,127.63160555027768,-0.12801395898479528,142.4177663118876,116.7303625924433,0.7808139375548852,2.9757160802342244,3.8228308848232295,5.637897448612224,10.411959544307841,7.148123631373187,-10.737891033386239,0.1024699077692669,0.10216636645280149,5.0,73.00013371601386,127.63160555027768,12794.0,521.5706345359769
168,True,nv,192.9600729154416,27.80460955397704,-1.584420566693173,2.509743495860821,154.0,218.0,148.08667529107373,43.782058525710426,-1.055359253450315,0.3419005783499851,82.0,192.0,137.69381394801835,48.333772000253724,-0.9225550970635032,-0.057832544352835136,63.0,188.0,5.78778078325297,8.528411678936566,19.57102857597767,393.81690398788726,4.0,7.0,79.84252616723509,48.15575368799254,1.3026364822131498,1.1968863983198812,35.0,151.0,192.9600729154416,27.80460955397704,-1.584420566693173,2.509743495860821,154.0,218.0,166.39944725391038,37.792957411965254,-1.1665932527676457,0.7461932134218414,110.0,203.0,143.9733623427026,7.554307410845732,0.7785531242768979,-0.5555862920762804,136.0,156.0,140.8371751146654,7.076322124994229,0.7848073866812888,-0.36633366016162405,133.0,152.0,160.33811595907326,39.39502210016902,-1.135657229750258,0.624494133560968,101.0,199.0,151.2999529577796,8.999950801420423,0.46294632455791584,-1.0440836675051834,141.0,166.0,115.20039985887334,5.4763614695680785,-0.4016443154988045,-0.9373587512538251,107.0,122.0,0.3097297512755102,580.8843430349616,0.6014174675183426,0.5787746258060584,0.9160084875633621,0.9681528662420382,0.6512319812269527,140.6677495545058,-0.8072658564179709,158.9510760683229,126.99156756717622,0.7786793545181585,2.8694398465541036,3.821650911833427,5.547098578942968,10.358036327829325,7.094801659466714,-10.408913647482162,0.10211698088926069,0.10935031496689063,5.0,84.48877492090614,140.6677495545058,15541.0,580.8843430349616
169,False,vasc,195.70162351908732,19.831797126525174,-0.8928593116431016,0.5050349909574363,165.0,219.0,141.29640193067135,35.05946356262088,-1.6765074748989992,2.108360903638963,82.0,172.0,165.47696358051778,30.106236793986028,-1.6834827075705245,2.2126894605003677,115.0,192.0,166.18889863975429,6.32546339134294,-11.711935081436147,306.42123455059146,160.0,173.0,73.83018867924528,34.84714495674195,2.3033356537340435,4.218145650188227,53.0,130.0,195.70162351908732,19.831797126525174,-0.8928593116431016,0.5050349909574363,165.0,219.0,165.20864414216763,27.662728394286404,-1.4871953763323424,1.576317493185929,117.70000000000005,191.0,152.35256691531373,7.869219881113819,2.0454376504161886,3.0211103996152557,147.0,167.0,123.9234313295305,4.305324864425657,0.42535789654891637,-0.498549703923294,119.0,130.0,160.32075471698113,29.585460717585992,-1.5461207533986228,1.7940794767376866,110.70000000000005,188.0,153.29420798595876,8.438280519416217,2.181828099310886,3.7259698670992707,148.0,168.0,130.89183852566916,3.6102845511072634,-0.36554263451686225,-0.2922504246695632,126.0,135.0,0.07983896683673469,244.35028842544403,0.5193797718275223,0.8431310764470283,0.9706808819966077,1.054054054054054,0.694040194040194,71.41846831323858,0.9334994437417569,77.79024453953718,66.47515053029855,0.7868731384437587,3.188021183316905,3.9851330989398805,6.509349707600452,-11.844299287232165,-8.522672985153035,11.995828221885832,0.0798801797304044,0.08080133704677231,5.0,61.00440547461007,71.41846831323858,4006.0,244.35028842544403
169,True,vasc,183.770732777534,19.745114623708965,-0.8941063903643343,0.5142480317303098,152.0,207.0,129.62373848179027,34.65430643793385,-1.684248947088681,2.142619401889087,71.0,160.0,153.68429135585782,29.821211780585724,-1.6876793092137268,2.2375873177595347,103.70000000000005,180.0,166.19240895129442,6.338039551765543,-11.786649996624986,308.90792428499066,160.0,173.0,78.49868363317245,37.58676810375821,2.32248204662613,4.317588112523603,56.0,139.0,183.770732777534,19.745114623708965,-0.8941063903643343,0.5142480317303098,152.0,207.0,154.02457218078104,27.423807440785996,-1.471147067383127,1.531573621547337,106.0,180.0,152.4984642387012,7.6532677670514335,2.013290824349813,2.8531665218536846,147.0,167.0,124.07788503729707,4.50954209445466,0.49875420792346264,-0.3752854898868758,119.0,130.0,148.55506801228609,29.29163582559678,-1.5524359931159148,1.8249133796127524,99.0,176.0,153.17244405440982,8.29595262543202,2.1748980315421025,3.7005749902975715,148.0,168.0,130.8758227292672,3.603351386763556,-0.3547447011956271,-0.31157805266641514,126.0,135.0,0.07983896683673469,244.35028842544403,0.5193797718275219,0.8431310764470283,0.9706808819966077,1.054054054054054,0.694040194040194,71.41846831323858,-0.9334994437417576,77.79024453953718,66.47515053029858,0.7868731384437582,3.1880211833168577,3.9851330989394893,6.509349707600981,-11.844299287237744,-8.522672985165118,-11.995828221876419,0.0798801797304044,0.08080133704677231,5.0,63.669922279232715,71.41846831323858,4006.0,244.35028842544403
169,True,vasc,191.45418074324326,19.673024264302082,-0.9159506034813961,0.5498559864384207,160.0,214.0,132.1965793918919,33.44037144966144,-1.7084478162666257,2.251489474080511,77.0,161.0,165.82875844594594,27.125093890342477,-1.6437472255768408,2.1799528782767634,122.5,190.0,162.68179898648648,4.633745180605291,0.13641392712588152,-0.4607181384151757,157.0,169.0,81.8688766891892,34.332121821582135,2.348015367582125,4.461933464140714,62.0,135.0,191.45418074324326,19.673024264302082,-0.9159506034813961,0.5498559864384207,160.0,214.0,158.6345016891892,26.29079167433291,-1.4953620461409187,1.6331217515926166,115.0,183.0,155.7985641891892,7.326481353250577,2.0150271314711667,2.8969520155807427,151.0,169.0,119.73500844594595,4.177047654913115,0.4520685783736036,-0.3816846651482839,115.0,126.0,153.7673141891892,28.2437567105415,-1.5680043687513687,1.899739743407392,109.0,180.0,154.91870777027026,7.644686903802493,2.173996452670545,3.7756917662808824,150.0,167.0,134.82664695945945,3.94778732163333,-0.6277399033701263,-0.14678084705633854,129.0,139.0,0.07979910714285714,267.2203461105329,0.5152231437634757,0.7046360987845848,0.9599616398945097,1.1304347826086956,0.7439613526570048,71.40063821227085,1.222935024126165,77.6775283996165,66.57399744437183,0.7868376551460617,3.2040650562550526,3.9721549127993168,6.4615499508121745,-11.695862300975792,-8.260706680840673,12.234429903438603,0.08016983016983015,0.08152590007850785,5.0,58.63889126648951,71.40063821227085,4004.0,267.2203461105329
16,True,vasc,150.54261458837547,26.20876449580568,0.6657995916012778,-0.4147460053665051,121.0,190.0,28.74650928994303,29.367061994097547,1.1230365251800398,0.2560348263792229,2.0,76.0,102.53416241575754,21.24165162038864,0.7201631380710287,0.25586339852577344,78.0,132.0,161.940685854712,2.483055077675111,1.4599132908460102,1.7977098784387762,160.0,166.0,212.41512454853483,37.70834529749799,-0.7915771487990321,-0.56963236545266,152.0,251.0,150.54261458837547,26.20876449580568,0.6657995916012778,-0.4147460053665051,121.0,190.0,89.82306288863239,23.038182127808167,0.9432658750319646,0.10992367419894045,66.0,126.0,181.1180325427263,3.9217019194225333,0.055823138869814014,0.29033891571934056,177.0,187.0,116.63923744275236,4.039715942447345,0.6158271528802888,0.6588769078917971,112.0,122.0,73.54998696801579,27.02783144979281,0.9761577131679887,0.031049956501205234,47.0,117.0,182.85553114644227,4.200159487395567,0.2964169718147236,-0.42201040276012636,178.0,189.0,144.36698067542912,5.500726996071518,-1.2010051727671163,0.9503870576719122,136.0,150.0,0.5065369897959183,654.222438151586,0.7117637937519594,0.7462188155647758,0.9728612440191388,0.9230769230769231,0.7241025641025641,179.89067866064906,-0.5822515975923409,215.8786860769814,151.63726779798137,0.7666337439391973,2.4722717349485226,4.269532825606249,5.974438006517368,11.125604628447046,7.275470758064644,11.546676194870244,0.05528013849543589,0.13193169268553726,5.0,66.40016487097878,179.89067866064906,25416.0,654.222438151586
16,True,vasc,172.10546282245826,25.718933883938952,0.6333457040061437,-0.3782201941885379,143.0,210.0,49.19734845459628,31.832067430330717,0.8887356414630151,-0.10516056824122577,17.0,100.0,99.54728056864468,22.24051763208394,0.8152342346803585,0.40563484535064065,75.0,131.0,167.87317306924368,2.710944708966856,1.4566430210172305,1.5806653059123645,166.0,172.0,186.79845858956952,34.5897642924387,-0.5368278186133003,-0.7201617611729665,134.0,226.0,172.10546282245826,25.718933883938952,0.6333457040061437,-0.3782201941885379,143.0,210.0,105.85815829406597,24.58307419482929,0.8651076359606105,-0.05102225014613326,80.0,144.0,180.24359076751057,4.657968810688406,-0.8824460154653052,1.0676920560942094,174.0,186.0,128.34194553150706,3.921535545626022,0.6036052578275884,0.46214439738632107,124.0,134.0,91.66356521044645,28.488749334202563,0.8200557574360143,-0.17950234393424225,62.0,136.0,185.32142001437586,4.837804904458045,-0.10342023143214742,-0.30688510368555866,179.0,192.0,132.4676543407076,5.280746447721488,-1.2655893118917845,0.7282308523669356,124.0,137.0,0.466976243622449,648.4112549695428,0.6939873175394441,0.7003249497895588,0.9687435399181379,0.7623762376237624,0.7532146071750032,172.72311881357862,-0.21909106266151898,205.1492543755031,147.70484221636943,0.7683899878544103,2.534135706426543,4.0032117943831285,5.714325260353185,11.006276242635023,7.458467174691825,10.60484448731625,0.06849899705518325,0.13130492580464626,5.0,63.01964288534451,172.72311881357862,23431.0,648.4112549695428
17,False,nv,111.08286297586166,53.08373922687655,0.6129387184323817,-1.0406574422239634,56.0,197.0,68.61768944397743,41.9225618328158,0.8692888183261923,-0.5787261134680408,29.0,140.0,54.790620871862615,33.77436885824157,1.1389996635826725,0.2119875779526179,25.0,112.0,7.130178935991354,10.964060671123192,14.664796175366902,226.39866427487328,3.0,10.0,134.37084183979826,19.83213097592691,-0.3967649806477442,0.1327525368243796,107.0,158.0,111.08286297586166,53.08373922687655,0.6129387184323817,-1.0406574422239634,56.0,197.0,84.08778671790562,46.736854760239204,0.7036982001698553,-0.8687974873001978,36.0,161.0,144.67719466794765,3.4777734316952373,-0.17340347330491104,-0.7325685707249834,140.0,149.0,143.80611264561065,6.629822148117135,0.13462005269883853,-1.4527794449353577,136.0,153.0,79.75567431247748,44.19070572377914,0.7989149298858544,-0.7105204699676828,37.0,154.0,150.37294343701214,7.219310834140765,0.03390592765240882,-1.4392456395386477,141.0,160.0,113.90590849045275,6.9108980244984215,-0.2500598044004994,-1.5062572810439627,104.0,122.0,0.31546954719387754,485.30360723121805,0.6993406992354186,0.8445712709005349,0.9808526459288636,0.7228915662650602,0.7946285140562249,141.9651673954315,0.0860828292366497,168.31197530785542,120.30746279182567,0.7721012145525313,2.5239316421986886,4.711443008368149,6.25048213207466,-11.812147503023095,-7.546833181819854,-11.985480675442023,0.04314865120980482,0.1253911959524317,5.0,83.87993087392665,141.9651673954315,15829.0,485.30360723121805
170,False,nv,161.87411750628215,22.1071708706227,0.13697544700149358,-0.8276007398823584,132.0,194.0,101.54792389613498,32.24763220755671,0.6613948085591088,-0.6861894165501741,66.0,153.0,95.98252961589087,34.54076130624055,0.8292490098018769,-0.3726338848260724,60.0,151.0,17.633720234533925,48.408600301809145,2.96245278696414,6.790589530334135,1.0,5.0,108.46440110087352,31.65019608105625,-0.7425110275293885,-0.6562447702807783,57.0,141.0,161.87411750628215,22.1071708706227,0.13697544700149358,-0.8276007398823584,132.0,194.0,126.0601890630609,28.53932526571269,0.5396196054876492,-0.7390512223991061,93.0,170.40000000000055,151.94567428503052,5.429978258667524,-0.8230863640430197,-0.5678360816758876,143.0,157.0,141.8881177456025,4.808780883972655,-1.1586493486231253,0.8041015261831292,134.0,146.0,118.9564436998923,29.304580248452005,0.5780988656798101,-0.7199100457431187,85.0,165.0,158.6471221730286,6.146513600974295,-1.083343793886244,0.14447706963165352,148.0,164.0,115.05528299629053,3.734526277985751,1.406416663971276,2.022594346297705,111.0,121.0,0.15306122448979592,338.7766952966369,0.6455596317395568,0.8408993747649904,0.9719058466211086,0.8648648648648649,0.7207207207207207,98.88619571793653,-0.43416820183219446,113.44865149804588,86.641854614873,0.7803322723303415,2.7200195925461292,4.526206550471917,6.195268986810064,11.591424582271388,7.570689796803931,11.967241223777089,0.04231770833333337,0.10154435031655083,5.0,102.16596725348809,98.88619571793653,7680.0,338.7766952966369
170,True,nv,165.4490206600483,23.934823762666017,0.21600061022930941,-0.7771988729669985,134.0,199.0,106.86181915749933,35.11148955709026,0.5416465006370338,-0.8755889923865401,67.0,161.0,101.57123691977462,37.627625009172576,0.6732022302336144,-0.6889558491915673,61.0,160.0,20.217467131741348,52.053282341714144,2.6572257171001477,5.0715667740518064,1.0,165.0,103.68030587603971,33.8469724414685,-0.5612082127482583,-0.9417307664252252,50.0,140.0,165.4490206600483,23.934823762666017,0.21600061022930941,-0.7771988729669985,134.0,199.0,130.73101690367588,30.972697344615682,0.45319605284315395,-0.8935840083321023,94.0,178.0,151.12664341293265,5.880557486159521,-0.6811223855975058,-0.8720781115857066,142.0,157.0,141.27837402736785,5.051829225210255,-0.9968464653254984,0.14775293019445046,133.0,146.0,123.78950898846257,31.884927631859725,0.4845316400245018,-0.8742345186241649,86.0,172.0,157.7532868258653,6.729422065867999,-0.9377143936347204,-0.34566235376756005,147.0,164.0,115.48618191574994,3.9446818277191276,1.272497452061981,1.1277655277859466,112.0,122.0,0.13048070790816327,336.6761902332486,0.6727176327036012,0.7258174356936774,0.9646382790629144,0.7547169811320755,0.7720518867924528,91.30114621066436,-0.005640625230819391,106.42323397227995,78.74247721945305,0.776472517218013,2.620847594151493,4.541749863638538,6.104044107495455,11.431812249025917,7.414468149932581,12.253933258408738,0.042003971284557795,0.11438278357950821,5.0,109.83507854584866,91.30114621066436,6547.0,336.6761902332486
170,True,nv,165.96614920224235,25.802541924717225,0.3976232356286441,-0.3834161782297496,134.0,201.0,107.98501509271237,36.20081221750084,0.5553974330338465,-0.8057862029130618,67.0,162.0,102.80066839154809,38.697144586158196,0.6655220364305217,-0.6789584611914643,61.0,162.0,20.910413971539455,52.890738338842,2.5843918172342044,4.689993290136705,1.0,167.0,102.56123329021129,33.77873334798927,-0.5316425010033564,-0.9955625798491075,49.0,139.0,165.96614920224235,25.802541924717225,0.3976232356286441,-0.3834161782297496,134.0,201.0,131.58559724018974,32.20356740720938,0.4823569377547022,-0.8087550687353682,94.0,179.0,150.8637343682622,5.777774849942886,-0.6753871963550669,-0.8628213253539077,142.0,157.0,141.0659767141009,5.049684390751768,-1.0112870458067222,0.22695513832002767,133.0,146.0,124.72617507546356,33.170285499100174,0.5196063451206258,-0.7642359764686595,86.0,174.0,157.4397369555843,6.632512606504336,-0.9351140219261279,-0.3335712229437888,146.0,163.0,115.64542906425183,3.962616602136068,1.3021604182027686,1.2723878584989938,112.0,122.0,0.16246811224489796,361.50461735799473,0.6653012050856144,0.7838741404088181,0.9664493183165382,1.2083333333333333,0.7320402298850575,101.87957974334722,1.2728505831520376,118.22481596315329,88.26369798625191,0.7775738549341821,2.6478604803626626,4.52035375545354,6.116554445160749,11.439690229238442,7.44050018520317,12.27052130175713,0.04416094210009813,0.10988025549183449,5.0,112.47201361154848,101.87957974334722,8152.0,361.50461735799473
171,False,nv,131.4892443463872,23.47595077735046,-0.08754079456298973,-1.1169726865485972,100.0,162.0,89.2528038242324,29.222584418681148,0.07414051320131128,-1.1306057213985674,50.0,129.0,92.9531163816878,38.671587020781665,0.19168165709482513,-1.2739421127436041,45.0,147.0,91.09450266593123,83.23498306534877,-0.10418170037254645,-1.975902849288973,2.0,177.0,93.05736348593491,34.11497626484726,0.3479786399988254,-0.9961344455839138,52.0,141.0,131.4892443463872,23.47595077735046,-0.08754079456298973,-1.1169726865485972,100.0,162.0,108.20775877918734,28.796875125982382,0.02108208064545452,-1.1510962585808568,70.0,147.0,146.39179996322852,2.40495268984745,0.17677651462897012,-0.21346105685043826,143.0,150.0,133.53980511123368,7.544232892378109,-0.17581396151287093,-1.315349272960525,123.0,143.0,102.3088803088803,28.50911183849211,0.056002107737634504,-1.169989613004091,65.0,141.0,148.84611141754,3.9710340085399976,-0.3678661193975617,-0.6790838161146064,143.0,153.0,122.68928111785254,6.1598622052895164,0.30953137904956923,-1.26641099592631,115.0,132.0,0.09769610969387756,264.45079348883235,0.5523550040037273,0.8808326858314531,0.9800079968012795,0.8488372093023255,0.7808219178082192,79.00265975454097,-0.24567926820878208,86.78790785079902,72.34718027763978,0.7884297594827836,3.0662765311430533,4.352459775361094,6.407293377344199,-11.7887623551281,-7.940431656694497,12.855316546038862,0.049571603427172595,0.07761736862053979,5.0,140.8259101075465,79.00265975454097,4902.0,264.45079348883235
171,True,nv,130.27378782355086,23.868330220433748,-0.0996309051574275,-1.0801405170506198,98.0,161.0,101.38953700328108,27.49908877098317,0.0487152343101317,-0.9962430150271682,65.0,139.0,96.3909952606635,36.09482972147519,0.11594875209184845,-1.2047945879064985,50.0,146.0,67.20579657309516,79.24525336884666,0.5738254708783255,-1.661373286239682,4.0,175.0,76.6405395552315,34.57607215381263,0.3698569008282898,-0.9609667099888974,34.0,126.0,130.27378782355086,23.868330220433748,-0.0996309051574275,-1.0801405170506198,98.0,161.0,116.05450236966824,27.722068290856427,-0.02698183319917636,-1.0403707194890555,79.0,153.0,139.1246810061976,1.7413249484137279,-0.02315552068842237,-0.3404911758033351,137.0,141.0,135.6203062340503,6.452808270535393,-0.03522774531974422,-1.2918676321752203,127.0,144.0,109.46828290193218,27.332654520551035,0.019041407356063092,-1.0682096506733805,73.0,146.0,142.86784542471747,2.9209785893146227,-0.6586976712808336,-0.021412625469563462,138.0,146.0,120.61410864017499,5.375408622798647,0.1388928414891086,-1.2874321806544768,114.0,128.0,0.09769610969387756,264.45079348883235,0.5523550040037272,0.8808326858314531,0.9800079968012795,1.178082191780822,0.7808219178082192,79.00265975454097,1.3251170585861143,86.787907850799,72.34718027763977,0.788429759482784,3.0662765311430467,4.352459775360802,6.407293377345106,-11.788762355129226,-7.940431656695402,12.855316546052174,0.049571603427172595,0.07761736862053979,5.0,137.68965574309306,79.00265975454097,4902.0,264.45079348883235
171,True,nv,133.27554806070827,24.123039564969552,-0.12452396018727382,-1.160962788360894,100.0,164.0,91.72141652613828,30.25810771756479,0.04195143645839746,-1.1814176725817283,51.0,133.0,96.39612141652614,40.103833425816404,0.13914967830461406,-1.3244694627273723,46.0,151.10000000000036,95.24080944350759,82.47494598787141,-0.21525194428444674,-1.937237776862005,2.0,177.0,90.24215851602024,34.35580679351829,0.3711259013891842,-1.0202942026071875,49.0,139.0,133.27588532883644,24.123587959802002,-0.12444651658375372,-1.160882608445049,100.0,164.0,110.57403035413154,29.74405718322815,-0.013379250146830722,-1.1961508106021765,70.0,150.0,146.1910623946037,2.4268914428471913,0.0090157707375967,-0.3550130400399567,143.0,149.0,132.83676222596964,7.717394402475639,-0.131533392709055,-1.3591919276548188,123.0,142.0,104.67976391231029,29.490447396300652,0.018569320196126747,-1.2159070231534124,65.0,144.0,148.42546374367623,4.1712813002059335,-0.3888120598693329,-0.8083594968941519,142.0,153.0,123.29426644182125,6.357578434535311,0.264365200393619,-1.3282097653468932,116.0,132.0,0.10110411352040816,281.6051224213831,0.5001244409516634,0.8038844455807268,0.9748270561106841,1.0493827160493827,0.7368191721132897,80.36880122560919,1.0971118548780785,86.62139890413167,75.01010752714991,0.7911272972275356,3.2719566016525112,4.386131030476536,6.596721778461034,-12.12173618765515,-8.284530359322574,12.510010810887731,0.049871870687955844,0.06413262517903451,5.0,140.9543407411917,80.36880122560919,5073.0,281.6051224213831
172,False,nv,197.43106283029948,17.528690629109683,-1.704565165606399,4.044700362176926,175.0,214.0,129.28408690546095,36.13378903159592,-0.38806285193790696,-0.8155803974846636,80.0,173.0,100.447563123899,52.56133440067353,0.017535147462039706,-1.4048930298617346,32.0,170.0,15.78825601879037,35.431825195887185,4.321144372378873,16.84762246477603,3.0,11.0,129.87398708162067,59.60691040831562,0.02736092706633386,-1.4174004171474042,52.0,208.0,197.43106283029948,17.528690629109683,-1.704565165606399,4.044700362176926,175.0,214.0,154.9433940105696,28.812923871441832,-0.5122571498036503,-0.4321437646657573,116.0,189.0,152.0935408103347,8.316302779803959,0.20404514159536996,-1.343555873265131,142.0,164.0,155.15537287140342,14.621846932407493,-0.17376798194372692,-1.5076847969869673,135.0,173.0,146.37686435701704,31.99246395826316,-0.44976506563389257,-0.6664477310272185,103.0,185.0,164.43593658250145,11.84357234619869,-0.14418283856942238,-1.4774765959018477,148.0,179.0,102.07017028772754,12.612316647229886,0.23606165167875384,-1.4558193356053923,87.0,120.0,0.31734295280612246,528.1320343559643,0.6854112683829665,0.7173807808840542,0.941020034276934,0.7267441860465116,0.7406046511627907,142.3860711966518,-0.09686869051349685,168.01199540951822,122.33896939145535,0.7707128670117552,2.5671236359967016,4.499385473108309,5.928487161329527,11.42545782689533,7.375686548669403,-11.211238796669958,0.08321296238146081,0.12610406805096094,5.0,112.56742623331249,142.3860711966518,15923.0,528.1320343559643
172,True,nv,206.85455409660744,17.281059448175828,-1.6522891112818874,3.7163923421118854,184.0,223.0,99.4549937615115,49.32924796585064,-0.07078296741476771,-1.3017595987058501,33.0,164.0,97.11781831144911,58.409549237415106,0.11261826816703768,-1.4091918294079668,23.0,178.0,65.70102786524865,83.49117415261239,0.5480084596314557,-1.6973165440519586,1.0,177.0,144.23302239914443,60.0264434263131,0.05351006245604929,-1.443673190200282,67.0,224.0,206.85455409660744,17.281059448175828,-1.6522891112818874,3.7163923421118854,184.0,223.0,143.86524864832748,32.178917989779485,-0.08137023390891872,-1.109684243691177,103.0,187.0,169.704592715822,13.120568653308146,-0.20464373968254557,-1.516731233818128,152.0,185.0,152.04081753906482,16.510682466659674,-0.10625573328257501,-1.4791578137122168,129.0,173.0,131.29998217574715,40.19412403320495,-0.1519657228297484,-1.1902660583157691,77.0,183.0,181.88598419582914,18.30496449086128,-0.20977156209846196,-1.4548736056676659,156.0,204.0,108.70138435030599,11.03239287086223,0.33792248512091394,-1.3442029235506217,96.0,125.0,0.30556441326530615,565.8549057834388,0.7445949503882128,0.6017256209060367,0.9340806628487877,1.1870503597122302,0.6684979289295836,139.71867699015587,-1.0691208349422932,172.1983243657718,114.94523337406933,0.7576193127989593,2.347641555554942,4.462103364506951,5.701391000048954,10.944247656643679,6.996441471577946,10.923551644433227,0.08361596660579185,0.15179533004496323,5.0,160.79867702710132,139.71867699015587,15332.0,565.8549057834388
172,True,nv,190.9590626101257,18.03518701187287,-1.714509069227858,4.079622212149778,168.0,208.0,118.74644661106542,33.21141234077136,-0.516787541684497,-0.6112321622803951,73.0,157.0,78.71361447198403,53.1035414489746,0.052244571969900955,-1.4550878278702495,9.0,150.0,12.697169035592623,22.17856344199798,7.161025401272225,50.61502351491656,5.0,13.0,155.06918830024668,64.31497660849088,0.013166304485072288,-1.453030515875745,71.0,241.0,190.9590626101257,18.03518701187287,-1.714509069227858,4.079622212149778,168.0,208.0,145.7937272406907,26.925042644690055,-0.6458491450827496,-0.14408539651249352,109.0,177.0,153.3707271232233,7.309634137727379,0.31551225988182036,-1.271343732742075,145.0,164.0,161.36332667684718,15.636329485758772,-0.2882130627923795,-1.472031906148646,139.0,179.0,135.780042288265,30.44028809551652,-0.5301228577897533,-0.543189972777991,94.0,171.0,167.38135792317632,10.353878415841022,-0.11076864476111266,-1.5054493500468489,154.0,180.0,95.80565018207447,14.1111817047495,0.25656016270714194,-1.4343661531105416,79.0,116.0,0.31734295280612246,528.1320343559643,0.6854112683829663,0.7173807808840542,0.941020034276934,0.7267441860465116,0.7406046511627907,142.3860711966518,0.09686869051349682,168.01199540951822,122.33896939145538,0.7707128670117552,2.567123635996701,4.499385473108293,5.928487161329583,11.425457826895498,7.375686548669483,11.211238796670001,0.08321296238146081,0.12610406805096094,5.0,104.52872706236172,142.3860711966518,15923.0,528.1320343559643
173,False,nv,102.34433663784012,51.73683136374903,0.24723762075164288,-1.4653644761181115,42.0,177.0,56.48259860788863,41.99128286709685,0.8386464447372267,-0.7786482206925354,19.0,127.0,73.65155030584265,43.55414545108802,0.9807757048380543,-0.4397833713013646,36.0,148.0,164.77462560641214,15.586919319841307,-7.678208676856094,78.23566037679554,154.0,176.0,126.93419109892427,34.5931165072811,-0.4751431029527888,-0.6228045785689202,72.0,167.0,102.38019405188778,51.6975473873594,0.2482388383537509,-1.4651220249963774,42.0,177.0,74.69299725796246,47.45591690456632,0.5597680070989515,-1.1439565046013838,26.0,149.0,150.83874709976797,5.969641649309546,-0.09875173353149111,-1.185016371895269,143.0,159.0,126.56116852984603,6.655209870424337,0.6008414666663748,-0.607846414383975,119.0,136.0,72.15893271461717,44.5234030594662,0.6667263817178867,-1.0252056799522555,28.0,144.0,149.5504113056317,8.927775089252906,-0.05289793111703327,-1.3265267369498857,137.0,161.0,128.83305209871335,5.039170773783233,-0.567318993682735,-0.693064188602182,121.0,134.0,0.1756218112244898,378.04877323527904,0.6494336341089069,0.7747983483628953,0.9483426603529919,0.8083333333333333,0.7570446735395189,105.92349535493177,0.02377586804150808,122.12443110233268,92.86564938950382,0.777417430735524,2.7010396199395452,5.098845969825856,6.08582272383089,11.963147711961103,7.8089287231637154,-11.74624742578157,0.059010440308669976,0.11234010266304721,5.0,101.8775832144818,105.92349535493177,8812.0,378.04877323527904
173,True,nv,121.31208890904968,52.870999702910865,0.18794112874630806,-1.514601902544258,59.0,195.0,78.77024268541619,44.952484316079996,0.6854323673956356,-1.0375557336945898,36.0,151.0,86.57065094125652,45.42516880586643,0.9177064116316108,-0.610970563749734,47.0,164.30000000000018,134.9106373327285,68.08530463647344,-1.4280234386590527,0.08428022418014969,1.0,178.0,97.45770015876616,26.95478250018874,-0.21484217441892509,-0.7126062598893212,57.0,132.0,121.31208890904968,52.870999702910865,0.18794112874630806,-1.514601902544258,59.0,195.0,96.36459514629168,48.51651486249696,0.47892764490552703,-1.2758769950815516,46.0,171.0,147.2907688818326,4.933723461332095,-0.11194237114364916,-1.1393620760500442,140.0,154.0,130.91993649353594,6.87002650195002,0.3897112084963423,-1.0747262127743984,123.0,141.0,92.39260603311409,46.90339695283092,0.5555599676308552,-1.19728255041041,45.0,166.0,148.65071444772056,7.986636892190326,-0.14162816518409443,-1.3760465925382088,137.0,159.0,124.69641642095714,5.821534104385326,-0.38172056583860975,-1.1230563280966628,116.0,131.0,0.15718670280612246,381.0609665440988,0.6193588989985056,0.6825473352600887,0.9421813403416557,0.8205128205128205,0.7021901709401709,100.20998098655757,-0.3616571657116005,113.70790044133916,89.27298103730632,0.7809031637246346,2.8111315568333275,5.113963499827012,6.1504634255236175,12.125225104639899,7.9643547930735945,11.832901277177067,0.05971852415367063,0.1021612123271798,5.0,147.91108683957304,100.20998098655757,7887.0,381.0609665440988
173,True,nv,105.31061200470774,53.01410954903495,0.1893362684097245,-1.5128063451206044,42.0,180.0,59.737936445664964,44.334110069244616,0.7594359627235753,-0.9422114762534615,19.0,132.0,77.2561788936838,46.31801230727281,0.8933192138826841,-0.6665867943163537,36.0,156.0,165.1795802275402,12.101320445004697,-7.764756011811462,102.90311642721333,154.0,175.0,124.01990976853668,36.12846906258685,-0.48911517325040754,-0.7528960615194116,67.0,166.0,105.3338564142801,52.98781249611425,0.1899977302158139,-1.5127756910413614,43.0,180.0,77.97400941545705,49.4727398897852,0.4978474439967495,-1.2431114382721975,26.0,154.0,150.6957630443311,5.862273215250776,-0.06407703568056783,-1.1743458723118025,143.0,158.0,126.27834444880345,6.461765952783341,0.5979854105330268,-0.6573257587377705,119.0,136.0,75.36651628089447,46.60771884073816,0.5967091935739585,-1.1491872704763495,29.0,149.0,149.38220870929777,8.737483524814069,-0.029394514034857152,-1.3034772625053994,137.0,161.0,129.0576696743821,4.931902795626687,-0.5546603836532558,-0.7265727648131963,122.0,135.0,0.18185985331632654,410.45793616376875,0.7011461744261859,0.6806211224560395,0.9436401240951396,0.9917355371900827,0.6284435261707989,107.78826859036359,0.6688632174789436,128.35682644818758,91.52067131316724,0.7690001057115677,2.5117955529417637,5.04645130178363,5.9485353806004815,11.62912945948159,7.466687725711346,11.5682158767367,0.059287671232876704,0.13084660408344803,5.0,101.21760200370579,107.78826859036359,9125.0,410.45793616376875
174,False,nv,146.31777724320423,24.62492862929779,-0.331453012579599,-0.8449567592561942,111.60000000000002,177.0,76.4354101515516,30.86318099635522,0.09731158141880494,-1.0946508226351435,36.0,118.0,59.56483040654318,34.82062277669653,0.5385490354116821,-0.8854857496334461,21.0,112.0,11.098628818859755,30.021913102634514,5.339387822540028,26.690221766520086,3.0,9.0,157.98292037527062,43.889992457268896,-0.3714243967465992,-0.9922708963859259,94.0,209.0,146.31777724320423,24.62492862929779,-0.331453012579599,-0.8449567592561942,111.60000000000002,177.0,104.14024536925668,28.266257153517532,-0.007262549305499991,-1.0546174717273509,66.0,142.0,155.91724801539573,4.533560560276176,-0.4319370136180586,-0.8142504900975873,150.0,161.0,151.7522251623767,7.472808408364178,-0.5774875933707191,-0.28488286851790834,140.0,160.0,95.43492903536205,29.158734770220462,0.05899953287668149,-1.0870314877401301,57.0,135.0,164.34977146980995,4.819659250961669,-0.7632598108341783,-0.14309996470773267,157.0,170.0,107.75872023093577,5.603123729100191,0.27238391545615953,0.007231508786447183,101.0,116.0,0.07322225765306123,238.45079348883237,0.7807028434539628,0.8119914794832905,0.9745358090185676,0.7176470588235294,0.7085824493731919,68.39504431870037,-0.35877408366568625,86.687959844941,54.17151836823334,0.7501696181408749,2.2167400959528094,4.76141543317505,6.206028484849007,-11.743067136378416,-7.353262274383366,-12.020809164164552,0.04164398475775721,0.168631329301079,5.0,98.53683418920119,68.39504431870037,3674.0,238.45079348883237
174,True,nv,149.6647662485747,30.859830256549277,0.5511860601479645,0.3687067513106679,111.0,182.0,69.37126567844926,40.71990589972473,0.5204321696266594,-0.3371250564482131,21.0,123.0,70.22280501710377,42.82908494889277,0.588326811192872,-0.5341471051781408,22.0,130.0,82.8581527936146,87.69211425958044,0.14451864078158738,-1.9777086337552783,0.0,179.0,149.1217787913341,49.06929215083174,-0.10649135090848667,-1.2119247643280893,82.0,211.0,149.6647662485747,30.859830256549277,0.5511860601479645,0.3687067513106679,111.0,182.0,102.79977194982897,35.06148435589625,0.5375933886527821,-0.1943237264135229,60.0,147.0,161.50467502850628,6.757674874263494,-0.5840328677380039,-0.5487994576204893,151.0,169.0,145.2248574686431,8.247819110322808,-0.3107995822436441,-0.858613192884778,133.0,155.0,93.48893956670467,37.533904744576084,0.5237291029677806,-0.26574061608950306,48.0,141.0,168.11128848346635,8.03957842544325,-0.5282663600440802,-0.48363376452144236,156.0,177.0,114.85746864310148,5.024862198555016,0.3658970913952933,-0.3128762843026456,109.0,122.0,0.07284359056122448,255.04877323527904,0.8037595153078761,0.7060748906097948,0.9648891235480465,0.7682926829268293,0.7075106465350368,68.21796344077578,-0.46493862832867944,88.62672672376173,52.7288538323568,0.7402686970463856,2.1232513797530355,4.711385108174495,6.116466890506226,-11.531355787716961,-7.179029188409398,12.707461205599829,0.04377564979480164,0.18451878079431158,4.0,167.62123666696147,68.21796344077578,3655.0,255.04877323527904
174,True,nv,148.6013605442177,24.684187525522848,-0.36463364917786967,-0.8302845094008653,113.0,178.0,79.02131519274377,31.590642707300066,0.039579743261005745,-1.1417309063298653,36.0,122.0,62.62630385487528,36.046499789986356,0.4386047548883025,-1.0484448484703348,21.0,116.09999999999991,11.50657596371882,31.422525786841646,5.083542479268659,23.987247210145306,3.0,9.0,154.4795918367347,45.185023162556305,-0.28501335965981206,-1.143705680806,88.0,209.0,148.6013605442177,24.684187525522848,-0.36463364917786967,-0.8302845094008653,113.0,178.0,106.63650793650794,28.7343857716495,-0.05713577486549142,-1.084305955356413,67.0,145.0,155.71337868480725,4.7759248527380995,-0.3101455758902975,-0.9927055423489244,149.0,161.0,151.2986394557823,7.701601739296411,-0.5272550414602092,-0.5849839350808423,139.0,160.0,97.9795918367347,29.756121964920528,0.0027807568961506304,-1.12270414485081,58.0,138.0,164.159410430839,5.144332558800748,-0.5982014749836635,-0.5059456020020425,156.0,170.0,108.05351473922903,5.661609798907804,0.28847213780158887,-0.2857141753757477,101.0,116.0,0.07399952168367346,245.52186130069782,0.7857828902144371,0.7740240902446084,0.965167663114115,1.3650793650793651,0.6853082318198598,68.75709730349048,-1.171506206068761,87.62241209585214,54.194674345471974,0.747935168820997,2.196018773512474,4.746203186834368,6.187360434659533,-11.665156337810107,-7.2940722655963794,12.307028814810012,0.04443845946673852,0.17241704899305446,5.0,101.2917364749208,68.75709730349048,3713.0,245.52186130069782
175,False,mel,147.82093695122643,21.193327709279114,-0.6013645590301198,0.1350865341866312,117.0,174.0,85.98328895938367,31.939719810828556,0.17110639383565418,-0.9184318754126162,44.0,132.0,79.55486319605733,36.95652354262778,0.5507626791605508,-0.6518682000152993,35.0,136.0,37.51430351781567,67.94705372172989,1.5197375430292737,0.3210738747134294,1.0,176.0,125.92244944202119,41.97104500864587,-0.2835641062348098,-0.9965995286231655,63.0,179.0,147.82093695122643,21.193327709279114,-0.6013645590301198,0.1350865341866312,117.0,174.0,111.30499065314677,28.26253049427073,0.02812521440946534,-0.7391417226412176,73.0,151.0,153.1873335976888,6.168701633139079,-0.2456748063552319,-1.0677535908565907,145.0,161.0,143.64125077890444,7.771823289967705,-0.7821063163925415,-0.2290080471187843,131.0,152.0,103.75630204497818,28.950217372245614,0.0934328300294356,-0.8094089152652564,65.0,145.0,159.4736871919787,7.06974996094768,-0.6240193023594863,-0.6478676780910111,148.0,167.0,114.33155837534697,6.017941738998594,0.8807910673573359,0.18387989257381676,108.0,124.0,0.332210618622449,508.1147904132611,0.7374937774146691,0.811326641605281,0.9770236211242014,0.7848837209302325,0.7178725236864771,145.68332084075524,0.43392115675070975,177.833646357994,120.10065162603173,0.7628095870086469,2.380969883255952,4.2775431356409,5.849352477452233,-11.222963457613599,-7.262817707745983,10.972308674473336,0.05549223108764778,0.14235736646120697,5.0,131.11142643965488,145.68332084075524,16669.0,508.1147904132611
175,True,mel,147.82093695122643,21.193327709279114,-0.6013645590301198,0.1350865341866312,117.0,174.0,85.98328895938367,31.939719810828556,0.17110639383565418,-0.9184318754126162,44.0,132.0,79.55486319605733,36.95652354262778,0.5507626791605508,-0.6518682000152993,35.0,136.0,37.51430351781567,67.94705372172989,1.5197375430292737,0.3210738747134294,1.0,176.0,125.92244944202119,41.97104500864587,-0.2835641062348098,-0.9965995286231655,63.0,179.0,147.82093695122643,21.193327709279114,-0.6013645590301198,0.1350865341866312,117.0,174.0,111.30499065314677,28.26253049427073,0.02812521440946534,-0.7391417226412176,73.0,151.0,153.1873335976888,6.168701633139079,-0.2456748063552319,-1.0677535908565907,145.0,161.0,143.64125077890444,7.771823289967705,-0.7821063163925415,-0.2290080471187843,131.0,152.0,103.75630204497818,28.950217372245614,0.0934328300294356,-0.8094089152652564,65.0,145.0,159.4736871919787,7.06974996094768,-0.6240193023594863,-0.6478676780910111,148.0,167.0,114.33155837534697,6.017941738998594,0.8807910673573359,0.18387989257381676,108.0,124.0,0.332210618622449,508.1147904132611,0.7374937774146691,0.811326641605281,0.9770236211242014,0.7848837209302325,0.7178725236864771,145.68332084075524,0.43392115675070975,177.833646357994,120.10065162603173,0.7628095870086469,2.380969883255952,4.2775431356409,5.849352477452233,-11.222963457613599,-7.262817707745983,10.972308674473336,0.05549223108764778,0.14235736646120697,5.0,131.11142643965488,145.68332084075524,16669.0,508.1147904132611
175,True,mel,168.3130170521695,22.57448947246966,-0.5776567323235351,0.08664216409130532,136.0,196.0,103.19882942202713,34.03145179996047,0.16845598542447537,-0.9266520400054619,58.0,152.0,96.57493387360009,39.5078526247495,0.5423274528748405,-0.6784307073766893,49.0,157.0,38.70544206201812,68.83500966894078,1.463997826657513,0.1541107250729108,1.0,176.0,115.90894254037931,38.0536678973647,-0.32907225409658303,-1.0234820234150526,58.0,163.0,168.3130170521695,22.57448947246966,-0.5776567323235351,0.08664216409130532,136.0,196.0,129.36490517192863,29.660699629822336,0.02944425393768534,-0.7622877694774739,89.0,171.0,153.7613821824526,6.306841854368503,-0.2295571629518173,-1.0838374715378774,145.0,161.0,143.59305532106478,7.860252997612937,-0.7889297501540995,-0.24591021242608724,131.0,152.0,121.92683887669537,30.877199995682865,0.09360060538695354,-0.8202698790812053,80.0,165.0,161.13607968934662,7.49398227565705,-0.6247701096643196,-0.6745219067640082,149.0,169.0,113.6765152794192,6.407647318840865,0.8917556800868174,0.11573297784346614,107.0,124.0,0.332210618622449,508.1147904132611,0.7374937774146693,0.811326641605281,0.9770236211242014,1.2740740740740741,0.7178725236864771,145.68332084075524,1.1368751700441868,177.833646357994,120.10065162603172,0.7628095870086469,2.3809698832559523,4.277543135640897,5.849352477452012,-11.222963457613721,-7.262817707745986,-10.972308674472858,0.05549223108764778,0.142357366461207,5.0,129.46316703877514,145.68332084075524,16669.0,508.1147904132611
176,False,vasc,194.475697786333,10.72134300054911,0.293023175967389,-0.9971846440799812,181.0,210.0,72.82410972088546,37.05504848129857,0.4394274469452257,-1.2560593464744672,31.0,129.0,108.25625601539942,21.710593650259298,0.6556028917980624,-0.9141286647031199,86.0,141.0,171.34023099133782,8.331597862927039,-18.80985738479756,384.359834513803,169.0,175.0,161.73147256977865,43.05445195733487,-0.3764282409482546,-1.3194805924763697,98.0,212.0,194.475697786333,10.72134300054911,0.293023175967389,-0.9971846440799812,181.0,210.0,126.42805582290664,21.556545874540223,0.5630762005583235,-1.0935749947957685,103.0,160.0,177.93190567853705,10.951130938945145,-0.6489646578220741,-1.0876678514858162,160.0,189.0,135.12897016361887,1.7685407213396709,-0.3433078240323133,0.16552918360451319,133.0,137.0,113.23026948989413,27.249897934918355,0.43663465085000414,-1.2319563721094993,82.0,154.0,185.92179980750723,12.298946965978583,-0.5449591294953233,-1.1730095421324738,167.0,199.0,125.19225216554379,3.7699546247786486,-0.048949009008038294,-0.9179498102450863,121.0,130.0,0.07246492346938775,238.16652224137044,0.7704568930471278,0.8055125449846177,0.9639448568398727,0.6547619047619048,0.787012987012987,68.04042169664332,-0.05497716364411912,85.67835162007904,54.61927219088377,0.750893975455312,2.251009924567024,4.370963077335095,5.481652143090768,10.454228694047616,6.652534010147724,10.766415974209764,0.06215621562156215,0.17113612552833943,5.0,62.10739282081102,68.04042169664332,3636.0,238.16652224137044
176,True,vasc,205.11331861662987,11.764007320476802,0.39592355861746725,-1.0511852372892465,191.0,222.0,71.10767721363747,40.27958985963049,0.5660391889917546,-1.1617904841563715,28.0,135.0,110.92641648270788,23.185085266058667,0.7368239127051,-0.8681841028465764,89.0,148.0,171.00907530046604,9.982627345328162,-15.985793165574552,271.12419786308556,169.0,175.0,169.00318861908266,44.246546972020916,-0.5011062311481287,-1.2387370925498806,100.0,217.0,205.11331861662987,11.764007320476802,0.39592355861746725,-1.0511852372892465,191.0,222.0,130.79273975962718,22.72175417098216,0.6907681020517509,-0.9785939317586081,108.0,168.0,181.91660534706892,11.313813057971194,-0.8059378745839617,-0.8907628187421981,163.0,192.0,136.22442972774098,1.8350982740783628,-0.5938861238694533,0.42592075946579255,134.0,138.0,115.70811871474123,29.64494604344391,0.5607282905582675,-1.1485871438796147,84.0,163.0,191.7534952170714,13.195156560557734,-0.6560152145105013,-1.0798080939340302,170.0,205.0,125.29556046112337,4.209641503794597,-0.25810982000218935,-0.9721239577035283,120.0,131.0,0.06963488520408163,242.8233764908628,0.5844752676955682,0.7446492856028784,0.9575226089339545,1.078125,0.791213768115942,66.69856797041942,1.2090119927263847,75.013963309085,60.86719429786418,0.7774723401021075,2.9272527656089737,3.7576304497244,5.231211461571359,10.051101081053538,-7.377924958438485,-9.780530776156848,0.0953062392673154,0.11242825200585614,5.0,65.99318163782588,66.69856797041942,3494.0,242.8233764908628
176,True,vasc,195.54865572210326,10.99735871112616,0.2678740261055332,-1.02694332868583,182.0,211.0,75.99785867237688,37.08258359876344,0.4231705858244365,-1.277106584529542,34.0,132.0,110.63811563169165,21.80167443793792,0.641425631945368,-0.9344467757109522,88.0,143.80000000000018,171.01879609802523,11.473246405681177,-14.169562653014788,208.4259877288423,169.0,175.0,158.14632405424697,42.57720873278671,-0.36212443118676824,-1.3364014877460577,96.0,207.0,195.54865572210326,10.99735871112616,0.2678740261055332,-1.02694332868583,182.0,211.0,128.26719010230786,21.953127156237382,0.5339963240288371,-1.1348785870173363,104.0,162.0,177.22531525101118,11.086959998245089,-0.6169792253419611,-1.1314205787675173,160.0,188.0,134.73852010468713,1.737169312374341,-0.16349170330857798,0.10805766202021783,132.0,137.0,115.68593861527481,27.35729281441701,0.41973110044464634,-1.254437957773482,85.0,157.0,184.939804901261,12.200129206790743,-0.5350243057078404,-1.1861706434425778,166.0,198.0,125.14989293361884,3.8053260273719474,-0.030174302983318895,-0.9266285978825399,120.0,131.0,0.07246492346938775,238.16652224137044,0.7704568930471282,0.8055125449846177,0.9639448568398727,1.5272727272727273,0.787012987012987,68.04042169664332,1.5158191631507776,85.67835162007906,54.61927219088375,0.7508939754553109,2.2510099245670276,4.370963077334413,5.481652143091334,10.454228694048766,6.6525340101488615,10.76641597420757,0.06215621562156215,0.17113612552833943,5.0,65.04781384959404,68.04042169664332,3636.0,238.16652224137044
177,False,mel,181.41537867078824,13.372036516977285,-0.8101642854702618,0.5184279932022342,162.0,197.0,108.85793405461102,25.44138007967238,-0.38419175979727715,-0.6976303399101362,72.0,140.0,113.52756311179805,33.05203129120456,-0.5691525581319511,-0.4774854995766846,63.0,153.0,116.3241885625966,81.88185987747738,-0.674675177460175,-1.5413297441624987,1.0,178.0,107.58642452344152,33.0624029614588,0.8037782385330772,-0.05364702782320885,71.0,157.0,181.41537867078824,13.372036516977285,-0.8101642854702618,0.5184279932022342,162.0,197.0,138.23377125193198,20.387325924924696,-0.43838648871151165,-0.5153281212512257,108.0,163.0,157.63923235445645,6.302589053478447,0.3326846007988162,-0.5335014045698379,150.0,166.0,138.45401854714066,8.623460032621814,0.8657768383238847,-0.07386554169172399,129.0,152.0,131.10651725914477,22.255543944097194,-0.4777493035212248,-0.4996704994699601,98.0,158.0,163.92993302421434,7.903020861571243,0.316586013497912,-0.6610684104946141,154.0,175.0,118.07637815558991,6.662231662560434,-0.6768454573401238,-0.38628195460905435,108.0,126.0,0.13984773596938777,349.01933598375615,0.6921074308394484,0.7238729777802387,0.9376002137894174,0.918918918918919,0.6197668256491786,94.52154191191887,0.6194129133480631,113.68712284529599,82.05874030136351,0.7567233189194609,2.517003767437623,3.358541792629769,5.007811641443769,-9.784073191950595,-7.203658950320614,9.205614462573338,0.14992161892546674,0.16119782460602472,5.0,128.31629935591346,94.52154191191887,7017.0,349.01933598375615
177,True,mel,151.2236682474909,12.817423969222661,-0.8399152772007413,0.5542589334177488,133.0,166.0,81.87901180103673,24.983930593608054,-0.3731458166296906,-0.7315035402299488,46.0,113.0,86.55608249696702,32.01669120508677,-0.5896893133479411,-0.48115134881409327,38.0,124.0,119.38281680820558,80.83896705933277,-0.7586905626942322,-1.4208641886180777,1.0,178.0,123.76309694496526,40.50367941196073,0.8517746594539709,0.05559658078366381,79.0,183.0,151.2236682474909,12.817423969222661,-0.8399152772007413,0.5542589334177488,133.0,166.0,110.8864012352487,19.934250016776833,-0.399812048874144,-0.5745125882776176,82.0,136.0,157.44722620491893,6.384084463481422,0.23822462450316953,-0.7204165486105056,149.0,166.0,138.96955994264917,9.086690791876208,0.8922899524031946,-0.09506332599785106,129.0,153.0,103.16962611668689,21.729929173495638,-0.47442586364802797,-0.5283813097539114,71.0,130.0,162.32017205249807,7.783759569756146,0.30856822692717073,-0.7234943746995994,152.0,173.0,118.62324914525202,6.339630446893119,-0.7228300985857731,-0.3486187450031828,109.0,126.0,0.1569874043367347,389.88939366884495,0.7127494548191617,0.6511602292534604,0.9309774258361896,0.8888888888888888,0.647353714661407,100.1464322573644,0.6981947225499813,122.21289044467355,85.72240865078362,0.752481404154443,2.440746018387246,3.351153319220617,4.955694479957533,-9.233866700781538,-6.369696555576802,9.288874416239652,0.1519614066268884,0.1669099939276881,5.0,134.16007044051617,100.1464322573644,7877.0,389.88939366884495
177,True,mel,181.84094694266,13.171151153391586,-0.8379203977587016,0.472443403836873,162.0,197.0,110.11004044729955,25.68844430673257,-0.38056967564089145,-0.7357292331001832,73.0,142.0,114.95003568879372,33.07104338988573,-0.5971319067531352,-0.4768323235833565,64.0,154.0,119.7005710206995,80.68182659181177,-0.7674263258303099,-1.4075375998161321,1.0,178.0,106.01998572448251,33.18973824852712,0.7935969161578845,-0.07765607553242138,69.0,154.0,181.84094694266,13.171151153391586,-0.8379203977587016,0.472443403836873,162.0,197.0,139.1830835117773,20.511341066768146,-0.4404279489639916,-0.5588140360601193,109.0,164.0,157.29538424934572,6.41963404517392,0.32123578199627645,-0.604317918446649,149.0,166.0,138.16036164644302,8.51159677274303,0.9270633941201374,0.026338758140721286,129.0,151.0,132.1297882464906,22.359273612243662,-0.4818670488530147,-0.5376818435911956,99.0,159.0,163.49928622412563,8.031903845654334,0.3106792107645532,-0.7163267799114852,153.0,175.0,118.30561503687842,6.581973404386978,-0.7386092551397112,-0.3166612246225502,108.0,126.0,0.14582669005102042,364.50461735799473,0.6832077637405982,0.6920490086101228,0.9337672281776417,0.963963963963964,0.6160646627936348,96.52094979240096,0.7322581563080018,115.43569920497924,84.29392286848869,0.7581662605178122,2.5493343524423278,3.3596487792884546,5.027922744616021,10.664421865741298,7.018777875830833,9.22199139191502,0.1523848571819052,0.15822699365310205,5.0,127.04271599373048,96.52094979240096,7317.0,364.50461735799473
178,False,nv,173.0398593200469,22.376754481811915,-0.3740887803412759,-0.4908506053916284,143.0,202.0,106.01223303940058,38.4564582694855,0.09228963487319891,-1.0024458443267608,57.0,160.0,98.53402314083287,40.57009638020814,0.12195100401044771,-0.9871122925359312,47.0,156.0,13.530200316020185,41.2687099400854,3.7302949610450407,11.944650617127218,1.0,6.0,115.49232886487589,43.09346611411803,0.14307249194218702,-0.8060994076952621,57.0,171.0,173.0398593200469,22.376754481811915,-0.3740887803412759,-0.4908506053916284,143.0,202.0,132.9302716754167,31.959325266093895,0.024390203040417096,-0.9440136120430824,92.0,178.0,154.27493756052806,8.198052386933853,-0.32156084619990677,-1.112969678957064,143.0,164.0,144.5431979203833,6.540818755591682,0.009460686072782023,-0.8290888958883169,136.0,153.0,125.21637188439777,33.70274535803383,0.013028568983704572,-0.9460458370590068,82.0,172.0,162.15836688924003,8.903487004754462,-0.4803125631289759,-1.0124801255954234,149.0,172.0,112.92491972067893,4.442371632290823,0.3439989629734845,-0.6568883514486976,108.0,119.0,0.369937818877551,560.541197284454,0.555744766100116,0.7423685393176797,0.9570014435966179,1.0426829268292683,0.6618884609898731,153.73312079501312,0.7907661923078004,169.91489646160662,141.25925323039112,0.7841002872020576,3.0450621560651543,3.8640027316980814,5.825755518488939,-10.976601540809042,-7.730350678857012,10.731483009500073,0.09104622346729874,0.0886638737149605,5.0,106.73893053601535,153.73312079501312,18562.0,560.541197284454
178,True,nv,176.91013813140324,22.5496813171552,-0.3766137698052313,-0.4888988507990297,146.0,206.0,117.221265100158,40.209939211430445,0.0832887212306945,-1.0007251410306348,66.0,174.0,110.64743361027575,42.44890447010595,0.10190515135914327,-0.9871416270419404,57.0,171.0,14.335694989550946,42.780974629431846,3.561611428679253,10.711237920314975,1.0,6.0,101.05362148937255,43.041824827119044,0.14031620696152416,-0.8239669276165551,43.0,157.0,176.91013813140324,22.5496813171552,-0.3766137698052313,-0.4888988507990297,146.0,206.0,141.4461491411387,33.48552499433701,0.011598659682732035,-0.9408359591071038,98.0,188.0,151.13599062133645,8.604343105217334,-0.2612942987195966,-1.1609896805702562,139.0,162.0,142.17758295529845,6.382011668640903,0.09020610810370616,-0.8030442226920473,134.0,151.0,134.33370712064834,35.004123470614545,0.0061700202629481615,-0.9417924586111841,89.0,183.0,158.41357867373463,9.696600933268893,-0.4450472281202046,-1.0522745301707455,144.0,170.0,114.62143840154951,4.671531137734129,0.2650170511409481,-0.7745085141048311,109.0,121.0,0.369937818877551,560.541197284454,0.555744766100116,0.7423685393176797,0.9570014435966179,1.0426829268292683,0.6618884609898731,153.73312079501312,0.7907661923078004,169.91489646160662,141.25925323039112,0.7841002872020576,3.0450621560651543,3.8640027316980814,5.825755518488939,-10.976601540809042,-7.730350678857012,10.731483009500073,0.09104622346729874,0.0886638737149605,5.0,108.37248077370609,153.73312079501312,18562.0,560.541197284454
178,True,nv,139.5892757021255,21.29085469358018,-0.3744369737671025,-0.4902026226291025,110.0,167.0,75.97792955808146,36.51194808551818,0.09993053931255785,-1.0185464950545595,29.0,128.0,69.10494928385748,38.19257736083417,0.1503273690623852,-1.042620656797033,20.0,124.0,13.564758652326827,41.48944564967894,3.711118535917997,11.801179255865593,1.0,6.0,137.02466996279117,53.63564303681441,0.19352672060535947,-0.8688800782275248,66.0,209.0,139.5892757021255,21.29085469358018,-0.3744369737671025,-0.4902026226291025,110.0,167.0,102.42662724909526,30.6373262245544,0.06576254494464448,-0.9698000529273059,63.0,146.0,154.14118966308172,8.084960021737876,-0.38930047704902426,-1.1241793003644562,142.0,164.0,145.14195422804426,6.941718365791551,-0.08052341796383554,-1.05835243971125,135.0,155.0,94.22865589479586,31.971819943280472,0.022668718424259115,-0.9666059008830938,53.0,139.0,160.40287476425914,8.453220603591276,-0.4742815738046219,-1.0198030893441092,148.0,170.0,113.81217187420357,4.104705673108522,0.3681000970661786,-0.7007130804957891,109.0,120.0,0.369937818877551,560.541197284454,0.5557447661001156,0.7423685393176797,0.9570014435966179,1.0426829268292683,0.6618884609898731,153.73312079501312,0.7907661923078007,169.91489646160656,141.25925323039112,0.7841002872020574,3.045062156065153,3.8640027316980836,5.8257555184889736,-10.976601540809108,-7.730350678857061,10.73148300950012,0.09104622346729874,0.0886638737149605,5.0,116.41594338007351,153.73312079501312,18562.0,560.541197284454
179,False,mel,175.10294417162643,27.687497905541626,-0.28444368762041666,0.21987750523368677,138.0,210.0,106.83351060218607,28.842795595412117,-0.4840276016778279,-0.19183511045466295,64.0,141.0,93.02104596166467,40.68762214522743,0.5148488267692912,-0.04028380455125369,42.0,149.0,31.68532892801376,58.755469131287484,1.9436300117969698,1.8027926734429203,3.0,167.0,129.31254384575348,34.88659529316484,0.34859608299814804,-0.5078040634050409,87.0,179.0,175.10294417162643,27.687497905541626,-0.28444368762041666,0.21987750523368677,138.0,210.0,133.42895290683202,27.686963152662173,-0.4439406474747803,-0.10893449597198313,93.0,167.0,154.0308221503089,6.152291222004009,0.6275906925660301,1.1977717769034752,147.0,162.0,147.78838624997172,10.985277724465716,-1.1228725315242118,0.9684908036881126,132.0,159.0,125.69732286315599,29.020819091447535,-0.3337605635938901,-0.22557348697983892,84.0,162.0,163.2855688067166,5.515465773371576,-0.34048802730829475,1.4197341161407246,156.0,169.0,109.56473330466858,9.543546245569313,1.2633184647507447,1.4262339997696172,100.0,123.0,0.8592354910714286,798.5584412271571,0.35589654477728605,0.8495808185650149,0.9861161939615737,0.9910714285714286,0.8669763513513513,234.29292881383995,-0.195334611279079,243.52420576502413,227.57954618276622,0.7930278941100526,3.9259928244095903,4.912427748656449,7.237292511898654,13.45558367784346,-9.899046267887956,-13.469990517209595,0.028599262403451342,0.05438409467771724,5.0,121.32956232999393,234.29292881383995,43113.0,798.5584412271571
179,True,mel,174.79744809593757,30.369239343959592,-1.1150735487520194,4.6465741707382175,138.0,211.0,105.76502312937102,29.335926331680128,-0.6371100569609128,0.31254890800661705,63.0,140.0,92.20345077061364,41.23236267711491,0.5270173187825872,0.01828153790363407,41.0,150.0,32.86786661697323,59.73490803710874,1.864943144823369,1.5058135460156086,3.0,168.0,131.12862561111965,34.6017282674641,0.43358963742389495,-0.015872856305566785,89.0,179.0,174.80067086137723,30.35086793972342,-1.1070600061686318,4.586814496655032,138.0,211.0,132.5888452853353,29.069183952223298,-0.8105409232996406,1.5650207806591796,92.0,167.0,154.38144827132615,6.19647789942658,0.321982359607062,2.3501330305887045,148.0,162.0,147.8130576809243,11.218621733067826,-1.1707912994373892,0.903233444000767,130.0,159.0,124.88542740008332,30.134989322547263,-0.5912782810405711,0.8018434893807522,83.0,161.0,163.64812663056586,5.5792452342670735,-1.325193186734403,8.02485489470539,158.0,169.0,109.56269046105277,9.78867313446633,1.2945349703344626,1.283501617976719,100.0,125.0,0.8907844387755102,820.3036072312182,0.18472451945873672,0.834697820875241,0.9923182807157764,1.0,0.8907844387755102,238.5554750817571,0.8507817012647071,242.24294072935547,238.0740220220362,0.7923300720795841,5.105674580140066,4.511426763156789,6.715672966257862,12.806772823499223,9.306116772722177,12.354745559432999,0.04273313048147487,0.05839876951018981,5.0,124.68750424429625,238.5554750817571,44696.0,820.3036072312182
179,True,mel,175.09969221020233,27.67227422329477,-0.28273498211023385,0.21242767205622304,138.0,210.0,106.84035667405966,28.84155246512615,-0.4833376730774789,-0.1920444316027865,64.0,141.0,93.02838002987372,40.68249073665433,0.5150703247090086,-0.04281062682582837,42.0,149.0,31.724324446657313,58.79975350670529,1.941030294675836,1.792690493411886,3.0,167.0,129.29251346580364,34.88998566887174,0.34492589655005756,-0.5036928149363042,87.0,179.0,175.09969221020233,27.67227422329477,-0.28273498211023385,0.21242767205622304,138.0,210.0,133.4279183451772,27.680380758370713,-0.4427448803665269,-0.11255169186497183,93.0,167.0,154.0283121350654,6.148989032244102,0.6335491549920562,1.2035147697032453,147.0,162.0,147.78384556194268,10.988137224529922,-1.1202026549345907,0.9525931655395716,132.0,159.0,125.70164758068167,29.01569967125845,-0.33322118853793364,-0.226804805301835,84.0,162.0,163.28169555967955,5.511493558869562,-0.34263242444702574,1.3882049804484966,156.0,169.0,109.56789480831033,9.545106469805216,1.2593448843205615,1.4034436461863278,100.0,123.0,0.8592354910714286,798.5584412271571,0.35589654477728666,0.8495808185650149,0.9861161939615737,0.9910714285714286,0.8669763513513513,234.29292881383995,-0.1953346112790776,243.52420576502416,227.5795461827662,0.7930278941100525,3.9259928244095916,4.912427748656459,7.237292511898523,13.455583677843379,-9.899046267887464,-13.469990517209286,0.028599262403451342,0.05438409467771724,5.0,121.3620133988718,234.29292881383995,43113.0,798.5584412271571
17,True,nv,113.94576042311371,54.85061923111731,0.5670923426985193,-1.1373856920518184,57.0,201.0,71.28216958307546,43.99121787695462,0.8207833217421301,-0.7157834960234912,30.0,145.0,57.28453271816801,36.193892697072044,1.0973223376291474,0.023888459992311706,25.0,119.0,6.825521858999606,7.499237356092665,20.016130176467446,453.924286827466,4.0,10.0,132.8122432903843,20.555888681652497,-0.5943783873132565,0.11879340865998911,103.0,156.0,113.94576042311371,54.85061923111731,0.5670923426985193,-1.1373856920518184,57.0,201.0,86.83919428346368,48.62589551213148,0.6622164565122677,-0.9733951215998666,37.0,166.0,144.63517695380634,3.392118774192601,-0.13216764063431188,-0.75356421924982,140.0,149.0,143.8553423732628,6.495513841432066,0.11578182409053114,-1.4680729967336894,136.0,153.0,82.46278062229224,46.20423339677176,0.7528404909567332,-0.8329751236944922,37.0,159.0,150.48770607100658,7.127080955392632,0.0038860531902615244,-1.460381842439332,142.0,160.0,113.78411072975862,6.817061319681357,-0.20413124832800392,-1.5390187788577678,104.0,122.0,0.32712850765306123,523.7127701597078,0.5565265712094994,0.7520348479055018,0.9767912401809093,0.9050632911392406,0.7264760555899796,144.56470484624856,0.3397842158009112,158.98089574958246,132.08606763439644,0.7886863485259588,3.0513454472980417,4.741485109805518,6.600296469693699,-12.298582856063764,-8.127431693232472,12.73427784210546,0.04179359083709033,0.07502394191279095,5.0,82.90574526886246,144.56470484624856,16414.0,523.7127701597078
17,True,nv,110.36928444634879,55.356020291290434,0.5686322748675852,-1.128074524314032,53.0,199.0,55.2734284140295,42.06003805810375,0.8269724903002895,-0.7062458275603198,16.0,126.0,40.73128481361327,33.578309474000804,1.1505063570878418,0.18248427545986434,11.0,98.0,5.968537675215768,10.025186584928099,16.022917905923933,273.6671933421317,2.0,9.0,172.82683479218952,29.07304021104645,-0.45847118296881273,-0.09571871704318236,129.60000000000014,206.0,110.36928444634879,55.356020291290434,0.5686322748675852,-1.128074524314032,53.0,199.0,74.76868458101242,47.94326929188599,0.651178432004636,-0.9902757660571617,26.0,152.0,150.9072045051111,4.002870687695241,-0.21406759047628146,-0.7426590806833602,146.0,156.0,147.59643753443103,7.541508699957671,-0.002219905158472955,-1.452807691866324,138.0,157.0,70.10699638856583,44.89200481015721,0.757959129287092,-0.8238379955249,26.0,144.0,156.76397135336964,8.362230959819593,0.016970757113446512,-1.4336016460944403,146.0,168.0,111.41757972700006,7.648628390615018,-0.19713556351915862,-1.5426670190080027,101.0,120.0,0.29970503826530615,500.80108191427644,0.62783946391336,0.7534760070671589,0.9761765660499838,1.264,0.7614177215189873,138.37259943257328,1.4509737579135789,157.21971967767584,122.37084624616159,0.7825998123759871,2.7851976137627124,4.725914873662263,6.426411588518161,-12.0546031693123,-7.8344870117865195,-12.338326960145313,0.04309083654741319,0.096253169499812,5.0,94.45424708726497,138.37259943257328,15038.0,500.80108191427644
18,False,mel,151.80180586907449,47.41613320628543,-0.24538739384312108,-0.49447642892801236,80.0,218.0,71.95297215951844,50.11988232261809,1.107770394004839,0.10363287416897782,25.0,160.0,58.814296463506395,52.278935618285914,1.5521301248285666,1.303278985550829,18.0,153.0,42.87614747930775,70.65998456706689,1.3232330082422115,-0.23888727248804642,1.0,176.0,167.03378480060195,53.021086163196394,-0.945344992408164,-0.05741690280482192,75.0,221.0,151.80180586907449,47.41613320628543,-0.24538739384312108,-0.49447642892801236,80.0,218.0,103.82486832204665,47.010946711230964,0.6700506843574721,-0.30952468004095257,48.0,181.10000000000218,160.44044394281414,9.28698597264136,-0.727443142183182,-0.783239991540194,145.0,170.0,152.61471030850262,13.225089092326618,-0.5392215282204779,-0.8221518598079971,131.0,168.0,94.3331452219714,47.96962568832419,0.9130079106614293,-0.14230643015633593,44.0,177.0,168.99608728367193,12.71207692174317,-0.8615291216022741,-0.41644582212550896,148.0,182.0,107.9515425131678,10.799735921089606,0.3911782102371756,-0.8989492657152525,95.0,125.0,0.5057397959183674,622.7422074112307,0.30461784873195796,0.8222737498566648,0.9713673250650743,0.9731182795698925,0.7537575001485178,179.7490658868621,0.1750700212428259,185.62409268572037,176.802243427757,0.7908764084747198,4.207527534172361,3.7945411240356934,7.454526433117974,-13.152035715895318,10.049283463878494,13.351315675945106,0.09434110970996212,0.06502181663707775,5.0,171.0972039365487,179.7490658868621,25376.0,622.7422074112307
180,False,vasc,70.88997078870497,49.28781069449723,1.3086886872298156,0.6240616573292135,27.0,160.0,55.35569620253165,35.155974118757804,1.337862835156999,1.0017605557013054,22.0,116.0,74.47166504381694,36.47818605536399,0.8132042064754244,0.02372458170827141,33.0,131.0,140.51733203505356,18.091177208368507,-0.00939191982472443,4.096558136592622,123.0,170.0,82.93373904576437,17.84967361171776,0.5200642151070284,1.5609818684326395,61.0,104.0,80.8095423563778,46.21172377545377,1.0840365280106137,0.3935275397313318,33.0,160.0,63.635637779941575,42.0187797729752,1.1481151467958257,0.4511474731580223,21.0,137.0,139.00399221032131,5.840602904675582,0.82314239588666,0.5123450057240397,132.0,147.0,118.79026290165531,6.341891957591899,0.1705867387955345,-0.31514488661964624,110.0,127.0,62.177166504381695,39.22204925255862,1.2863194336828123,0.7882623576821834,25.0,131.0,134.23787731256087,8.33981817887014,1.3096830296882287,0.6632448914844509,127.0,149.0,134.94556962025317,5.500903470255349,-0.13273509460918728,-0.12994089221369487,128.0,142.0,0.38637994260204084,573.9726547895302,0.8356993489341958,0.739499815309346,0.9640956785518922,0.568075117370892,0.7522213168820083,157.11236442043827,0.029502576347657166,213.72747994163288,117.37639968661283,0.7174301214172735,1.975619470521222,4.547902417493269,5.636645866324525,11.078703995838241,-7.229561884841596,-10.777300332656917,0.05343787073812345,0.21916827711904424,5.0,82.15257459554005,157.11236442043827,19387.0,573.9726547895302
180,True,vasc,73.57679436591579,51.87517203620288,1.2421714443142047,0.35417509782659407,27.0,167.0,57.44338444633135,37.30972979102854,1.2964615623793236,0.7497452124791084,23.0,122.0,76.33779531491933,38.20760673270974,0.8381547193258079,-0.032756997802501964,34.0,138.0,141.03136706458218,18.66797784997921,-0.23785091632200175,4.954528226773294,123.0,170.0,82.02437440687278,17.535117647054197,0.5489143675147246,1.4009445253572448,60.0,103.0,83.15748464112681,48.45453011827578,1.0639003567682004,0.22601553070130675,34.0,167.0,65.9622396483692,44.22542018430922,1.1150120013624758,0.25835092924176406,23.0,143.0,139.1281154787473,5.868267274162757,0.7629060486401151,0.26973735780965535,132.0,147.0,119.02911942460416,6.247800765361277,0.14988921384642792,-0.3832325167233672,111.0,127.0,64.4186604065731,41.4902353309113,1.2423254744234218,0.5473351709735965,25.0,137.0,134.55466759902103,8.492134516690225,1.1974609281376145,0.27632522196293907,127.0,149.0,134.73902402477398,5.421227797289152,-0.11796042888724952,-0.20911933824503182,128.0,142.0,0.36794483418367346,608.399061660723,0.8689806520188526,0.6267748181042968,0.9590649350649351,0.5645933014354066,0.7486010866920769,153.3184544498821,0.22412634109530033,219.73971099964885,108.73733095070834,0.6914567139738073,1.8171228348745325,4.535706366523468,5.593941316985404,11.173143566702436,-6.943123921369292,10.680103523813033,0.05340699815837935,0.2501928568865612,5.0,84.65762561530917,153.3184544498821,18462.0,608.399061660723
180,True,vasc,74.0336860933075,52.32802449362495,1.2303368735398301,0.3102327503564477,27.0,169.0,57.74645997913251,37.634617641709696,1.2800606370826058,0.6871671982611693,23.0,123.0,76.56849008794157,38.35621917864454,0.8255545955891742,-0.07205808370986055,34.0,139.0,141.02474288269488,19.352790887392395,-0.6073643368772634,6.964099172821731,123.0,170.0,82.14781139762508,17.97493501851847,0.8864464962792816,4.601339239698346,60.0,103.0,83.57529686490784,48.868604336220024,1.0571011450859469,0.19204608206374552,34.0,169.0,66.31355890097879,44.57067472509461,1.1034402701223966,0.21331336983356275,23.0,145.0,139.17931137278282,5.877561389783654,0.7640409393113937,0.2852868121295993,132.0,148.0,119.09335718189497,6.316748040006431,0.17487275545053468,-0.35468884440398485,111.0,128.0,64.76037164008545,41.836728877422075,1.2281584628194449,0.4921946942804132,26.0,139.0,134.63581259005315,8.563014085548291,1.1854801681266265,0.2338553161064798,127.0,149.0,134.67516271674864,5.4952212731757895,-0.157702271939926,-0.15166494038030365,128.0,142.0,0.3687021683673469,575.9137802864844,0.8135204635788743,0.7009170941315654,0.9598422745667738,1.5692307692307692,0.6975867269984917,153.47615963921078,-1.4149830385354147,202.8915094342268,117.98877545107757,0.7302479840724108,2.072054002335438,4.562308470737574,5.6889401988374,11.129884767944523,-7.361683694771015,-10.872472098525032,0.05362162162162165,0.1997817494084806,5.0,86.1963302421309,153.47615963921078,18500.0,575.9137802864844
181,False,nv,166.60365762254534,18.30861073963318,-0.8119012419117658,-0.014400001857261646,139.0,186.0,116.13356318393045,30.293992430763574,-0.3907481320848395,-0.9435417750153912,71.0,152.0,131.0323789536801,33.81314222813564,-0.27361239170014917,-1.0925382385072886,82.0,172.0,169.7868385549393,6.37513256010534,-6.178478715778049,149.5634944014783,162.0,176.0,80.36336381352122,29.40713135149522,0.47075852998906,-0.8518265184001166,46.0,125.0,166.60365762254534,18.30861073963318,-0.8119012419117658,-0.014400001857261646,139.0,186.0,138.76390346274923,26.415811654662082,-0.46527364252794523,-0.8194408574810077,100.0,169.0,150.3504721930745,5.269965583632832,0.21689965703118622,-1.0736033484599343,144.0,158.0,128.35646829560787,4.952454475862309,0.20701352386577282,-1.0020275143951862,122.0,135.0,132.94078848748313,26.99713674101283,-0.4476845512308465,-0.8617330606970883,93.0,164.0,152.0482686253935,6.755605360952347,-0.012109943385869355,-1.1640864281848533,143.0,161.0,126.92309998500974,4.237435690844685,-0.003372694813878081,-1.097460437852234,121.0,133.0,0.11969866071428571,323.27922061357856,0.8423042174909035,0.7221702790909416,0.9509183027232425,0.5409836065573771,0.7459016393442623,87.44756546456503,0.011120605075621442,119.64749613366484,64.49028956688356,0.716132128703907,1.9519202618384959,4.716496283778352,5.7200090967820865,11.250770376597549,7.004369054407221,-10.997035946802093,0.0699300699300699,0.22183420550652835,5.0,54.09087465123374,87.44756546456503,6006.0,323.27922061357856
181,True,nv,182.1949656750572,17.69647831073115,-0.7390195002221598,-0.0013940999724404435,156.0,201.0,135.8927536231884,28.958587453585448,-0.41258374380160623,-0.8737376705036106,93.0,170.0,149.96536994660565,32.28573597372447,-0.3005395580082412,-1.0347644661845499,102.0,189.0,169.44515636918382,5.9637991786258295,-0.773722678894336,-0.25198447586803674,160.0,176.0,67.013882532418,24.20512940163811,0.43819097845264426,-0.8875292019742353,38.0,103.0,182.1949656750572,17.69647831073115,-0.7390195002221598,-0.0013940999724404435,156.0,201.0,156.70709382151028,25.088230638552336,-0.48296293916975025,-0.7519400667299481,119.0,186.0,148.11823035850495,4.815931029561027,0.25326814501681055,-1.0466713097167657,142.0,155.0,127.83386727688787,4.313286047966638,0.14079800320649333,-1.0958364539891416,122.0,134.0,151.35438596491227,25.83655651181143,-0.46200701319968324,-0.7848770316746987,113.0,182.0,150.03371472158656,6.465062463266134,0.015379322873140889,-1.1690927989196018,142.0,159.0,127.2183066361556,4.010333776036493,0.011266952130845793,-1.1413121785112494,122.0,133.0,0.11350047831632654,331.22034611053283,0.821093307085503,0.6523333456427974,0.9485343104596935,1.5342465753424657,0.6965508806262231,85.15338635231574,-1.272032377001065,113.21981618412471,64.62519082905297,0.7292889117653164,2.0459675918551214,4.736380442752099,5.8187734822200134,11.523253305527225,7.207303704173657,-11.129106611408467,0.06848112379280069,0.2019624662732787,5.0,47.86540689099509,85.15338635231574,5695.0,331.22034611053283
181,True,nv,161.3311432325887,18.24943158359523,-0.8397474334739436,-0.005546826104723124,134.0,181.0,108.08103372755147,29.456130166110707,-0.40037866826439256,-0.9556796873800977,64.0,143.0,133.56577602569718,32.04867587942192,-0.28367088760563475,-1.0765884549475349,87.0,173.0,164.4862023653088,5.894519184838532,-0.7582753737737601,-0.2525955412230214,156.0,171.0,87.46269528398307,29.92151293937626,0.4876115741425199,-0.8420077074483414,52.0,133.0,161.35494232734706,18.277361040044788,-0.8343632167772963,-0.010730175422926536,134.0,181.0,132.47992407650753,25.829606331296347,-0.48023827612751063,-0.8206467495286063,94.0,163.0,153.29069937217113,4.990781654788281,0.17659633416930595,-1.066232746043233,147.0,161.0,123.03168345743904,4.316134281900625,0.16450686951895085,-0.9259572764862112,117.0,129.0,126.9166301649876,26.28220832609317,-0.46365228612279835,-0.8630273458816657,88.0,158.0,152.56709008614396,6.300980394801424,-0.057415969215002846,-1.1414850060640322,144.0,161.0,131.74317418601257,3.682763286133936,0.07921634233635436,-1.0072025370154714,127.0,137.0,0.11804448341836735,335.8772003600252,0.7816770309932829,0.6597669365020297,0.9458639412328329,0.6909090909090909,0.7084928229665072,86.84122191371083,0.2825162238321835,110.45874268460553,68.89128736587952,0.7475652132941558,2.208413645775216,4.787139971529805,6.002615550343371,13.22449665625991,7.883139230370046,-11.397541483404105,0.06837751139625192,0.17161041977642824,5.0,54.09339316425958,86.84122191371083,5923.0,335.8772003600252
182,False,nv,156.39742381401194,31.67819585520421,0.26766876912423315,-1.2533986105136516,118.0,203.0,116.39993716619541,32.23520359186028,0.44623470569941565,-1.1688619767127053,80.0,166.0,120.81369776939994,28.349455907651873,0.7230624660960038,-0.7174815023345191,92.0,167.0,106.86930568645931,82.62278466858852,-0.46684560941296344,-1.7719154213058,1.0,178.0,70.21112158341188,15.04683364472397,-0.3574337107944676,-0.8068669350203117,47.0,87.80000000000018,156.39742381401194,31.67819585520421,0.26766876912423315,-1.2533986105136516,118.0,203.0,134.7593465284323,31.262379436479318,0.38239269953630745,-1.2014505978664076,99.0,182.0,144.57838517122212,2.2730781672246927,-0.32307239120162895,-0.7325916593642248,141.0,147.0,131.71127866792335,4.952100602339384,-0.11365080851838419,-0.8031270585878398,124.0,138.0,128.87778825007854,31.43900067295806,0.4323694128090233,-1.163743354938193,93.0,177.0,147.65567075086398,2.7309224678254647,0.0905104969319332,-0.47583039761590085,144.0,151.0,123.4291548853283,4.641254394918924,0.11589814897691322,-0.9222291775726577,118.0,130.0,0.05454799107142857,214.79393923933998,0.8011387122906077,0.7454879289449866,0.9600140301648544,0.9411764705882353,0.62890625,59.032674290939426,-0.8069729703409718,77.01298834408502,46.09063374665834,0.7353105325909167,2.1217027851782233,3.838993824468121,5.154741292785446,-10.385368193391143,-6.401116384059694,9.659137949858671,0.08366824990865906,0.18766507817325348,5.0,129.34781416851672,59.032674290939426,2737.0,214.79393923933998
182,True,nv,157.44140747722275,31.509777978105483,0.2786486214186077,-1.238558028516461,120.0,204.0,114.34432924913604,31.75861585717097,0.4850672244237304,-1.112644692216545,79.0,164.0,121.9516179704681,27.877962976508687,0.759050150332838,-0.6178804380744696,93.0,168.0,132.70530945648758,71.9497144806391,-1.2625393462981755,-0.3796420714539481,1.0,179.0,73.35940936223689,15.349983812505226,-0.3510238836830595,-0.9093031662830886,50.0,91.0,157.44140747722275,31.509777978105483,0.2786486214186077,-1.238558028516461,120.0,204.0,133.83726044612,30.83248396607719,0.41384582823518234,-1.1558098653205695,99.0,181.0,146.32704995287466,2.299349099872473,-0.30344389735959865,-0.5650371764858644,143.0,149.0,130.5224630851398,5.138916708355057,-0.1817653463694871,-0.8465217007051753,124.0,137.0,128.12032673578386,31.034549043383386,0.46563198769193925,-1.1152443208828766,94.0,176.0,148.9478479421929,2.9980275617814773,0.2901258730416133,-0.3081313344721126,145.0,153.0,124.5014137606032,4.766351838193769,0.16506673324056984,-0.9628399158409184,119.0,131.0,0.05454799107142857,214.79393923933998,0.8011387122906077,0.7454879289449866,0.9600140301648544,0.9411764705882353,0.62890625,59.032674290939426,-0.8069729703409718,77.01298834408502,46.09063374665834,0.7353105325909167,2.1217027851782233,3.838993824468121,5.154741292785446,-10.385368193391143,-6.401116384059694,9.659137949858671,0.08366824990865906,0.18766507817325348,5.0,118.80947627124982,59.032674290939426,2737.0,214.79393923933998
182,True,nv,139.20928773140884,32.59212236495206,0.27540139143641795,-1.2539067889676363,100.0,187.0,94.24913711954817,31.27920253425391,0.5341499135859191,-1.048106554825198,60.0,144.0,113.64763100094133,27.8764097990845,0.7755357999122618,-0.5740658876360105,85.0,160.0,166.36240978977094,6.471690583318807,-0.46093802623268065,-0.8543413750104247,158.0,174.0,85.86758707248195,18.024041067399555,-0.3150828296978126,-0.9406262310781566,58.0,107.0,139.21022905553812,32.59108135346442,0.2754483287212091,-1.2538770702302338,100.0,187.0,115.03357389394415,31.4747517243124,0.43597867642782145,-1.1244936838283666,80.0,164.0,149.5497332914967,2.293554307797615,0.04535410823642648,-0.14398316589069493,146.0,152.0,124.49011609664261,4.99024585614295,-0.14033291928903743,-0.9926183407675291,118.0,130.0,109.92249764668968,31.057816550923278,0.489682837861196,-1.0814302501309163,75.0,159.0,148.9221838719799,3.626883445453755,0.41848609513014934,-0.19375496643495138,144.0,154.0,130.11672419203012,4.403288363895207,0.1323047281707857,-1.0423656176479694,125.0,136.0,0.05454799107142857,214.79393923933998,0.8011387122906077,0.7454879289449866,0.9600140301648544,0.9411764705882353,0.62890625,59.032674290939426,-0.8069729703409718,77.01298834408502,46.09063374665834,0.7353105325909178,2.121702785178221,3.8389938244680106,5.154741292786334,-10.385368193393024,-6.401116384060419,9.659137949859927,0.08366824990865906,0.18766507817325348,5.0,57.08681300418278,59.032674290939426,2737.0,214.79393923933998
183,False,mel,147.39929185634801,29.969674429943726,-0.03489350282553546,-1.300469832698038,108.0,186.0,80.2213454729388,46.06951016594618,0.39972256804852013,-1.191133955525911,27.0,147.0,85.50976226605968,52.09099884472854,0.49330029875780834,-1.1896362355332692,30.0,163.0,112.25422357106727,82.2839318222708,-0.596669622174875,-1.629240169519806,0.0,178.0,129.55538694992413,54.50234404025332,-0.27282693178907225,-1.355331110758112,53.0,194.0,147.40849772382398,29.986293422852313,-0.032735260712590426,-1.2968241271509675,108.0,186.0,108.5896813353566,40.029131712853804,0.3178116097052718,-1.2362956386118267,61.0,165.0,156.94557410217502,7.908510228103599,-0.6847629250884706,-0.7757656461139564,145.0,165.0,139.32341932220535,9.801794084056901,-0.33866368686239023,-1.1959209691684445,124.0,151.0,100.92463328275164,41.659965695007735,0.3294275706410877,-1.2574235484277543,52.0,160.0,161.1910976226606,9.75835513034101,-0.81439667118563,-0.5178353665283204,146.0,171.0,119.28214466363177,6.9610528518744115,0.4273856571413581,-0.8695774008977795,111.0,130.0,0.18225845025510204,397.30360723121805,0.69509082341983,0.7280287960951942,0.936316166683731,0.7703703703703704,0.6513532763532763,107.90632806561004,-0.07886248659289126,128.75027246297142,92.56139488311305,0.7648651017151993,2.523448537852659,4.165780221687142,5.56709114952361,10.54539484654767,6.83555787546222,-10.63108902904569,0.07862219792236191,0.14231990148275625,5.0,166.77256928537645,107.90632806561004,9145.0,397.30360723121805
183,True,mel,148.80898425749524,30.34549726652713,-0.06800816852551607,-1.332682317109357,108.0,187.0,83.08964203349042,47.543751307409835,0.3512056264419695,-1.258980863190384,28.0,151.0,88.96781309535747,53.91220349932818,0.4353236336644783,-1.2747735924891987,31.0,169.0,115.29329188809787,80.85665196614377,-0.6883469257952423,-1.5064534952051911,1.0,178.0,126.09615963100372,55.86685298547017,-0.22485653182226586,-1.4039834259086446,48.0,193.0,148.82272134763863,30.369182285047636,-0.06513441943869568,-1.3282302026953958,108.0,187.0,110.96490524415923,41.192041576796846,0.2742395789009332,-1.2950812545715438,61.0,169.0,156.38233229720245,8.232697944585542,-0.631411444614346,-0.9134379786590587,144.0,165.0,138.6205755539958,10.055328028881341,-0.2955534851159239,-1.261825527752117,124.0,150.0,103.425849794445,42.86351712778387,0.28280850344730296,-1.3160516791935808,52.0,164.0,160.4167251579264,10.259415146198604,-0.7626347241213707,-0.6852792669133492,144.0,171.0,119.81690564524216,7.2136305302860775,0.4014840446096669,-0.9590690968881659,111.0,131.0,0.17729591836734693,424.41630560342617,0.6138440830145542,0.620612497577175,0.9296687219145157,0.9732142857142857,0.72870249017038,106.42715344292549,0.6540389355579711,121.18878436583643,95.66973327884418,0.7760190842001434,2.8205475015508656,4.1779032947037,5.801868484658565,11.416676514799063,7.219355708566817,10.804326881235568,0.08037320143884896,0.11556056335731063,5.0,167.09268723666156,106.42715344292549,8896.0,424.41630560342617
183,True,mel,148.90169717772693,30.432453323280864,-0.062077226429659474,-1.332767461330876,108.0,187.0,83.15827612509534,47.659222941939326,0.35647199083432046,-1.2472172538766189,28.0,152.0,89.02784134248665,54.06563293795508,0.4408232554208204,-1.2643041201596346,31.0,169.0,114.56798245614036,81.07315321161022,-0.669296845446862,-1.5322692897250185,0.7000000000000455,178.0,126.09954233409611,55.869785063894206,-0.22545552481098297,-1.3968902792921976,48.0,193.0,148.9205758962624,30.466561492188173,-0.0576135398538273,-1.3251079025040489,108.0,187.0,111.04490846681922,41.29942644546834,0.2797040641991217,-1.2861747774116075,61.0,169.0,156.38806254767354,8.234227146729946,-0.6354383383436272,-0.8884628073089456,144.0,165.0,138.63720442410374,10.073549900250697,-0.30431688849067423,-1.2670967313788426,124.0,150.0,103.50429061784897,42.96915614437797,0.28813809947397095,-1.30635430428525,52.0,164.0,160.42868039664378,10.272222718860709,-0.7666043739550163,-0.6600636540468652,144.0,171.0,119.81149885583524,7.235524577217055,0.4166035943037921,-0.964107742265051,111.0,131.0,0.18640385841836735,435.00209204105306,0.7037173634411621,0.6211237091357018,0.9334331337325349,0.8991596638655462,0.7345480248174036,109.1265754154687,-0.6364813520423284,130.97345455155514,93.05402386024348,0.7632308010244412,2.491815636026667,4.1643403978734925,5.541114737631323,10.484280944767463,6.796809489814202,-10.627694603397337,0.07901208168502083,0.14381497161662848,5.0,167.40949976769258,109.1265754154687,9353.0,435.00209204105306
184,False,mel,157.58173954829408,30.85822820589557,-0.21985053918730688,-1.3428030407071592,116.0,194.0,105.58779432964921,40.447127405016325,0.05068498139800994,-1.4928776125855105,55.0,158.0,97.25708793849111,46.40116041251057,0.15004230868741214,-1.4792642017965631,42.0,158.0,33.04478616049976,63.86388933012096,1.8048055366969673,1.2634334307512862,2.0,177.0,107.30187409899087,45.70399382712244,0.013533721347332904,-1.4314926487942796,49.0,163.0,157.58173954829408,30.85822820589557,-0.21985053918730688,-1.3428030407071592,116.0,194.0,126.9358962037482,37.478266959122976,-0.027968175562376695,-1.4618326899978547,79.0,174.0,148.348966842864,5.05439799635724,-0.2845171452565989,-1.3669737988429753,141.0,154.0,141.99183085055262,7.032076610317061,-0.2697818124758082,-1.2690605267521635,132.0,150.0,120.19634790965881,38.14099120516535,0.0035061552947781337,-1.479474873149915,72.0,168.0,154.7009130225853,6.009900859803715,-0.4588073658609379,-1.0898981910281902,146.0,161.0,115.05487746275828,5.313828848135023,0.4363553107280118,-0.9587264294402362,109.0,123.0,0.19415656887755103,397.4629867976521,0.79488619414193,0.7749338034088812,0.9673319432032569,0.625,0.7516975308641975,111.37279580225126,-0.032585746077759895,143.47907038401834,87.05715274464599,0.7430553997405396,2.1571621827991625,4.424333847295237,5.508509471034994,10.487582205444065,6.621850959554846,11.098539396453722,0.05696982139191131,0.1805745375550705,5.0,140.42611136313897,111.37279580225126,9742.0,397.4629867976521
184,True,mel,159.0904724563811,31.11861361789089,-0.2585284435318049,-1.3495975435225953,117.0,195.0,107.91384042344639,41.173350385622975,0.0007859838377307263,-1.5100239081933693,56.0,160.0,100.10772397569104,47.40196769129669,0.09893156185876939,-1.5054462278390068,43.0,161.0,37.392276024308956,67.54710113343253,1.574426779769275,0.48375611947612907,2.0,177.0,104.53048421878063,46.249656022084544,0.06308877623339337,-1.462448190897735,47.0,162.0,159.0904724563811,31.11861361789089,-0.2585284435318049,-1.3495975435225953,117.0,195.0,129.02058419917662,38.05616223110086,-0.072955990437597,-1.4762415240205968,80.0,176.0,148.00999803960008,5.154741178405168,-0.21623812920888144,-1.4229054280563982,141.0,154.0,141.49921584003135,7.183936846237943,-0.2181459286135921,-1.320125357214563,132.0,150.0,122.34522642619095,38.76215698345101,-0.04335051936158125,-1.4938262043228856,73.0,171.0,154.2501470299941,6.2005433925594495,-0.4112765533028769,-1.1743808669444424,145.10000000000002,161.0,115.45932170162713,5.4682847996323085,0.3940602804269089,-1.0501044039892127,109.0,123.0,0.18289620535714285,419.5462479183374,0.8501972254632462,0.655165338149744,0.960640636449283,0.5945945945945946,0.7046222358722358,108.0949550258225,0.27067180611612723,149.50695347688375,78.71007625407779,0.7112510316861375,1.916917127697011,4.351748399703503,5.193387640051331,9.97314754244522,6.1765518408086075,-10.709497542178353,0.05742617413097961,0.22304281973332005,5.0,144.91537077340797,108.0949550258225,9177.0,419.5462479183374
184,True,mel,149.53118692936087,30.896517969929278,-0.21693899783317938,-1.3401684537502094,108.0,187.0,98.88774627582893,41.31241816956295,0.08217272752733831,-1.4894963130757894,48.0,153.0,94.9456030754445,45.964145409999425,0.15861250773791302,-1.4786317569349512,40.0,156.0,43.32320999519462,73.04478890672675,1.263240735647229,-0.40077167196340113,1.0,177.0,104.09312830370014,45.84512167107244,0.024418728463758237,-1.4265532813872968,46.0,160.0,149.53118692936087,30.896517969929278,-0.21693899783317938,-1.3401684537502094,108.0,187.0,120.1112926477655,38.32569788054913,-0.003253969966553663,-1.4625219340204934,72.0,169.0,148.58356559346467,5.580950211090584,-0.3391771293697864,-1.3397188709341603,140.0,155.0,139.55425276309467,6.4591766823090735,-0.24826964771821997,-1.2823586331994574,130.0,147.0,113.59365689572321,38.59984087598835,0.026437524031975992,-1.4771581417713406,65.0,163.0,153.66967803940415,6.389696801938623,-0.48093174354348384,-1.0833843356838166,144.0,161.0,117.468620855358,4.746135833927103,0.439417410739031,-0.9508819762523508,112.0,125.0,0.19415656887755103,397.4629867976521,0.79488619414193,0.7749338034088812,0.9673319432032569,0.625,0.7516975308641975,111.37279580225126,0.032585746077759915,143.47907038401834,87.05715274464599,0.7430553997405396,2.1571621827991625,4.424333847295207,5.508509471034841,10.487582205443815,6.621850959554688,-11.098539396453551,0.05696982139191131,0.18057453755507055,5.0,149.78642854772846,111.37279580225126,9742.0,397.4629867976521
185,False,mel,165.98580614432007,60.19847769543965,-0.63471026387982,-0.6585177713339321,64.0,234.0,103.6181471778995,64.9091899358216,-0.049795893463209846,-1.3791811109280863,12.0,186.0,127.85639437961419,61.52047660439211,-0.4790103072342737,-0.7354171767906403,26.0,200.0,121.99447487497024,65.9055048777275,-1.0977136617868453,-0.499871232448581,3.0,177.0,115.34041438437723,63.99958399870562,0.8773451117994506,-0.37924955558825246,50.0,234.0,174.66987377947132,49.46387054137412,-0.4605314595110898,-0.6090497347152262,104.0,234.0,133.2417242200524,54.952588736034734,-0.050705781089597925,-1.3024304892758722,63.0,203.0,156.31993331745653,14.485538210151322,0.9187571862695976,-0.5499385642550307,143.0,183.0,127.54779709454633,21.738311097124182,0.40579827493697984,-0.4101321654832355,99.0,163.0,125.03758037628006,58.983945708552916,0.00819709557394423,-1.4818171363205757,50.0,200.0,157.2213384139081,23.313202847850683,0.8161527782918397,-0.13101150722147992,130.0,200.0,129.59161705167898,16.226223596479795,0.12992630030658045,-0.9579047620392314,109.0,152.0,0.39588647959183676,627.144227664784,0.8769257868910472,0.6346608542561637,0.9341170938161298,0.5446428571428571,0.7268735362997658,159.03342515527757,0.19020327152492328,232.1446883196462,111.57472766475284,0.6804107233826161,1.7694870096068225,4.008157834649783,4.747460872379662,9.225826957246756,5.887136472384978,9.340783385203691,0.09690898107128476,0.2626269056576684,5.0,179.36895941780725,159.03342515527757,19864.0,627.144227664784
185,True,mel,171.89313835770528,60.07736324286547,-0.6858923914485969,-0.5287722617454276,69.0,239.0,111.7113329583802,66.32744113763937,-0.1343178004300763,-1.3011666195129645,16.0,194.0,135.03651106111735,62.04962837602722,-0.5406152776666643,-0.5977109361961368,33.0,207.0,120.10751781027372,67.04070969478856,-1.0282068425396504,-0.6721888406669887,3.0,177.0,108.57072553430821,64.01308587217284,0.9549126594374392,-0.1889880190099702,46.0,227.0,180.37635920509936,49.567113643509515,-0.5086736581829803,-0.495910110270815,109.0,239.0,140.18128983877014,55.77933500060277,-0.13724261040579544,-1.2393913080951195,68.0,210.0,155.23195538057743,14.865083560557304,0.9962521794289497,-0.3025559785675793,141.0,183.0,127.42861829771279,21.085784227260802,0.41731136759866694,-0.2749520929980904,100.0,161.0,132.37317210348706,59.953825034621154,-0.08879404460869561,-1.4024023049999828,52.0,207.0,156.20294338207725,23.2641751112084,0.9603110578574531,0.10188441658020686,130.0,200.0,129.50135920509936,15.888092253883002,0.14771031741965113,-0.8989273150341632,109.0,152.0,0.3944116709183674,624.2152954766494,0.8296085382234702,0.6382441543573671,0.9326107445805843,0.6682926829268293,0.7046466085098807,158.73692258044085,-0.2919683444425972,214.9773702261506,120.03164263506567,0.7179293202588691,1.996067717509243,4.082930768718313,4.912975744303418,9.515025714376975,6.126715496217768,-9.62056071509129,0.09691763516927743,0.21709570345125653,5.0,180.62090921047093,158.73692258044085,19790.0,624.2152954766494
185,True,mel,130.44503923912478,57.2063338654235,-0.6157685149442221,-0.6884788170493095,34.0,195.0,84.36479392962944,57.90959914438316,0.03750122889355273,-1.4375182786837983,7.0,158.0,111.62018606101554,50.4369331167146,-0.20029907382744622,-1.1971104929085525,37.0,174.0,148.08112883945742,37.3551846546807,-2.601956756524775,7.574847448670608,117.0,176.0,116.23683800218284,70.70189936881536,0.629771398323917,-0.9419815435789713,41.0,240.0,138.94688425757496,47.425843473387694,-0.47373158820275973,-0.5730513509138055,71.0,196.0,107.97313029468323,53.36282154618522,-0.08486982597165543,-1.2401660541490664,38.0,175.0,150.9977132165688,13.658767141528251,0.7693451863300521,-0.7848330825540426,138.0,175.0,122.35725793877657,13.404933069494312,0.20897279932818305,-0.7692408998592124,104.0,143.0,101.25617171664675,53.899129634293466,0.015766108265073308,-1.4238982345836162,37.0,170.0,148.8284392703082,19.14602506712199,0.591501592051277,-0.45947829687067276,125.0,183.0,133.85738786965334,9.743268215633167,0.17429595508992443,-1.17624564162806,122.0,148.0,0.35361527423469385,602.1147904132612,0.8607043920329297,0.6150045456703268,0.9316845200588112,0.5406698564593302,0.7512808570097811,150.30332412237593,0.11988820666268585,213.21226893101831,108.5474423321236,0.6954320927830117,1.851629226796027,4.030780461371846,4.802112118858737,9.321463319183472,5.974196950912488,9.43014184189015,0.09755960096939642,0.24483374289492577,5.0,155.48292749688375,150.30332412237593,17743.0,602.1147904132612
186,False,mel,160.127534562212,16.26343053366847,0.07525472483967797,-0.0144406541389146,140.0,183.0,91.43052995391704,25.714817828255114,0.6096919467346534,0.20415030954137814,61.0,130.0,85.3469470046083,29.84623356019835,0.579168052780605,0.10394648221754599,50.0,130.0,21.644066820276496,54.45097554533668,2.5126577035144186,4.321264919748476,1.0,174.0,122.99222350230414,32.71987828396965,-0.15002757845024933,-0.11825790797008251,75.0,164.0,160.127534562212,16.26343053366847,0.07525472483967797,-0.0144406541389146,140.0,183.0,119.04176267281106,22.18926589268149,0.5055899599363182,0.11792556758465045,93.0,152.0,155.62102534562212,4.765683094184537,-0.9941923316643507,0.60153318971025,148.0,161.0,144.27217741935485,5.804539785823197,-0.3169065693842006,-0.2854114011262525,136.0,152.0,111.3,23.249552297359397,0.4939938174696735,0.10140343229524085,84.0,146.0,162.8838133640553,5.498568370207745,-1.2528445239014792,1.1925970702800344,154.0,169.0,113.34210829493088,4.11084338586511,0.6784219425617997,0.2524353460738733,109.0,119.0,0.3235411352040816,551.0437226013956,0.6732281332187621,0.6718360237937449,0.936432856483618,0.9869281045751634,0.7026793057178722,143.76985347850442,-0.7320034906689117,168.65542845622247,124.70969953178587,0.7711208537387065,2.6084407267485705,4.23399977731018,5.867773830813346,-11.305692988392776,-7.997552727726992,-10.958662229574271,0.10040655414562027,0.12766927563717176,5.0,103.43428436297481,143.76985347850442,16234.0,551.0437226013956
186,True,mel,164.31228378452585,15.375738158916045,0.13394134261121823,-0.16714550008934603,145.0,187.0,101.84564274339685,24.80576027416177,0.6363785942285715,0.04759275967848087,73.0,141.0,96.59019274065126,28.719887677121093,0.605188242509001,-0.04232678594170958,63.0,143.0,23.439130196035364,56.666154448744024,2.347194377278841,3.5162630546929607,1.0,175.0,108.46922189885234,29.285730786913795,-0.2752415979802299,-0.26017010432439136,63.0,145.0,164.31228378452585,15.375738158916045,0.13394134261121823,-0.16714550008934603,145.0,187.0,127.16616330789084,21.504497756180125,0.5270493179451295,-0.03728889259585788,102.0,161.0,152.7560814892098,4.5364224634570665,-0.9778724770448948,0.4091861711657345,146.0,158.0,141.9960463456153,5.15673678686384,-0.39408136792213666,-0.3308915919686912,134.0,148.0,119.94135412662676,22.31890724655233,0.5349976276673095,-0.03944073481562027,94.0,155.0,159.69551370051067,5.392031205397339,-1.2224618144889974,0.8669229824979046,151.0,165.0,114.81472736258306,3.9174733780101594,0.7052334281016985,0.11813269188808029,110.0,121.0,0.3301578443877551,579.98484809835,0.6744516510710916,0.6188625823768604,0.9332431975663343,0.8841463414634146,0.6966358284272498,145.23252493185782,-0.5489979414750223,170.50826917560966,125.88949763079164,0.7708859475022067,2.603890207040758,4.239141362051332,5.86182701234154,11.493493503627962,7.442533919220507,10.9277914505254,0.10020523964747075,0.12838931665525205,5.0,101.32762339457386,145.23252493185782,16566.0,579.98484809835
186,True,mel,160.25210758731433,16.406828418554074,0.07492729493772053,-0.032789093074728104,140.0,183.0,91.69094454321271,25.98703968490361,0.6114375448245086,0.1781715276132534,61.0,131.0,85.65475712565235,30.159884056325794,0.58073621762598,0.07599445003681726,50.0,132.0,22.223719676549866,55.17596092989754,2.4581163466648643,4.049782430844945,1.0,175.0,122.68171130354992,33.0040580814584,-0.15547148892409707,-0.12933372866624682,74.0,164.0,160.25210758731433,16.406828418554074,0.07492729493772053,-0.032789093074728104,140.0,183.0,119.25698227906176,22.420744116250003,0.506478285699483,0.09222679758561991,93.0,153.0,155.56294087285656,4.821182616666962,-1.0011066339149803,0.585971510801286,148.0,161.0,144.21305270402019,5.848998883053919,-0.3228371694356249,-0.2975312212386241,136.0,152.0,111.52646670872284,23.48766517836528,0.4954820580413414,0.07719380792141006,84.0,147.0,162.81114870677294,5.578168765558192,-1.2498973491959608,1.1383556491971474,154.0,169.0,113.38802546309572,4.152403050459077,0.6842530721993437,0.22219322275681286,109.0,119.0,0.3235411352040816,551.0437226013956,0.6732281332187622,0.6718360237937449,0.936432856483618,1.0132450331125828,0.7026793057178722,143.76985347850442,-0.8387928361259845,168.65542845622247,124.70969953178584,0.7711208537387065,2.608440726748572,4.23399977731018,5.867773830813346,-11.305692988392776,-7.997552727726992,10.958662229574271,0.10040655414562027,0.12766927563717176,5.0,104.58684742991001,143.76985347850442,16234.0,551.0437226013956
187,False,nv,90.82091710272653,55.20287388230199,0.7310577390001456,-0.9272770937482742,37.0,183.0,59.848870834480856,41.124627767953335,0.976043783026358,-0.40699946165717726,23.0,131.0,70.58441200771138,47.177683137343195,1.246255085767536,0.4403637755688692,31.0,152.0,163.52554392729274,25.878135164509125,-5.450806991148439,31.42586606332096,155.0,177.0,92.74311484439548,16.239939922421634,0.024128659205717693,0.14869523362497183,71.0,113.0,90.94140732580556,55.17884790356631,0.7333254039564593,-0.9207867394311626,37.0,183.0,71.92860093638116,48.705692573500876,0.8175277528502773,-0.7154611249458367,26.0,154.0,143.29241255852384,5.87406346428779,0.24774604815745957,-1.2969238634377316,136.0,152.0,127.02506196640044,5.139615589291598,-0.4843039319696688,0.7304116165745147,122.0,134.0,70.34735610024786,45.84638909185683,0.914446706670455,-0.5372570111560706,29.0,149.0,142.63680804186174,7.57281354493072,0.25540486985449934,-1.431770453345819,134.0,153.0,128.12613605067475,4.451047416451005,0.6327520127145259,1.488557469257783,123.0,132.0,0.27200255102040816,460.6173157302028,0.5290172904187747,0.8083479803908162,0.963433573344628,0.8611111111111112,0.764336917562724,131.8225068284832,0.32020018524870475,144.5093147037748,122.63220062618029,0.7838333400703547,3.1449151598479235,3.680548930801088,6.111263371796076,11.025953928183258,7.727809965626575,-11.547972458691525,0.1165005861664713,0.09070007668056325,5.0,97.29692299049707,131.8225068284832,13648.0,460.6173157302028
187,True,nv,91.89933827952677,57.15252016334819,0.6690641594099144,-1.0526846415773474,35.0,186.0,60.45043780495956,43.20391189212763,0.9076444728546261,-0.5903833365049533,21.0,134.0,72.03108081010627,50.55962506401145,1.1720412097738055,0.14682737265820034,29.0,160.0,163.41514604638726,25.107967552493445,-5.567314618478274,33.23732241961791,154.0,177.0,94.87594412138226,17.92541445572413,-0.01981895341660687,-0.09212201490994154,70.0,117.0,92.02352783904819,57.16347000665461,0.6731206356893861,-1.042308966432504,36.0,186.0,72.60905019717933,50.98967101289793,0.7572962908563343,-0.8584629723182471,24.0,157.0,143.60911703763117,5.9725779595744175,0.19590069863183102,-1.3329641896921989,136.0,152.0,126.66539669808168,5.470625545469108,-0.5977343980868465,0.6841242294205414,120.0,134.0,71.19323574627364,48.030706398432024,0.849971180501867,-0.7029244369260654,27.0,152.0,142.80282066706772,7.479251074971368,0.19200376155912716,-1.4583130158727011,134.0,153.0,128.46714791791993,4.758186464051883,0.8023537174129275,1.4776418706698546,123.0,133.0,0.27273995535714285,477.10259710444143,0.6778637954009045,0.7554941476586592,0.959341044514546,0.7215189873417721,0.7597712636020431,132.00107260814474,-0.23208668965202847,155.48119644725065,114.30783367048484,0.769347143642222,2.589448317399866,3.6616132097428338,5.341340445878962,9.878717893053766,6.6624808904774575,-10.251346518821844,0.11552795031055896,0.1294974303240793,5.0,100.19685201487218,132.00107260814474,13685.0,477.10259710444143
187,True,nv,90.80165232358003,55.209542666106515,0.7306547773030726,-0.9280275125538262,37.0,183.0,59.87118760757315,41.14510654877109,0.9757367662662729,-0.4086692207613516,23.0,131.0,70.58375215146299,47.141639118313336,1.2465232959789185,0.4435317247702262,31.0,151.60000000000036,163.5095352839931,25.895130662709008,-5.439086582111793,31.32805954954692,155.0,177.0,92.63091222030981,16.264657777752554,0.026626831805936585,0.15045280290793261,71.0,113.0,90.9231669535284,55.1838300135266,0.732916732242768,-0.9215315908835953,37.0,183.0,71.9344578313253,48.71642175873097,0.8173097447334031,-0.7161522623146759,26.0,154.0,143.26643717728055,5.8666353680874535,0.2422243354531243,-1.2958586598072324,136.0,151.0,127.02691910499139,5.14022625612882,-0.4806104655600681,0.7044169901264525,122.0,134.0,70.35586919104992,45.854058328662276,0.9142262751176912,-0.5380512042714267,29.0,149.0,142.6186574870912,7.5731782518630935,0.25230081976197394,-1.436209474841717,134.0,153.0,128.11965576592084,4.455046362439529,0.6293955999186642,1.4697081983293243,123.0,132.0,0.27200255102040816,460.6173157302028,0.5290172904187745,0.8083479803908162,0.963433573344628,0.8611111111111112,0.764336917562724,131.8225068284832,0.32020018524870497,144.50931470377475,122.63220062618026,0.7838333400703554,3.144915159847928,3.680548930801068,6.1112633717961815,11.025953928183563,7.72780996562685,-11.547972458689927,0.1165005861664713,0.09070007668056325,5.0,97.34361845398817,131.8225068284832,13648.0,460.6173157302028
188,False,mel,196.35095928872252,13.867369411568465,-0.6793414079587812,0.56635492726967,178.0,213.0,138.81754371038414,27.768038413448394,-0.05336848903076071,-0.7862560835053225,101.0,177.0,122.93036116901348,37.99134705741867,0.28187434390336863,-0.8108484291698619,75.0,179.0,26.590760199089633,54.04636702990818,2.347751344408156,3.542208588806612,4.0,168.0,98.72625175479645,37.75491704976395,-0.09683683279520433,-1.042648897786047,45.0,148.0,196.35704258306038,13.875023829914609,-0.6773667012806489,0.5636064974393977,178.0,213.0,161.03454290211425,22.814184223716097,-0.09931963124634678,-0.6530912727402183,131.0,193.0,148.369506955375,5.772153395515047,0.2147005053120519,-0.9968607653735666,141.0,157.0,145.788190751691,9.287123657715291,-0.4595193452509293,-0.6884900880587788,132.0,157.0,154.22878291572724,24.48512440825211,-0.07551452029714305,-0.693442107939906,122.0,188.0,158.0882715786787,8.52522934046561,-0.30163936770287275,-0.8799340131822211,146.0,169.0,110.3408771855192,8.263051841892167,0.6288036344506018,-0.4295231811167435,101.0,123.0,0.4440967793367347,633.7899346259832,0.7073279758575265,0.6970964141774829,0.9516549220585095,1.303225806451613,0.7116895560523794,168.43870331765686,-1.341498497920484,204.74232950275237,144.72938750387684,0.7536776966188975,2.4608733831924563,3.1829768123927535,4.621310819341246,8.533129843713477,5.864668147056446,9.203821269039375,0.1778037068617332,0.16320265070073806,5.0,105.67630790958674,168.43870331765686,22283.0,633.7899346259832
188,True,mel,183.40248909960633,14.009151425136807,-0.6762568913352579,0.537879091675542,165.0,201.0,146.5073022054777,20.398560684701053,-0.4332563755968622,-0.41190043271389376,118.0,172.0,107.83279007746688,37.43810171539014,0.1969939869229918,-0.916835237252347,60.0,162.0,18.963806459806122,26.26898883786556,5.55721109429527,29.792140313975516,9.0,18.0,108.10925792659697,41.80003163998785,-0.06449606167524131,-1.011276233645805,49.0,162.0,183.4035050586293,14.010560463567717,-0.6758478734763707,0.5374487500181133,165.0,201.0,161.5127206536003,18.543395284456285,-0.4335450329532699,-0.2857928917047441,136.0,185.0,137.12326969478897,2.8144816829053982,0.2735981723794976,-0.16783130670925406,134.0,141.0,153.87368242814208,11.514915572066688,-0.4852963361689465,-0.8176203402967088,137.0,167.0,153.14587478305043,20.11717707391515,-0.33915496444866755,-0.44430841005019595,126.0,179.0,149.6115226685857,5.122608568978502,0.02840211498642121,-1.0263079004270286,143.0,157.0,102.42107268340177,10.673423324227507,0.5182735769183773,-0.7385631499191629,90.0,118.0,0.4440967793367347,633.7899346259832,0.7073279758575267,0.6970964141774829,0.9516549220585095,0.7673267326732673,0.7116895560523794,168.43870331765686,0.22929782887441288,204.74232950275234,144.7293875038768,0.7536776966188974,2.460873383192456,3.1829768123927566,4.621310819341227,8.53312984371345,5.864668147056427,9.203821269039388,0.1778037068617332,0.16320265070073803,5.0,82.07958094142113,168.43870331765686,22283.0,633.7899346259832
188,True,mel,196.79597566682264,14.522160977435448,-0.534956282659928,0.49637425546892144,178.0,214.0,139.6136469987663,27.94140684446625,-0.06928923537709257,-0.7664301459626741,102.0,178.0,123.81537414387203,38.00860828793108,0.2604835052365184,-0.8086964338938256,76.0,179.0,26.692261879440167,54.161576820916835,2.34025301941704,3.5067449722599786,4.0,168.0,97.94776024163015,37.49917022355977,-0.07961586188013947,-1.0266946577411702,45.0,147.0,196.80256944739864,14.529838574233874,-0.5335319016283971,0.4932602397362902,178.0,214.0,161.68320074871315,23.065766831443323,-0.11196611808016448,-0.640931863837233,131.0,193.0,148.21223465350747,5.714005236567528,0.23453697393910167,-0.9643046892671974,141.0,156.0,145.6526141149445,9.207928464416092,-0.45646555284460066,-0.6870366646982693,132.0,157.0,154.92976560173565,24.738928700085403,-0.08791301558164473,-0.6789748017820285,122.0,189.0,157.90581528906284,8.455724436721908,-0.29273382502803535,-0.8733426893882181,146.0,169.0,110.44399540562385,8.208297273199733,0.6259312248460032,-0.43732005687398035,101.0,123.0,0.4440967793367347,633.7899346259832,0.7073279758575265,0.6970964141774829,0.9516549220585095,1.303225806451613,0.7116895560523794,168.43870331765686,-1.3414984979204838,204.7423295027523,144.7293875038768,0.7536776966188976,2.4608733831924554,3.1829768123927527,4.621310819341241,8.53312984371347,5.864668147056441,9.203821269039361,0.1778037068617332,0.16320265070073806,5.0,106.19058561871049,168.43870331765686,22283.0,633.7899346259832
189,False,nv,84.27912211592572,56.359993091633456,1.1375411890622211,-0.15686997631628818,38.0,186.0,55.54800225098481,38.29435026827489,1.3043314489237985,0.36063603279380985,26.0,125.0,62.0823860438942,36.939110483784575,1.3082636605375164,0.39490337277194376,33.0,129.0,152.74586381541926,47.66244817178633,-2.7652479935289938,5.998054034016244,146.0,178.0,87.00844119302195,15.695069701441026,0.4457484434133011,0.3004534311037541,68.0,108.0,84.3221159257175,56.325760939719636,1.1387984715949437,-0.1550341096805381,38.0,186.0,66.28598761958357,46.29196364591328,1.1590156104017542,-0.06499872000832196,28.0,150.0,141.67394485087226,6.621127302557016,0.8321741625274962,-0.4682802708628899,135.0,152.0,128.8504220596511,4.780002082834802,0.6417193220851393,-0.6582712693387158,124.0,136.0,64.89341586944288,43.43491442609093,1.2396787778897993,0.14194578945697867,31.0,144.0,141.84659538548115,9.690610122015338,0.8833915286034058,-0.5701202866624593,133.0,158.0,126.37366347777153,4.3515395144265945,-0.8629778232775269,-0.3331542025667251,119.0,131.0,0.16352439413265307,365.9482681718907,0.6989463011873606,0.7699261261945647,0.9602106495026331,0.71875,0.6967561141304348,102.2102268100018,0.15949984691294516,121.89786959942252,87.17820555270039,0.7668056364372787,2.514637430098453,3.6774540101074256,5.015362368046262,9.372898639997993,6.323464228888785,10.01247781965546,0.0973796465569775,0.14021950633757627,5.0,119.683278812947,102.2102268100018,8205.0,365.9482681718907
189,True,nv,99.15048309178744,61.99646680176128,0.7613889010972744,-0.8480087799409795,41.0,202.0,67.2304347826087,47.057594388855414,0.8550534025016252,-0.6062334005542009,25.0,141.0,74.71992753623188,45.332919744432246,0.8683783016955042,-0.5651368761125806,35.0,145.0,152.27524154589372,49.01358843001669,-2.6689749530334907,5.4357553744513005,146.0,178.0,88.77342995169082,22.931443074349822,-0.09088695472123591,0.8481670183561354,63.0,117.0,99.19347826086957,61.96345545996755,0.762280692336975,-0.8475069866819105,41.0,202.0,79.68526570048309,53.91692908389364,0.732077852212268,-0.897491278612125,29.0,165.0,142.97028985507245,5.874067829268227,0.5940964429089672,-0.6716259502417077,136.0,152.0,128.8295893719807,4.953876033379311,0.321423590660303,-1.0637579794662926,123.0,136.0,77.6298309178744,51.11462258020991,0.8164676225573684,-0.7193119726848201,31.0,159.0,143.37584541062802,9.098550404012881,0.6440071833424367,-0.9145403536292425,134.0,157.0,126.33864734299517,4.561660654714808,-0.5194410253170864,-0.8916260580337392,119.0,131.0,0.1451690051020408,371.7888886054566,0.6915450981729855,0.6621966643874319,0.9525304040800314,0.9074074074074074,0.6882086167800453,96.30304690844898,-0.6811345233760101,114.2775304851728,82.5464642006557,0.7682205272675835,2.541854423209357,3.683815207414251,5.050316274078081,9.428311869376389,6.3718242984885345,-10.071893986507138,0.09637561779242176,0.13512839768962576,5.0,133.90848696433406,96.30304690844898,7284.0,371.7888886054566
189,True,nv,88.84051772650534,57.008843328270466,1.01020825078708,-0.34839623740387404,39.0,187.60000000000036,59.10759707371975,41.00461444749043,1.1181092726903774,-0.023321945305448732,25.0,128.0,66.24535734383792,39.39732689484465,1.1181356529228776,-0.009148387619813292,33.0,132.0,153.20574001125493,47.02149786394022,-2.8204242866583087,6.319362886050742,146.0,178.0,88.9189645469893,19.75354524493816,-0.08294548222651084,1.1073634931970364,68.0,113.0,88.8885762521103,56.97324915075979,1.0113034172838946,-0.3471545033180554,39.0,187.60000000000036,70.49150253235791,48.3496231226178,0.9851187612569213,-0.3899673144474103,28.0,153.0,142.1816544738323,6.129376202921677,0.7786168548458381,-0.39542810588546917,136.0,151.0,128.67732132808104,4.824971158414134,0.5670174071290381,-0.7542621108566983,124.0,136.0,68.82262239729882,45.42760317604877,1.075462922342578,-0.16228014248861689,31.0,146.60000000000036,142.3055711873945,9.184774746207625,0.8293954140476454,-0.5924162405900391,133.0,157.0,126.51176139561058,4.395501114006999,-0.7851159247604336,-0.4436566191136908,120.0,131.0,0.16352439413265307,365.9482681718907,0.6989463011873606,0.7699261261945647,0.9602106495026331,0.71875,0.6967561141304348,102.2102268100018,-0.15949984691294572,121.89786959942253,87.17820555270039,0.7668056364372787,2.514637430098456,3.6774540101073514,5.015362368046469,9.372898639998311,6.323464228889043,-10.012477819654922,0.0973796465569775,0.14021950633757624,5.0,123.74829225963816,102.2102268100018,8205.0,365.9482681718907
18,True,mel,126.5669989737575,47.79204947357939,-0.22372693921031586,-0.5289478181735725,54.0,194.0,41.47657968039877,49.11817906962415,1.2378008448555786,0.2650224155106633,0.0,131.0,35.98574255974197,51.767918322671875,1.6304064025396887,1.3758915021595914,0.0,132.0,61.55655329130626,81.18114321785225,0.6738831183354319,-1.539271346640422,1.0,178.0,206.09983873332357,63.38825279389324,-1.26319558900106,0.2205083947352584,85.0,255.0,126.56703562527488,47.79195356012501,-0.22371483123319533,-0.5289822706213867,54.0,194.0,78.18776572350096,46.28655537814753,0.6833115985690386,-0.2550754426452073,21.0,156.0,162.93318428382935,10.049976267566384,-0.9791923325816279,-0.06305220776432696,147.0,173.0,152.07465914088843,13.914169899932178,-0.5951456558041265,-0.9021957782198045,130.0,168.0,66.27591262278258,47.227570028870126,1.0259500089516567,-0.051393499288331146,20.0,150.0,170.99347602990764,13.769191453814367,-0.8684941884217282,-0.3945309741229197,148.0,185.0,110.90353320627474,10.047796818871094,0.34952024602491816,-0.9004550737369761,98.0,126.0,0.5082110969387755,642.1269837220809,0.5637824289242481,0.7771559988340186,0.9684034634665046,0.835,0.7634730538922155,180.1877032173579,0.12102146953681779,199.85207382646004,165.06249344337823,0.783378286669913,3.0140395439590217,3.782025192328235,6.253137937226971,-12.701193810627526,-8.748552844808454,-11.271018800795758,0.09615686274509805,0.09313399043370638,5.0,192.3613495718705,180.1877032173579,25500.0,642.1269837220809
18,True,mel,159.582038451409,44.31212291657603,-0.253154870181604,-0.4876471598535943,92.0,221.0,84.59136912600174,46.9846365617781,1.0994553457467944,0.08871672627602178,40.0,167.0,72.2296549907822,49.06935095789308,1.5376202779920658,1.2665023963153956,34.0,161.0,42.98799804356823,70.74287839049857,1.3191654217283633,-0.24949320489212568,1.0,176.0,146.9346100304752,47.206743481522736,-0.8274650630913559,-0.28832096114263805,68.0,197.0,159.582038451409,44.31212291657603,-0.253154870181604,-0.4876471598535943,92.0,221.0,114.07964934722902,43.933938100027056,0.7088662497609686,-0.3145159973450995,63.0,187.0,158.06817412242748,8.752583357664559,-0.6882747818129213,-0.8156046721576571,144.0,167.0,149.97197035253396,12.153358867196676,-0.46022427513877534,-0.8649254106618529,131.0,164.0,105.61093344369615,44.92556923247613,0.9057665733085318,-0.15216286560599412,58.0,183.0,166.5202227322322,11.97480311166921,-0.8410458066762058,-0.4416303128231842,147.0,179.0,109.16129274991535,10.150731152936933,0.39008382501466143,-0.8913246612618315,97.0,125.0,0.5057397959183674,622.7422074112307,0.30461784873195796,0.8222737498566648,0.9713673250650743,0.9731182795698925,0.7537575001485178,179.7490658868621,-0.17507002124282559,185.6240926857204,176.80224342775702,0.7908764084747198,4.207527534172361,3.794541124035684,7.4545264331179775,-13.152035715895137,10.049283463877941,-13.35131567594556,0.09434110970996212,0.06502181663707775,5.0,162.26174478859735,179.7490658868621,25376.0,622.7422074112307
19,False,nv,162.33771006846675,24.699380579962224,-0.6428181665437949,0.11071838941671208,126.0,190.0,103.88452532677317,30.34034498328922,0.0021307416746909834,-0.567970839852177,63.0,144.0,84.76872462135807,31.748755438499757,0.550832175070017,-0.1443050088558473,47.0,130.0,9.788849699161208,20.742426370463527,7.7917822090521,59.684466322691925,4.0,10.0,125.78069889445449,32.04059970375234,-0.5608176602335153,-0.2848710695141894,79.0,162.0,162.33771006846675,24.699380579962224,-0.6428181665437949,0.11071838941671208,126.0,190.0,126.91294940573223,28.12307201563247,-0.20016810165784038,-0.44446993865661133,88.0,163.0,149.5482675835087,4.529363663023979,-0.5577876405022149,-0.5312609738076617,142.0,155.0,148.84104448857406,6.045566625960599,-0.7252745122432319,0.24792136380151586,140.0,156.0,119.19081774800675,28.457098254606002,-0.0982940526667861,-0.4853410177079289,80.0,156.0,158.8062479622988,4.914498936751191,-1.0775442104444488,0.8480700981343587,151.0,164.0,108.57340170129524,5.23535691738627,0.5850405016289237,0.15555593868757045,102.0,116.0,0.6472018494897959,710.9676041556468,0.51159103327823,0.8073205845702346,0.9693152647603128,1.0935960591133005,0.7205875826565482,203.34006239727987,-1.4499769058467173,220.27588319400365,189.26744481568613,0.7896034786797822,3.223752037379284,4.396268524334821,6.422856338508771,11.83516775149597,8.205124274483776,-12.78258305475676,0.04711461476873802,0.07050660331988928,5.0,77.48240665417809,203.34006239727987,32474.0,710.9676041556468
190,False,nv,167.598011091987,9.45508932702925,-1.1054237678240282,2.251590565816297,156.0,178.0,123.3851596863645,15.867472561287185,-1.027316230039024,1.154263878436276,101.0,141.0,142.53809797011175,19.21093754522598,-1.0442891767046423,1.3269721806831685,117.0,164.0,165.85143294265498,8.727570128763738,-12.8834960886887,242.06358149176268,159.0,172.0,67.96817200775892,16.276073817875282,1.1028782897268214,1.1859319589091637,50.0,92.0,167.59803841215202,9.455071706973856,-1.105435002554006,2.251639367435451,156.0,178.0,144.47154604813812,13.76215500947628,-1.101358972924146,1.5524566118197844,126.0,159.0,148.33199464524765,3.194406776670072,0.8258697664779099,0.3585549141376596,145.0,153.0,124.5697074010327,3.6813450658001865,0.8996353422210757,1.2281164804866185,120.0,129.0,138.79100073764445,14.063678166322967,-1.0775720292848916,1.4781869532505159,120.0,154.0,148.57708384558643,4.471027826661489,0.6267072744796036,-0.0386211195226287,143.0,155.0,130.095046854083,3.2778445670065475,-0.6893633276337673,0.6127638037734795,126.0,134.0,0.7077885841836735,777.4934700697015,0.5296761521116217,0.7382712460025453,0.942540937922981,0.9638009049773756,0.7544452233764578,212.6448428524063,-0.47791493366151405,232.9215449366646,197.56404533735594,0.7847124215521833,3.1441588181514626,4.564926160671272,6.1402391665937675,11.91051039470508,-7.882737397430239,-11.527115984215412,0.0723095117418483,0.09206528294169421,4.0,34.45871565361288,212.6448428524063,35514.0,777.4934700697015
190,True,nv,168.06957051140137,15.236411922657764,-6.580590745331982,60.53352475422807,158.0,179.0,127.61647664379012,17.205213289594642,-2.3915818598806133,11.186515267125873,107.0,144.0,145.2756807615674,20.544532312874917,-2.1854478544365126,9.337298290659264,121.0,166.0,165.49579366836394,9.977131479163361,-11.454563429621649,179.5844926567464,158.0,173.0,61.85250166039407,14.852633637691287,0.9364904286393451,1.7862921232582325,46.0,83.0,168.07385986274076,15.19332457659953,-6.55186623137783,60.11465752523405,158.0,179.0,147.38283152534868,16.853977618474662,-3.830964727339946,26.0178059792734,130.0,162.0,146.55144454283817,3.2195438844088935,-0.46456347616152716,5.242750069653493,143.0,151.0,124.70093535532433,3.325137087402011,0.770068970389201,0.8471458201595774,120.0,129.0,141.72824883772415,16.522531931369848,-3.355403694643795,20.780732352995145,124.0,157.0,146.79732123090548,4.368302554751712,0.0850253437429831,1.249089599802879,142.0,153.0,129.95754925835732,2.9875436947326293,-0.6680065284314798,0.5010624262405923,126.0,134.0,0.6904695471938775,808.6538956566621,0.6788619837348621,0.6657712905240424,0.9463002922618885,0.8883928571428571,0.7772119526202441,210.02710307803065,0.48606422976150065,247.3122427931589,181.5929457165293,0.7699893835883146,2.5874126774165713,4.646980376309587,6.460566572504048,-12.025212520725805,-8.173515435645896,-12.66996657440068,0.0689565593880791,0.13001427533286655,4.0,40.02308969345418,210.02710307803065,34645.0,808.6538956566621
190,True,nv,167.590756737608,9.508692753766566,-1.091646809900409,2.2147533214055874,156.0,178.0,123.40659999454996,15.891666416380977,-1.0267214699446556,1.1599075657084121,101.0,141.0,142.57484263018776,19.235655135747482,-1.0463253459726234,1.3410334481123272,117.0,164.0,165.77551298471263,9.178222351770907,-12.79018095783358,228.24637012684832,159.0,172.0,67.92735100961931,16.288700119458444,1.1061880661445997,1.2041263328078262,50.0,92.0,167.59078398779192,9.508675298710507,-1.091657883709253,2.214801093251852,156.0,178.0,144.48783279287136,13.789087849108803,-1.0994194887230486,1.5529848531235881,126.0,159.0,148.3201896612802,3.19644908289094,0.8246986699170792,0.3721618959085218,145.0,153.0,124.55421424094612,3.682771876912393,0.9102490567673585,1.279046219427424,120.0,129.0,138.8054336866774,14.092913390216772,-1.0762698668866564,1.4838637682905391,120.0,154.0,148.56170804152927,4.476291233465543,0.6262291543932131,-0.03385269207886754,143.0,155.0,130.10687522140773,3.2799577560509996,-0.695936965976461,0.6496665892383615,126.0,134.0,0.7077885841836735,777.4934700697015,0.5296761521116227,0.7382712460025453,0.942540937922981,1.0375586854460095,0.7544452233764578,212.6448428524063,1.0928813931333834,232.92154493666467,197.56404533735585,0.7847124215521833,3.1441588181514626,4.564926160671296,6.140239166593749,11.910510394705126,-7.882737397430199,-11.527115984215383,0.0723095117418483,0.09206528294169421,4.0,34.97559776993986,212.6448428524063,35514.0,777.4934700697015
191,False,mel,174.41433836133012,18.177960274242245,-0.9107761159659797,1.6742622123899844,153.0,197.0,132.20744772026055,25.802638853802783,-0.8092109301029454,0.8096302328304166,97.0,164.0,148.2483716146726,32.78249789511342,-0.5336470581255333,0.09871341839828096,102.0,191.0,162.01379842303737,28.514676916665227,-5.038611605361814,25.767636110090884,153.0,177.0,63.83060507370586,21.422460433279884,1.3486004639507636,1.824210942394937,42.0,95.0,174.52738258484746,18.34599485421714,-0.8618241668960844,1.6179422155785117,153.0,197.0,152.14852588275625,23.484246254303585,-0.8622429449916097,1.0814810649425581,121.0,181.0,147.00437092903667,3.268309322065718,0.8853276208917875,0.16074327644216746,144.0,152.0,126.07957661981487,5.899001480763202,0.3753321501180046,-0.5994181146795614,119.0,135.0,146.6557679122386,24.11763908926266,-0.7909616576629689,0.8895964254446076,114.0,177.0,147.82859101816936,5.277288662633225,0.5010973607823384,-0.5980995253782546,142.0,156.0,128.88909838875557,5.44460127154315,-0.18206548221390614,-0.7071093937924733,121.0,136.0,0.439632493622449,715.2691193458119,0.7378609997932977,0.5418221232424194,0.8771322915424072,0.7836538461538461,0.6506311939594148,167.5899493326284,0.5890296586054034,210.84399402565427,142.30972269445954,0.7367528804600227,2.3276684448447673,3.7643033884168373,5.724190635574583,-10.70565377176176,7.195488858445937,10.557158663391291,0.12616165737340768,0.18869996293469224,5.0,68.28313220416226,167.5899493326284,22059.0,715.2691193458119
191,True,mel,175.38002399520096,18.84061878599091,-0.9127913227322393,1.6814889309005823,153.0,199.0,131.6728511440569,26.825997192941426,-0.8006125317444371,0.7958150841204117,95.0,165.0,148.25524895020996,33.78596212475934,-0.5384083517756342,0.11641769862769324,101.0,193.0,163.12550347073443,25.544256014887377,-5.593389695119093,32.8464154008697,154.0,177.0,65.83096237895278,22.565153234194707,1.3642453700259647,1.9586109030324597,43.0,98.0,175.48650269946012,18.99659915208139,-0.8695195877773345,1.629120025305431,153.0,199.0,152.07035735710002,24.333917383580854,-0.8559003310267952,1.070685101570251,119.0,182.0,147.67250835547176,3.482925931823825,0.8594982590255749,0.08116140198216115,144.0,153.0,126.06542977118862,6.001960318846809,0.3966821792114075,-0.5881294770994328,119.0,135.0,146.6337303967778,25.02698614404591,-0.7883777945077697,0.8889045915939033,113.0,178.0,148.54409118176363,5.49857658165139,0.47807513631612053,-0.6187103675674819,142.0,157.0,128.90620447339103,5.503213411617934,-0.1822447381154161,-0.720626516177798,121.0,136.0,0.439632493622449,715.2691193458119,0.7378609997932981,0.5418221232424194,0.8771322915424072,0.7836538461538461,0.6506311939594148,167.5899493326284,0.5890296586054038,210.84399402565433,142.30972269445948,0.7367528804600231,2.3276684448447686,3.764303388416834,5.7241906355746215,-10.705653771761808,7.195488858445983,10.55715866339135,0.12616165737340768,0.18869996293469224,5.0,67.10600840116348,167.5899493326284,22059.0,715.2691193458119
191,True,mel,174.4820299432954,18.82299545349704,-1.5845648453191028,8.231950105930993,153.0,197.0,132.53559335862604,25.964867101832432,-0.8958700005240678,1.2569614124143254,97.0,165.0,148.7346713988496,32.90737815711394,-0.6015719436097292,0.3620958855700307,103.0,191.0,161.7554358911598,28.61126720989326,-5.005712895492014,25.418926962455686,152.0,177.0,63.51601191204667,21.872961989041432,1.6832558701092437,5.481612384940071,42.0,95.0,174.60139517806877,18.982281728861366,-1.5083362443274144,7.806338395547938,153.0,197.0,152.3972585974789,23.80743253504011,-1.0594285322293375,2.428751578004751,121.0,181.0,146.91951209562274,3.3244703124355857,0.6625176003382695,1.0268404337134536,144.0,152.0,125.94912903357402,5.8393467983924365,0.3913375659114576,-0.5908836096557537,119.0,134.0,146.9299555337984,24.380593955657147,-0.9515595080587237,1.8871409117590048,115.0,177.0,147.68371884306288,5.318558728812944,0.4533887869193244,-0.44447180544292575,142.0,156.0,129.01431893281116,5.39971629596987,-0.20123597010396344,-0.7063919528788838,121.0,136.0,0.4512316645408163,777.8620484583752,0.7186217858012186,0.47021913992690445,0.8748792457204684,0.7747747747747747,0.5929446888749215,169.78638500288773,0.20332974241161159,210.41187361984439,146.32065428225337,0.74156333134799,2.399748683736664,3.7483413474161202,6.098187776379397,-11.329837776638566,7.421146621265066,11.081524236448598,0.12671701779956712,0.18294850361963477,5.0,69.46651092779607,169.78638500288773,22641.0,777.8620484583752
192,False,vasc,169.28157099697884,21.313794065617355,0.42367956695924613,-0.9142372103028329,144.0,202.0,69.00181268882176,36.94489237016208,0.8130590661466858,-0.7455221597919666,33.0,132.0,111.8380664652568,27.025786073262655,0.889615814692823,-0.3635194345237558,85.0,157.0,167.40543806646525,1.8135027377147739,1.0838387105541547,0.6101262359447728,166.0,170.0,155.90151057401812,40.492585918097156,-0.6869132063632984,-0.9540158920372988,88.0,197.0,169.28157099697884,21.313794065617355,0.42367956695924613,-0.9142372103028329,144.0,202.0,113.61510574018126,27.880136431986134,0.7738270297992138,-0.7135199326388175,85.0,161.0,172.62205438066465,7.997926280139198,-0.9908683012730911,-0.43686292252538417,158.0,180.0,125.24471299093656,1.9643178345390115,0.31478318966944535,0.7507524188053321,123.0,128.0,103.85740181268882,30.945330869373194,0.7552392721545097,-0.7712440821915099,72.0,156.0,174.6323262839879,7.805442773121542,-0.9463589636409304,-0.3370807883216438,161.0,182.0,132.51601208459215,3.086303989248849,-0.8703821897667142,-0.3417268688287449,128.0,136.0,0.05763711734693878,202.99494936611666,0.6773481695712129,0.8819372529581311,0.9793430409752794,0.7464788732394366,0.7685357427584374,60.681206014499175,0.12596979205001893,70.79608391892754,52.08203097987275,0.7774409531363929,2.607351754917305,5.045713572617786,6.84944679107609,-12.917675755253958,-8.243940220832958,-12.982181140114706,0.025242047026279413,0.11434799912576513,5.0,63.61988272142928,60.681206014499175,2892.0,202.99494936611666
192,True,vasc,182.64866385372716,21.07496619316681,0.3508106451775708,-1.1384524164354561,157.0,214.0,87.45400843881856,37.593125738346274,0.6882049165454287,-1.0168760346494836,50.0,150.0,128.13699015471167,27.644153749218866,0.767171392102911,-0.731218087273072,100.0,173.0,167.35555555555555,1.823011046716241,0.9955373668296618,0.3304210628039228,166.0,170.0,136.98902953586497,37.014668366801985,-0.6058524273044582,-1.137427599988377,76.0,175.0,182.64866385372716,21.07496619316681,0.3508106451775708,-1.1384524164354561,157.0,214.0,128.57946554149086,28.721301586695265,0.6489210385599472,-1.0070815593069236,99.0,176.0,170.53052039381154,8.636484909950058,-0.8217706912072117,-0.8307212669087352,156.0,178.0,124.20450070323488,1.9641174917626922,0.763751340706948,0.48536998968737866,122.0,127.0,120.54008438818565,31.368142250295783,0.6388826600165187,-1.0366670305615662,88.0,172.0,172.28832630098452,8.099130295576382,-0.828427619590077,-0.6738208515372341,158.0,180.0,132.28945147679326,2.9019201378992774,-0.7668615267636053,-0.60969678310083,128.0,135.0,0.05893255739795918,219.27922061357856,0.6054929720243624,0.7727984293047367,0.9717384160368058,1.0161290322580645,0.7570404505888377,61.35934593671836,0.8019742173287503,68.8335068854577,54.781191357602516,0.7862847435103967,2.8703066027097917,5.075100000884902,7.116625108560118,-13.245284608451529,-8.579435228700152,-13.639140240043291,0.024687182955698384,0.08236329652892949,5.0,59.91264560668503,61.35934593671836,2957.0,219.27922061357856
192,True,vasc,172.8121261555193,22.41056892534784,0.3087993684288691,-1.09643786015692,146.0,205.0,74.35589994562262,39.944656952821916,0.6127830784780718,-1.1111021367557032,33.0,139.0,116.26536160957042,29.343955114449933,0.6796891211521927,-0.8539251276756925,85.0,163.0,167.46193583469278,1.8058399476398344,0.9738357486588599,0.2607799709660088,166.0,170.0,150.6109298531811,43.48682474284951,-0.49340494480790614,-1.2517931728882319,82.0,198.0,172.8121261555193,22.41056892534784,0.3087993684288691,-1.09643786015692,146.0,205.0,117.98939641109298,29.95174924586956,0.5904399568567598,-1.0682464613923517,86.0,166.0,171.72240348015225,8.879588038217145,-0.7677222459560569,-0.9165915880795823,156.0,180.0,125.18352365415987,1.911665451835011,0.19879309322814814,0.551434438839983,123.0,128.0,108.57340946166394,33.2697204842463,0.567131228892361,-1.1138990576019072,73.0,161.0,173.80560087003806,8.765198943138694,-0.7259161251347827,-0.8528134442253936,159.0,183.0,132.35807504078304,3.077899927534609,-0.6818205500450727,-0.7083283556096456,128.0,136.0,0.060267857142857144,224.10764773832474,0.725612634781509,0.756620835306836,0.965209064794127,0.7808219178082192,0.7267483777937995,62.050595349916925,-0.37269295516888573,74.86644756015457,51.51585793644373,0.7677812135836353,2.4294352890139983,4.984374539635477,6.607465445111714,-12.711947850457422,-8.032740144959085,-12.46340096533014,0.02546296296296291,0.13410260561895473,5.0,67.70323361583718,62.050595349916925,3024.0,224.10764773832474
193,False,nv,194.41652470187393,22.236519362835338,-0.22763371759872927,-1.1593944837563517,163.0,221.70000000000005,104.80494037478705,33.04274671051607,-0.07483374812207735,-1.3081399747067233,59.0,147.0,69.61413969335605,38.86897797900151,0.20425308576871354,-1.2878232893371,21.0,124.0,8.386712095400341,1.1835156491986045,-0.6924529075712097,0.5803410369826549,7.0,10.0,168.25553662691652,41.4698977360499,-0.07991546665202645,-1.3007627979876084,112.0,222.0,194.41652470187393,22.236519362835338,-0.22763371759872927,-1.1593944837563517,163.0,221.70000000000005,138.36967632027256,27.175208546034092,-0.08220249162704633,-1.28480802099023,101.0,173.0,160.87734241908007,6.177550257114196,0.041255408585570606,-1.3647050750827936,153.0,169.0,163.70102214650765,8.054650363710516,-0.5358933465729133,-1.0067375954625102,152.0,172.0,127.59454855195911,30.35697614957902,-0.06591626978349426,-1.299006774636858,86.0,167.0,175.6465076660988,6.302179166759799,-0.3178279880377697,-1.2200646177514292,166.0,183.0,95.29045996592845,5.754189137785252,0.621325657513094,-0.7287007132652414,89.0,104.0,0.01935188137755102,119.1543289325507,0.780793247629542,0.8594278910387315,0.969061876247505,0.6976744186046512,0.7527131782945736,35.16127981086358,-0.2531567555132095,44.57187592433459,27.848039542987177,0.7500895270618387,2.2162905781258333,4.567205335168185,5.892766204299554,-11.476845216647519,-7.18557851560271,11.170070040362768,0.03810504634397527,0.17330880546264354,5.0,64.88993274808385,35.16127981086358,971.0,119.1543289325507
193,True,nv,197.5872622001654,22.3035128709289,-0.35761524704410946,-1.1515908257521124,165.0,224.0,110.1224152191894,33.84152580690261,-0.22117339680368764,-1.344217094944327,61.0,152.0,76.58974358974359,40.70148456758533,0.02905879850556146,-1.4301614491487575,23.0,131.0,8.196856906534325,1.219210736116225,-0.872878565654516,0.8280555843157495,7.0,9.0,160.8626964433416,42.93572636533709,0.0788368611923976,-1.3936452758446238,106.0,219.0,197.5872622001654,22.3035128709289,-0.35761524704410946,-1.1515908257521124,165.0,224.0,142.70140612076096,27.794966066446285,-0.2216097259079844,-1.3246690418186406,103.0,177.0,159.8684863523573,6.297037346767759,0.23708079946353383,-1.369325576101259,152.0,169.0,162.08105872622002,8.593573697093083,-0.32352976800646743,-1.2978782325241707,150.0,172.0,132.4524400330852,31.09644427267463,-0.20945495114868148,-1.3409232910817515,88.80000000000001,171.0,174.46401985111663,6.619561760570303,-0.09163416310530297,-1.407983767451905,165.0,183.0,96.47642679900744,6.1600904843726925,0.4505265922002489,-1.0768396890342222,90.0,106.0,0.017817283163265307,122.2670273047588,0.7888886271641613,0.7514994659142348,0.9480381760339343,1.1764705882352942,0.6573529411764706,33.73834840345975,-1.0265709590170156,43.146485160027254,26.515076781567466,0.746426267406782,2.1830705317877306,4.529290705676826,5.839933600307917,-11.372383173537159,-7.108154643857618,11.073414615982845,0.03914988814317677,0.17554650637562041,5.0,66.45844997238221,33.73834840345975,894.0,122.2670273047588
193,True,nv,199.54662840746053,22.099836550898058,-0.31564688895831494,-1.0379543525963946,167.3,225.0,112.51434720229555,34.57591208626044,-0.24726543931220693,-1.2704879576768129,62.0,153.70000000000005,79.25394548063127,41.67153192991394,-0.03270841609846624,-1.4113568124284477,23.0,133.0,8.192252510760401,1.187112868895793,-0.5604207456855673,0.20453857325988212,7.0,10.0,158.3522238163558,43.94283538870343,0.15902889559266414,-1.3742083795176403,103.30000000000001,220.0,199.54662840746053,22.099836550898058,-0.31564688895831494,-1.0379543525963946,167.3,225.0,144.84433285509326,28.080934732129148,-0.2321746488570305,-1.251166746562387,104.0,178.0,159.5989956958393,6.797060223786292,0.30159301978225594,-1.3044130007142523,152.0,170.0,161.72955523672883,8.932275168589916,-0.1861721132876889,-1.404542086416408,149.0,173.0,134.75466284074605,31.526378637482733,-0.23130716969483184,-1.2670654290868917,89.0,172.0,174.22238163558106,7.297483975768118,0.04979448664304747,-1.3602893756823233,165.0,184.0,96.68723098995696,6.448984922940482,0.28330605354015576,-1.259243119396334,89.0,106.0,0.019810267857142856,125.5685424949238,0.7374989449428014,0.7921994595435379,0.9548511047070125,0.6976744186046512,0.7705426356589147,35.575273821388244,-0.20116142983753357,43.388007983421986,29.30201678617549,0.7635771423587372,2.3824882751089738,4.578059833854681,6.051878145280817,-11.481314994983501,-7.299063459622804,-11.56060802705941,0.04024144869215296,0.14571429287218504,5.0,67.22978480849729,35.575273821388244,994.0,125.5685424949238
194,False,vasc,201.97588944428108,11.320204164549745,-0.0927383688360747,-0.7440364419228018,187.0,217.0,88.43957659511908,38.81352608071921,0.41423490091345816,-1.0894957882501026,42.0,148.0,124.5989414877977,19.31769824557301,0.7255791677541746,-0.4087719308575992,103.0,156.0,169.52366950896794,17.407649758033436,-9.190616568188052,86.61412415925572,167.0,177.0,145.533372537489,42.93909057065245,-0.3578403277835541,-1.1408212499227728,81.0,198.0,201.97588944428108,11.320204164549745,-0.0927383688360747,-0.7440364419228018,187.0,217.0,137.20082328726846,23.518395320761726,0.5041742444676356,-0.9486503199367355,110.0,174.0,175.31578947368422,12.826424068980156,-0.6434765301066699,-0.9890622769280251,155.0,188.0,131.46868568068214,3.2639862591033677,0.21579147879526062,-0.9107420672939193,127.0,136.0,126.50661570126434,28.083988481704203,0.38197415760829334,-1.0513273121879447,92.0,169.0,181.8024110555719,12.732532473551572,-0.6054406143520767,-0.9261927261705751,162.0,195.0,126.92649220817407,5.763281531487593,-0.04306116711470142,-1.3805846110236877,119.0,135.0,0.05992904974489796,205.82337649086284,0.48354356455748815,0.8919774912700605,0.9791598827743406,0.9090909090909091,0.7593434343434343,61.87593482945235,0.05884307303597995,66.29895974222087,58.03282508822688,0.7922036375787996,3.3407375340171406,4.445809079511857,6.486737810519847,12.18532917568522,8.314778719589151,12.044246855802683,0.047888260724975096,0.06080596169986147,5.0,71.66694449323563,61.87593482945235,3007.0,205.82337649086284
194,True,vasc,202.18561484918794,11.430756005558838,-0.09879944485726806,-0.7547705977117736,187.0,217.0,89.36542923433875,39.35195596501951,0.39170812606765093,-1.127355532262425,42.0,149.0,125.06206496519721,19.713395387017293,0.7069105447980606,-0.4637207845945448,103.0,157.0,169.38196055684455,18.480848225788122,-8.679020186139361,76.67751781666074,167.0,177.0,144.53103248259862,43.49546833318739,-0.3365320440895341,-1.1722029383435224,79.0,198.0,202.18561484918794,11.430756005558838,-0.09879944485726806,-0.7547705977117736,187.0,217.0,137.78277262180976,23.887693396241644,0.48150536445283243,-0.9962258989610904,110.0,175.0,174.97737819025522,13.028193543266989,-0.6139910407298649,-1.0447729454101633,154.0,188.0,131.53741299303945,3.287516540054283,0.21623942055531112,-0.8788847853879158,128.0,136.0,127.16763341067285,28.47669248787343,0.3609680357571603,-1.088414347858405,93.0,171.0,181.48839907192576,12.93569603878334,-0.5810403670837899,-0.9726935086482631,161.0,195.0,126.81583526682135,5.7899238269444355,-0.02778908172089529,-1.3771520932631691,119.0,135.0,0.05992904974489796,205.82337649086284,0.4835435645574879,0.8919774912700605,0.9791598827743406,1.1,0.7593434343434343,61.87593482945235,-1.5119532537589164,66.29895974222084,58.032825088226865,0.7922036375788,3.3407375340171486,4.445809079511578,6.486737810520543,12.185329175687919,8.314778719590764,12.04424685580265,0.047888260724975096,0.06080596169986147,5.0,73.40707256453435,61.87593482945235,3007.0,205.82337649086284
194,True,vasc,203.28190104166666,11.676045435464895,-0.16636336459480133,-0.8949853792873625,188.0,218.0,94.00618489583333,41.66878985145313,0.28919132988225116,-1.2804108023526994,43.0,158.0,127.802734375,21.623091626349982,0.6122040183414722,-0.8147717718068295,104.0,164.0,170.103515625,16.732393985132976,-9.545979513660157,94.20112623114971,167.0,177.0,139.51432291666666,45.82973957190961,-0.23252728307810844,-1.3043368644510938,71.0,197.0,203.28190104166666,11.676045435464895,-0.16636336459480133,-0.8949853792873625,188.0,218.0,140.69498697916666,25.483739216468123,0.381425799041259,-1.1932671086816156,111.0,181.0,173.40494791666666,13.86465272950561,-0.47075941867363086,-1.265075469634565,152.0,188.0,131.62662760416666,3.141039144645661,0.0945814402860613,-0.9098225340662056,128.0,136.0,130.53873697916666,30.159425514474105,0.27047205161643434,-1.242404885017398,93.0,177.0,179.86328125,13.844638540486775,-0.4502550034711974,-1.1877747312450797,158.0,195.0,126.46158854166667,5.6784918201521934,0.1342415994249336,-1.3776501611846805,119.0,134.0,0.049884406887755105,201.7228714274745,0.5046878420900409,0.7729660700208189,0.9615827890895121,1.150943396226415,0.7742035261367152,56.45279958046467,-1.2544850344456069,60.919722036782524,52.59211218768235,0.7911973604936446,3.2540386413209377,4.445205307823249,6.422777584427564,12.036189014521597,8.178596199737399,11.981778561469186,0.046743907311226573,0.06559973649478079,5.0,74.23817899250749,56.45279958046467,2503.0,201.7228714274745
195,False,nv,141.9210128495843,25.683082859288007,0.0463172542728664,-1.1635535503643175,109.0,178.0,93.01889644746788,40.13351703264409,0.21348065255839357,-1.1584562906727178,42.0,151.0,109.87849584278156,48.76508017784727,0.2760539195661988,-1.1820319906121795,50.10000000000002,182.0,166.50321239606953,11.929331355805793,-1.1514077983478144,0.2325637593783818,146.0,177.0,96.96749811035525,41.61394035731949,0.23925825432925732,-1.1894765559931852,44.0,155.90000000000055,143.09240362811792,27.68204301364458,0.2713768381328712,-0.8528084712604849,109.0,182.0,115.39833711262283,36.379644249955554,0.18031464841844375,-1.1799391168672007,69.0,167.90000000000055,151.06991685563113,5.575634872002581,-0.1613736892760856,-1.059446565910376,144.0,158.0,127.82577475434618,8.486365441002643,-0.2348189294373024,-1.2163033475854967,116.0,138.0,109.57142857142857,36.741847271087394,0.18912116329135298,-1.1747186461046728,63.0,162.0,151.09826152683294,8.167452227547809,-0.4456853312157108,-0.9663099607713681,139.0,161.0,128.156462585034,7.059626849265314,0.5120780745287052,-1.0085209871163199,120.0,139.0,0.09325175382653061,299.56349186104046,0.6449884527954354,0.6552169753943656,0.9281888514183694,0.9651162790697675,0.655505743905856,77.18476423372573,0.8198125370490332,88.88015133550908,67.9215286912742,0.776911050135265,2.7151191558968684,4.717504814753587,6.086871739044325,-11.56417729233762,-7.55487320637853,-11.756044258289924,0.053002778371446846,0.10983553070101032,5.0,81.22531472676987,77.18476423372573,4679.0,299.56349186104046
195,True,nv,143.81435390385272,26.376760993823343,0.018918732038948973,-1.2210930061585346,109.0,180.0,96.33583361745653,41.69817189855964,0.16978137715326563,-1.2295893557427153,43.0,156.0,113.8856120013638,50.61443513726148,0.219713732314695,-1.2665318013268263,51.0,188.0,165.25536992840097,12.901839373930166,-1.0154817101209168,-0.22471091461225745,143.0,177.0,94.09717013296965,42.119665815205906,0.2914616150360134,-1.2058213689649426,43.0,154.0,145.4234572110467,28.951103693902304,0.2622562345587667,-0.9447595713769221,109.0,188.0,118.33975451755882,37.69926457930455,0.1385991073762084,-1.2479999763163705,70.0,172.0,150.5634162973065,5.834793839596819,-0.11501623709578827,-1.1029033966889725,143.0,158.0,127.16774633481077,8.705557218970117,-0.1651218281158476,-1.2823971769738933,115.0,138.0,112.54142516195022,38.08524102128151,0.14690779518955788,-1.2442611448705914,64.0,167.0,150.3325946130242,8.610843510648689,-0.37245373869181103,-1.0850731114414256,137.0,160.0,128.74309580634164,7.318293745918099,0.4267037550809312,-1.1488595454211004,121.0,140.0,0.09851323341836735,321.56958851545033,0.6572759715168152,0.6006901833705813,0.9227179391450439,1.0,0.6383006198347108,79.33235827596397,-0.7891188854172058,92.00090808980605,69.33648284171564,0.7751835480355531,2.6700617069578665,4.724918972972704,6.082102032132528,-11.489120064851226,-7.417408024759616,-12.383240389504326,0.05563423022455993,0.11482004908193508,5.0,83.97260888303838,79.33235827596397,4943.0,321.56958851545033
195,True,nv,144.19761816151842,26.536357885431116,0.0033664549960744296,-1.2334130466799837,110.0,181.0,96.96743580200967,42.04137226589431,0.16000184826814762,-1.2447469418852675,43.30000000000007,157.0,114.7102716784518,50.98656735651825,0.20715004399623585,-1.2789096714673542,52.0,189.0,164.96613323409005,13.121216637964741,-0.9957480213630139,-0.2745798554899581,142.30000000000007,177.0,93.64960922962412,42.250148290280414,0.29670471508591756,-1.2112852918399057,42.0,154.0,145.91551916635652,29.254811537312083,0.2544057657436638,-0.9590569038060948,110.0,189.0,118.91142538146632,37.980362971318726,0.12718460829704115,-1.2603509557731516,70.0,173.0,150.49516189058428,5.883045951123954,-0.12484599507308695,-1.1448158429350617,143.0,158.0,127.02288797915891,8.743035771566765,-0.1511967071446529,-1.297029361013195,115.0,138.0,113.11871976181615,38.378233039935246,0.1352118343660319,-1.257786968533276,64.0,168.0,150.19464086341645,8.704878937476785,-0.37473856556926577,-1.1062631879008993,137.0,160.0,128.87997767026422,7.366698845406999,0.4115438374979505,-1.1728788742399796,121.0,140.0,0.08902662627551021,315.9188309203679,0.6677521281443525,0.562438173619515,0.9231246125232486,0.7526881720430108,0.6861751152073733,75.41592037714564,0.10211664869842235,87.97663742505588,65.48837502970558,0.7739202745040513,2.6323413122773327,4.7291668185195554,6.020458546349481,12.166177749586417,7.768839379224613,-11.401599043031517,0.05350346989030674,0.1180526909882915,5.0,84.62617646555724,75.41592037714564,4467.0,315.9188309203679
196,False,mel,128.95363002259555,36.14592456414122,-0.12033320784455728,-0.9319288005000947,81.0,176.0,79.16853325474015,26.499589664788225,0.2392266039575754,-0.869920166522363,46.0,117.0,84.4418901660281,27.926820391582922,0.5180300679966432,-0.5820018030708503,52.0,127.0,123.21927497789567,78.47581562309452,-0.897768354953068,-1.1807397810805906,1.0,178.0,102.32007073386384,13.96898522941548,0.3250805558277943,0.5491737399995307,84.0,120.0,128.97322919736712,36.10119141672573,-0.11389282274404715,-0.9474904219670646,81.0,176.0,99.96762943314667,30.538944927331833,0.0334696468324163,-0.8983395805421357,60.0,142.0,149.67958542096474,3.6330948130037464,-0.6660919948634614,0.4485479083589192,144.0,154.0,133.76456429904707,5.262201361926552,-0.2362895344204409,-0.48946309389760323,127.0,140.0,94.67113665389527,29.29875086475338,0.14587624034890848,-0.9135653758566447,57.0,136.0,152.4807937911386,5.849220462277392,-0.8344853308656484,0.11224694140112712,144.0,158.0,122.21220159151194,4.532736093032431,0.20624102455434534,-0.5755425777700283,116.0,128.0,0.38356983418367346,602.2569260369921,0.7578015124884969,0.6667864091511685,0.9225828100282825,0.7135678391959799,0.6810814636563097,156.53998938920668,-0.26884804528316275,200.063101861975,130.5382025219002,0.7320870880753304,2.254031065234035,2.9495157086481156,4.0829028388072475,7.616832262190941,5.256007908413479,8.152055404130904,0.22170840694170213,0.19450809408104897,5.0,128.54599226923574,156.53998938920668,19246.0,602.2569260369921
196,True,mel,156.71618037135278,36.46907083442843,-0.11269378470514557,-0.9002880434988731,108.0,205.0,110.31039394832499,28.488820788934536,0.13984947942141548,-0.9209128254083994,74.0,150.0,112.09956773749877,28.874537778608477,0.40977919519755607,-0.6906110307449151,78.0,155.0,99.01503094606542,85.33605644018061,-0.23996974369665214,-1.9353157874745062,1.0,178.0,79.82124963159445,10.969172674385964,0.1255996916562816,0.08276126264604278,66.0,94.0,156.72792022792024,36.44214270207857,-0.10879007422969361,-0.9097654116243885,108.0,205.0,130.30061892130857,30.629560365432337,0.002202666253365953,-0.914869380442644,90.0,172.0,146.71681894095687,2.982416139937932,-0.3724327572316246,0.7717743728926982,143.0,150.0,134.38648197268887,4.690924489166856,-0.31555499814986354,-0.28950452558770934,128.0,140.0,124.40485312899106,30.729264716492192,0.08802236753313487,-0.927417386881848,85.0,167.0,151.09067688378033,4.954863617551971,-0.9234797092483554,0.6157810097243201,144.0,156.0,121.03885450437174,4.3571984815109985,0.3105854200517469,-0.37346383559682517,116.0,127.0,0.38356983418367346,602.2569260369921,0.7578015124884969,0.6667864091511685,0.9225828100282825,0.7135678391959799,0.6810814636563097,156.53998938920668,0.26884804528316286,200.063101861975,130.5382025219002,0.7320870880753305,2.2540310652340345,2.9495157086481143,4.08290283880725,7.616832262190941,5.256007908413478,-8.152055404130934,0.22170840694170213,0.19450809408104897,5.0,132.74737181664514,156.53998938920668,19246.0,602.2569260369921
196,True,mel,132.82654615120106,36.15201847847205,-0.11885436456308188,-0.9223904148484969,85.0,180.0,74.62332367244683,25.187845293300644,0.3106520258435811,-0.8191597091751839,44.0,111.0,84.66296605590215,27.900852370596553,0.5655535284579806,-0.5260276191464777,53.0,127.0,146.37662720440144,62.36319759100958,-1.8938630095100155,1.6272072345798207,1.0,178.0,114.26398781745837,14.131028691339912,0.3206727218771022,0.474616570996373,96.0,132.0,132.85263054477576,36.09169432099684,-0.10997101145483087,-0.9443172408883793,85.0,180.0,98.65299405609863,29.590513753577053,0.07042719069160043,-0.8828177041265328,60.0,140.0,153.9163923957361,4.275004606269959,-0.6921082998616943,0.11653470517065756,148.0,158.0,132.95289089748,5.943867301624531,-0.13800190520438496,-0.5618703519706605,125.0,141.0,93.18661885346563,28.43488724339976,0.19454913359604828,-0.887257460641536,57.0,134.0,156.3074126835978,6.7149273723297025,-0.7897032377655591,-0.036048286624304815,147.0,163.0,123.18268900132632,4.954306014655639,0.13612651153318495,-0.6296182225402642,117.0,130.0,0.38356983418367346,602.2569260369921,0.757801512488497,0.6667864091511685,0.9225828100282825,0.7135678391959799,0.6810814636563097,156.53998938920668,-0.26884804528316286,200.063101861975,130.53820252190016,0.7320870880753304,2.254031065234036,2.9495157086481107,4.0829028388072555,7.616832262190944,5.256007908413482,8.152055404130975,0.22170840694170213,0.19450809408104897,5.0,112.58592060334632,156.53998938920668,19246.0,602.2569260369921
197,False,nv,188.66803943591663,22.921475635064333,-1.2826895029462366,2.1827021672331597,157.0,212.0,112.59072756770249,29.02060098533052,-0.47052412451063375,0.10592396528952319,71.0,148.0,104.1831398976663,33.309108710681286,0.35419632427863235,-0.2301923402725321,62.0,153.0,31.472170223386996,63.19556176723156,1.8365883316781249,1.3812157012496167,1.0,175.0,119.11237988269063,28.50843252988183,-0.2115274317759662,-0.6540505367732288,75.0,155.0,188.66803943591663,22.921475635064333,-1.2826895029462366,2.1827021672331597,157.0,212.0,141.8695245226507,25.91660152016901,-0.6883220871176103,0.571948370841382,106.0,172.0,157.33779483339572,4.063576923234666,-0.06246236595515275,-0.2790169589761864,152.0,163.0,146.03525521028328,7.165643172947116,-1.0947472043661681,0.5465909446960184,135.0,153.0,134.40259578185447,27.29092888126499,-0.5613328786228453,0.3000957606890857,96.0,167.0,166.7501871958068,5.291540206409397,-0.9224925596957031,0.3374492954796766,158.0,172.0,110.94296767752402,6.102732714970337,1.100698947003717,0.7242186716124603,105.0,121.0,0.6142179528061225,715.0264786586926,0.670318006315223,0.7575026514497091,0.9589880822727697,1.1978609625668448,0.7357477081741788,198.09081131943748,1.4405199599752185,232.14381591373527,172.2678820627879,0.7709038466712071,2.6177250322118097,3.773554884125087,5.284662626076002,9.81386040980155,6.599669150857748,-11.507428218789105,0.10107401278432138,0.12492407265371765,5.0,114.62546993217771,198.09081131943748,30819.0,715.0264786586926
197,True,nv,180.6763549219614,28.58053348902475,-1.4847327816985514,6.613726441796809,147.0,209.0,102.68025685141944,33.81001027320316,-0.3539440449148001,0.22721162528530003,56.70000000000027,144.0,94.3366719921347,38.0643180046464,0.2866468488515157,-0.26600607832937406,46.0,148.0,33.26007742411208,64.60281449212334,1.7343667687358424,1.019336240261195,2.0,175.0,128.98101265822785,36.12897483284195,0.19902825964684454,-0.04191270738453534,79.0,175.0,180.67899717340543,28.564365029977516,-1.477023485235927,6.548857924832049,147.0,209.0,133.09785547499078,30.515611947294882,-0.64730419889346,1.4194134501774522,93.0,169.0,158.51990905739217,5.222663160399872,-0.767537044206068,3.648845258914565,152.0,165.0,147.0871942976527,8.139371687625212,-1.0447657832395418,0.3032505690756331,134.0,155.0,125.07582647167261,32.14510088274075,-0.4833511487319769,0.7882978114454695,83.0,164.0,167.71617303674572,6.578638249119398,-1.468694754245101,4.515063720541912,158.0,175.0,110.65119208553521,6.607560496356501,1.1390354284616981,0.6637715681408607,104.0,121.0,0.6116470025510204,744.0386719675123,0.5785709452320278,0.6966517535672141,0.9577754891864058,1.0909090909090908,0.7175925925925926,197.6757992975421,1.0908351898827338,220.88535696093075,180.16117926804188,0.781302099563784,2.9561395551532086,3.7706896811377533,5.643836729791587,10.357602562298805,7.122930444396706,11.11617587017843,0.09915281850765723,0.09752875898111305,5.0,129.29615435494281,197.6757992975421,30690.0,744.0386719675123
197,True,nv,170.58539269990058,26.924076495473305,-2.4620759223393844,10.60645962325415,139.0,195.0,113.249147848317,27.13616839294018,-1.2609204334135455,2.1810786984591513,76.0,141.0,89.66038204800455,31.404917983283365,0.031445645421632945,-0.16451496767956142,50.0,134.0,17.3948302797898,36.9153296991594,4.0119939594325125,14.287572365185412,4.0,12.0,125.5369620792501,32.310503415517864,0.17336299333529215,0.6042231980513524,78.0,164.0,170.59167731856272,26.88468452892796,-2.446021423927993,10.457844282393152,139.0,195.0,135.4879278511575,26.962907827311525,-1.6472860302982275,4.485017618096028,101.0,162.0,148.12970458741657,3.289866372337949,-1.237431079686718,8.019917043794766,145.0,152.0,150.53632296548787,7.532695955998285,-1.0618357711445485,0.38432949228717517,138.0,158.0,127.73072006817213,27.100694749547394,-1.3865881563138753,3.226322824453683,92.0,156.0,158.6034654168442,3.8773790602925144,-3.526478834345702,23.32237290490189,155.0,162.0,106.52797898025848,6.675623206731453,1.0261320944334267,0.5261440776515474,100.0,117.0,0.5266462053571429,704.5067093990478,0.645378418711571,0.6690438655670375,0.9549018899288115,1.0721649484536082,0.6548622125297383,183.4267018992237,-0.8304743254472284,211.88011450324592,161.8473818315214,0.7743401616221579,2.7086514069594023,3.776853676652782,5.376912912090786,9.954379739531479,6.733141462743201,-11.23943232917034,0.10160832544938503,0.11712058940201182,4.0,96.11051764360523,183.4267018992237,26425.0,704.5067093990478
198,False,nv,174.52372909981423,22.95252921890272,-1.8525456384045753,3.116197243736136,140.0,193.0,136.27106907616957,35.23803758791409,-1.3381965267801543,1.0628806461174056,78.0,170.0,142.7488599898666,48.88005917449397,-0.9117666128584029,-0.2819793920525795,59.0,191.0,101.56189832798513,75.60244954593412,-0.461775552662434,-1.7421619030173103,4.0,172.0,68.71879750042223,43.79522908374751,1.3557843959124747,0.7988032360150119,31.0,147.0,174.84022969093058,23.223137428498006,-1.7973323650587982,2.9737043397159715,140.0,194.0,154.41597703090693,31.919767389076537,-1.4276265382269695,1.3820132488425845,103.0,184.0,144.29640263469008,4.982197887538792,1.0295634788783086,0.7487576489913432,139.0,152.0,130.99054213815234,11.59325487433431,0.5265621975602599,-1.0718434751408827,118.0,149.0,148.454315149468,32.8218178417869,-1.3696938001840113,1.1489771948804473,94.0,179.0,146.61898327985136,8.017992205038505,0.6640201224256902,-0.5381843060710785,138.0,159.0,124.77436243877723,10.302177785309082,-0.39130863372189756,-1.2381451922383016,110.0,137.0,0.10570790816326531,318.63455967290594,0.6271603743155227,0.6564892556702813,0.8876987447698744,1.0705882352941176,0.6857142857142857,82.17823644539534,-1.205868548957089,96.50809222446574,75.1692023744961,0.7536693889158982,2.7296776312922133,3.1527410727778444,4.860857895668015,-9.147289391731373,7.068093198459639,8.937755110578712,0.19683257918552033,0.16313753775726775,5.0,142.62081605817963,82.17823644539534,5304.0,318.63455967290594
198,True,nv,180.4532927702219,27.010843846356195,-0.625760979533998,1.584847139526583,145.0,220.0,144.79259126700072,38.05565333985951,-0.9880502590528951,1.1677960280036697,88.0,180.0,151.67967072297782,49.67550142801715,-0.9064245917057026,0.12553114339447102,71.0,197.0,104.51825340014317,74.45910074660488,-0.5541356725013846,-1.643059956790599,4.0,172.0,62.118289191123836,42.18945410563743,1.617544577879911,1.8003467796001784,28.0,132.0,180.8126342161775,27.224972838031565,-0.6288520425314915,1.5115229000894725,145.0,220.0,161.87419470293486,34.393941215777524,-1.0205592306129325,1.2760221707611406,111.0,194.0,143.1671438797423,5.083129415600999,1.2595197781290461,1.4725401336561532,138.0,151.0,130.23013600572656,10.95931864636982,0.6427082206994661,-0.8557526385927328,119.0,147.0,156.2374731567645,35.65819871348678,-0.9422183782218849,1.118370581143858,103.0,189.0,145.28525411596277,8.01739903927049,0.875869558633254,-0.1341284347699383,137.0,159.0,125.42197566213314,9.828932112703981,-0.487967125269706,-1.116803416425183,111.0,136.0,0.09460698341836735,321.1198410471445,0.6562084680609387,0.5784886139382853,0.8795627200296461,0.9887640449438202,0.6061031664964249,77.74360500296997,0.655820104490287,92.70971304009788,69.95686270995365,0.7505577361749244,2.6244101596306297,3.156182216600673,4.767590494191175,-9.080806548424862,7.077466570677372,8.777473120152854,0.19738782388877185,0.16853276548407872,5.0,143.87352769027387,77.74360500296997,4747.0,321.1198410471445
198,True,nv,174.70143764627215,22.958303779023765,-1.8585583009483324,3.1527870906132636,140.10000000000002,193.0,136.52858575727183,35.18103016242018,-1.3492854567599257,1.0984902841203494,79.0,170.0,143.23537278502172,48.88358190222859,-0.9213710788964076,-0.2623626640036587,60.0,191.0,102.23938482113006,75.34107578155795,-0.482313792969892,-1.7215141929647928,4.0,172.0,68.45820795720495,43.64045496930573,1.369799154943618,0.8373883455744555,31.0,146.0,175.0320962888666,23.23845340670566,-1.8018370493562548,3.0044595198489015,140.10000000000002,194.0,154.65529923102642,31.88376695050201,-1.4382560937745885,1.4195444344745978,103.0,184.0,144.29755934470077,4.952876303601282,1.0375730734997004,0.7751556212600033,139.0,152.0,130.8513874958208,11.61235063668098,0.536288218952782,-1.063685775888901,118.0,149.0,148.71079906385825,32.78622816573171,-1.3795288886958876,1.1816589542969105,95.0,179.0,146.56318956870612,8.002503101624686,0.6760494274149684,-0.5200753522538166,138.0,159.0,124.90554998328318,10.326544364514978,-0.4023971704437632,-1.2308821257885076,110.0,137.0,0.10570790816326531,318.63455967290594,0.6271603743155224,0.6564892556702813,0.8876987447698744,0.9340659340659341,0.6857142857142857,82.17823644539534,-0.36492777783780755,96.50809222446574,75.16920237449612,0.7536693889158984,2.7296776312922084,3.1527410727778467,4.8608578956681106,-9.147289391731249,7.0680931984602,-8.93775511057896,0.19683257918552033,0.16313753775726772,5.0,142.21998415756934,82.17823644539534,5304.0,318.63455967290594
199,False,vasc,200.11378977820635,14.417275504952407,0.2079958753704603,-1.3437469579459587,183.0,220.0,91.9459980713597,55.7220767030819,0.2714210183770225,-1.5117997540277233,29.0,169.39999999999998,137.66345226615238,42.7007883282983,0.282174892575603,-1.5059678939513486,90.0,197.0,166.5380906460945,2.5516355900965397,-0.9296913751081379,0.1460136242653718,162.0,169.0,142.04532304725169,62.415496352851235,-0.19169357179177746,-1.5434606252575653,55.60000000000001,215.0,200.11378977820635,14.417275504952407,0.2079958753704603,-1.3437469579459587,183.0,220.0,140.97203471552555,34.34703190638116,0.390973955835098,-1.4477157234125697,104.0,190.0,173.67791706846674,16.09238109529381,-0.4156448751834776,-1.3959661732763677,149.60000000000002,191.0,126.47540983606558,5.79883130502738,0.3330025372089763,-1.036632721679717,120.0,135.0,129.49276759884282,41.672081630539694,0.2732792480121984,-1.5170409428943576,83.0,187.0,178.35679845708776,20.05926572288356,-0.265235676891362,-1.474470101598804,150.0,202.0,132.59498553519768,2.3718645597220362,0.0012523986189730885,-0.5737237857067043,129.0,136.0,0.016481983418367346,105.49747468305833,0.5070758929565589,0.9337513563436134,0.9740871613663133,0.9696969696969697,0.7831439393939394,32.44948541188257,0.5718628943719348,34.97690542906235,30.1466440706754,0.7927967258076559,3.2478335968594876,5.07711272651765,7.210745125586247,13.378545149187905,8.867878492393583,13.845941235434445,0.024183796856106388,0.058730907406351875,5.0,79.38440744790017,32.44948541188257,827.0,105.49747468305833
199,True,vasc,195.31270627062707,14.750356160700608,-0.0162324695532323,-1.4735663140084527,177.0,214.0,110.68481848184818,57.763684394851765,0.057555647252987306,-1.6283991345638797,41.0,185.0,135.46122112211222,48.689824309070325,0.056394485049924246,-1.6335483640619288,77.0,198.0,170.1072607260726,2.7635140651220733,-0.7923585121651638,-0.5003221080031839,165.0,173.0,115.18564356435644,65.22966047569115,0.02137267580770773,-1.625007923908416,33.0,197.0,195.31270627062707,14.750356160700608,-0.0162324695532323,-1.4735663140084527,177.0,214.0,147.97689768976898,38.4053995397524,0.14092032658853673,-1.6275599572533257,103.0,199.0,163.49257425742573,17.749655627401633,-0.10927863771183594,-1.6231916312703527,140.0,184.0,132.00742574257427,6.823501731622081,0.47079803018287203,-1.1940207263077667,125.0,142.0,138.80115511551156,43.72365853285143,0.057469871243647795,-1.6326306992671853,86.0,195.0,168.30445544554456,21.1043426924185,-0.04756100250834139,-1.6005965099201636,141.0,194.0,126.08498349834983,3.182855099417206,-0.33434311774757886,-0.9791832987925329,122.0,130.0,0.017119738520408163,108.91168824543142,0.5374140848395037,0.9100265177053991,0.9673423423423423,1.0303030303030303,0.7655971479500892,33.0713285026094,-0.6830985090070317,36.06968792595508,30.418235309095817,0.7905311326739229,3.126420575770644,4.909593897004809,6.8528104755415535,12.741410482116077,8.440671258348637,-13.471526339728271,0.03492433061699651,0.06965297885851929,5.0,82.74353070151382,33.0713285026094,859.0,108.91168824543142
199,True,vasc,195.69594594594594,15.788088191367278,0.5812206200053776,-0.06707820127906361,178.0,215.0,84.03861003861005,54.63245439270949,0.2763501695910736,-1.4697941908579704,22.0,159.0,135.03185328185327,41.220659962720845,0.2957334751021516,-1.4340388744838177,89.0,191.0,165.6061776061776,2.4084232139975845,-0.9232997983301869,0.09591359923306086,162.0,168.0,149.90926640926642,62.72320353444972,-0.18074415057721985,-1.5393098854050058,63.5,224.0,195.69594594594594,15.788088191367278,0.5812206200053776,-0.06707820127906361,178.0,215.0,135.6081081081081,33.185347220812965,0.4219551712316322,-1.3347397236975977,100.0,182.0,175.26447876447875,15.050928113692056,-0.4500638116119282,-1.3638428948600168,152.0,191.0,124.83011583011583,5.711542569166575,0.3297728362205208,-1.062945627710903,118.0,133.0,123.23841698841699,41.06177791104621,0.2871759260440634,-1.4394227553614636,77.0,179.0,179.67181467181467,19.33414810141249,-0.2634803073462744,-1.478329544698654,152.0,202.0,134.6669884169884,2.2300403851851995,0.23903716115967677,-0.3744110533089504,132.0,138.0,0.016481983418367346,105.49747468305833,0.5070758929565593,0.9337513563436134,0.9740871613663133,0.9696969696969697,0.7831439393939394,32.44948541188257,0.5718628943719348,34.97690542906235,30.146644070675393,0.7927967258076546,3.2478335968594574,5.07711272652039,7.210745125688773,13.378545149332444,8.867878492487247,13.845941235681,0.024183796856106388,0.058730907406351875,5.0,80.91971493981458,32.44948541188257,827.0,105.49747468305833
19,True,nv,155.25067658998645,27.181582652445154,-1.415139533886357,4.7710012573587655,120.0,184.0,85.20368177717637,32.25769087923675,0.37371745362601955,-0.35554672636687723,47.0,131.0,91.30875056382499,31.971411241592207,0.5111088827719078,-0.0930730634481427,56.0,138.0,138.450298827244,72.08697119227058,-1.3876928652061744,-0.0655558624812187,0.0,179.0,119.93637235002255,33.87730646184684,-0.2949961677978835,0.38659043764303735,71.0,157.0,155.25479251240415,27.15857639908725,-1.4049371229777579,4.691398642732376,120.0,184.0,114.03907307171853,29.595945480025406,-0.14295630229798634,0.3686579532684515,77.0,153.0,157.66387573297249,6.678357314983715,-1.2038040983043838,1.7204828325990897,148.0,165.0,137.96769282814614,5.236596008208689,-0.21990604281101098,-0.6059614231664718,131.0,145.0,106.86535859269283,29.90966465771248,0.010949184070988695,0.04911145636245173,70.0,147.0,162.55948353631032,7.798818064130357,-1.1032779271548352,1.6470917433785086,152.0,171.0,119.20943279206135,4.0936238326606205,0.2566659141187991,-0.6030350441451535,114.0,125.0,0.6684669961734694,772.3473298326137,0.6655469328876487,0.7065787494616135,0.9666272803250814,1.099502487562189,0.7550707998469193,206.6536415598866,0.9309713539324869,240.19830584130426,179.273446977816,0.7762543092066136,2.644397473386241,4.359297985579198,5.894687549938976,11.082560834382061,7.474766192921128,-11.327547835412945,0.047911511284696395,0.11087510550386294,4.0,133.12285405320466,206.6536415598866,33541.0,772.3473298326137
19,True,nv,147.36677897101143,28.04227010259659,-1.401513046588091,4.129739147045282,110.0,177.0,88.24580613462483,31.973893052649554,-0.10700362398152835,-0.5222880504932594,45.0,131.0,69.20137572822348,33.34996137487634,0.4916748294048056,-0.3787104742681908,30.0,117.0,10.486207622657401,23.476745511828963,6.756325282230578,44.56399654776882,4.0,10.0,141.28497227486488,40.17768757791902,-0.36251412965339785,-0.16503870301329115,83.0,186.0,147.37162209587984,28.01714365875062,-1.3918341770699938,4.059607112588088,110.0,177.0,111.6402751456447,30.54485959046066,-0.468728928793659,0.2892407695193868,70.0,150.0,150.6015652418053,5.312140623859491,-0.9339780913064606,1.0575722285483966,143.0,156.0,149.81880395872815,6.872816778712046,-0.8647832071315285,0.40885818531804796,140.0,158.0,103.76317821295711,30.410332187160563,-0.313603529794724,-0.04366334191080368,63.0,142.0,159.150979153506,5.889445215796709,-1.7175777135291683,4.542300911246322,151.0,164.0,108.49280550291289,5.737196325054173,0.7293646285956934,0.43837199408065164,102.0,116.0,0.5333426339285714,688.1808075912433,0.5222895947986897,0.7100796866289648,0.9659267280274318,1.0815217391304348,0.7308553637753987,184.58917480897327,-0.9411895858389595,200.72185192875358,171.16920957294133,0.7890869664234856,3.181220525136218,4.392500804045581,6.389381532532476,11.786594212875515,8.165858626272703,-12.553141936972894,0.04756922387055795,0.07219334272243948,4.0,91.67157674849861,184.58917480897327,26761.0,688.1808075912433
1,True,nv,160.66404374499868,18.499178956331253,-0.47855986218529767,-0.5936724405448319,134.0,182.0,136.00813550280074,30.763994865197986,-0.38359950096354023,-0.9736451647510371,91.0,173.0,117.99719925313417,42.33227765294766,-0.2607689158821477,-1.1117222458647518,59.0,171.0,16.71285676180315,29.0228540584222,5.196801349236175,25.497474292422904,6.0,15.0,73.09602560682849,49.75471022786727,0.4659817968478775,-0.8470148329816976,14.0,143.0,160.66404374499868,18.499178956331253,-0.47855986218529767,-0.5936724405448319,134.0,182.0,149.09922646038945,27.68376890920143,-0.4113241611347541,-0.9166165897763343,109.0,182.0,135.1229661242998,4.4687741065819075,0.6734312519232205,-0.6635127003576797,130.0,142.0,141.68684982662043,9.209939336449267,0.20904645677890188,-1.139127314208886,130.0,154.0,141.34662576687117,28.284955240121967,-0.3839336442881687,-0.9415456280263852,101.0,175.0,141.79314483862365,7.575213399509407,0.1939343232772188,-1.249090585723107,132.0,152.0,114.832622032542,8.3029538417428,-0.07376987570580638,-1.2376405009841818,104.0,126.0,0.13157684948979592,345.50461735799473,0.7140355113937729,0.6949885868087465,0.9428734647243645,1.1428571428571428,0.6975908706677938,91.68384522009067,1.007940659652627,110.78885567657342,77.56432849220838,0.7615724038687035,2.4547274538366906,3.6811780115561548,4.895685861347213,9.185536497175047,6.12333628241304,-10.27725873022231,0.10663435322629511,0.14967699471187346,5.0,97.27674324262073,91.68384522009067,6602.0,345.50461735799473
1,True,nv,169.7330022075055,17.449659959684155,-0.5536168720322078,-0.6936243669683111,144.0,190.0,128.8512141280353,33.721599835052096,-0.35184495877039024,-1.094483684304817,81.0,169.10000000000036,119.85916114790287,40.250575921214896,-0.1996508184537184,-1.1537889877414431,65.0,171.0,31.522958057395144,61.07310625279089,1.925830908544644,1.7197765358448578,3.0,174.0,79.94834437086092,43.88522787608278,0.3926920105880734,-0.9622119628509709,27.0,141.0,169.7330022075055,17.449659959684155,-0.5536168720322078,-0.6936243669683111,144.0,190.0,147.02958057395142,28.70385839953489,-0.3670898076851263,-1.0528137184441226,106.0,182.0,143.00242825607063,6.894697922732787,0.4731358761365056,-1.0675254982235411,135.0,153.0,139.5919426048565,7.551021536743318,0.10569738173082167,-1.0425754546725272,130.0,149.0,140.05971302428256,29.48766849540886,-0.36037158567841426,-1.0538824728997143,98.0,176.0,149.19922737306842,8.986323890395436,0.15910354307089308,-1.2888754163897496,138.0,161.0,116.5994481236203,6.3779715166136395,0.14273737220989918,-1.1384537695148913,109.0,126.0,0.15888073979591838,373.01933598375615,0.7255821733183192,0.7199701065636623,0.9445497630331754,1.2421052631578948,0.7111507582515612,100.7485267913567,-1.1172251173800065,122.78901351101966,84.49548307921616,0.7590091197460137,2.4119900880101186,3.6759695003291535,4.850936071231531,9.116649351550114,6.058518855367501,10.106793550594913,0.10637230306071255,0.15411572044026275,5.0,122.40799408855783,100.7485267913567,7972.0,373.01933598375615
2,False,nv,188.53005690307404,7.393330904930137,-1.032339964896382,2.2009405441156424,178.0,197.0,147.2372444924818,12.55571104759721,-0.5142042495008069,0.33422518985983807,130.0,163.0,161.89096226595035,15.138743324161826,-0.07962798653113387,-0.1440051857282998,142.0,183.0,168.6186222462409,5.931595560396167,-3.032607597062025,61.945051785190074,159.0,174.0,56.14426041898464,10.765309803504076,0.17176410368832098,-0.023142708384972455,42.0,70.0,188.53113774358647,7.394895672673994,-1.0311912512558354,2.1989924263400624,178.0,197.0,166.41091013129034,10.671164448923278,-0.5982809825251675,0.5817734144131235,152.0,179.0,145.90978160663764,2.400924630618344,0.19716710839069937,-0.0583611157267212,143.0,149.0,126.44492481800553,3.4311322440159158,-0.4284899426199696,-0.6818467375137378,121.0,130.0,161.27818927424738,11.014272235943116,-0.5913293363269139,0.5457650573528228,146.0,175.0,147.48218202625807,3.6336872759194794,-0.3318723745509114,-0.41681771717689875,142.0,152.0,128.3766093397336,3.320601609956377,0.46726626938657295,-0.558186478131435,125.0,134.0,0.5991310586734694,709.5117600329312,0.6783327472481829,0.750427149834504,0.9468942925538617,0.8721461187214612,0.7186879915847857,195.6428562299898,-0.5112018044912401,230.4711556172648,169.33979849852676,0.769422135456062,2.588038254038135,4.250715646814229,6.126666874942009,11.331768713650035,7.839520419639339,-11.884326973216234,0.09746523850708533,0.12808758457363847,5.0,24.091801036574235,195.6428562299898,30062.0,709.5117600329312
20,False,nv,154.00832802885637,19.941634139311734,-0.5694866404863879,0.13125411681562626,127.0,179.0,117.22565245066836,28.49351949511474,-0.14825341300135736,-0.5996954647425201,79.0,155.0,103.76660301294292,33.48136268452743,0.07126410073929634,-0.7158570668261892,60.0,150.0,12.45560152768937,27.61812567155752,5.6532721125586525,30.26367974699879,5.0,10.0,87.62306386590282,35.64321179693108,0.10792880266265684,-0.6798777015665061,39.0,135.0,154.00875238701465,19.94234948505552,-0.5693072454324002,0.13126475517698166,127.0,179.0,133.90626989178867,26.258006143611862,-0.26674027355558083,-0.4337061589823459,99.0,168.0,140.81911733503077,4.026745865807045,-0.10814936265488007,-0.9493147251598519,135.0,146.0,141.3497772119669,5.592032165111379,-0.4323641478429632,-0.5723464594137577,133.0,148.0,126.69902397623595,26.368093923347903,-0.21047073227762586,-0.507724348653237,92.0,162.0,147.51241247612987,5.318031648385387,-0.5388311085140954,-0.6504747601005771,139.0,154.0,115.05293868024613,4.699539995801327,0.6415632934788144,-0.28542815165500546,110.0,122.0,0.35487085459183676,567.3452377915606,0.5865379573571473,0.695154607202969,0.9280725529031586,1.0933333333333333,0.7238211382113822,150.5699283839715,1.5517604014304975,172.47330051651088,139.6898756211071,0.7621892927468538,2.889300716705129,3.078976443236389,5.13958714971461,9.5246415908472,6.697261728187789,9.320455353769594,0.20453779624845558,0.14335347492597683,5.0,83.20368695354412,150.5699283839715,17806.0,567.3452377915606
200,False,mel,172.50552147239264,31.531535001878552,-0.676712943036399,-0.7475774018571619,124.0,204.0,122.8036809815951,38.488570352769244,-0.48855363280663816,-1.104228237826198,64.0,164.0,121.65644171779141,34.85858906367851,-0.36489345935459816,-1.1562588187577776,71.0,161.0,59.65521472392638,81.25376529519814,0.7342943939542897,-1.4577808619360115,1.0,178.0,83.30429447852761,27.62257756570529,0.47200430079299505,-0.9579768095143115,52.0,124.0,172.50552147239264,31.531535001878552,-0.676712943036399,-0.7475774018571619,124.0,204.0,143.53987730061348,35.54177450485935,-0.5652565007548072,-0.9938789346350894,88.4,181.0,147.48711656441716,5.256093714314082,0.29135029589192935,-1.0353920250876811,141.0,155.0,136.63680981595093,3.606826469999482,0.021579032699621182,-0.0330202726926796,132.0,141.0,137.54601226993864,35.80300608655934,-0.524501525884843,-1.0450062150879138,82.4,176.0,152.97668711656442,4.603620481766582,0.012010489483948828,-0.8819655660760359,147.0,159.0,119.0,3.4356485532712875,0.1270765707903192,-0.07949027709942458,115.0,123.60000000000002,0.012057557397959183,106.18376618407356,0.826166034186397,0.6742935237675888,0.9084084084084084,0.6388888888888888,0.7306763285024155,27.754457742221764,-0.11379803811627781,38.121504531335866,21.478674771971388,0.7038012547036145,1.9788012404855715,3.0213501927820436,3.968919704304587,7.464607866659437,4.9625647212580395,8.761261851763816,0.20661157024793386,0.23512250103978882,5.0,140.40787786278196,27.754457742221764,605.0,106.18376618407356
200,True,mel,175.00944386149004,30.304348383695444,-0.7784606055593584,-0.6388414143249559,125.2,205.0,126.41238195173138,37.49581206265792,-0.5913083903285998,-1.0049651580934331,68.0,166.0,125.07240293809024,33.32097713934492,-0.4637535060006977,-1.1324720312543026,75.0,161.0,55.49213011542497,79.52029703200701,0.8556465880734133,-1.2646890170307854,1.0,178.0,80.2707240293809,26.12320781544967,0.5500660123704929,-0.8281087811370225,51.0,121.0,175.00944386149004,30.304348383695444,-0.7784606055593584,-0.6388414143249559,125.2,205.0,146.76705141657922,34.43738002726343,-0.6677133461457527,-0.8794008578453592,92.0,182.0,146.90975865687304,5.197287132814006,0.2896763469770564,-1.0916704138943512,140.2,155.0,136.43231899265479,3.223061668900945,-0.14575454511665203,-0.44867571673355977,132.0,140.0,140.79853095487934,34.71707440042727,-0.6291476843299131,-0.9472665899739763,86.0,177.0,152.44491080797482,4.383427463147824,-0.06583931497120875,-0.9246402164249852,146.0,158.0,119.10703043022036,3.1521545948509577,0.3845613249915641,-0.3594363621430041,115.0,124.0,0.012954400510204082,116.39696961966999,0.8019565941309554,0.6028924890097132,0.8843537414965986,0.8108108108108109,0.5855855855855856,28.76813695875796,-0.45550155310454127,38.39079382568977,22.93398099643022,0.7160423157322311,2.080554858263421,3.05179577533419,4.08543066529407,7.654781406258015,5.131784267778539,8.888902607071493,0.20923076923076922,0.22177841688132197,5.0,135.94785323115212,28.76813695875796,650.0,116.39696961966999
200,True,mel,174.84570765661252,30.37878577934438,-0.7567491657335891,-0.7008763563040805,128.0,204.89999999999998,126.07424593967518,37.64267904499218,-0.5766098194446723,-1.0336576591729894,68.0,165.89999999999998,124.91415313225058,33.40994835190235,-0.45867656507112187,-1.1497739149865638,74.10000000000001,160.89999999999998,55.117169373549885,79.55440845577682,0.8643182464164826,-1.2501861155474114,1.0,178.0,80.3201856148492,26.206692897688573,0.6023096354199233,-0.737104895929757,52.0,120.0,174.84570765661252,30.37878577934438,-0.7567491657335891,-0.7008763563040805,128.0,204.89999999999998,146.50696055684455,34.552785172133035,-0.6483895762184908,-0.9209922625028435,93.0,181.89999999999998,147.0046403712297,5.15310613406165,0.3476030551878285,-1.0694437798556204,141.0,155.0,136.37470997679813,2.975922068009453,-0.18592774452956912,-0.004142416985381647,132.0,140.0,140.5243619489559,34.838590165678376,-0.6130113729576606,-0.9822594552615085,86.10000000000001,176.0,152.52204176334106,4.3368973810602744,0.004403731901027369,-0.8976573865887758,147.0,158.0,119.16357308584686,2.9433822493866075,0.4607875665413849,-0.06057200582587585,116.0,123.0,0.011798469387755101,111.05382386916237,0.8024634719662054,0.6032044498978586,0.8875562218890555,0.9142857142857143,0.5285714285714286,27.45465007031079,-0.6406723041995839,36.69857856795246,21.898087532771346,0.7148667389054149,2.0765853159043584,3.0546723139984575,4.112562640631538,7.697969144799998,5.160344387304196,8.739142745341939,0.21621621621621623,0.22441407386165518,5.0,136.13988713280978,27.45465007031079,592.0,111.05382386916237
20,True,nv,165.83568172399504,23.861132538132086,-0.14193424971508564,0.04013296473762695,135.0,195.0,127.20638209697472,33.14300146471684,-0.10802198388047489,-0.5968991736234344,83.0,170.0,113.18400331537505,38.72312673248781,0.03165946461928934,-0.7300939308438856,62.0,165.0,14.356661831744717,32.6280157390799,4.67717041284706,20.04600210469238,5.0,11.0,86.01554082055533,38.32622564241162,0.26793826410294913,-0.5836581687765063,35.0,138.0,165.83625155408205,23.86186915962042,-0.14187236011439844,0.03998095390613443,135.0,195.0,144.1968503937008,30.168512401428135,-0.17566617652031966,-0.4887450235601123,104.0,182.0,141.32796311645254,4.601947964487219,0.11587226802544309,-0.8267870278327005,135.0,147.0,141.7971404890178,6.335364410742112,-0.3040267845085479,-0.7127344574016505,133.0,150.0,137.1585681723995,30.802365564166394,-0.11832119066869022,-0.5205524256484719,96.0,176.0,148.48280149191876,6.154878262348706,-0.3757891056915914,-0.7844526976629465,139.0,156.0,114.45498342312474,5.3729672887759605,0.5539805911349903,-0.4795733706154435,108.0,122.0,0.35134327168367346,598.5067093990478,0.7363710201595093,0.6184427393347854,0.9264767710742065,1.072289156626506,0.5966224448355218,149.8196914098283,0.788161613162136,187.78276796882054,127.04967995385016,0.7393508374080142,2.3376856211579877,3.0426852558124415,4.440393189957517,8.210169684065617,5.622121661993085,8.638863869234584,0.2049463951443644,0.1828688043272541,5.0,94.81611054111195,149.8196914098283,17629.0,598.5067093990478
20,True,nv,154.6810139679255,19.82412730462232,-0.5427423410745685,0.02106578694910377,128.0,179.0,118.4189860320745,28.741851569917365,-0.13300786259239866,-0.6714515265084207,80.0,157.0,105.31479565442318,33.99700198921477,0.08204605876596595,-0.7782088957329774,61.0,153.0,13.779927573719608,31.33899046602857,4.9146051255884196,22.346144320827214,5.0,10.0,85.87273667873771,36.01390124505038,0.08220865082070296,-0.7886363587559693,37.0,134.0,154.68137609932748,19.82473985100821,-0.5425899641115107,0.021086218617858865,128.0,179.0,134.97935851008793,26.39716233244903,-0.24419732009557504,-0.520764110190139,100.0,170.0,140.63828246249352,4.082433511013319,-0.08814197025224492,-1.0046355854237257,135.0,146.0,141.0463010863942,5.719524653515048,-0.42434598703488713,-0.6757284840197588,133.0,148.0,127.77475426797724,26.541390023525498,-0.19051527200980525,-0.5854542743664424,92.0,163.0,147.22410760475944,5.471003211808634,-0.5174968481540295,-0.7372108474726322,139.0,154.0,115.31862390067253,4.834020001387101,0.6276387657217986,-0.4193321724156127,110.0,123.0,0.3539341517857143,619.4234482783626,0.6307418083391122,0.5816384228489018,0.9233608901367442,0.9239766081871345,0.657302539048042,150.3710779204291,-0.4936238420932861,175.97379628199386,136.55439273089112,0.7579353054188084,2.7258784915266348,3.0730576443239395,4.9409621684767355,9.087419451757002,6.365227390582845,-9.11014922930147,0.20491018638436853,0.1517660785264411,5.0,87.17763156208716,150.3710779204291,17759.0,619.4234482783626
21,False,mel,152.7241147124537,22.42382246847802,-1.4599931048219499,3.758760893962208,127.0,176.0,112.37792672849142,31.98652051396863,-0.09560059636791773,-0.7736048552517714,69.0,151.0,119.45759495607994,33.993587147034916,-0.04409388605115921,-0.8416189534446072,74.0,162.0,146.27003948214121,60.65963785018505,-1.9084935624030102,1.7326184959832416,4.0,178.0,71.56799191993389,31.006749539419175,0.2625660401379973,-0.8621349590729182,35.0,116.0,152.83845989042942,22.545415515348132,-1.3826241931573728,3.5768985699435305,127.0,176.0,131.4525143084504,29.017467553043264,-0.34922473677629423,-0.2714286545548483,93.0,166.0,145.35172772625717,6.515768303574146,0.0746714391458592,-0.7140302135180407,137.0,155.0,130.78517430294127,4.85997464465928,-0.04576446139522442,-0.8024043911693366,124.0,137.0,125.25944969852783,28.821120453657826,-0.2862417045032297,-0.4430455343813535,87.0,160.0,147.61919627827257,7.554031168671652,-0.050259507707045355,-0.582214282411532,138.0,158.0,124.7195237658005,4.260657988427009,0.22020941180616402,-0.6930310367727031,119.0,131.0,0.6235451211734694,745.6538956566621,0.49704167358877727,0.7071299043991557,0.9398882480173035,0.9220183486238532,0.7140216349445433,199.58919218266564,0.09428073012857288,217.4116219258763,188.65386282413218,0.7811489695450884,3.264265574157442,3.835510992182162,5.869331083143971,11.646991564194083,-8.070417715434614,10.72483784781555,0.11356154313293065,0.10399379935543318,4.0,114.21180290495235,199.58919218266564,31287.0,745.6538956566621
21,True,mel,154.16783067492148,23.608109008060552,-1.0923085971741833,3.1474860649543963,127.0,178.0,114.162249534905,32.917911718480084,-0.08003866204585915,-0.7130203360955654,69.0,155.0,121.20555674159017,34.848045924900475,-0.0344338216968252,-0.7952664119020314,74.0,165.0,146.19848119796274,60.64844338151174,-1.9063838151761403,1.7273472781977839,4.0,178.0,70.50169264082467,31.056609798406804,0.30722768034209613,-0.8168986207082969,34.0,116.0,154.28774894019335,23.733691613890713,-1.0313179690701808,2.996188294298239,127.0,178.0,133.0920735612553,29.93078672469045,-0.2974437937916767,-0.24800798311083838,94.0,169.0,145.17649211625852,6.50903144259054,0.10432614297443851,-0.7023354326154316,137.0,154.0,130.73027539723688,4.845405206824512,-0.04809265167276948,-0.7944610829262406,124.0,137.0,126.93653359358322,29.81431393872066,-0.22676147576207625,-0.39099342003254556,87.0,163.0,147.4524688157614,7.572398382104082,-0.022800360454598257,-0.5840427406519719,138.0,158.0,124.75991948519321,4.265439029882429,0.22632897486662798,-0.6927458958351256,119.0,131.0,0.6235451211734694,745.6538956566621,0.49704167358877693,0.7071299043991557,0.9398882480173035,1.0845771144278606,0.7140216349445433,199.58919218266564,1.4765155966663244,217.41162192587632,188.65386282413223,0.7811489695450884,3.264265574157442,3.835510992182162,5.869331083143971,11.646991564194083,-8.070417715434616,-10.72483784781555,0.11356154313293065,0.10399379935543318,4.0,115.43874479380925,199.58919218266564,31287.0,745.6538956566621
21,True,mel,155.066764258446,26.845357724024314,-0.9527368489060527,4.47534015202389,127.0,181.0,115.23195269669048,34.325645903775616,-0.07205857419390026,-0.3427379467523326,69.0,156.0,122.24311834438417,36.07179104396887,-0.049800521284789394,-0.4381884398176763,74.0,166.0,145.85877895461982,61.11540350430282,-1.8806248606555158,1.6239055799084277,3.0,178.0,70.12956743878986,31.42066640889698,0.6436018454691237,1.0326811899459862,35.0,115.0,155.16478658974137,26.93648956334015,-0.9163694154102417,4.335421833096683,127.0,182.0,134.0193461350785,31.765635932345397,-0.32886971952423905,0.4510729487943457,93.0,171.0,145.054507879101,6.420619933465973,0.07346743797012714,-0.5864439514547475,137.0,154.0,130.68851000315738,4.701826286495289,-0.08023953302163087,-0.7477544511209637,124.0,137.0,127.95154855191022,31.70481108889628,-0.21988964268066552,0.2527605269716351,87.0,165.0,147.36599787594363,7.427524541547386,-0.03044058253113177,-0.515460596405457,139.0,158.0,124.77017135968312,4.156165228709632,0.25777152337384523,-0.6556168830966285,120.0,130.0,0.6550940688775511,811.4062043356595,0.4659313233999429,0.6273832501818379,0.9393038806652569,1.037914691943128,0.7113332900517215,204.5761076847558,-0.6476634962757943,221.16350373867027,195.69008752549655,0.7803638295072184,3.389697895440784,3.5091226586443907,5.763878489724278,-10.56899531246308,-7.499844775367889,10.534186303300922,0.13568603589899608,0.10691642455273893,4.0,119.47255947653994,204.5761076847558,32870.0,811.4062043356595
22,False,nv,150.48708794478162,26.596802482663175,-0.37291612045425454,-0.4522709720253646,116.0,184.0,85.52659764369868,35.83099088529099,0.21920786574828377,-1.0842322787909515,41.0,137.0,90.970248720695,42.66417570832304,0.373030263183415,-1.101316242969886,41.0,154.0,103.17077234321076,85.02994827130757,-0.36831941943870916,-1.8570777325688792,0.0,178.0,118.33892657384267,38.647019783923156,-0.07063232894439102,-1.240819593772411,65.0,168.0,150.48708794478162,26.596802482663175,-0.37291612045425454,-0.4522709720253646,116.0,184.0,112.48054266333452,32.758329083267895,0.07268884490907439,-0.9838615056428011,71.0,158.0,155.85731286445318,4.906187857799859,-0.4426102918552708,-0.8983779020035536,149.0,161.0,137.67273592764488,7.939480294846631,-0.43655205084614956,-1.0689685940068014,125.0,147.0,105.59478757586577,33.62817817975891,0.12809835482260967,-1.0499261852919093,63.0,153.0,160.06926097822208,6.436127744537478,-0.6745762433105771,-0.6765550304850896,150.0,167.0,119.73438057836486,5.880308173191218,0.6119734493899711,-0.7717981423518347,113.0,129.0,0.15579161352040816,358.3919189857866,0.7895722389095677,0.7647747816610452,0.9571446063425982,0.6356589147286822,0.7389865759122708,99.76428980950432,0.09307450441437447,128.06274001630547,78.58667676655367,0.743514422754971,2.175061549270889,5.367947237442343,6.379754809375614,12.270791404663697,7.5977542928638675,-12.812937113998446,0.05001918894716639,0.17936241690813098,5.0,150.2737705378939,99.76428980950432,7817.0,358.3919189857866
22,True,nv,152.1321743576633,26.855532972706705,-0.38867241711371475,-0.5206379448183696,117.0,185.0,88.35344496996038,37.09510756933765,0.17747254135785828,-1.1508807291426981,42.0,140.0,94.66675188546593,44.41543306536502,0.3200760127448852,-1.1848445325295904,42.0,159.0,108.1138949252205,83.61594293724202,-0.4993233811667535,-1.7407128980530904,0.0,178.0,115.10341301291065,39.60981776222159,-0.032712412976992525,-1.2844089146049447,62.0,166.0,152.1321743576633,26.855532972706705,-0.38867241711371475,-0.5206379448183696,117.0,185.0,114.94886872043973,33.73255709385242,0.04240047443217013,-1.0493536833209798,73.0,161.0,155.415697302825,5.128766965920887,-0.390876297471212,-1.02100406560686,148.0,161.0,136.87485619327623,8.2541014654888,-0.38113484759982424,-1.172126017562,124.0,146.0,108.16068004601816,34.665976147149124,0.09197333960023038,-1.1121030477553449,65.0,155.0,159.40227534194042,6.835095270374486,-0.6180031767928196,-0.8135611107019014,149.0,167.0,120.37402530998338,6.186434152591444,0.5642853739904548,-0.9089610946547655,114.0,130.0,0.13825334821428573,358.5340546095176,0.8129378386425862,0.6781421416412811,0.9476775956284152,1.5679012345679013,0.6743462622727715,93.98118280713338,-1.4644549296295284,123.84667444725247,72.12216913544586,0.7326995675382955,2.0788166030011497,5.307576055327567,6.251404330342762,12.051282692632578,7.422555408333029,12.554696893255251,0.04872423237710821,0.1945817475015302,5.0,150.08129367217032,93.98118280713338,6937.0,358.5340546095176
22,True,nv,156.7074198077546,25.878921680557713,-0.37959683071062567,-0.5342707254076955,123.0,189.0,95.23263851387838,35.530206921915735,0.17978869781431212,-1.1446601736441662,51.0,144.0,101.28793606220974,42.53268771159602,0.3281081026098346,-1.1741931646683648,51.0,163.0,108.87126039529107,83.47415015873537,-0.5158113487432255,-1.7238738896173649,0.0,178.0,107.00259207257803,35.23513955844392,-0.09159224804653135,-1.300238450659618,59.0,152.0,156.7074198077546,25.878921680557713,-0.37959683071062567,-0.5342707254076955,123.0,189.0,120.87028836807431,32.42209870988026,0.044460666116713496,-1.0546914224323611,80.0,165.0,154.19958958850847,4.79128207167101,-0.3767252592727046,-1.000859869367755,147.0,160.0,136.11534722972243,7.561368676994293,-0.41039103335866944,-1.103587962458244,124.0,145.0,114.33912949562588,33.23607841245525,0.09596715545060695,-1.1082071051836633,73.0,160.0,158.2825359110055,6.486128710592602,-0.6316642521499348,-0.76540353085033,149.0,165.0,120.62177340965548,5.9285759501135304,0.567910091002564,-0.8580351854101007,114.0,130.0,0.16420200892857142,408.9726547895302,0.8043079180980646,0.6190073781387764,0.9479921758140605,0.9478260869565217,0.6572796170721978,102.42177800191229,0.6591034718575501,133.6212278639129,79.39943508863884,0.7369172785137974,2.1147977613811455,5.383051197502145,6.355246278715622,12.24939459356036,7.572084653923057,-12.706185726128268,0.04915645102560995,0.1871435403865868,5.0,144.588211397737,102.42177800191229,8239.0,408.9726547895302
23,False,mel,165.26621160409556,30.093496825345287,-0.9621959907877977,0.06397236705474985,120.0,195.0,115.72627986348122,42.85659266232849,-0.5428752090104683,-0.9400507275721557,51.0,163.0,105.95255972696246,52.02589407071592,-0.3142531484412932,-1.2487586444070666,30.0,168.0,41.54163822525597,69.3288139501362,1.4038323023053632,-0.020309576181916977,2.0,175.0,103.50784982935154,57.9360313343612,0.5738059932207643,-0.979818980201971,42.0,190.0,165.26621160409556,30.093496825345287,-0.9621959907877977,0.06397236705474985,120.0,195.0,136.37474402730376,38.876677914725825,-0.6388806240631972,-0.7262429186690222,78.0,179.0,147.03617747440273,6.1406207840538425,0.35803147503920313,-1.3791387700688231,140.0,156.0,142.25972696245734,9.703511692918047,0.06475764578690374,-1.3616603412496646,130.0,155.0,129.43310580204778,39.914111666792934,-0.5920957694527756,-0.8330469071020437,69.0,173.0,153.59726962457339,7.928020427787242,0.018828925779865044,-1.5099162505452157,144.0,164.0,114.75597269624573,7.589927771464384,0.1494291580649796,-1.2505770922575468,105.0,125.0,0.04836973852040816,214.40916292848976,0.8175082463041723,0.6634267179905365,0.9266895761741123,0.6052631578947368,0.6942219679633868,55.58913900279658,0.22510364311466288,74.02257253613249,42.63084996000757,0.7260614460871408,2.050954252508721,4.030882689427404,4.765560105357663,9.16909660655617,5.797996259974207,9.972054916328172,0.08364235681911825,0.20933852003816483,5.0,157.35834210984268,55.58913900279658,2427.0,214.40916292848976
23,True,mel,174.50139082058413,29.980783103623363,-0.9889243027203393,0.04013057434374501,128.0,203.0,110.24200278164116,52.16886952835449,-0.4596282778203323,-1.2150112014826255,31.0,167.0,122.39360222531293,55.3201971704681,-0.34938922680773304,-1.2811061525409084,40.0,187.0,172.50591098748262,6.501281020478712,-7.262045276754442,171.41193495289988,164.0,178.0,103.58275382475661,57.66975095705233,0.6492549562740572,-0.9234260300710551,44.0,193.0,174.50139082058413,29.980783103623363,-0.9889243027203393,0.04013057434374501,128.0,203.0,137.9123783031989,42.82394303570509,-0.5262555332891876,-1.0487050471491317,73.0,184.0,155.38317107093184,10.066464545321903,0.25631178722962483,-1.5384319100497181,144.0,170.0,134.04102920723227,9.008826581837537,0.2709193980573003,-1.1335914587880986,123.0,147.0,130.85048678720446,45.67129378025939,-0.5289427837905791,-1.0743233591181103,61.0,180.0,159.163421418637,12.352737444348067,0.15200646945490862,-1.511972280255967,144.0,176.0,123.2075799721836,6.072323576272393,0.2168694189955141,-1.0943849599870257,116.0,132.0,0.044064891581632654,212.23759005323592,0.782353754217116,0.6168136774865762,0.9174273858921161,0.6164383561643836,0.6730593607305936,53.05782348918437,-0.17302038850475987,67.97198126663706,42.335283445673866,0.7416836185409461,2.194485050613219,4.062566983520075,4.903448935130027,9.390151146995064,6.002413872385529,10.272915269541636,0.08819538670284943,0.18654434290098285,5.0,94.15181508115441,53.05782348918437,2211.0,212.23759005323592
23,True,mel,179.780812564015,30.460342449811936,-0.953853176405866,0.04218293564624709,134.0,210.0,129.90918402185045,43.156736121208795,-0.5254613884453097,-0.9547571409939355,65.0,178.0,120.3379993171731,52.30384800803794,-0.30253062933147185,-1.2520807099895215,45.0,183.0,40.70843291225674,68.81531535755195,1.4333839123393102,0.06394853760548447,2.0,175.0,94.20245817685216,50.682258656659144,0.4864418751169256,-1.143366685928233,39.0,169.20000000000027,179.780812564015,30.460342449811936,-0.953853176405866,0.04218293564624709,134.0,210.0,150.22123591669512,38.808846171760024,-0.626864609985021,-0.7366964575295203,92.0,193.0,146.6852167975418,5.862477971324537,0.3152601359051573,-1.403889574389146,140.0,155.0,141.76237623762376,9.23382040933154,0.03329427314630501,-1.3430230747845062,130.0,154.0,143.73779446910208,40.224356404086826,-0.5779087321014597,-0.8466259983431574,83.0,188.0,153.7507681802663,7.925654477567067,-0.01348461767736154,-1.5083547726799724,144.0,164.0,114.79344486172755,7.570901558384,0.15763360694103903,-1.2422818288539537,105.0,125.0,0.04836973852040816,214.40916292848976,0.8175082463041722,0.6634267179905365,0.9266895761741123,0.6052631578947368,0.6942219679633868,55.58913900279658,0.22510364311466252,74.02257253613247,42.63084996000758,0.7260614460871397,2.0509542525087197,4.030882689427338,4.7655601053576815,9.169096606556101,5.7979962599741794,9.972054916330762,0.08364235681911825,0.2093385200381648,5.0,149.95791646402304,55.58913900279658,2427.0,214.40916292848976
24,False,nv,124.39906861813344,43.82902243545958,0.8982743329437783,-0.21060799512691508,80.0,196.0,127.68817715263258,40.42591614055109,0.9008299146303365,-0.05558966799322684,86.0,192.0,157.309446873218,36.627265665008565,0.6970212741783136,-0.24980451579320828,118.0,214.0,119.50256605208135,13.725464296330301,-0.531026996395583,18.466515755487414,110.0,133.0,61.2400684280555,26.89295270978169,0.03458414762901122,-0.8090652297071808,25.0,97.0,157.7110815434328,36.92153751297466,0.6919869160566461,-0.2930619547878419,118.0,215.0,137.32427295191027,39.62271650994484,0.8081492597432928,-0.26467348522602485,96.0,201.0,133.75194829880252,3.3935125034105167,-0.0494941646034066,0.5377391417158379,129.0,138.0,111.62763733130583,6.913297208943646,0.1712406262804958,-0.4245393241604125,103.0,121.0,130.07983273141988,40.599525996834146,0.8883235173399754,-0.13801393600594825,89.0,196.0,123.94706329595134,5.60423776453882,0.542147053174164,1.335834240084747,117.0,130.0,143.3741684090477,6.575327119044818,-0.10873101455693247,-0.17212573422769806,134.0,151.0,0.19499362244897958,407.01933598375615,0.7775373209663025,0.742157746973408,0.9402267922352489,0.6783216783216783,0.7053564991709321,111.6126144559334,-0.21028724293742357,142.13864187560986,89.38200797543722,0.7445022697040056,2.215539231978406,4.116419872465282,5.806212504028001,-11.7212568240595,-8.073298388688816,-10.770232645655463,0.09464431725265743,0.17628033021039627,5.0,77.53995451908665,111.6126144559334,9784.0,407.01933598375615
24,True,nv,141.81061598951507,42.699381479061124,0.7892154522985371,-0.4459309297959386,98.0,210.0,144.2051114023591,38.371429776141426,0.7617170772240666,-0.3886133169922843,104.0,203.0,172.16065967671472,33.598262396846145,0.6024208920966497,-0.510932514600206,135.0,223.0,120.69604630843163,15.374774580837707,-0.37861387109277733,14.631315601802708,110.0,139.0,52.50076452599389,23.49153523000747,0.04861516843683739,-0.8142260075761056,21.0,83.5,172.74868938401048,34.05030061964801,0.5985259971968956,-0.5495138735793388,135.0,224.0,153.80253385757973,37.12302140065294,0.6938351882022741,-0.5281869842794391,114.0,211.0,133.40192223678463,3.1340888129894484,0.15881765659716393,0.6580091565046531,129.0,137.0,112.93381389252949,6.697774935025911,0.18916186061863752,-0.47891474490523667,104.5,122.0,146.67726081258192,38.7309322662054,0.7601085869976378,-0.4321895953447803,106.0,207.0,124.52555701179554,5.646892808442858,0.6444580961214629,1.069038968366062,118.0,132.0,142.391000436872,6.511828623198829,-0.16653199321901638,-0.2752684609023479,133.0,150.0,0.16264748086734693,392.6589462905455,0.7764487634900606,0.665154063007397,0.9328989483310471,0.7886178861788617,0.6840164277931439,101.93580295746762,0.47207030602113526,129.6956914678844,81.73168078577793,0.7447762782811731,2.2195733146562246,4.1210166661033885,5.823434906185217,-11.907254826166993,-8.379679538580453,-10.796963463585664,0.09324837642445782,0.17316927298204254,5.0,72.9166104304932,101.93580295746762,8161.0,392.6589462905455
24,True,nv,102.04492685228881,44.65816113333678,0.8775117001839086,-0.2613968518262326,57.0,175.0,105.18716375648891,41.094697042199655,0.8801718406372199,-0.1030885700585431,63.0,171.0,135.04407739499763,37.30123338281003,0.6861314965184062,-0.22107818510343957,95.0,192.0,119.67361963190184,13.925160231199127,-0.5591883463962262,18.005218689835658,110.0,133.0,73.25927324209533,33.42245330235195,0.056490054887365714,-0.819053620197689,28.0,118.0,135.4684285040113,37.60896666618752,0.6814161967438558,-0.2713810196144668,95.0,193.0,114.39990561585654,41.56111575265434,0.7741226477411435,-0.3237804162736899,71.0,181.0,134.33968853232656,3.5918272940462304,-0.09461598362346785,0.25822660536874853,130.0,139.0,110.96526663520528,7.299299636846132,0.17454343607117007,-0.4808447807259508,102.0,121.0,107.64709768758848,41.313449205468736,0.8676608459238159,-0.18263271816917426,65.40000000000009,174.0,124.00075507314772,5.683171833711998,0.5466849084047374,1.2502906761495227,117.0,131.0,143.47012741859368,6.704504591304035,-0.09842778603961802,-0.21195976979480857,134.0,152.0,0.19499362244897958,407.01933598375615,0.7775373209663025,0.742157746973408,0.9402267922352489,1.4742268041237114,0.7053564991709321,111.6126144559334,1.3605090838574734,142.13864187560984,89.38200797543719,0.7445022697040053,2.2155392319784055,4.116419872465226,5.806212504027944,-11.721256824057718,-8.073298388687368,-10.770232645655371,0.09464431725265743,0.17628033021039627,5.0,84.9565801997386,111.6126144559334,9784.0,407.01933598375615
25,False,nv,151.52252741287592,43.57466332459856,-0.1946620124346548,-1.1893888335569907,91.0,208.0,105.76506351101943,53.805931199728136,0.13630358786751592,-1.3573551587003756,38.0,180.0,96.34274237324938,51.01172585192859,0.49792844868486846,-1.1218460806759352,41.0,175.0,38.15644338291174,66.46607048884344,1.5983365426498302,0.5698217818330926,1.0,177.0,105.89773097383564,43.49720079865067,-0.43595222747800066,-1.1715012131563582,40.0,154.0,151.52252741287592,43.57466332459856,-0.1946620124346548,-1.1893888335569907,91.0,208.0,124.48887200086853,50.483438154392815,0.027998331894451854,-1.3213134627016856,59.0,193.0,145.72337422646837,6.858553214899719,-0.12462082504191292,-1.3963810574242297,136.0,154.0,141.3375312126805,6.234790334539205,0.016326793622826644,-0.9164653831350487,133.0,150.0,118.3921398328086,50.16860248798039,0.10293929758137313,-1.330356214019258,55.0,188.0,151.66887417218544,6.549313253743822,-0.5311762791097864,-0.6495501976558695,142.0,159.0,115.54120073824775,5.741766010649922,-0.0769068656971508,-0.9134574725772326,108.0,123.0,0.16932397959183673,357.01933598375615,0.5952073456620839,0.8376081452071236,0.9752066115702479,0.8290598290598291,0.7486122125297383,104.00693809583062,0.11474932303067024,116.56745670242206,93.67036292040679,0.7838217292417619,2.901686559263585,4.090244065356235,6.402277977140273,11.950218729524908,8.251471664137926,11.710792219507367,0.06873822975517896,0.09317504787186888,5.0,153.53793461209267,104.00693809583062,8496.0,357.01933598375615
25,True,nv,153.26832298136645,44.036954432449484,-0.21250639319348807,-1.2138629405423644,92.0,209.0,108.26708074534162,54.86235057247688,0.10388395701386059,-1.3831704974818433,39.0,183.0,99.12185206098249,52.501634533051885,0.4572110146646028,-1.1935296503307125,42.0,179.0,38.58927159796725,66.88406344186909,1.5744346516654337,0.4931537838446709,1.0,177.0,103.48085827216262,44.540231726944434,-0.401219082489516,-1.2384783385397349,36.0,153.0,153.26832298136645,44.036954432449484,-0.21250639319348807,-1.2138629405423644,92.0,209.0,126.75256916996048,51.33192533793257,0.0015373857026901969,-1.345532879608679,60.0,196.0,145.40045172219087,6.960418854206016,-0.09880009705612997,-1.4274679885478996,136.0,154.0,141.0103896103896,6.267525798402087,0.008656560598975106,-0.9880215049027878,132.0,149.0,120.69881422924901,51.10915427560762,0.07338068504592857,-1.3574672776371577,55.0,191.0,151.26911349520046,6.75357740315202,-0.5309251620721571,-0.7032070081377584,141.0,159.0,115.80824392998306,5.753239317271347,-0.07773473044384717,-0.9824143919771835,108.0,124.0,0.15806361607142858,363.5756851698602,0.471565502870002,0.7539597320710377,0.9686126038104543,0.8636363636363636,0.7589473684210526,100.48911796455661,-0.05062548996987342,107.51748222032325,94.81225276190027,0.790649372967662,3.38681141394963,4.091154089615725,7.275740254248968,12.989013316082486,8.969556729224639,-13.405010155407174,0.06695246501071739,0.0674540799744872,5.0,155.461249601263,100.48911796455661,7931.0,363.5756851698602
25,True,nv,138.50363774568356,46.838051119790755,-0.19025456287073145,-1.1986850445364738,73.0,199.0,89.49408187642524,57.80514026647895,0.13741566001012978,-1.3621821721894203,17.0,170.0,79.34922358562277,54.78497528410575,0.4991739224455095,-1.120442087318115,20.0,164.0,37.03377131067434,65.58478268593382,1.6523971263969652,0.7468809073573222,1.0,177.0,130.0584211097839,59.58046448483954,-0.17167870731052598,-1.1786229078715094,44.0,200.0,138.50363774568356,46.838051119790755,-0.19025456287073145,-1.1986850445364738,73.0,199.0,109.23227277663156,54.62254826208498,0.02903789045550715,-1.3217784723647463,38.0,183.20000000000073,147.58779454881093,7.606808279982755,-0.1461722329941283,-1.3998367607372557,138.0,157.0,143.45444673688783,6.913369124167268,-0.0910766764185636,-0.8842539821535151,134.0,152.0,102.99424476056032,53.91349020012471,0.1045200505568033,-1.3357033196330546,35.0,178.0,153.35150396351395,7.00761404054341,-0.5375496068360964,-0.6518875582683079,143.0,162.0,114.64393528070366,6.144842588031802,-0.08047953862778795,-0.9028759476052848,106.0,123.0,0.16932397959183673,357.01933598375615,0.5952073456620841,0.8376081452071236,0.9752066115702479,0.8290598290598291,0.7486122125297383,104.00693809583062,-0.11474932303067031,116.56745670242205,93.67036292040676,0.7838217292417616,2.9016865592635863,4.090244065356082,6.4022779771398355,11.950218729525877,8.251471664139041,-11.710792219506068,0.06873822975517896,0.09317504787186888,5.0,172.00329829056412,104.00693809583062,8496.0,357.01933598375615
26,False,nv,167.63439912939836,19.340207275159347,-0.2767994029107837,-0.489049354288249,142.0,192.0,98.10296937347775,36.449245030984535,0.3115986139801124,-0.8942618322184996,53.0,152.0,97.70549826397885,40.304871068407074,0.41217622639034945,-0.720591506752732,50.0,159.0,74.63056433642535,85.28840424036419,0.3335785037019788,-1.8839184307641568,0.0,178.0,116.19572990620304,42.78000726406448,-0.17599083811767155,-0.8675258503729713,53.0,168.0,167.63439912939836,19.340207275159347,-0.2767994029107837,-0.489049354288249,142.0,192.0,126.64098046328445,29.699349155191726,0.2519649010340928,-0.8446120568681583,90.0,170.0,156.37513603150748,8.429053312528541,-0.30824527931073653,-0.9166876827028725,144.0,167.0,141.49821215733016,8.06711299572448,-0.27402751804325454,-0.5445112687421605,129.0,151.0,118.86205109602528,31.432655880943035,0.23856820603211368,-0.8700441445793925,80.0,164.0,162.83489661605432,9.8313550087417,-0.6511623591943045,-0.5510758072137607,147.0,174.0,116.0472612323159,6.1776355257513895,0.5006849890324736,-0.27485190955696215,109.0,126.0,0.3635403380102041,544.4579361637687,0.6877626834670735,0.7732676509814969,0.9660011650691098,0.7931034482758621,0.7596618357487923,152.3980398020726,0.2723875319128442,179.4118176402808,130.24142497701504,0.7736324764371161,2.5651786346418026,4.550834664688359,5.953009090194427,11.213391352595588,7.24632300869998,-11.913829521291365,0.050106902033879686,0.11993650023186404,5.0,147.408618779588,152.3980398020726,18241.0,544.4579361637687
26,True,nv,168.20035323511675,19.325544204186073,-0.25340128119941746,-0.5821474634565118,142.0,193.0,99.71823037822004,37.237739740781144,0.3135755976950907,-0.9468464132997538,54.0,155.0,99.64530024984923,41.40541032145501,0.42037665730558316,-0.7877056485224552,51.0,164.0,76.13147238735246,85.36921134887373,0.29292334140118637,-1.908588982517567,0.0,178.0,114.07827173257517,43.52452014348063,-0.19007028392427,-0.9328625456008828,50.0,167.0,168.20035323511675,19.325544204186073,-0.25340128119941746,-0.5821474634565118,142.0,193.0,127.89484793658998,30.29425939536777,0.2602224132838722,-0.9035634626264071,90.0,172.0,155.9650211079521,8.61773902556793,-0.30519810311012047,-0.961051880697906,143.0,167.0,141.07775480313603,8.239209946151371,-0.2974951548220305,-0.6065159921054448,128.0,151.0,120.20298095976565,32.036122640864285,0.2468348947954079,-0.9261409854356546,80.0,167.0,162.28431119152236,10.184237069064066,-0.6445014303234052,-0.6250945078312466,146.0,174.0,116.3872232273628,6.364100640512833,0.5259596748250996,-0.3540217486510788,109.0,127.0,0.42689732142857145,628.9970414071697,0.6934756962564037,0.6803495865024057,0.9633894036160835,0.8177083333333334,0.7105891719745223,165.1447578587561,0.49559105418400234,195.15587409768176,140.6059080029272,0.7725922715509499,2.54422740575024,4.547548400171354,5.9312222172002915,11.177530993651299,7.211684752563322,-11.922275382649424,0.049393090569561204,0.12069785499288689,5.0,148.21927569654042,165.1447578587561,21420.0,628.9970414071697
26,True,nv,168.30749975931454,19.373097836467384,-0.25579350427057745,-0.5949011170173075,142.0,193.0,99.94055068836045,37.35889442153178,0.31242419796133797,-0.9510998159744495,54.0,155.70000000000073,99.90666217387118,41.569125594063294,0.41771339536349555,-0.7964879262758799,51.0,164.0,76.82771733898142,85.45457266653163,0.2763113022261297,-1.9180738802272483,0.0,178.0,113.85597381342062,43.64551770385275,-0.18616623948899486,-0.9384922894889614,49.0,167.0,168.30749975931454,19.373097836467384,-0.25579350427057745,-0.5949011170173075,142.0,193.0,128.07783768171754,30.395430826015577,0.25899622441582487,-0.9084330383273267,90.0,173.0,155.92360643111581,8.634869906936801,-0.3045423324586157,-0.9699991596547446,143.0,167.0,141.03109656301146,8.264974657281513,-0.2940230456998847,-0.6208977418193404,128.0,151.0,120.3944834889766,32.143630294493654,0.24526578247584868,-0.9311296023061404,80.0,167.0,162.22412631173583,10.219386271987819,-0.6425715197959159,-0.6444514269816608,146.0,174.0,116.42495426976028,6.391545843555252,0.5171371326536714,-0.3769759601362739,109.0,127.0,0.3807796556122449,612.7371567773473,0.7125947505308433,0.639486238957793,0.9604866277900663,1.2657342657342658,0.7381679094386276,155.96959556820687,1.2010770273247737,186.7825311724955,131.0421194903919,0.7687876692382892,2.473864011597764,4.539583103945793,5.848032271650583,11.044420783654772,7.08766581185737,-12.005627039617453,0.05087407097246943,0.12955128214422862,5.0,148.47318820685177,155.96959556820687,19106.0,612.7371567773473
27,False,nv,150.95487284367775,26.8120555691959,0.7182916259348756,-0.15069268775590539,120.0,194.0,114.59292192779655,23.115848851590922,0.9716849966632611,0.28627032214059733,90.0,152.0,136.05161835319225,31.670744551171687,1.0065092447739579,0.04999481497278557,105.0,189.0,162.31300017784102,10.057699620625138,-3.4935957501377914,51.823356822789826,149.0,174.0,62.589720789614084,6.605597003015915,-0.06799372898829568,-0.19232123236773413,53.0,71.0,151.41125733594166,27.07804328485238,0.7413009807635564,-0.09602903523546447,120.0,195.0,133.43277609816823,24.24624085321684,0.8579818581293198,0.04269185279518739,107.0,173.0,145.97136759736796,3.0873348004175876,0.39734037605628153,-0.9298657726674047,142.0,150.0,121.92063844922639,6.029351040161206,-0.2937547335918214,-0.9902822245155218,113.0,129.0,127.92397296816645,24.999233487960698,0.9209675157323624,0.14586041306124597,101.0,169.0,144.44673661746398,2.4821359839197927,-0.3135808056392694,-0.0929707629447698,141.0,147.0,132.59034323314955,5.643025872617682,0.3443710739708655,-0.9247911151948189,126.0,141.0,0.4252232142857143,586.3401871576773,0.775597414540119,0.7798723880365066,0.9738463645077365,1.1686746987951808,0.6625263942367408,164.82062652007312,0.8759724028869469,208.56234720587776,131.65037059890497,0.7491146494719674,2.23097693660683,4.113809712284693,5.273690832152236,10.005255512978147,6.435928876116382,10.365622501583346,0.061351706036745446,0.1659325532733929,5.0,43.74133990849343,164.82062652007312,21336.0,586.3401871576773
27,True,nv,155.93956214751987,26.27366145751417,0.6423694314431417,-0.2592405709135126,126.0,197.0,121.99849016386163,24.425557106991956,0.9947458071534674,0.23763885726209333,96.0,162.0,149.69821040010657,31.44230079973092,0.9275951543312266,-0.1608131884850379,118.0,202.20000000000073,155.42137750344153,9.044547224130968,-0.2896482110572538,-1.0026560108369171,142.0,166.0,59.08055419867667,6.59987295011521,-0.09799271002712746,-0.27353291048790807,50.0,67.0,158.28336071761623,27.866370586686326,0.7658678883309548,-0.13083012853915799,127.0,203.0,140.67298725520672,24.693826454681012,0.8529188876210448,-0.03616977195317883,114.0,181.0,146.06758737066477,2.6394676485311956,0.5822280321251855,0.11894588723993182,143.0,150.0,118.2187930192282,5.091982235351943,-0.05295776416337137,-1.1794006729616278,111.0,124.0,135.30458723744394,25.558219905539687,0.9000745020971854,0.04179030038233167,108.0,177.0,142.73795461610194,2.958080575992408,-0.46260347562564674,-0.21335107956585642,139.0,146.0,136.12038722856255,4.951860403326501,0.15128673623218505,-1.1958559379057287,130.0,143.0,0.41774952168367346,620.4701294725885,0.7914156767243125,0.6841953286763036,0.9700573861532765,0.788659793814433,0.7061855670103093,163.36576782543443,0.4564743292108327,210.06515507889898,128.4082823266452,0.7429443026702598,2.1680292902570577,4.15224116542847,5.214180795317527,9.89979789289093,6.298718776440428,10.876312492367541,0.05796479175611846,0.17897795370380798,5.0,43.51079076093251,163.36576782543443,20961.0,620.4701294725885
27,True,nv,122.79793713599787,23.299347288303103,0.5700452230343113,-0.24169165361683165,95.0,158.0,96.92246476681635,22.6113223180405,0.9564493202489976,0.25799959450388243,73.0,134.0,120.45040679322456,27.228290506101704,0.8898991293652487,-0.08709266279534722,92.0,165.0,152.67536566931935,9.196814883293632,-0.31145035330131743,-0.9747401748305484,139.0,165.0,59.28617792202019,8.088006988993943,-0.23480177322258663,-0.2866755843243727,48.0,69.0,125.63762059307341,25.18512195548045,0.7366945092499901,-0.08965938760974757,97.0,166.0,112.87084870848709,23.43330170970012,0.7940639328794316,-0.030928056237605528,87.0,150.0,142.88325256746543,2.309831821713207,0.4186318170642522,0.487125112665562,140.0,146.0,118.87298270573068,3.8706358038783146,-0.05873706037593626,-0.999734951603406,114.0,124.0,107.35388787622816,23.13522924443304,0.8542693672918865,0.07287934445814415,82.0,145.0,139.03770061797005,2.802022993052909,-0.4787249766176563,-0.4247816939435207,135.0,142.0,135.41186146801226,3.7000441297444535,0.1596580607678736,-1.1106066226349731,131.0,141.0,0.4252232142857143,586.3401871576773,0.775597414540119,0.7798723880365066,0.9738463645077365,1.1686746987951808,0.6625263942367408,164.82062652007312,-0.875972402886947,208.56234720587776,131.65037059890497,0.7491146494719674,2.23097693660683,4.113809712284711,5.273690832152293,10.00525551297822,6.43592887611643,-10.365622501583546,0.061351706036745446,0.1659325532733929,5.0,42.46994382776802,164.82062652007312,21336.0,586.3401871576773
28,False,nv,195.6736095331869,18.368760344999018,-0.7176649413156019,0.4131806671091862,170.0,217.0,117.40225706278876,24.171956206394704,-0.06056955861096301,-0.48102523043648837,84.0,151.0,112.10497614178595,26.551458847049688,0.4212147674603227,-0.2165784426574775,80.0,151.0,38.752253275770656,70.71907490121649,1.4493274594688625,0.10493554300264263,0.0,178.0,112.32871317124896,20.974235570454304,-0.39401582896013226,-0.4705692138027837,81.0,138.0,195.6736095331869,18.368760344999018,-0.7176649413156019,0.4131806671091862,170.0,217.0,147.36357898457422,21.075218593768025,-0.22732300938501063,-0.30631871076308315,119.0,176.0,158.2175263197758,4.175834927863573,-0.21112642895332143,-0.4940828527034391,152.0,164.0,144.37935822666566,5.192776351443516,-0.6385467810965836,0.13839033893192454,137.0,151.0,140.21603675932238,22.372149531077174,-0.1535043973020938,-0.375361318071735,110.0,170.0,167.59905577015326,4.471643666325425,-0.8395949949179363,0.22827552214849867,161.0,173.0,112.12373450478427,4.4631524496126875,0.5370290629945301,0.06480286725522477,107.0,118.0,0.7660235969387755,875.3696244092002,0.4502171362850128,0.6303258294145025,0.9087169302787431,0.96875,0.7907340355497038,221.2198796253192,-0.11193156137616836,237.1769314667312,211.77981365365233,0.7840916064466653,3.463738465990633,4.750767113211991,6.058564519447582,11.49675918150679,7.812887540603441,11.885446947331069,0.10183161619315229,0.09135931640287608,5.0,110.06207081666982,221.2198796253192,38436.0,875.3696244092002
28,True,nv,195.9718750788962,18.677711124453708,-0.661342609002631,0.3679927465566757,170.0,218.0,117.98492766795425,24.394800967981027,-0.06962929730174901,-0.47248267555230994,85.0,152.0,112.6678785124593,26.74159734193863,0.39924208902943814,-0.24137689565992204,80.0,151.0,38.55383877401601,70.55752545235997,1.458277760637556,0.13102980229430283,0.0,178.0,111.83794087202403,21.011815624326303,-0.36604120685263847,-0.4762165749059881,80.0,138.0,195.9718750788962,18.677711124453708,-0.661342609002631,0.3679927465566757,170.0,218.0,147.8155217248605,21.30794580788662,-0.2258433238723258,-0.30487762132563967,119.0,176.0,158.07940114620413,4.168317580671615,-0.20029227710083178,-0.4969816528761002,152.0,163.0,144.31235325304854,5.183476441805683,-0.6338669135790027,0.1262351105900188,137.0,150.0,140.7099144133909,22.618125776433455,-0.15397362193365113,-0.37223041199334483,110.0,171.0,167.45418970436012,4.457623969382271,-0.8352851805416872,0.21841975534694047,160.0,173.0,112.16150369865434,4.459200285673766,0.5382939810771195,0.060123021307102675,107.0,118.0,0.7660235969387755,875.3696244092002,0.4502171362850128,0.6303258294145025,0.9087169302787431,0.96875,0.7907340355497038,221.2198796253192,-0.11193156137616836,237.1769314667312,211.77981365365233,0.7840916064466653,3.463738465990633,4.750767113211991,6.058564519447582,11.49675918150679,7.812887540603441,11.885446947331069,0.10183161619315229,0.09135931640287608,5.0,110.24705220113998,221.2198796253192,38436.0,875.3696244092002
28,True,nv,190.61643629430802,21.382412602330074,-3.4413682383254893,23.733214622265045,168.0,211.0,119.52662870330883,22.54209701008554,-0.5948366602679171,1.7068729385562502,91.0,149.0,114.29987707899556,23.790199479724702,-0.04974229869144417,1.2005674444479668,87.0,147.0,34.33562451396031,67.15622887587443,1.657772212369347,0.7591876164888847,0.0,178.0,104.47846373830369,18.0147356120663,-0.6271052911082835,0.6659434882050919,78.0,126.0,190.6224067430951,21.33360393268842,-3.4096367566185104,23.36856824420441,168.0,211.0,146.9558738679979,21.41767470005976,-1.5982331960909801,8.078471057141611,122.0,172.0,155.28151418608735,4.171043994313865,-1.540779210803222,8.067715128926183,150.0,160.0,142.752176203497,4.421280318831441,-0.6549802876860465,0.2551313560816211,137.0,148.0,140.22366605624262,21.833007685734387,-1.1647518677903463,5.032286569105924,114.0,167.0,164.02322956124726,4.660596227851531,-2.8950491395372335,17.255197381534952,158.0,169.0,113.3620650728746,3.9332581149756334,0.6000831415286075,0.3996341023328833,108.0,118.0,0.7710658482142857,837.5239533417509,0.5916926238833881,0.6931111654634188,0.9492602497730451,1.0,0.7710658482142857,221.9467610627799,0.7779363540302694,248.77683368716828,200.55484155528475,0.7826300350825933,2.9117906090420083,4.894205343559884,6.622262443706654,12.534706875160849,8.25496282574659,-12.527377637070861,0.08565742200625504,0.094123629238628,4.0,106.50456842062916,221.9467610627799,38689.0,837.5239533417509
29,False,mel,175.71104720013534,13.926058870039542,-0.4067016568322947,-0.1198274402564583,156.0,192.0,104.63694806293351,19.551444706478378,-0.1040040291839185,-0.5615668776236866,77.0,129.0,119.16105565894095,33.1793613224492,-0.2888754940625801,-0.7745606964220175,70.0,161.0,127.3584841820335,73.03365176853511,-1.0951502430923898,-0.7751552480467461,3.0,177.0,108.4889189646422,23.728398270537106,0.5655439621288987,0.04671749475130582,81.0,143.0,175.71104720013534,13.926058870039542,-0.4067016568322947,-0.1198274402564583,156.0,192.0,134.08898663508714,17.470584277893714,-0.24619264921996722,-0.5713475879923866,109.0,155.0,158.54576213838607,4.910144576975508,-0.4457108627527203,-0.5312471934572125,151.0,164.0,132.6117408221959,11.058050674562292,0.16973840894201248,-0.7717228256463811,118.0,148.0,127.56792420910168,18.764766827867067,-0.26284009169024886,-0.6030842578357691,100.0,150.0,162.38453730333276,4.982984865293319,-0.21247042411980188,-0.2326615003356025,156.0,169.0,123.25071899847741,9.608267340849004,-0.06675479364992813,-0.8208682319933631,110.0,136.0,0.10688376913265306,301.5218613006978,0.5143894501813762,0.7412761892885007,0.9307532106907324,1.2531645569620253,0.6857179388824959,82.63403462505433,1.479198556560715,90.73545461150631,77.81079702050202,0.7785732731987929,3.190779269633769,3.5205670593823553,5.129907042506805,9.468280204945376,6.78886385622883,10.070822784393494,0.13518553048666793,0.11236423453141084,5.0,110.68810890911176,82.63403462505433,5363.0,301.5218613006978
29,True,mel,176.94,13.838222429199496,-0.35268789028660424,-0.17836240226567357,157.0,193.0,107.5801652892562,20.229900216822546,-0.1261805956559971,-0.6606746226353417,79.0,133.0,121.7302479338843,32.58003689486493,-0.37793609627677677,-0.694236241239369,73.0,161.0,130.11487603305784,71.71499049256207,-1.1881449658099958,-0.5614591846071044,3.0,177.0,105.00495867768595,24.383376844083894,0.5330428712096055,-0.03274205944378572,75.0,140.10000000000036,176.94,13.838222429199496,-0.35268789028660424,-0.17836240226567357,157.0,193.0,136.36826446280992,17.77821820212746,-0.27060763179668024,-0.6333763732110174,110.0,158.0,157.71851239669422,5.2194427778263215,-0.3803235795544915,-0.7800920401755449,150.0,164.0,132.40148760330578,10.622273391412614,0.2220936351070362,-0.6394912541818019,118.0,147.0,129.9510743801653,19.04078058515428,-0.2943179413600711,-0.6439830947487719,102.0,153.0,161.55471074380165,5.288977947226496,-0.2354420276456446,-0.4531369503240503,154.0,168.0,123.35900826446282,9.242376658045695,-0.10612469295117694,-0.707549251812412,111.0,136.0,0.10182158801020408,315.33304448274095,0.6338162283923818,0.6456643369828577,0.9235357917570499,1.0952380952380953,0.6611024844720497,80.65346138915518,-0.9707420988241148,93.23795319664481,72.11803427425238,0.7696183764074691,2.738687427076363,3.5078519497377276,4.92251722942384,9.15002683151108,6.511063705948319,-9.766818651511706,0.13446858485026425,0.1349002589710628,5.0,109.93658976584545,80.65346138915518,5109.0,315.33304448274095
29,True,mel,176.6304510714821,13.77803909154686,-0.3120585661545652,-0.10219165288508991,157.0,192.0,94.80788251161397,22.568043890248948,-0.3995240784789949,-0.3435635673553148,62.0,122.0,138.12767870523004,35.941364610375025,-0.49739170358577856,-0.4281193521631561,84.0,181.0,163.74823917278584,7.647535270635384,-0.09241053765804025,-0.9164309040083674,153.0,175.0,119.76337479394576,24.378095257177016,0.5543566870096586,-0.004948061167074247,90.0,155.0,176.7184175033718,13.870814916298368,-0.3000153583460644,-0.1269830603350206,157.0,192.0,130.62041060992058,18.96289569577202,-0.44332316968632796,-0.4067373598104602,102.0,153.0,166.80533493181477,5.263050901512524,-0.6654694807564073,-0.3859640375936988,158.0,173.0,119.53708976472352,12.083176632939656,0.29653480284974004,-0.5240675178404928,103.0,137.0,124.23497677206653,20.803533013088778,-0.5157870320094754,-0.3079728669728392,93.0,148.0,165.42005095159598,6.138928038494404,0.28861980950503974,-0.1896061274407015,158.0,174.0,135.8417503371797,10.434993465221767,-0.026367782667878464,-0.8125715486620382,121.0,151.0,0.11557318239795919,337.50461735799473,0.5104191405305891,0.6397400431546794,0.9213536701620592,1.1511627906976745,0.6811134601832276,85.9273886483187,1.0120476467705848,94.25315345162122,81.05071397135626,0.778463795043962,3.2060548175137416,3.5098473500268823,5.124371973960605,9.453557665394612,6.793549595437298,10.074906745393656,0.13847215037075356,0.11192860568615334,5.0,45.89644544411077,85.9273886483187,5799.0,337.50461735799473
2,True,nv,178.30944409569645,10.104789078063941,-8.835576548621674,146.17326595562832,168.0,187.0,137.80766548092348,13.268647068082828,-2.1094799913581928,17.634880274622592,122.0,153.0,152.27523191741648,16.06877554526665,-1.2458654012660422,10.995926913274584,133.0,173.0,168.40409430145777,6.983796248065337,-6.238990337202655,124.55845412098766,159.0,174.0,58.497489014438166,13.115675202292605,4.389651985243824,63.90859934921117,43.0,72.0,178.3125130780498,10.075706607988415,-8.754365867127675,144.22331267886054,168.0,187.0,157.11369184627188,12.107415143214277,-3.7907283742872098,43.536484688410255,143.0,170.0,145.80410825137756,2.3936300638884234,-0.47377052050852725,4.0918717538760685,143.0,149.0,126.43565599497803,3.551285224514933,-0.4726951368043389,-0.7890167723571895,121.0,130.0,151.59077910302017,12.229048772663193,-3.3071876343958926,35.515391949627585,137.0,165.0,147.094998953756,3.6111242592351713,-0.5630978033976786,0.48003181441909826,142.0,151.0,128.4084536513915,3.3976746498535335,0.4969922539114033,-0.6677973787979203,125.0,134.0,0.5351363201530612,677.2691193458119,0.6754539265019674,0.7356102643186788,0.9463574525076658,1.1555555555555554,0.7171741452991452,184.8993104792007,-1.076501322176718,217.41410557073004,160.3216380795266,0.7699246683127916,2.598627103204173,4.246252045504483,6.115178372367547,11.311572573885954,7.807295690283651,11.87440398960676,0.09761275185281737,0.12715610394971985,4.0,30.175178058346358,184.8993104792007,26851.0,677.2691193458119
2,True,nv,188.51069166998073,8.790355583720261,-7.423296121870055,143.46822082349536,179.0,197.0,147.23227997185597,13.03546850026866,-1.4467100134152575,11.332397476915721,130.0,162.0,161.8084676802594,15.717521010191346,-0.7639458107823293,6.985909730502982,142.0,182.0,168.62384900119307,6.338486848751016,-5.391867131861075,122.07680050002607,159.0,174.0,56.24626020985653,11.851657886131468,3.025173734798372,48.46746240846967,42.0,70.0,188.51295542843158,8.786694189533778,-7.390287044095352,142.52775530994242,179.0,197.0,166.38520603261037,11.44753087065414,-2.6335599215352294,31.282156389877024,152.0,179.0,145.89439872740064,2.4306431404596993,-0.08885355515883198,1.4855617079845427,143.0,149.0,126.48523968307381,3.420749085991471,-0.4679613705833534,-0.6322950998134313,121.0,130.0,161.25999571721374,11.710404383105326,-2.2897227912914646,24.774787388875616,146.0,174.0,147.48010033956376,3.6789183031193877,-0.45212308521509154,-0.02763458736449209,142.0,152.0,128.34347945792163,3.3225153639489697,0.5192374865377233,-0.4811711561460701,125.0,134.0,0.6186623086734694,756.0092347159894,0.6959940705687537,0.6825042461378235,0.9484844781227084,1.1978609625668448,0.7410714285714286,198.8061919248717,-1.3057362030367643,236.75936446599948,170.00447659441613,0.7668729692780681,2.5244885335291314,4.427346246670313,6.9444005532167825,-12.718368684491521,-8.358326852708217,12.86873641020993,0.08736550479994842,0.1338063214862496,4.0,26.976838924416263,198.8061919248717,31042.0,756.0092347159894
3,False,nv,148.65593574093984,21.2647241869277,0.43494984783610424,-0.7026944897708178,124.0,181.0,77.4960470558472,30.386840862231022,0.720789954738141,-0.5372172455210267,45.0,127.0,75.37486559989881,38.36811533638931,0.8710054670632382,-0.3961040021431774,37.0,140.0,53.15944595534754,78.35631298919088,0.899477696094462,-1.1860790506131675,1.0,177.0,136.24932009360572,38.513573910813015,-0.4535928855327197,-0.9056268771222822,76.0,180.0,148.65593574093984,21.2647241869277,0.43494984783610424,-0.7026944897708178,124.0,181.0,106.46094491177028,27.112781913852988,0.6716711637902916,-0.5788389571901367,77.0,150.0,157.8139902599456,4.442365550603364,-0.7837411587183754,-0.4805689712554244,151.0,162.0,143.6554297640883,8.567414624234235,-0.8142380453839128,-0.41263638941448333,130.0,152.0,98.54696097653532,28.41572026223001,0.6867937561163749,-0.5741340887648061,68.0,144.0,163.8028587692113,5.881681360251498,-1.10936552490534,0.17233841505076297,154.0,169.0,114.91720953766365,6.289661343275348,0.9519113090204269,0.016995262149476442,109.0,125.0,0.2973533163265306,496.3746750430835,0.8337054226174205,0.760955842175117,0.979516806722689,0.6333333333333333,0.7270955165692008,137.8286400116051,0.30447350916757254,185.69660685870636,102.54341973281642,0.724691900558257,1.9965112338787825,4.8215707372160495,5.9741055713121485,11.775303217276965,7.863088949906513,11.408786961062827,0.03471849865951737,0.20763055325528484,5.0,138.1346110869316,137.8286400116051,14920.0,496.3746750430835
30,False,mel,167.60554452420956,29.821990636324472,-0.26747597083915,-0.5765203642878367,128.0,205.0,106.01550328394684,32.569115394731526,0.13433338079908144,-0.7820868045690985,64.0,151.0,97.64567740950054,33.8952404327104,0.3944163778612888,-0.6187004385489834,56.0,146.0,18.991904689170614,49.0442907763896,2.9233743580454132,6.56822053218796,1.0,8.0,111.0716358637544,26.748356092573125,-0.20184388096139955,-0.47962863670779754,72.0,144.0,167.60554452420956,29.821990636324472,-0.26747597083915,-0.5765203642878367,128.0,205.0,130.3625706430426,31.136155019071197,-0.027038446436577532,-0.7286774878215816,89.0,172.0,151.85371162364441,3.2422350827300557,-0.35271660574372976,0.29941858680241484,147.0,155.0,143.32877653887277,4.676054070581949,-0.3454430426585128,-0.37575843031577705,137.0,149.0,123.47861616007332,31.704613057393534,0.05745454689606857,-0.7608825490567996,82.0,166.0,159.51382312509546,3.511050851619866,-0.7100756313700894,0.48096966660317886,154.0,163.0,113.40556743546662,3.9272124811176474,0.2583478144204204,-0.45077795915690055,108.0,119.0,0.4965122767857143,836.7838379715732,0.6201865050594715,0.44710479258167707,0.8396980012807982,0.8975609756097561,0.6604718981972428,178.10170346739278,-0.5308808295315998,208.97664593075268,163.93264850022905,0.7520788384197485,2.7506117554983027,3.493590406618144,5.502561770494857,10.138488061166981,7.13788141879791,-10.164602308381264,0.14980130855376705,0.16013492463281456,5.0,105.61463750528719,178.10170346739278,24913.0,836.7838379715732
30,True,mel,167.7096225498137,30.60548068014107,-0.45410414954808814,0.5039532623190883,128.0,206.0,106.18333873319294,32.83912220094122,0.11622013681065448,-0.6920260765011488,64.0,152.0,98.03685404179491,34.190381676827045,0.38964581458929226,-0.574645846951479,57.0,148.0,19.60209784545602,49.97273094537798,2.841491029897187,6.099402990374136,1.0,8.0,110.73226146120201,26.881726254161837,-0.07036543447354343,0.3430536189389546,72.0,143.0,167.71087801717155,30.598684310589984,-0.4509216321097796,0.48109002722900396,128.0,206.0,130.50157945893406,31.577917422126777,-0.09452285178628024,-0.41023896165597096,90.0,173.0,151.83516928559857,3.331471381079388,-0.8416882061354422,3.827700481188634,147.0,155.0,143.18115179005346,4.6470637181465415,-0.3963803424901755,-0.305624504420968,137.0,149.0,123.6520735460878,32.11543020283256,0.008106908666855607,-0.5442641873426903,83.0,168.0,159.46010853717803,3.643306192751168,-1.5312168754929751,7.813595490400839,155.0,163.0,113.53183217236352,3.906799245721253,0.32016445903977725,-0.30988021164986046,109.0,119.0,0.45497847576530615,836.2762620207483,0.5486559511394808,0.41020147095763493,0.8366868242624153,0.8679245283018868,0.5852389253486464,170.4898400690171,-0.03576748777055269,192.83940620370882,161.2230447375087,0.762027890253509,3.0272302224278542,3.779988912133189,7.272451101267482,12.824090891158017,9.562814511675509,13.277048262943394,0.13771956721713607,0.14236079771766216,5.0,107.45314151012981,170.4898400690171,22829.0,836.2762620207483
30,True,mel,169.7351307610255,30.11735709380464,-0.21852596205716737,-0.5483667811786717,130.0,208.0,87.6963622319491,32.80085808710504,0.3572454974548142,-0.7416903832172679,47.0,135.0,102.8400338397028,34.22480647750059,0.4681244389135349,-0.5876754093906111,62.0,153.0,173.65792474344354,10.059210990702613,-16.079665605239676,274.5668600123575,171.0,177.0,127.57501747158568,27.873584063759797,-0.12980040943799595,-0.6546485302758223,88.0,163.0,169.7351307610255,30.11735709380464,-0.21852596205716737,-0.5483667811786717,130.0,208.0,121.2362158384522,30.564406081446126,0.1473110539898708,-0.7419442826081122,82.0,164.0,163.15805348144335,4.139064962406423,-0.5586368701011629,-0.015912514920092047,157.0,168.0,135.2884834663626,5.374976056554841,-0.11735299972069274,-0.5017050706899622,128.0,142.0,113.97502482804282,31.763928368436435,0.22663061615879582,-0.766179861094316,74.0,159.0,167.83039688086217,5.41124109088964,-0.3455130860373145,-0.5597303670663267,160.0,174.0,121.70364512450804,4.083647712895157,0.18583445302212453,-0.5419248776813297,117.0,127.0,0.5016541772959183,875.938166904124,0.6212873944835332,0.41225262861766865,0.8446644295302014,1.0052910052910053,0.7009468114731273,179.02154222475232,-0.9183425187035515,210.38055209339444,164.85057791336695,0.7511052099532396,2.744848374109747,3.4653828662969755,5.429060284488688,10.391740548310924,7.973815022535916,9.89750898383308,0.15045091573636327,0.16242559414085203,5.0,68.05015214826705,179.02154222475232,25171.0,875.938166904124
31,False,nv,145.6193181818182,27.8880416208133,-0.5937888144631692,-0.9760863074489854,102.0,175.0,118.98863636363636,29.397257261590447,-0.3993450891130951,-1.1486582151647886,75.0,153.0,136.84446022727272,29.296060964930394,-0.3237556109133872,-1.168463663630871,94.0,172.0,158.5106534090909,7.773874525694274,-0.316202238310356,-0.9055816597971051,147.0,168.0,49.74147727272727,15.565885852180717,0.35194704504377267,-0.6105820998189402,30.0,72.0,146.13139204545453,27.857142318907115,-0.5643231675033372,-1.027395668292625,103.0,176.0,134.7862215909091,29.157105946936802,-0.484140408024753,-1.0939761339206455,90.0,167.0,141.64985795454547,2.358251346154873,-0.45333698839104924,-0.3435608800371477,138.0,145.0,122.265625,2.6482541754062843,-0.015955843784868643,-0.5347650371317854,119.0,126.0,128.98366477272728,28.78548482429019,-0.45214710014398385,-1.129418004838296,85.0,161.0,139.9140625,3.2011851456925826,-0.06183844061725181,-1.1690465379004635,136.0,144.0,132.4090909090909,2.5034583517622706,-0.01984016350539006,-0.5609252044833997,129.0,136.0,0.02303890306122449,133.88225099390857,0.7516497873567606,0.8104415282355594,0.9649415692821369,0.8863636363636364,0.6736596736596736,38.36489168124743,-0.5805650305125426,47.70087420604699,31.461704435723764,0.7531664001093702,2.315988124313999,3.684095796389013,5.12120796438007,10.294149636785779,6.820026982175292,-9.530205922004633,0.09515570934256057,0.16551070508380303,5.0,51.196902696782104,38.36489168124743,1156.0,133.88225099390857
31,True,nv,145.39488636363637,27.616597384968525,-0.513502037530899,-0.8100538569360807,102.0,174.0,119.64133522727273,29.03277284989382,-0.3560039234973417,-1.0067755651987387,76.0,152.0,137.01917613636363,28.899075980090903,-0.2778028717589063,-1.036528367086187,96.0,171.0,158.3721590909091,7.846855761279575,-0.2769605297268039,-1.0129566658459175,147.0,168.0,48.16122159090909,14.940706737831965,0.32154276427687123,-0.670279204243124,30.0,70.0,145.89488636363637,27.53763492907637,-0.4871534533280865,-0.8605652575117748,103.0,174.0,135.171875,28.75618024297026,-0.43966719216572486,-0.9598700478638458,91.0,166.0,141.23011363636363,2.2448557325169136,-0.5225579187790117,-0.11994347050629095,138.0,144.0,122.4012784090909,2.6358377057635285,-0.04414393995519561,-0.6284361228395592,119.0,126.0,129.3174715909091,28.465952177643288,-0.3979586909776469,-0.9734588758277827,86.0,160.0,139.48579545454547,3.0296494027553256,-0.09348313721725977,-1.0808048850696437,136.0,143.0,132.32173295454547,2.4687327346333707,-0.001345705035720372,-0.62271889005808,129.0,136.0,0.02303890306122449,133.88225099390857,0.7516497873567604,0.8104415282355594,0.9649415692821369,0.8863636363636364,0.6736596736596736,38.36489168124743,-0.5805650305125427,47.700874206046976,31.461704435723767,0.7531664001093675,2.3159881243140163,3.6840957963884167,5.121207964384289,10.294149636794124,6.820026982179925,-9.530205922010596,0.09515570934256057,0.16551070508380306,5.0,50.325197428187906,38.36489168124743,1156.0,133.88225099390857
31,True,nv,148.6369760479042,27.89424711286251,-0.7209597024809613,-0.818282694038519,103.0,177.0,122.05838323353294,29.154726690607653,-0.5348729635086814,-1.0202230569833592,76.0,154.0,140.13847305389223,29.18990298017088,-0.4712519241750317,-1.0778100643806898,95.5,174.0,158.3323353293413,7.332686802519364,-0.16786364575227145,-0.8369538093844331,148.0,168.0,48.380239520958085,14.969550889550604,0.4609975893467341,-0.3602205632592015,30.0,69.5,149.0314371257485,27.809535580303287,-0.6924011433005539,-0.8828425414084804,104.0,178.0,137.8562874251497,28.946347322979047,-0.6193595423564534,-0.9485232804600132,92.0,168.0,141.6130239520958,2.266148534202252,-0.37963522939918787,-0.3792828010058362,138.0,144.0,122.16691616766467,2.5125102696800248,0.2093249298683572,-0.3330070344044187,119.0,125.0,132.07260479041915,28.644605794446854,-0.5879527732729278,-0.99298289912528,87.0,163.0,139.84281437125748,3.078682622501525,-0.032922405289674536,-1.158635078222008,136.0,144.0,132.52844311377245,2.3833440191944226,-0.22801388034473052,-0.295697505307305,129.0,135.0,0.01953125,127.53910524340094,0.7599400314503054,0.7570929603484751,0.9551656920077972,0.7441860465116279,0.7122093023255814,35.32385530828224,-0.2588489914367125,44.243907185235585,28.758238422247913,0.7505895404694002,2.2841609363488993,3.705050162110406,5.125017554723323,10.679300056561852,7.020292533987045,9.54119798981083,0.09591836734693882,0.17085022517483478,5.0,50.111773272373256,35.32385530828224,980.0,127.53910524340094
32,False,nv,169.65689487202195,33.171645362248924,-0.33474187412201645,-1.0027180560181554,123.0,211.0,112.40138163138784,48.218747838554535,-0.06067956323505583,-1.252745472532638,48.0,176.0,96.86608803471792,53.79370739238952,0.06295957393717623,-1.3236892047336957,27.0,169.0,8.078646709768842,18.136816950742745,9.205308691321878,83.63018676258996,4.0,8.0,120.40935258170224,57.14934045748608,0.20254653769433445,-1.208669197267349,48.0,199.0,169.65689487202195,33.171645362248924,-0.33474187412201645,-1.0027180560181554,123.0,211.0,135.23478876981667,42.51864670882414,-0.12332825707769864,-1.210851068591539,78.0,191.0,149.59188734390221,7.66320908218698,-0.07098929085531071,-1.4058109240787462,139.0,159.0,147.14188291559648,8.414273079684303,-0.2063583083795313,-1.3662469844719403,135.0,157.0,127.774244973873,44.241762947895644,-0.1016396424628823,-1.2263041408750823,68.0,185.0,157.9050571251439,8.460875595291569,-0.3895853129999384,-1.2745303613616847,146.0,167.0,110.5543353113099,6.03056172524884,0.461090907868183,-1.1185720477808148,104.0,120.0,0.20609454719387754,455.0609665440988,0.3574462781885765,0.6275281787534247,0.9211651523249599,0.959349593495935,0.7124844977263332,114.74567587541728,-0.3522821712716677,121.25697747260668,113.24597776549915,0.7789093431217631,3.8896949696034833,3.414572554996013,5.80585049600469,-11.64379542789746,7.773120115635168,10.416824187284945,0.1393482255101054,0.11609493678329043,5.0,108.45780277047776,114.74567587541728,10341.0,455.0609665440988
32,True,nv,169.89123548046462,33.233790430618875,-0.3419088214934983,-0.9977827595005015,122.29999999999995,211.0,112.79540654699049,48.36292469505946,-0.06913722030159711,-1.253923989035862,48.0,177.0,97.37759591693066,54.00119180760798,0.05272439899180336,-1.3274741201106712,27.0,170.0,8.094860964449138,18.360487729609993,9.087209970511779,81.44533245587692,4.0,8.0,119.88577965505104,57.357218883741744,0.214149630125106,-1.2036915330453146,48.0,200.0,169.89123548046462,33.233790430618875,-0.3419088214934983,-0.9977827595005015,122.29999999999995,211.0,135.57770151355157,42.636228434822726,-0.1311921654418191,-1.2112677612906708,78.0,191.0,149.52367124252024,7.683566259508159,-0.06218865169279159,-1.4074591078851715,139.0,159.0,147.03678282294968,8.45724814458952,-0.19303662011309444,-1.3763829343605147,135.0,157.0,128.1352516719465,44.368055914357114,-0.10996518731429408,-1.226303136087479,68.0,186.0,157.81511791622668,8.503082255526186,-0.3786752778294456,-1.2865042019216029,146.0,167.0,110.63921154523055,6.067356056439632,0.4487712551659349,-1.1426077067018965,104.0,120.0,0.20609454719387754,455.0609665440988,0.35744627818857755,0.6275281787534247,0.9211651523249599,1.0423728813559323,0.7124844977263332,114.74567587541728,-1.2185141555232262,121.25697747260672,113.24597776549913,0.7789093431217632,3.889694969603469,3.414572554996059,5.805850496004874,-11.643795427891158,7.7731201156354315,-10.416824187285266,0.1393482255101054,0.11609493678329041,5.0,108.95149704397062,114.74567587541728,10341.0,455.0609665440988
32,True,nv,170.87730657170604,33.2770286270807,-0.3561303412860954,-1.0001448601872664,124.0,212.0,114.42279054710262,48.72398272482402,-0.09113889015340937,-1.261679910022598,50.0,178.0,99.38345742958886,54.55944036623667,0.028077435783054952,-1.3427798864216247,28.0,172.0,8.307704758821625,19.78788069201037,8.413191968362908,69.48476989334736,3.0,8.0,117.74158303658142,57.61164079662796,0.2318465255020653,-1.216526064288696,46.0,197.0,170.87730657170604,33.2770286270807,-0.3561303412860954,-1.0001448601872664,124.0,212.0,136.98268047911947,42.89965696400016,-0.15080736250081062,-1.2179215341009293,79.0,192.0,149.2634347685335,7.749870871784367,-0.028001566546903438,-1.4166334839885522,139.0,159.0,146.66607316283586,8.569589348105612,-0.16896283237758328,-1.4094590447078348,135.0,157.0,129.60917772741988,44.66108273840436,-0.13009889963760196,-1.2338673326020202,70.0,187.0,157.45775331822597,8.65195589591577,-0.341535311197106,-1.3239931135269734,145.0,167.0,110.94132405309162,6.190004761398721,0.4258000099007364,-1.2059788703338588,104.0,120.0,0.21839126275510204,518.842712474619,0.47542027352665583,0.5115283613237247,0.91240632805995,0.9044117647058824,0.6550693448110951,118.11925724117941,0.5378804230970113,128.62840989785357,113.16197680544883,0.7762298437552755,3.3420441635036444,3.411466732181976,5.869733553900183,10.512015439110522,7.853530345685542,-11.566671476081263,0.1410841394415039,0.12332302012454446,5.0,110.67655011571904,118.11925724117941,10958.0,518.842712474619
33,False,nv,177.17122628150665,33.02809097889332,-0.7551648363924792,-0.1684693643234083,128.0,214.0,112.908297932597,31.90012427685302,-0.304006645858953,-0.8614298533940077,67.0,153.0,106.17666383460777,36.14242569968664,0.14124693893531423,-0.9072045967325635,58.0,156.0,27.281166808269614,59.463510244338245,2.102449458421435,2.4290026064947456,1.0,175.0,107.62441234777684,24.586062181616374,-0.026004092084869826,-1.10226935502256,73.0,140.0,177.17122628150665,33.02809097889332,-0.7551648363924792,-0.1684693643234083,128.0,214.0,137.93044463324838,31.87017045315402,-0.48729593258835846,-0.5970031069296446,91.0,177.0,152.8088360237893,2.075191236444452,0.2371889539243395,-0.09063744942465979,150.0,156.0,142.65794392523364,5.328194157512137,-0.7376767772759787,0.397540125234765,136.0,149.0,131.3575191163976,32.51062553301818,-0.3784708134383722,-0.7478371471800558,84.0,172.0,160.71288586802606,3.4505169635953306,-0.5321236895619086,0.5428086137039707,156.0,165.0,113.76828094024356,4.487605494817813,0.8036839008884512,0.5753442527050714,108.0,120.0,0.3313137755102041,541.3868683519033,0.7180329152843095,0.7127380741477294,0.9420831916581661,0.8511904761904762,0.691974691974692,145.48654299170542,0.4473576916015511,175.63415233553292,122.24297653353996,0.7640782228712787,2.44669773703019,5.160523660913336,5.950623883271491,11.544986974615119,7.178578020894884,11.899324762658543,0.08265158806544759,0.1428997397760702,5.0,117.07766340484794,145.48654299170542,16624.0,541.3868683519033
33,True,nv,181.2560123683005,35.506996698054465,-0.7652361056090714,-0.16873840526800432,129.0,221.0,112.50154603756299,34.48004259061905,-0.31530423845497696,-0.8862606245036693,63.0,156.0,105.88467704993128,39.51486738676174,0.12810640443951352,-0.9589995969140905,53.0,161.0,29.945258818140175,62.23305965763892,1.916237272986136,1.67886572897259,1.0,175.0,112.7337379752634,27.32135356463534,0.038554135834527554,-1.163230531208682,75.0,149.0,181.2560123683005,35.506996698054465,-0.7652361056090714,-0.16873840526800432,129.0,221.0,138.95613834173156,34.265012293173264,-0.5026946261714071,-0.6011398870080202,89.0,180.0,154.66502519468622,2.2305862898219977,0.2523499086546329,-0.19666253705498082,152.0,158.0,143.55737517178196,5.981449938118991,-0.7258222110414806,0.2557175603621502,135.0,150.0,132.31819743472286,35.12421252628737,-0.389875424582995,-0.7687295298784567,81.0,176.0,162.95562299587723,3.684759314218802,-0.4868276494611366,0.5403228812709377,158.0,168.0,113.06980073293633,4.964693905611627,0.809652025390105,0.43327400692645357,107.0,120.0,0.3190170599489796,534.700576850888,0.6877352863313614,0.7035557288155689,0.9405370468300135,0.8888888888888888,0.6861711248285323,142.76114805007612,0.49415884029963275,168.7805995268789,122.52822609074471,0.7699401019101375,2.5578845235400562,5.204535516623023,6.065240101168015,11.756706834818468,7.359292708816759,12.019853284431738,0.08302617604797902,0.13065418196009534,5.0,125.06140992032873,142.76114805007612,16007.0,534.700576850888
33,True,nv,152.0092817026308,30.974471521948644,-0.7678126945789595,-0.1506292471571773,106.0,187.0,92.07336683417086,30.106729009376487,-0.32328683857504553,-0.874551305461654,49.0,130.0,86.32172627845108,34.56342913393379,0.12788967242526997,-0.9678865874729428,40.0,135.0,33.5073603310671,65.30353866975905,1.7239326070316283,0.9779155830818804,1.0,176.0,117.73449600945906,29.663297858150745,0.08579022713543838,-1.1554142928928923,78.0,158.0,152.0092817026308,30.974471521948644,-0.7678126945789595,-0.1506292471571773,106.0,187.0,116.07301211942064,30.89714692092042,-0.5115918013066957,-0.5791444199998108,71.0,153.0,152.08791013892994,2.0077337558482498,0.3606627294802783,-0.11081190359091853,150.0,155.0,142.13579663020988,5.4932257485442815,-0.700293840999302,0.10048542665914217,134.0,149.0,109.36322790422702,30.686201131150955,-0.3928724665308773,-0.7592192810808154,65.0,147.0,158.4670410877919,3.211993260251109,-0.4561852344017421,0.46942530670630944,154.0,163.0,114.98953591486845,4.356919319503362,0.8105943891294046,0.3771113517978244,110.0,121.0,0.30801578443877553,523.0731598529185,0.6972518654424742,0.7098294301597974,0.9409436834094368,0.8924050632911392,0.693733728341862,140.2779995718571,0.501273037743306,166.86110056393125,119.61041273386363,0.7683988552473334,2.52339882975474,5.213341493327071,6.01744686399027,11.683255437999927,7.28669497236259,11.97466064592663,0.08191523778712395,0.133467169863842,5.0,125.94130804985843,140.2779995718571,15455.0,523.0731598529185
34,False,nv,183.39163090128756,28.686182290812177,-0.34720705031505755,-1.1017036220993146,142.0,216.0,124.9989270386266,45.887750229950804,-0.08962325319494048,-1.4304007520266764,62.10000000000001,183.0,108.17811158798283,52.65038173520762,0.12568603263900124,-1.5613739441577128,44.0,179.0,9.63733905579399,23.688596263167977,6.887915595028181,45.92393361334455,3.0,9.0,112.4098712446352,51.847119988060896,-0.05590552182275343,-1.5496219394597717,44.0,175.0,183.39163090128756,28.686182290812177,-0.34720705031505755,-1.1017036220993146,142.0,216.0,147.88197424892704,39.20983247383169,-0.1266659178205754,-1.3860018723968277,94.0,196.89999999999998,149.42381974248926,8.231729098454336,0.13731078695296534,-1.4791591440308371,139.0,160.89999999999998,147.51716738197425,9.152893332381709,-0.28046915266292916,-1.4386502346185588,135.0,158.0,140.55150214592274,41.33899591887142,-0.100402495686578,-1.4165542683611883,84.0,192.0,158.6040772532189,9.79669431122092,-0.16930045018583353,-1.502705769415907,145.0,170.0,109.72961373390558,7.267561434691947,0.36543309868566587,-1.2478791178010151,101.0,120.0,0.013333067602040817,100.66904755831213,0.8208075768003558,0.8295528550282604,0.9570815450643777,0.631578947368421,0.7335526315789473,29.185565874723483,-0.19247291714069675,38.71452674683839,22.113923450728358,0.7311646331838404,2.0506309550100035,4.146765703614082,5.355813339130406,10.715817891809355,7.906456060166367,-10.120680721755384,0.05979073243647237,0.20668236597307885,5.0,104.22189854204106,29.185565874723483,669.0,100.66904755831213
34,True,nv,195.5382381413359,30.78427484178846,-0.2516212210172663,-0.9721188599708919,152.0,229.0,145.5914811229429,45.63485281997899,-0.28284357106369323,-1.164866403674933,80.0,194.0,131.67376573088092,51.319633675918816,-0.14709242277016715,-1.408948886900477,63.0,191.0,7.437560503388189,15.24794187792419,10.808618267555218,117.91296704082488,3.0,9.0,89.63213939980639,44.67757149777662,0.24122963277271725,-1.4130601077220741,36.0,151.0,195.5382381413359,30.78427484178846,-0.2516212210172663,-0.9721188599708919,152.0,229.0,165.07260406582768,39.50320185896858,-0.30233381622480043,-1.160146072550314,108.2,206.0,145.62245885769602,7.357734861942643,0.42674124810098857,-1.0361583115873472,138.0,157.0,143.59825750242013,7.742108799144911,-0.043987018725108976,-1.44533677155916,133.0,153.0,158.94675701839304,41.57462262608601,-0.27385675385226804,-1.1796939631052457,99.2,202.0,154.12294288480155,9.127227347072088,0.05744421175365873,-1.4166892461840044,142.2,166.0,112.60406582768636,6.517016442679622,0.15677609171015042,-1.339912963596995,105.0,122.0,0.013432716836734694,112.71067811865476,0.8021222384638177,0.6667140927113752,0.9348127600554785,1.1333333333333333,0.6607843137254902,29.294426998176625,-0.9429079892204115,38.042745555661874,22.717601124989645,0.739784388710895,2.1275101197029933,4.184290347257494,5.414366644701814,10.703309973481334,7.385273795826403,10.237759060123468,0.06528189910979232,0.19190489307287714,5.0,90.70978821748926,29.294426998176625,674.0,112.71067811865476
34,True,nv,188.8559139784946,29.11668576187958,-0.3799975170860709,-1.0108408599715937,147.0,218.0,133.3956989247312,46.67547976837815,-0.25808811591118086,-1.3017110275748456,68.0,186.0,118.20860215053763,53.683716631576004,-0.08441178649016537,-1.5107022000638577,48.0,182.0,8.178494623655913,19.43919026513063,8.459532574782976,70.57645429107981,3.0,9.0,102.96774193548387,52.00400142025947,0.18445626620255637,-1.4597279618938936,40.0,172.10000000000002,188.8559139784946,29.11668576187958,-0.3799975170860709,-1.0108408599715937,147.0,218.0,155.14301075268818,39.751837444106656,-0.27824447482776327,-1.2794687972296237,99.9,199.0,148.1462365591398,8.411980181128323,0.3619922889832621,-1.2505220209795396,138.0,160.0,145.83010752688173,9.196373583386668,-0.05768606068280365,-1.5596178857678846,134.0,157.0,148.25913978494623,42.00464064623301,-0.2603538033343733,-1.2954009356304232,89.0,195.0,157.00537634408602,10.192500569983688,0.030227721957028563,-1.4918130599787018,144.0,171.0,111.03440860215053,7.342240357510293,0.17495874261629374,-1.441873424357974,102.0,121.0,0.01207748724489796,101.74011537017762,0.7977575660477177,0.7356953933208712,0.9323076923076923,1.2592592592592593,0.6601307189542484,27.777385840094972,-1.074016638610762,35.89836297396175,21.645934936842103,0.741761782451115,2.145402908589046,4.173204623375295,5.4648674924645,10.974831252776008,8.413177111717761,10.293109581058607,0.0726072607260726,0.18766141816104617,5.0,100.55987744726968,27.777385840094972,606.0,101.74011537017762
35,False,mel,141.93373107834918,30.096035604920647,-0.44202886311405143,0.49055263436727436,103.0,180.0,98.34968689906809,37.70413761145597,0.5597900100594395,-0.03978254697017336,55.0,154.0,93.98666239337311,40.3787135197062,0.871722319942773,0.32649403643621344,50.0,158.0,50.54090035008136,74.5189398673431,1.0071368409164598,-0.9533519088966642,2.0,177.0,95.59762832207485,36.79128009873132,-0.45270629930160927,-0.11470014476452572,38.0,137.0,142.07810265765988,30.34794304931724,-0.39244633817533353,0.5065636262821696,103.0,180.0,117.22553128543957,35.74703789688706,0.256810434345251,-0.0475330610189757,75.0,168.0,145.53695577141167,5.497808985075352,-0.6896270289871186,0.36246891452203434,137.0,151.0,138.09257433065432,6.47909593025736,-0.6069833658268108,-0.3052743457592899,128.0,146.0,110.88757950791381,35.26042125247414,0.38147972860960055,-0.07822121809784566,69.0,162.0,150.17139194319807,7.004377260254927,-1.0908799175431663,1.1543413985070137,140.0,157.0,118.44613184754203,5.685386798481065,0.7170249657676432,-0.050003154518165616,112.0,127.0,0.7794961734693877,852.3401871576773,0.44923413924159306,0.6765407447383943,0.9166158893836419,1.018181818181818,0.7936688311688311,223.15677241276296,-1.431934116124962,240.8760532790145,215.20205346282432,0.7780074921734514,3.4557944959683993,4.256737301938156,5.669405866242281,10.948569016033213,-7.884362998949063,-10.69014983037694,0.09030476580077729,0.11024001688756621,5.0,141.65816301539166,223.15677241276296,39112.0,852.3401871576773
35,True,mel,145.41068985986013,33.197764389145185,-0.5812158362186586,1.7335090341048778,107.0,187.0,102.9041732263143,41.29434511438491,0.6030470085155905,0.21377185590360215,56.0,163.0,104.32048932820605,41.12702540091073,0.6726899023086765,0.27431331137157944,59.0,166.0,95.68113660412419,85.45674990023365,-0.16709145133559924,-1.9502970178581105,0.0,179.0,83.4108963274576,36.45745644622036,-0.16512824429398176,0.6523570858731147,30.0,125.0,145.4660489844375,33.24544339030934,-0.5598876624574098,1.6881427001195002,107.0,187.0,121.82437349988386,38.72035045771998,0.23804122117087986,0.31777838300477157,77.0,176.0,145.71577154360338,6.8065694645276915,-0.8217262600184444,0.45330094764201734,135.0,153.0,134.50584561385398,4.83079218943401,-0.14284465598926857,-0.7966835883426095,128.0,141.0,115.78320902263401,38.290444333152365,0.3612679195442512,0.2602038917226901,72.0,170.0,149.16246419077606,8.049586125092107,-0.9302936432455229,0.5576287347607027,137.0,158.0,121.50362608718095,4.229926918853075,0.30527444181845725,-0.7900418954318069,116.0,128.0,0.7403340242346939,848.4650788387052,0.2497366809587779,0.6484338307085242,0.936660026727855,1.0,0.7403340242346939,217.47880211247508,1.3326119287043907,224.54810819290378,217.43302901832354,0.7841537210634744,4.5529205125825225,4.7088041752281455,5.758989769476269,11.049441201829522,-8.10415806567723,-11.312694329183365,0.07427248499205863,0.09142244025780644,5.0,155.15964973676336,217.47880211247508,37147.0,848.4650788387052
35,True,mel,141.93373107834918,30.096035604920647,-0.44202886311405143,0.49055263436727436,103.0,180.0,98.34968689906809,37.70413761145597,0.5597900100594395,-0.03978254697017336,55.0,154.0,93.98666239337311,40.3787135197062,0.871722319942773,0.32649403643621344,50.0,158.0,50.54090035008136,74.5189398673431,1.0071368409164598,-0.9533519088966642,2.0,177.0,95.59762832207485,36.79128009873132,-0.45270629930160927,-0.11470014476452572,38.0,137.0,142.07810265765988,30.34794304931724,-0.39244633817533353,0.5065636262821696,103.0,180.0,117.22553128543957,35.74703789688706,0.256810434345251,-0.0475330610189757,75.0,168.0,145.53695577141167,5.497808985075352,-0.6896270289871186,0.36246891452203434,137.0,151.0,138.09257433065432,6.47909593025736,-0.6069833658268108,-0.3052743457592899,128.0,146.0,110.88757950791381,35.26042125247414,0.38147972860960055,-0.07822121809784566,69.0,162.0,150.17139194319807,7.004377260254927,-1.0908799175431663,1.1543413985070137,140.0,157.0,118.44613184754203,5.685386798481065,0.7170249657676432,-0.050003154518165616,112.0,127.0,0.7794961734693877,852.3401871576773,0.44923413924159306,0.6765407447383943,0.9166158893836419,1.018181818181818,0.7936688311688311,223.15677241276296,-1.431934116124962,240.8760532790145,215.20205346282432,0.7780074921734514,3.4557944959683993,4.256737301938156,5.669405866242281,10.948569016033213,-7.884362998949063,-10.69014983037694,0.09030476580077729,0.11024001688756621,5.0,141.65816301539166,223.15677241276296,39112.0,852.3401871576773
36,False,mel,183.5922113709122,14.956794258592998,-0.6851756523117024,-0.03725864625221753,161.0,201.0,130.81894071402522,24.656342062825228,-0.4264920214950855,-0.5644154779311084,94.0,161.0,137.51537869270982,29.936603743578686,-0.39574688529986446,-0.6567032061924212,93.0,174.0,122.65567127284515,78.23205103256217,-0.9000826768227826,-1.1777369161831608,1.0,178.0,76.25278599505613,22.84941669128068,0.6185083540300562,-0.25022677900420565,50.0,110.0,183.5922113709122,14.956794258592998,-0.6851756523117024,-0.03725864625221753,161.0,201.0,153.17526441625805,21.250639946979597,-0.4972926760230811,-0.46194479894386964,121.0,179.0,149.54475827693804,4.278734197913098,0.13158614813778322,-0.7951112303887866,144.0,156.0,132.88061757912226,6.101186126957315,0.09505039610389888,-0.8173560006077927,124.0,141.0,147.37297888722293,22.165239731281495,-0.48935131399196974,-0.4842815021896323,114.0,174.0,153.87032459375126,5.776156526980248,0.041222200528587695,-0.919986493701554,146.0,162.0,122.41933784495684,5.40028280197483,0.0666544515588147,-0.9503364396995431,115.0,130.0,0.46958705357142855,710.4995667241113,0.6024141368495263,0.5865356052826127,0.9092733377069424,1.0879120879120878,0.6538461538461539,173.20528327118058,1.3091156146733776,197.3061148538118,157.48652339965426,0.7719765765722211,2.8525214690684617,3.691581787907468,5.661649689898196,10.340270207317346,7.155468366797679,-11.356611004841588,0.11959935489347251,0.12001381510905468,5.0,116.03826198243584,173.20528327118058,23562.0,710.4995667241113
36,True,mel,183.55722311711781,16.349702407394243,-2.5305195579288604,20.86637521141163,162.0,201.0,131.2143558716065,25.058906339961386,-0.6162577007456126,0.39978631117698527,94.0,161.0,138.0697756649511,30.22787515440174,-0.5120690449683228,-0.16491923430480693,94.0,174.0,123.48732958786783,77.82018294202706,-0.9282271545541643,-1.125765857511618,1.0,178.0,75.67489097552351,23.386856658108886,0.9385858110449246,2.404697870737354,49.0,110.0,183.55738026951636,16.34794758294415,-2.527767086857593,20.82317416306583,162.0,201.0,153.42297568066633,21.964628565481444,-0.9650978569093753,2.861486967895819,122.0,179.0,149.38745923859662,4.368055306630953,0.036786455881123864,-0.3307748697045043,144.0,156.0,132.70333555965897,6.041322647805791,0.1120441951791213,-0.7989045111064077,124.0,141.0,147.6626330884375,22.745421152615098,-0.8431569941358046,1.8203192438872549,115.0,174.0,153.63894236435783,5.8680466636604205,-0.027226591528927566,-0.6137875371738102,146.0,162.0,122.56948100420382,5.360651820467793,0.044670661145372596,-0.9431762265493759,115.0,130.0,0.4718391262755102,720.6000717874997,0.4630061092205196,0.5729427781606422,0.9079926363427169,0.934010152284264,0.6531394835577136,173.62012044001403,-0.9643871091062927,187.6571131175651,166.3308370959371,0.7798895673539228,3.4010129311815884,3.7137833059201193,7.075464921502225,-13.048520184669167,8.777345446746292,12.48577396347085,0.11746568109820488,0.10357023590677632,4.0,117.5549871830801,173.62012044001403,23675.0,720.6000717874997
36,True,mel,183.87453979042763,14.724432580968857,-0.6928836141164945,-0.06569684963906841,162.0,201.0,131.41594853744385,24.604245183647215,-0.43001447335300935,-0.5838838638445631,95.0,161.0,138.04830683335356,29.785315864218138,-0.3861838253485324,-0.6728848907478397,94.0,175.0,122.89254359347817,78.20718937302091,-0.9065202851931549,-1.1662174836431312,1.0,178.0,75.60383541691952,22.712981898575677,0.6069262282619264,-0.3044954032015723,49.0,110.0,183.87453979042763,14.724432580968857,-0.6928836141164945,-0.06569684963906841,162.0,201.0,153.65918193955576,21.16238122131194,-0.49687041380181923,-0.48677392909192063,122.0,179.0,149.3965691629243,4.301352302786021,0.14548715954864413,-0.8342770388569818,144.0,156.0,132.84124286928025,5.9841770465881305,0.07946666094042401,-0.7796747312621366,124.0,141.0,147.86818788687947,22.07170393839868,-0.4901314673584118,-0.5062334194274611,115.0,174.0,153.7191406724117,5.77968098820681,0.04258023819712221,-0.9376907927064604,146.0,162.0,122.44200347938666,5.301502007347721,0.08189447186315496,-0.9130511563978181,115.0,130.0,0.46055883290816324,741.8254685319159,0.7052989509089015,0.5277005386690835,0.9055605627179748,1.221556886227545,0.6783198309263825,171.53219126241254,-1.2276137636100743,207.09643327284826,146.81273276660477,0.7587259840073989,2.4776188418336895,3.789735500554114,5.287231954116916,9.830210010774147,6.547234158246972,10.670003682043955,0.11051971093513346,0.14662161600835216,5.0,115.64460385256544,171.53219126241254,23109.0,741.8254685319159
37,False,mel,173.78195810175288,24.92084203359968,-1.0774327812256133,0.8931842783958364,137.0,199.0,115.63773692461166,31.54662740035237,-0.5687227451383314,-0.36187965481418294,69.0,153.0,111.36304688613367,40.42099185210988,-0.17988443211021787,-0.7287536324589201,52.0,162.0,55.69445632036483,78.11954542050724,0.8544298371268775,-1.2601146186845216,1.0,177.0,100.84060139660824,36.55670845763712,0.650262119864964,-0.5480423826630156,59.0,157.0,173.7825281459313,24.921764824567024,-1.0772013172481005,0.8930981688520192,137.0,199.0,139.20015676214908,29.29306830333502,-0.710766026214716,-0.05488559137487137,96.0,172.0,150.79599543964656,3.899614424102734,0.020968827028331024,-0.6259267440008482,146.0,156.0,140.3349722103463,8.59727220278114,-0.18176380074267837,-0.30356843631231634,129.0,152.0,132.55109020949124,30.30678945357008,-0.6282349103725384,-0.24148719735892143,87.0,167.0,157.45325637736926,5.28729844828685,-0.2275624179350683,-0.8413322480095631,150.0,164.0,116.03163745190253,7.175163174389761,0.42176479718792714,0.07161660439460693,107.0,126.0,0.25916772959183676,510.41630560342617,0.8463928550938586,0.6272457758980465,0.9126895002807411,0.6021505376344086,0.624231950844854,128.6748112092497,0.2216138103262509,180.37432247427012,96.05997665435,0.6974113354046861,1.9014070814920232,3.4498826556946924,4.541877547164808,-8.871002233016894,-5.760833130443842,-8.590469904867321,0.14626268840356815,0.2541674170583203,5.0,139.59801870271139,128.6748112092497,13004.0,510.41630560342617
37,True,mel,177.07218860838722,25.84229061362702,-0.7501416233636574,0.7258850678077242,141.0,204.0,120.35941303289519,33.00582400862748,-0.5186603629189928,-0.25252441358829936,71.0,158.0,116.62660824813965,41.63173158970357,-0.21998446424402116,-0.6250833782094958,55.0,167.0,57.96849572292927,79.01923973424931,0.7837338175825226,-1.375549234436314,1.0,177.0,96.43487029696085,36.794765541663,0.7937215957076367,-0.23851916397794914,56.0,154.0,177.07232770011822,25.84247591442373,-0.750112950173234,0.7258453975107662,141.0,204.0,143.3844495444746,30.37557835971167,-0.6115089458495959,-0.02320659631007116,99.0,178.0,150.14896724389735,4.123509681434433,0.25079639441252405,-0.5570004942254023,145.0,156.0,139.66402392377773,8.59015710289929,-0.13456931428985497,-0.25944305744612084,129.0,151.0,136.90903400792823,31.567218064157338,-0.5399652403182094,-0.15847906255447652,91.0,173.0,156.68801724737463,5.560711617375454,-0.06471980205538594,-0.8569271823479525,149.0,164.0,116.54551776896864,7.20953498610831,0.40718006365617027,0.06328123604504521,107.0,126.0,0.25605867346938777,558.9259735953042,0.8908562668931187,0.5168170205023275,0.9061287820015516,1.546218487394958,0.5867738399707709,127.90067111144245,-1.1735773398439868,194.12983637925353,88.1903262452969,0.6552885647345424,1.6743113093060753,3.3832854844317817,4.295224449123342,8.779169645805409,8.177109110593033,8.1459285511949,0.14601494396014947,0.29433372195913027,5.0,141.65648119033602,127.90067111144245,12848.0,558.9259735953042
37,True,mel,140.93061724613264,23.02593505241226,-1.0970168324082767,0.8885573967112896,107.0,164.0,87.14297748506662,29.349273388758828,-0.5834005491894113,-0.36740490907481993,43.0,121.0,83.71810384438658,37.80856137891936,-0.1715973755630002,-0.7171824858598321,28.0,131.0,59.29261755245826,79.52725754114128,0.7472854294374811,-1.4316178347704787,1.0,178.0,116.07152703323634,45.65526996337804,0.7857204745640582,-0.31200313069148056,66.0,188.0,140.9307704089447,23.026181626927578,-1.0969498155241235,0.8885311170421675,107.0,164.0,109.63899525195282,28.003670502610102,-0.7150215462311847,-0.06913749340023001,68.0,141.0,150.25945780364526,3.865689616069102,0.06388190691515531,-0.7322693126073285,145.0,156.0,140.03040281819574,8.659886742262701,-0.19539908217533328,-0.3499151615370648,129.0,152.0,102.84951753714198,28.190392260544655,-0.6398646653801374,-0.24591967079664778,61.0,135.0,155.19658446929085,4.92638694989531,-0.22920378970036734,-0.8218389137566353,148.0,161.0,117.19520600398224,6.708291949319517,0.4772322570191509,0.12248757095084528,109.0,126.0,0.2340361926020408,494.3158005400378,0.8497959317187338,0.6039207331036657,0.9092528068137824,0.5810055865921788,0.6308014611087237,122.27694784310334,0.15182885163790222,172.2586514971446,90.79957189790468,0.6950581423449966,1.8858153242232063,3.4450122185633147,4.527978508373295,-8.889284185628508,-5.766158164963787,-8.557033564222676,0.14859916546027419,0.2563048181103995,5.0,148.2087091314469,122.27694784310334,11743.0,494.3158005400378
38,False,mel,138.32262258543832,21.224268594504597,0.24290122052695676,-0.15966934167170876,115.0,170.0,72.10720653789005,29.49665191286603,0.7792664830740533,-0.300666373188184,41.0,120.0,74.31482169390787,36.00490663593935,0.9500172325733262,-0.09783716094055839,38.0,136.0,72.73536404160475,85.26711170950115,0.3557147238904924,-1.8674890527373227,0.0,178.0,130.62778603268944,35.50335690135185,-0.5161411673405663,-0.6383301417092637,74.0,171.0,138.32280832095097,21.22459218363161,0.24294362601238828,-0.15966537250228363,115.0,170.0,99.37552005943536,26.86388068997256,0.6624212546677052,-0.3147087858546227,71.0,143.0,156.5048291233284,4.4226108056005256,-0.842124866560066,-0.09158831730033778,149.0,161.0,140.26534175334325,7.469093485715697,-0.9953737387360452,0.057765787778267796,128.0,148.0,92.18105497771174,27.546941928014217,0.7045210543946764,-0.32784591649143513,63.0,137.0,160.9614041604755,5.753043315446459,-1.1583979027311482,0.522520518354026,151.0,166.0,117.90382615156018,5.46257021235453,1.222728226385586,0.6928123421274028,113.0,127.0,0.5058195153061225,703.4112549695428,0.7451273373435604,0.6445889493271532,0.9357716982523413,1.25,0.6554752066115702,179.76323218438867,-1.102823163783944,223.17859051817294,148.84276164947224,0.7515032399023525,2.3336910903347974,3.4949945021267945,4.444021554652453,8.426873004127264,5.637855884666284,-9.02591069272159,0.1264775413711584,0.16419258181249416,5.0,141.9950607944846,179.76323218438867,25380.0,703.4112549695428
38,True,mel,138.49061145883485,22.86881176159277,-0.45068536612278615,3.4642020884130806,115.0,172.0,73.09040405910892,30.46850832854094,0.7237519020603586,-0.38152166540958454,41.0,123.0,75.70830709973704,37.18223197150864,0.8999523370869184,-0.22799110561110592,39.0,139.0,75.4647235287582,85.59532612917296,0.2869572390464564,-1.9105311399186145,0.0,178.0,128.90204066516054,36.65784545401698,-0.47335566179120236,-0.4343650558511687,71.0,169.0,138.49231509944076,22.863034969959614,-0.4455556364131306,3.428507498377196,115.0,172.0,100.07699714825377,28.026134270981068,0.5026872408496232,-0.06425376846762632,71.0,145.0,156.1818451168475,4.835171150964487,-1.296994708899734,2.920237871428842,149.0,161.0,139.81111810673679,7.646660444946606,-0.9466208877063838,-0.14065252084044522,127.0,147.0,92.97148253768378,28.62280156641794,0.5842795235592216,-0.21663514426052854,63.0,139.0,160.5184993148402,6.243420327135677,-1.3913439749323897,2.06818086576949,150.0,166.0,118.24417614162438,5.626865073804786,1.163568643788523,0.4140965990059673,113.0,128.0,0.49515704719387754,713.8965363437813,0.7084546480738529,0.6126018660272682,0.9346901922425793,1.0691489361702127,0.6574838573091987,177.85847319974698,-0.853260920782844,214.64402389730196,151.48638073484221,0.76038289275315,2.4705945459632352,3.524703375762853,4.64456025339009,8.80823493723568,6.058240879008104,-8.986961796779998,0.12698732139263436,0.14667247907265282,5.0,145.11620655314954,177.85847319974698,24845.0,713.8965363437813
38,True,mel,154.34565434565434,22.009778363789827,0.236871564308926,-0.1826268145299137,130.0,187.0,86.26973026973027,30.582660658508416,0.7709339986767569,-0.32127209162305537,54.0,136.0,88.98175898175899,37.202674612245076,0.9355210406305969,-0.13169184518188626,52.0,153.0,78.71709771709772,86.24210173736766,0.21408579656819887,-1.9481907142450665,0.0,178.0,119.47767047767047,31.47144918167965,-0.5738131375224546,-0.631241326867773,69.0,155.0,154.34580234580235,22.010058457439182,0.23691794431346563,-0.18256687936670613,130.0,187.0,114.15443815443815,27.548411710937035,0.649114648357447,-0.34764352513100727,85.0,158.40000000000146,156.67835867835868,4.446634652883651,-0.8163748955073251,-0.14009131166494138,150.0,161.0,139.57468457468457,7.236476790295005,-1.0001596509574895,0.07738905062497459,127.0,147.0,106.95471195471195,28.561247674775586,0.6951573124976749,-0.3500904262657847,76.0,153.0,161.84963184963186,5.938103123307489,-1.1467858150831527,0.469571657605933,152.0,167.0,117.84027084027085,5.589103224947673,1.1915750703071517,0.6194339476266153,112.0,128.0,0.5058195153061225,703.4112549695428,0.7451273373435608,0.6445889493271532,0.9357716982523413,0.8,0.6554752066115702,179.76323218438867,0.4679731630109528,223.1785905181729,148.84276164947215,0.7515032399023526,2.3336910903347996,3.4949945021267887,4.444021554652473,8.426873004127287,5.637855884666303,-9.025910692721677,0.1264775413711584,0.16419258181249413,5.0,139.72360937648648,179.76323218438867,25380.0,703.4112549695428
39,False,mel,146.49951597289447,47.57273180084518,-0.04332334044900521,-1.4426265528244444,83.0,208.0,91.71781219748306,36.98384360184717,0.13758148555163066,-1.3869077210876233,45.0,142.0,79.63843175217812,33.91523877779327,0.25363885496866195,-1.2272096973731672,38.5,127.0,5.299128751210068,4.110121289499966,36.50394644444959,1541.1051191519093,3.0,7.0,120.48209099709584,19.622598907466298,0.5306886123288962,0.4914547370364408,97.0,147.5,146.49951597289447,47.57273180084518,-0.04332334044900521,-1.4426265528244444,83.0,208.0,112.88576960309777,40.59614477727544,0.01695316046584674,-1.4057773396769482,60.0,167.0,149.05953533397872,3.7630493928167645,-0.2912209369912849,-0.539670988372924,144.0,153.0,144.37173281703775,4.236961618231101,-0.11260584617502273,-0.3153072713958851,138.0,149.0,106.71732817037754,39.653709895128344,0.08551366908970609,-1.4117749894656368,56.0,160.0,156.4027105517909,6.655793421534382,-0.37432122156974856,-1.0177566211940805,146.0,164.0,112.7081316553727,4.502177777226167,0.205497785997024,-0.8129216307014695,108.0,119.0,0.03491709183673469,164.95331880577402,0.6355671381313437,0.8091366073818683,0.948051948051948,0.8679245283018868,0.7186218211648893,47.23045291309417,-0.27004970542334933,54.594840919694704,42.14970687202549,0.7703031814550024,2.734056013475527,3.5080691283592307,5.184794673023199,-9.53138648220493,-6.5543654887345335,11.097747919022666,0.1284246575342466,0.13133161815574682,5.0,71.30545199781145,47.23045291309417,1752.0,164.95331880577402
39,True,mel,131.37415295256534,48.01338843899519,-0.0412106983850496,-1.4420099004691516,67.0,193.0,76.0595353339787,37.43476854487916,0.13977122031620318,-1.3952281713903651,29.0,127.0,64.13117134559535,34.354477611062784,0.26007341681497764,-1.2288362184703607,23.0,112.0,5.109874152952566,1.5309107070853674,-0.43354863384177444,0.5667472359842822,3.0,7.0,138.46853823814135,27.679419586183794,0.5331150238901171,-0.06954683889888402,106.0,177.0,131.37415295256534,48.01338843899519,-0.0412106983850496,-1.4420099004691516,67.0,193.0,97.03097773475315,42.02978025840354,0.010229798232131479,-1.4082522786501634,42.0,152.0,150.08180058083252,3.7071642331332852,-0.31279155868193786,-0.5693666746239447,144.0,154.0,145.215876089061,4.304577769042864,-0.05957466186135643,-0.17602383757221185,139.0,150.0,91.24152952565343,40.09956435372482,0.08853210027545966,-1.416799969682277,40.0,145.0,156.66118102613746,6.647930433637389,-0.40263197456495786,-1.022295224687839,146.0,164.0,112.69409486931268,4.521470130183772,0.15849657591213384,-0.7598773574668587,108.0,119.0,0.03491709183673469,164.95331880577402,0.6355671381313439,0.8091366073818683,0.948051948051948,0.8679245283018868,0.7186218211648893,47.23045291309417,0.2700497054233493,54.594840919694704,42.14970687202549,0.7703031814550046,2.7340560134754948,3.508069128358855,5.18479467302328,-9.531386482204798,-6.554365488734442,-11.097747919110944,0.1284246575342466,0.13133161815574687,5.0,77.22371873226436,47.23045291309417,1752.0,164.95331880577402
39,True,mel,146.55227492739593,47.44693298123871,-0.04178317214121211,-1.4405165559494286,83.0,208.0,91.69022265246853,37.05414357266889,0.13621291182055315,-1.388490693846059,45.0,142.0,79.65779283639884,33.9258277817267,0.2568994757257302,-1.2212400984883955,39.0,126.5,5.1732817037754115,1.5637416886286806,-0.46544348670843766,0.4732313383281572,3.0,7.0,120.52323330106486,19.721651935956945,0.5358685172211238,0.49949589776908,97.0,148.0,146.55227492739593,47.44693298123871,-0.04178317214121211,-1.4405165559494286,83.0,208.0,112.8944820909971,40.602665859238584,0.01805106022379672,-1.4061590753093256,60.0,167.0,149.10212971926427,3.6737373204844475,-0.3244390083674879,-0.6139524288993687,144.0,153.0,144.35769603097773,4.252706138796351,-0.07798020428849323,-0.2945617355297072,138.0,149.0,106.71732817037754,39.653709895128344,0.08551366908970615,-1.4117749894656364,56.0,160.0,156.4409486931268,6.563609957414399,-0.386460057828351,-1.026282554292659,147.0,164.0,112.72023233301064,4.524553551940311,0.17735405338648752,-0.8058481383116187,108.0,119.0,0.03491709183673469,164.95331880577402,0.6355671381313439,0.8091366073818683,0.948051948051948,0.8679245283018868,0.7186218211648893,47.23045291309417,0.2700497054233493,54.594840919694704,42.14970687202549,0.7703031814550046,2.7340560134754948,3.508069128358855,5.18479467302328,-9.531386482204798,-6.554365488734442,-11.097747919110944,0.1284246575342466,0.13133161815574687,5.0,68.73232660582434,47.23045291309417,1752.0,164.95331880577402
3,True,nv,151.02393733567047,28.965391324411033,0.9772907323107212,0.45375069331722573,121.0,193.0,81.5374671340929,38.06170204265554,0.7703266574440086,-0.1174825023192283,41.0,135.0,79.89181638913234,45.02693549290414,0.7377437640820346,-0.484538595513452,33.0,147.5,56.25158851884312,79.50995473352545,0.8024247860650356,-1.3509457468377783,1.0,177.0,133.05915863277826,44.209423944020436,-0.23451199894349356,-1.1060108272853852,69.0,186.0,151.02393733567047,28.965391324411033,0.9772907323107212,0.45375069331722573,121.0,193.0,109.84016213847502,34.20496936863423,0.7875736258743243,-0.1424391557943343,74.0,159.0,157.07088080631024,5.3671218493227215,-0.6154321390345449,-0.5016236362619155,149.0,163.0,143.0438212094654,9.133003444593362,-0.6425673033909902,-0.7217677510312197,129.0,153.0,102.1431310254163,35.82333603106712,0.7863982286578991,-0.11266313849850595,64.0,153.0,162.9207383873795,6.949613276708333,-0.8575893935097589,-0.34049710123736876,151.0,170.0,115.43793821209465,6.6455905692203725,0.8521785421541818,-0.32206291837224565,109.0,126.0,0.3335459183673469,559.2935059634514,0.8240478418523238,0.6723292065807392,0.9754619105904295,0.7431693989071039,0.672452587592414,145.97580971067666,0.45655342080714434,194.1792338744881,110.00646138050186,0.7304812972365043,2.038922461344384,4.82784567042147,6.011687568064574,11.83773869979095,7.90052328597741,-11.467760838432364,0.03507409177820264,0.1972003357282171,4.0,152.6847700019569,145.97580971067666,16736.0,559.2935059634514
3,True,nv,152.62686783693601,20.272617203517935,0.43720127890549926,-0.7775478565292047,129.0,184.0,89.11475409836065,24.201704596349273,0.5863300298278606,-0.6049019169608507,62.0,127.0,74.55084868707384,35.03198974865776,0.8549658682936315,-0.3915671301858712,39.0,132.0,31.867982010735528,60.33130262356009,1.9504248974101537,1.818821736033212,3.0,174.0,137.30451182358914,36.730897512890486,-0.49042022653393497,-0.9563315377974861,80.0,179.0,152.62686783693601,20.272617203517935,0.43720127890549926,-0.7775478565292047,129.0,184.0,114.31836645872625,23.115510611162946,0.5536724800456387,-0.6694389423667548,88.0,150.0,152.9099086029305,2.3970777836419503,-0.09173253079550624,-0.2039226128361502,150.0,156.0,148.09168721891774,8.59681766698399,-0.9180635821842245,-0.1644053528674294,134.0,157.0,106.45531698824895,24.122653988750027,0.5985700112966705,-0.6389965747930884,80.0,144.0,160.9998549252865,3.4560723898222196,-1.173345864782562,0.9470706318996127,156.0,164.0,109.99543014652546,6.854155749943399,0.988137475811122,0.1612385192224708,103.0,121.0,0.2526108099489796,464.9604614807105,0.8322545267096536,0.7367595682315301,0.9757505773672055,0.6687116564417178,0.7134012495075139,127.03665309475917,0.362519273328441,170.82692066295743,94.70537294624135,0.7255626565779542,2.002885987961535,4.825674992439799,5.959822685143499,11.688553441304121,7.651494850467571,11.404537705662865,0.03526627218934908,0.20580471630850716,5.0,117.33481733996851,127.03665309475917,12675.0,464.9604614807105
4,False,mel,123.86238532110092,30.56365530336487,0.05136794099664144,-1.1054255136896585,82.0,166.0,70.25249301954527,36.74406774605632,0.6532809016908249,-0.9529398901304562,32.0,129.0,78.33984842441164,37.789142958599015,0.8370237790072226,-0.6051212013431431,41.0,144.0,129.8300757877942,73.30373401224425,-1.1566324998663302,-0.6388870478522906,1.0,178.0,121.46948544076585,41.18572843134512,-0.48773390055435817,-1.0512192080360592,56.0,167.0,123.86238532110092,30.56365530336487,0.05136794099664144,-1.1054255136896585,82.0,166.0,92.86198643797367,35.192230935137914,0.5089350961320607,-1.02766869222249,53.0,148.0,152.2919824491424,5.362795979048149,-0.3200712638081302,-1.0202042312819009,144.0,159.0,133.92301555644195,7.955303489550034,-0.011864119420893438,-0.801404315895689,124.0,144.0,87.2189868368568,34.46071380951206,0.5812549654158827,-0.9929082733804244,50.0,142.0,154.17670522536898,6.67152620475574,-0.2362978233988405,-1.1980760034882418,144.0,162.0,122.9744714798564,6.299415456344165,0.0247602875457989,-0.7584311586673111,115.0,131.0,0.0431281887755102,175.78174593052023,0.6170876168566292,0.8800747744186564,0.9796287913082843,0.8596491228070176,0.7747941281775869,52.49085991681687,-0.4574005905043534,59.557408503240055,46.865394119839,0.780204388883637,2.8176239833890455,3.7174448732663565,5.624420165920629,10.65383223905333,7.6928788228701555,10.34161608561311,0.09704251386321627,0.10267965836180004,5.0,145.05311774695423,52.49085991681687,2164.0,175.78174593052023
40,False,nv,168.11640369157487,11.514139008516132,-0.5537483667758751,-0.19158398406439536,152.0,182.0,119.9419199437062,22.823223850904032,-0.4923006455958033,-0.008731489333103415,88.0,148.0,113.11323716474058,42.704917567617755,-0.10923032076763212,-1.1600352616073564,55.0,165.0,69.62166770413272,74.32786398559003,0.4033257157374453,-1.784256305498034,5.0,170.0,96.85815583642318,50.324639774634676,0.40399474672366803,-1.1726452241219056,41.0,169.0,168.90513951663104,11.391122854365097,-0.35448340672245254,0.12102554790963183,154.0,182.0,141.05610436006387,18.21605748272995,-0.3273610751256081,-0.14437819739152102,116.0,164.0,146.93837451622505,5.88959626323512,1.1556699941287232,0.9287893820307009,141.0,156.0,139.89772388968578,16.9150841224658,-0.10253653219657018,-1.4146094715075586,116.0,162.0,133.5926006116539,19.6728352012774,-0.37393897947980276,-0.11241447971186957,106.0,158.0,152.6638880619232,11.374577220768725,0.1480962097225238,-1.2026549191263678,138.0,168.0,116.44537064602561,15.232097899711603,0.17280217813926063,-1.414400180610388,98.0,138.0,0.7203244579081632,802.0315292925759,0.3945956548033255,0.7060755593310981,0.9402689976326127,0.9212962962962963,0.8408477573050437,214.51968875924416,0.5636901109202405,229.4580870009863,210.8386803380973,0.7749072265470858,3.6968656922698937,3.701398115873301,5.4885386370908735,10.08453429147109,-7.422644742955569,11.246553635659717,0.11382563705281801,0.11682610986036879,5.0,136.0436266145898,214.51968875924416,36143.0,802.0315292925759
40,True,nv,165.5330861457685,14.074750086857364,-0.7569378384048019,0.022085821183622567,144.0,182.0,96.81948090611384,32.30796151602999,-0.36640049075856906,-0.8047076140377749,51.0,136.0,111.00259817586402,46.691682668482,-0.09437648523534883,-1.3438442846214054,48.0,168.0,107.13293999837614,75.79051450763478,-0.6133413927458948,-1.5022173009334518,1.0,178.0,112.15223686703294,49.52455012331892,0.402685208919891,-1.1778783039741694,58.0,184.0,168.85601775420173,11.395027594810895,-0.34627264733362545,0.030006123015268837,153.0,182.0,127.49311212752713,21.366831527875686,-0.13327018872219362,-0.7661772055195559,98.0,156.0,158.2615767679775,11.232187248293513,0.20303040826360466,-1.359809998182432,144.0,174.0,134.0079839779155,17.5821226215694,-0.05314607648030981,-1.4352011741616455,110.0,157.0,118.99239492273134,24.77731009375796,-0.3155133955011844,-0.638546321518763,84.0,151.0,161.20617608054346,18.162592399284478,-0.059466628097939074,-1.3919930177351973,136.0,185.0,123.49219194024195,14.202386642295092,0.24456568780670018,-1.421110844735306,107.0,144.0,0.7203244579081632,802.0315292925759,0.3945956548033255,0.7060755593310981,0.9402689976326127,0.9212962962962963,0.8408477573050437,214.51968875924416,0.5636901109202405,229.4580870009863,210.8386803380973,0.7749072265470858,3.6968656922698937,3.701398115873301,5.4885386370908735,10.08453429147109,-7.422644742955569,11.246553635659717,0.11382563705281801,0.11682610986036879,5.0,136.71009222576458,214.51968875924416,36143.0,802.0315292925759
40,True,nv,170.02721768744257,16.378100140717887,1.3921273354256816,4.435915479536752,152.0,184.0,122.70882209849181,25.64715025163041,0.024368951763213274,0.6641051424074003,89.0,152.0,115.99362127682578,43.791226394397704,-0.05964374185441393,-0.9528515210764112,56.0,167.0,69.4981620628142,74.31024217340688,0.4061754819131226,-1.7827230575675372,5.0,170.0,94.4411860100546,49.815500325431444,0.4489495926101287,-1.0860573395815791,40.0,167.0,170.78233958592355,16.288955668778538,1.4638273495685488,4.4701713156848175,153.0,184.0,143.42648251256824,21.340290752884535,0.34091324928612565,0.9252415302055041,116.0,168.0,146.51010865452187,5.863198263725686,1.1807152438717032,1.09609821972201,141.0,155.0,139.6206821990378,16.570163510764832,-0.08831060558799045,-1.4016851137597415,116.0,161.0,136.11760095140278,22.865631587707426,0.2845531248036865,0.9102253664178197,107.0,162.0,152.2245797070112,11.255946608387925,0.18169175932531573,-1.1575576490894959,138.0,167.0,116.64414292664469,14.975195074944061,0.16311274962158934,-1.410544285758073,98.0,138.0,0.7203244579081632,802.0315292925759,0.3945956548033262,0.7060755593310981,0.9402689976326127,1.085427135678392,0.8408477573050437,214.51968875924416,1.0071062158746562,229.4580870009864,210.83868033809733,0.7749072265470858,3.6968656922698955,3.701398115873296,5.488538637090884,10.084534291471103,-7.422644742955571,-11.246553635660026,0.11382563705281801,0.1168261098603688,4.0,140.41469816761685,214.51968875924416,36143.0,802.0315292925759
41,False,nv,223.5070719229612,28.43404489976699,-2.5978769758274325,8.573480390373579,192.0,246.0,161.73096599458322,46.06262168985031,-1.3457057230366214,1.7680987964627306,96.0,208.0,156.65317484201023,53.31317213036277,-1.204150368580325,0.9289027479962897,72.0,210.0,56.225511585916344,80.446011417664,0.8428230102025521,-1.2865105571362725,0.0,179.0,83.56383538970809,50.125132941748035,1.6535277461335522,2.407674622686568,39.0,159.0,223.5070719229612,28.43404489976699,-2.5978769758274325,8.573480390373579,192.0,246.0,184.45659043033405,37.85203599544911,-1.5685799140347405,2.826613034193487,132.0,222.0,150.79115257297622,8.456898205618906,0.743302897386684,-0.07487145148707075,141.0,164.0,140.71057779115256,9.873353894207638,1.3168144845868301,1.063408639115286,132.0,157.0,179.63741348179357,41.26004561679486,-1.5314903752912252,2.505870524160347,122.0,220.0,159.32451850737286,10.975716258325544,0.5619501406460908,-0.3985767690322155,146.0,176.0,115.02144146855251,7.831921384025949,-1.0169926024998477,0.4669394629203314,103.0,123.0,0.5052614795918368,652.842712474619,0.5854450939692666,0.7474892807333765,0.9572933580032473,0.9015544041450777,0.7549282353641832,179.66404464479209,-0.5183508222004396,200.9089831602944,162.8793353276116,0.7827444107040634,2.934322311373209,4.25864589969858,5.738073575499814,10.855147635050704,7.55231615078127,-10.924218565626015,0.07754812243609976,0.09561155317856478,4.0,159.00518925917902,179.66404464479209,25352.0,652.842712474619
41,True,nv,219.7175636863137,28.48042940072341,-2.679069787670388,9.30120559049465,188.0,242.0,166.4124313186813,42.75967649694809,-1.4642625592885705,2.3116218980484238,107.0,209.0,155.23676323676324,52.06308802288248,-1.2412113352628433,1.0436474783865757,73.0,207.0,17.011394855144854,44.6495045943056,3.304966572818122,8.978239998028375,1.0,10.0,81.15066183816184,50.15272283439682,1.6741103387861838,2.5124419449858184,37.0,156.0,219.71771978021977,28.479230092275138,-2.6784539947247583,9.293391919168071,188.0,242.0,185.93259865134866,36.60395653657029,-1.733003445606372,3.631942136679,137.0,221.0,146.72711663336662,6.949258899597095,0.8333527908588617,0.2817919171257395,139.0,157.0,142.15980894105894,9.899531104924243,1.2630629649411358,0.9182627353874309,133.0,159.0,181.0846341158841,39.20703437661265,-1.6410883533019613,3.045648995219093,128.0,219.0,155.5920954045954,9.435295313726625,0.5488908810108611,-0.3449726755576137,144.0,170.0,113.39441808191808,8.36880692701481,-1.0609093812432808,0.5484798453213728,100.0,122.0,0.598274075255102,780.0630585851518,0.5977140190842958,0.6199357216747772,0.9545902629821604,0.9285714285714286,0.7330647130647131,195.50288461658272,0.6381424605503007,219.8453752380379,176.25210241350376,0.7817132448368018,2.888589302328914,4.254169574167088,5.740896217770438,10.913221682547205,7.717181744721359,-10.867109939922491,0.07788400679569607,0.09973078613250574,4.0,123.28145752097757,195.50288461658272,30019.0,780.0630585851518
41,True,nv,223.1290572651589,25.654979864234843,-2.6306534358704616,9.191657680610358,195.0,244.0,168.14597728268564,41.645995207161604,-1.3675224441420435,1.8847506941634258,109.0,210.0,163.66780140887795,48.168366958044466,-1.227553888229662,1.0361819720771317,88.0,212.0,58.347635579224104,81.25306694530987,0.7825308430353973,-1.3846045750562692,1.0,179.0,73.56125922680239,42.45672770207645,1.5318423034992186,1.9298890500861798,34.0,139.0,223.12912467558732,25.65444874903901,-2.6303353547247967,9.187554127222851,195.0,244.0,188.44949273652634,34.7032088186528,-1.6123099779260652,3.0491545345765987,141.0,222.0,148.1020930938016,7.592342220085836,0.796486142869254,0.14615706246983695,140.0,159.0,139.0050894873437,8.54019455479318,1.3356287216079368,1.1972159786761,131.0,153.0,184.09248710775557,37.2648483284214,-1.5507036085499706,2.6286780621433197,132.0,220.0,155.87636927432675,10.004041319114906,0.575739176265694,-0.31866030299121606,144.0,171.0,116.47433347938926,7.078727712233986,-1.0296049383776138,0.5243387393842571,105.0,124.0,0.5556441326530612,733.0031380615796,0.6355730586553744,0.6520651138636507,0.9565963287013209,0.7901785714285714,0.7031880548829701,188.40891302487879,-0.042337109409522525,215.870688413607,166.66096363532114,0.7779797536070023,2.7493888798167747,4.240675264727308,5.721065046663596,11.120457138813364,-8.118907923456149,-10.73608709900271,0.07840746054519365,0.10884615057778912,4.0,149.36424339642534,188.40891302487879,27880.0,733.0031380615796
42,False,vasc,173.39506172839506,8.514293670843244,0.43929909636674785,-0.17424764024902872,163.0,185.0,91.52946127946127,28.04731805543263,0.16766925144455808,-1.0946997484103118,56.0,130.0,148.9803591470258,21.24549615663801,-0.14358575738029705,-0.8013320181612604,119.0,177.0,158.31958473625141,4.363820267237204,-0.32658148519416824,-0.7689849527845576,152.0,164.0,121.8442760942761,35.45660383732286,0.0032812936701637064,-1.1747715827574452,74.30000000000001,168.0,173.44584736251403,8.555794115475125,0.4336301480865582,-0.20314566572937398,163.0,185.0,129.25084175084174,18.83277275971206,0.3009295045621237,-0.9788632540451334,106.0,156.0,168.55387205387206,9.182503255634954,-0.25474114860410885,-1.2771475647737724,156.0,180.0,111.94893378226712,5.379240189243511,-0.19613077309668733,-0.8648862004674478,104.0,119.0,122.57856341189675,20.893676932480933,0.18535720069459224,-1.009581556588183,96.0,151.0,164.28002244668912,9.910068931002902,0.042452869891733774,-1.0563518720057943,151.0,178.0,142.91414141414143,4.840141706353006,0.24336795421179078,-0.9398645116241497,137.0,150.0,0.06359614158163265,224.16652224137044,0.7787417836812556,0.7979857939048861,0.9623039806996381,0.675,0.7386574074074074,63.74093964831319,0.19513991139661566,80.95757259391141,50.78829516997662,0.7474057741991862,2.2174897517093792,3.978199021097995,5.132811794698236,9.717262929648909,6.319353005135303,-10.140214247070885,0.07677843936070194,0.17553152740408973,5.0,48.376218220035184,63.74093964831319,3191.0,224.16652224137044
42,True,vasc,182.8698661744347,8.357530537617736,0.31661053627519853,-0.5575315633630136,173.0,194.0,105.14997692662668,28.098073492029187,0.11352964999516174,-1.1650552456251093,69.0,143.0,159.88555606829718,20.873369696457097,-0.1669608697956561,-0.8703011220445394,130.0,188.0,158.18943239501615,4.2882814317787465,-0.27558418407648466,-0.801579296621759,152.0,164.0,109.67928011075219,33.24758614036573,0.043358524117975014,-1.2189042442637197,65.0,154.0,182.90770650669128,8.392800805073367,0.321100898877706,-0.5441781343192886,173.0,194.0,140.49769266266728,19.211735694627826,0.21229369679759044,-1.08305673908777,116.0,167.0,166.44370096908168,9.359158827264256,-0.16107994772448858,-1.3331137258878236,153.0,178.0,112.33571758191047,4.86477338166831,-0.312183768763135,-0.8573265755754029,105.0,118.0,134.64605445316104,20.924089002487577,0.12717878159406765,-1.0956414375544576,108.0,163.0,162.43424088601753,9.84575034589425,0.07561295143939323,-1.0977907358367733,149.0,176.0,142.2595754499308,4.506852128654634,0.3321578188602278,-0.9032888251103715,137.0,149.0,0.07318239795918367,245.7228714274745,0.7629787485442111,0.7642252332945453,0.9547581903276131,0.7142857142857143,0.7285714285714285,68.3764258225561,-0.2907903634000149,85.56324943669081,55.310100990808294,0.7528137153785338,2.2788464662883317,3.9763148929008736,5.2100943922948595,9.848027082690656,6.456340647063519,10.168366501591088,0.07761437908496727,0.16525291482507534,5.0,45.928668377217846,68.3764258225561,3672.0,245.7228714274745
42,True,vasc,173.49137451307735,8.65832984703725,0.43889283599215834,-0.18369374183892084,163.0,185.0,91.8848080133556,28.20719069156831,0.16013980175411227,-1.0994529296060351,56.0,131.0,149.1627712854758,21.35551012472555,-0.1498235552154429,-0.8011365319319892,119.0,177.0,158.31441291040622,4.355026180858182,-0.30232962708732186,-0.7958484383512587,152.0,164.0,121.41457985531441,35.60047846282826,0.013848562548469282,-1.1776867220245983,74.0,168.0,173.53088480801335,8.688434284345272,0.4329727083031497,-0.2080581284805194,163.0,185.0,129.49109627156372,18.979180632014373,0.29459506981672823,-0.9847468799146637,106.0,156.0,168.4284919309961,9.215139040844065,-0.24273541484643807,-1.2810122381299331,156.0,180.0,111.98775737340011,5.3717521363174985,-0.19311581287674276,-0.8275134641812056,104.0,119.0,122.8330550918197,21.04172017804019,0.1809595831028201,-1.0127891543177556,96.0,152.0,164.16388425153033,9.9487623379912,0.05425634697451808,-1.0610866800876295,151.0,178.0,142.87284362826935,4.830196520290834,0.24910335711314713,-0.919445838583429,137.0,150.0,0.06359614158163265,224.16652224137044,0.7787417836812555,0.7979857939048861,0.9623039806996381,1.4814814814814814,0.7386574074074074,63.74093964831319,-1.3756564153982809,80.95757259391138,50.78829516997661,0.7474057741991859,2.2174897517093783,3.978199021098246,5.1328117946987195,9.717262929649845,6.319353005135905,-10.140214247071127,0.07677843936070194,0.17553152740408973,5.0,48.64393892803171,63.74093964831319,3191.0,224.16652224137044
43,False,nv,128.8249551166966,34.87091953114682,-0.6699559293440089,-0.7181584740042233,78.0,167.0,100.24147217235189,37.5948118482394,-0.38427726608667556,-1.1512916467254803,45.0,145.0,72.80700179533214,37.56602213699879,0.07702336323686973,-1.2264797215730583,23.0,125.0,14.314183123877918,2.607136302680872,-1.4609738548635702,2.8404959996351717,11.0,17.0,120.42190305206464,43.4468422551504,0.2164791799667271,-0.8250908467504852,63.0,179.0,128.8249551166966,34.87091953114682,-0.6699559293440089,-0.7181584740042233,78.0,167.0,112.98114901256733,38.31048864881534,-0.5000048645251025,-0.9763903718621068,56.30000000000001,157.0,136.07989228007182,3.1260028318499553,0.5121858284299435,-0.6518128442733873,133.0,141.0,148.1552962298025,6.120875026349619,-0.2349533200726901,-0.7738304364444075,139.0,156.0,105.6669658886894,36.54621830125128,-0.4044777354274956,-1.1035746712006589,52.30000000000001,149.0,144.54667863554758,3.424234141129641,-0.2512827352809497,-0.9498629902536053,140.0,149.0,109.44973070017953,5.455358648935824,0.2793736297823159,-0.5277188183038772,102.0,117.0,0.018574617346938774,114.5685424949238,0.6852006979532101,0.8922673469957998,0.9698231009365245,0.7317073170731707,0.7577235772357723,34.44792091974742,-0.03667260992185917,40.49920084871641,29.49776756280537,0.7738096529269685,2.57401478903686,4.066005480853892,5.7236648011822515,-10.729199258555504,-7.086239739004925,10.817807972179695,0.0622317596566524,0.12753153308846504,5.0,80.9248980889781,34.44792091974742,932.0,114.5685424949238
43,True,nv,132.56716417910448,34.76781962446431,-0.7670805650173171,-0.6028774598412303,80.6,168.0,104.727789623312,37.959717018859656,-0.47530899413361927,-1.0949667579629803,48.0,148.0,78.23027718550107,38.94450875336791,-0.05328600692149571,-1.3034442267710218,24.0,131.0,14.294243070362473,2.3842326426233305,-1.7127886223727746,4.495963907471064,11.0,17.0,114.14427860696517,44.247476419214365,0.31394391793017384,-0.8374695270292785,57.0,176.0,132.56716417910448,34.76781962446431,-0.7670805650173171,-0.6028774598412303,80.6,168.0,117.40796019900498,38.50175446067288,-0.5909887534563598,-0.8999275511424907,59.599999999999994,160.0,135.78393745557923,3.0678557905707557,0.5092783632628837,-0.6355194143031047,132.0,140.0,147.38948116560056,6.085891050623943,-0.07427278230383753,-0.994933767634683,139.0,155.0,110.03482587064677,36.89206382831785,-0.4989850436656664,-1.045400735254101,55.0,152.0,144.10163468372423,3.5512759591910004,-0.1373128401011781,-1.15723112002004,139.0,149.0,110.03837953091684,5.341628732533399,0.13216266389283687,-0.730867441797439,103.0,117.0,0.02116549744897959,127.88225099390854,0.6786479827232298,0.8160444894768402,0.9524663677130045,0.7674418604651163,0.7484143763213531,36.772005609005646,-0.19653674237206034,43.06653823079185,31.630808690566006,0.7746026751948271,2.597350893790804,4.0705134016852105,5.735132735236209,-10.80450268958692,-7.145404322428402,-10.773541596601437,0.062146892655367214,0.12326248305889612,5.0,81.399528686302,36.772005609005646,1062.0,127.88225099390854
43,True,nv,104.02832618025751,33.16347938635943,-0.4709432375808418,-0.3792621524526414,54.0,135.0,77.02575107296137,37.309231244075136,-0.3541927650633147,-0.8849492280198894,22.0,117.0,52.90815450643777,37.44472518571392,0.07112396956947155,-1.2197864670540373,0.0,101.0,13.741630901287554,3.3992211808439783,-1.7149683337167394,3.556941143263761,10.0,17.0,143.91416309012877,65.59487717036187,0.34901479406947555,-1.160582200452125,64.0,255.0,104.02832618025751,33.16347938635943,-0.4709432375808418,-0.3792621524526414,54.0,135.0,88.50729613733905,38.69363754225439,-0.4374097891514915,-0.8131785937096918,30.0,129.0,136.64721030042918,4.295921154945424,0.8740912194210114,-0.025346401503187455,132.0,143.0,146.36738197424893,6.648550812762858,0.04448081225347053,-0.5967637912496944,138.0,155.0,82.35708154506437,35.8139859759092,-0.3304650804531423,-0.8534999215986474,29.0,120.0,143.47896995708155,3.9014396774828306,0.035639382583261166,-0.8911874263811308,138.0,149.0,111.38197424892704,5.541960225494927,-0.09728949019445095,-0.45293534547238545,104.0,119.0,0.017199457908163265,113.15432893255071,0.6804902651797163,0.8469900588049287,0.9588888888888889,0.7692307692307693,0.7376068376068377,33.14823867276277,-0.3276995575764969,38.85099782256992,28.468345328864807,0.7746714882696797,2.5913651801609476,4.10916813449297,5.791817269911403,-10.784919797542708,-7.116510229018088,11.116888896313624,0.0590961761297798,0.12190716865483381,4.0,102.15757773756528,33.14823867276277,863.0,113.15432893255071
44,False,nv,200.12645883293365,5.489582281546555,-1.7363776557911417,11.006777778614197,193.0,206.0,151.55678124167332,14.069858726072882,-1.0946404507598042,1.3334583808600682,132.0,167.0,141.76829203304024,24.33484827556371,-1.1195306146755342,0.8117063643532734,104.0,167.0,32.723954169997334,63.63869591303199,1.843485048792574,1.4143166082897878,1.0,178.0,75.36184385824673,27.718197731618044,1.2242213139609606,0.9007356236815145,49.0,119.0,200.12645883293365,5.489582281546555,-1.7363776557911417,11.006777778614197,193.0,206.0,170.9418065547562,11.264970978960555,-1.125171442885869,1.642086425907313,155.0,183.0,145.0517985611511,3.2531822686959777,1.0122425666208767,0.9404015022995287,142.0,150.0,140.43703703703704,7.720990105545136,1.1408873241599826,0.540787711774561,133.0,153.0,164.9880628830269,12.343445043806435,-1.165624718906118,1.6149954650978833,148.0,178.0,153.10833999467093,5.824956848854047,0.9326544299026535,0.2863439411363222,147.0,162.0,114.87508659738876,7.084060772293045,-1.026802538236311,0.24142143587564613,103.0,122.0,0.35574776785714285,534.4579361637687,0.52397985267948,0.7852736482289391,0.9486102991975341,0.98125,0.7105891719745223,150.75584855494878,0.8847664901591151,164.42615497967432,140.04679719340984,0.7869152517460078,3.17037444782132,4.336394855729877,6.1815186200323415,-11.929911949842522,-8.575189847272382,11.464560175350378,0.07495798319327729,0.08117308269277498,5.0,96.84647592619659,150.75584855494878,17850.0,534.4579361637687
44,True,nv,200.3828631138976,5.79958011623487,-0.947514432266214,5.314021158850636,193.9000000000001,207.0,152.321421107628,14.016441713745731,-1.0511686184248148,1.2390394758300074,133.0,168.0,142.8734064785789,24.05482924541344,-1.1297864618298223,0.8511816195420279,106.0,168.0,33.18045977011494,64.16764089909799,1.812508848709212,1.3003043114471513,1.0,178.0,74.18228840125391,27.24665864472935,1.253191887766435,0.9760024396950477,49.0,117.0,200.3828631138976,5.79958011623487,-0.947514432266214,5.314021158850636,193.9000000000001,207.0,171.54916405433647,11.280865557365155,-1.0442715879034918,1.3892207747640102,156.0,184.0,144.86844305120167,3.159341521698402,1.0401835183972101,1.0295910710803842,142.0,150.0,140.160710553814,7.587124241078055,1.1694525289358266,0.6059057470763105,133.0,153.0,165.64064785788923,12.339469461096174,-1.0925470982105838,1.426246556705058,148.0,179.0,152.82032392894462,5.73163823021578,0.9650635739918098,0.3770262457951614,147.0,162.0,115.12936259143156,6.977451735272502,-1.0575349245949452,0.30454014372634086,104.0,122.0,0.3533561862244898,579.3107499061545,0.5223658017136721,0.6638889262402032,0.9439386679444178,1.1208053691275168,0.7125346622191858,150.24825166421883,-1.4205553596918927,163.78088618411522,139.65948415190758,0.7869762589910086,3.1767056227852786,4.3397152302411275,6.198499426925541,-11.515217062867126,-7.8594490296258765,11.820503801459301,0.07563451776649743,0.08157359562405561,5.0,97.2138796600622,150.24825166421883,17730.0,579.3107499061545
44,True,nv,206.00319744204637,5.514420734101871,-1.693516514866881,10.43845790210069,199.0,212.0,148.18193445243804,14.664582505394442,-1.0753503765638255,1.272807242106957,127.0,164.0,139.52592592592592,25.229819901434787,-1.0781470729942813,0.7414803665026279,100.40000000000009,166.0,43.03591793232081,72.26370933776919,1.3265196791426783,-0.23273839282095565,1.0,178.0,83.7632827071676,27.76004150162379,1.2291605534535772,0.9205577079406941,57.0,128.0,206.00319744204637,5.514420734101871,-1.693516514866881,10.43845790210069,199.0,212.0,170.37351452171595,11.470196872411943,-1.0922322909217905,1.5168073780911397,154.0,183.0,148.8734345856648,3.600858522885351,1.0322952719888399,0.9278302836590715,145.0,154.0,141.46629363176126,8.156097438818367,1.089510691959589,0.4576011031385687,133.0,155.0,164.4859579003464,12.772926232702355,-1.14358487933493,1.5501290788658633,146.0,178.0,157.65377031707968,6.150989191902855,0.9103615489207961,0.26562394792084465,151.0,167.0,113.88558486544098,7.359148482300864,-0.9688428810126456,0.14186286714831287,102.0,121.0,0.35574776785714285,534.4579361637687,0.5239798526794802,0.7852736482289391,0.9486102991975341,0.98125,0.7105891719745223,150.75584855494878,0.884766490159115,164.42615497967435,140.04679719340984,0.7869152517460078,3.1703744478213234,4.336394855729918,6.18151862003212,-11.929911949842026,-8.575189847271973,11.464560175350089,0.07495798319327729,0.08117308269277498,5.0,105.53817157349485,150.75584855494878,17850.0,534.4579361637687
45,False,mel,102.29923502604167,56.35863981650816,0.1010205562231821,-1.4826548071853616,31.0,179.0,69.75032552083333,51.77187289263063,0.48697081225900835,-1.1990459254009291,13.0,148.0,82.25870768229167,56.22517433088357,0.5480195140835923,-1.1157515892008512,22.0,170.0,166.337646484375,10.235365349412994,-6.744814281729113,100.08697429393787,156.0,175.0,101.925048828125,40.662398621068945,-0.1160182403777105,-0.9714972896018015,43.0,152.0,102.49894205729167,56.641050994264965,0.11534604516715614,-1.4632303219007448,31.0,179.0,83.00528971354167,56.90485040849965,0.2912084193148305,-1.3620950039219932,15.0,165.0,144.09602864583334,4.663206895609795,-0.403963078086504,-0.5891458358181483,137.0,150.0,126.64778645833333,4.2999290263309335,-0.031087943364371304,-0.24796464481257408,121.0,132.0,80.90755208333333,53.40054992252924,0.3716146007111818,-1.3123961242578481,20.0,160.0,143.27840169270834,5.9256088973867325,-0.00035797611748976935,-1.1003976529310748,135.0,151.0,128.74129231770834,3.6988764336730156,0.24791546212029206,0.023859649610132205,124.0,134.0,0.22847576530612246,453.30360723121805,0.7388593920294356,0.7010801829808889,0.9384413883431565,0.6918238993710691,0.6554602630074328,120.81563698811469,0.27175477608105425,149.51915884285685,100.75492481902504,0.7514721381134581,2.353877746553214,3.490402951706973,4.734859743946625,9.285820945156694,6.6129287511770025,-8.878442348633609,0.12718073970690857,0.16300613390744975,5.0,107.5388149647469,120.81563698811469,11464.0,453.30360723121805
45,True,mel,102.29923502604167,56.35863981650815,0.10102055622318215,-1.482654807185361,31.0,179.0,69.75032552083333,51.77187289263063,0.4869708122590081,-1.1990459254009291,13.0,148.0,82.25870768229167,56.22517433088357,0.5480195140835923,-1.1157515892008512,22.0,170.0,166.337646484375,10.235365349412994,-6.744814281729115,100.0869742939379,156.0,175.0,101.925048828125,40.662398621068945,-0.11601824037771054,-0.9714972896018015,43.0,152.0,102.49894205729167,56.64105099426496,0.11534604516715627,-1.4632303219007445,31.0,179.0,83.00528971354167,56.90485040849965,0.2912084193148306,-1.3620950039219932,15.0,165.0,144.09602864583334,4.663206895609795,-0.40396307808650395,-0.5891458358181478,137.0,150.0,126.64778645833333,4.2999290263309335,-0.03108794336437135,-0.24796464481257408,121.0,132.0,80.90755208333333,53.40054992252924,0.37161460071118174,-1.3123961242578481,20.0,160.0,143.27840169270834,5.9256088973867325,-0.00035797611748970105,-1.1003976529310748,135.0,151.0,128.74129231770834,3.6988764336730156,0.24791546212029206,0.023859649610132205,124.0,134.0,0.22847576530612246,453.30360723121805,0.7388593920294357,0.7010801829808889,0.9384413883431565,0.6918238993710691,0.6554602630074328,120.81563698811469,-0.2717547760810546,149.51915884285683,100.754924819025,0.7514721381134579,2.353877746553214,3.490402951706971,4.73485974394671,9.285820945156775,6.6129287511769554,8.87844234863374,0.12718073970690857,0.16300613390744975,5.0,107.5388149647469,120.81563698811469,11464.0,453.30360723121805
45,True,mel,117.82360191033739,59.89810073582424,0.030422347802321687,-1.230113433445836,38.0,187.0,83.66322600523802,60.16585945770243,0.3037236137754116,-1.1407386919739775,12.0,163.0,97.48320751810199,62.70271936043335,0.3423955876933249,-1.1791227505697006,24.0,184.0,165.664997689108,10.271953261105253,-5.45952772836025,76.61245430386404,153.0,175.0,99.9218918502542,54.91596695091856,0.49004261934728444,-0.7217797329427231,35.0,178.89999999999964,118.1151594515483,60.23471194869136,0.041244979091481414,-1.2297758900077684,38.0,189.0,98.21822523494069,62.90210398355249,0.1345067590314093,-1.2815178157018274,17.0,178.0,144.7730704051764,4.33934063763591,-0.170558492315264,-0.22384485881481897,139.0,150.0,126.29209674934525,4.3194926110685925,0.10685758909445887,-0.47672437293957337,121.0,132.0,95.46109998459406,60.15429363680931,0.22991095193125993,-1.1958601002218248,21.0,173.0,143.9726544446156,5.437855609968568,-0.08335192336759084,-0.6938760065675003,137.0,151.0,129.1333384686489,3.734797573994582,0.0999645504845947,-0.3717939393630263,124.0,134.0,0.23130580357142858,495.1686142824235,0.7901716983635725,0.5948208880514061,0.9307883551206994,0.8413793103448276,0.6560768795929904,121.56158174438295,0.497598469963335,157.7670667575654,96.69315415672736,0.7342686227376067,2.1546538114875537,3.4558183420816104,4.4996712862700825,8.638495032920217,5.843707329002996,8.617857331634033,0.1278648974668275,0.1934810071890087,5.0,125.42263216071518,121.56158174438295,11606.0,495.1686142824235
46,False,vasc,175.91628600727137,33.56672980154208,-0.4565693502260981,-0.9382053392585337,126.0,215.0,85.91134520369162,32.25371171492161,-0.14853840511115005,-1.3011996206691356,40.0,126.0,119.2084459774401,19.569797291943814,-0.19712194281933385,-0.9717777147274407,91.0,144.0,168.59513377458748,7.477598788236295,-12.830068022384866,285.3094209173046,162.0,174.39999999999964,135.14980889344645,26.128106313097998,0.34206210936646275,-1.086892501955887,105.0,173.0,175.91628600727137,33.56672980154208,-0.4565693502260981,-0.9382053392585337,126.0,215.0,123.70578913023212,30.238447474181463,-0.2903911886192439,-1.1695851515809865,80.0,160.0,168.1691059942202,3.725217876390099,-0.050430683687634696,-0.5151026242122545,164.0,173.0,126.4384264006712,6.891920092780332,-0.175214376247404,-1.2161070826813587,117.0,135.0,116.65144029085485,30.99665092144628,-0.24474911614731837,-1.2213509386833008,72.0,155.0,170.3323389577701,3.6978525033496505,-1.2330274113646105,2.74505085378276,166.0,174.0,129.4597744010441,7.111337351013971,0.1272745374927345,-1.3405482311614698,121.0,139.0,0.19774394132653061,392.6761902332486,0.733311678257727,0.8086115662783899,0.9755186314030085,0.6808510638297872,0.7330082742316785,112.3969873389064,0.06394142652702337,137.2012247302016,93.28210093607669,0.760980416236292,2.3908520527982726,3.907465031232366,5.715985442706245,-10.890934073181063,-7.1774805158536985,-10.572862730179903,0.07397702076194312,0.14939225544441925,5.0,67.17243490287638,112.3969873389064,9922.0,392.6761902332486
46,True,vasc,198.65658257784784,31.723561132549523,-0.4841918253766792,-0.9523569289550711,150.0,235.0,119.38953488372093,32.625980275603865,-0.20710474159503908,-1.3032123729405125,72.0,159.0,158.74487583760347,20.384209854341794,-0.31041073888787685,-1.0109911598825994,129.0,184.0,165.186243594797,4.964696013284141,-0.26870323133560636,-1.0936213102266856,158.0,171.0,104.64189988175009,19.580495613031335,0.2767235747513815,-1.1264237014284781,82.0,132.0,198.65658257784784,31.723561132549523,-0.4841918253766792,-0.9523569289550711,150.0,235.0,152.32991722506898,29.649179596109505,-0.3247953329045133,-1.188649637616573,108.0,188.0,164.3162199448167,4.337939916988474,-0.007298680054826807,-0.858661007970944,159.0,170.0,120.08888450926291,6.466308686296432,-0.1965408740940418,-1.2851391299738437,111.0,128.0,147.59233346472212,30.789843044752473,-0.2946778626309599,-1.22032176432589,102.0,185.0,164.47654710287742,2.915330913783701,-0.895994907808067,1.6970697236700971,161.0,168.0,134.2983839180134,6.380171768151467,0.16007649133636626,-1.3477113455504188,127.0,143.0,0.18062420280612246,402.5462479183374,0.7545936304303298,0.7028299791753236,0.96672,0.84,0.6905142857142857,107.42145965278438,-0.5611236689383662,133.4840430882216,87.59121328330592,0.7550185423716786,2.310213975417513,3.896738065737891,5.600785148491346,-10.857269208294246,-7.101423137054733,10.371584160825664,0.07425797197396,0.15744352471827594,5.0,56.268752758865,107.42145965278438,9063.0,402.5462479183374
46,True,vasc,163.4723726977248,31.345176544993773,-0.4895840148954003,-0.9378362214070934,116.0,200.0,79.60088340695057,30.148895207118972,-0.196636223109163,-1.309293970648597,36.0,117.0,109.9833319443287,18.22286736329706,-0.25417877628786933,-0.989292726090838,84.0,133.0,168.9112426035503,6.579448827723956,-11.345809823844405,286.35234958761333,162.0,175.0,135.6629719143262,26.595977773050635,0.38705820215304126,-1.077948445324118,105.0,174.0,163.4723726977248,31.345176544993773,-0.4895840148954003,-0.9378362214070934,116.0,200.0,115.12284357029752,28.64740477247689,-0.33384660195311666,-1.1698448737652454,73.0,150.0,165.86248854071172,3.4400453001358544,-0.05774143751994062,-0.46832365207606497,162.0,170.0,126.89132427702309,6.534695791863167,-0.18679269713427255,-1.223698433354463,118.0,134.0,108.17701475122927,28.97566163989452,-0.29032897058561385,-1.224174753498085,65.79999999999995,143.0,167.49812484373697,3.3499618163639218,-1.2500172338544293,2.7276268920860858,163.0,171.0,129.03458621551795,6.6502435573188565,0.15028225332727949,-1.328135761553222,121.0,138.0,0.21416613520408162,441.1147904132612,0.6660107614777533,0.693990396590526,0.9674979742504727,0.8846153846153846,0.7187959866220736,116.97107397867244,-0.5161550835307354,136.33438180965817,101.69755955108256,0.774026532548398,2.638387078422694,3.913775933282115,6.059910439274619,-11.219386006369945,-7.52194705954778,-11.177197205302816,0.07407407407407407,0.11647295584366245,5.0,64.52060314576836,116.97107397867244,10746.0,441.1147904132612
47,False,nv,166.8829953198128,7.034062949254937,-1.4444945044620623,6.416503055884331,160.0,174.0,125.81622464898597,10.481642169249884,-0.9642312668265048,2.8133076821217617,114.0,137.0,128.14165366614665,9.882802934049176,-0.08830381305607708,1.2952768115770343,116.0,140.0,99.58034321372855,86.0418440480171,-0.25013820438710466,-1.9334678198587745,1.0,179.0,65.10234009360374,10.078574801576966,0.44791260417482115,0.8259004729321622,52.0,78.0,166.8829953198128,7.034062949254937,-1.4444945044620623,6.416503055884331,160.0,174.0,144.74726989079562,9.04282217850821,-1.0834979223717984,3.652185485891014,135.0,154.0,144.2730109204368,2.7589658378494875,0.6548186243256604,0.2664387615353827,141.0,148.0,132.90109204368176,3.1522790298467522,-0.3088865246091,0.016038777062626686,129.0,137.0,138.38907956318252,9.025390044504901,-1.0148607085502281,3.57703978358707,129.0,148.0,148.3600624024961,2.4806576544541628,0.03025893440866253,0.029875435982369858,145.0,151.0,122.20655226209048,2.9934542422276635,0.37677965398478813,-0.07648724671410223,119.0,126.0,0.05494658801020408,198.30865786510142,0.49717005112863616,0.8809743817869055,0.9714587737843552,0.8787878787878788,0.7202194357366771,59.24796557549334,-0.18529389413571457,63.75196559254598,55.31459198531418,0.7918317892142924,3.285119342111647,5.143454532750734,6.7993450999491,12.77900871230512,8.448476441744532,13.484651074600908,0.03699673558215455,0.06176925722692207,4.0,103.15448179884899,59.24796557549334,2757.0,198.30865786510142
47,True,nv,166.2299936988028,6.630781758559011,-1.5377370714511909,6.612900553552073,160.0,173.0,126.72054190296156,10.39929231311985,-0.7269606513274723,1.8647071414487444,115.0,139.0,141.81253938248267,9.011255667897629,-0.2064246905473804,0.7230457466811324,130.0,153.0,168.54757403906743,4.073842524875757,-0.5558454643997807,-0.39303787740847396,163.0,173.0,60.8887838689351,10.173537412639158,0.2912345733158962,0.36935600631437504,47.0,73.70000000000027,166.2299936988028,6.630781758559011,-1.5377370714511909,6.612900553552073,160.0,173.0,146.14524259609325,8.7989524202322,-0.9322127161039051,2.8646697743720386,136.0,156.0,145.7189666036547,2.9017365577451204,0.2284282265314518,-0.1139512945466401,142.0,149.0,125.8695652173913,3.0521615260494337,-0.6527786926490838,-0.3916998117041297,121.0,129.0,140.2715816005041,8.743922124601644,-0.8913499839153177,2.7996888279505567,130.0,150.0,146.53276622558286,2.6743013923561354,-0.15962769524837858,-0.5391630525639637,143.0,150.0,128.87838689350977,2.731358732074803,0.5678885519896665,-0.3582225485526336,126.0,133.0,0.05014349489795918,203.3086578651014,0.41180107722826154,0.7649072089848646,0.9603053435114504,0.9152542372881356,0.7897049591964846,56.599211077131365,-0.35574272016326447,59.42933695971506,54.15639557805125,0.7942781272623278,3.654907785627949,5.179235521676911,7.094416773010441,13.27227107769509,8.997994322945894,-13.613270249720324,0.03616852146263916,0.0500583408019975,4.0,20.878161696073924,56.599211077131365,2516.0,203.3086578651014
47,True,nv,166.93624884508776,7.136096220434748,-1.351080628816765,6.198147736035287,160.0,174.0,125.98860486603019,10.619327644063102,-0.9173926728740073,2.684545435554787,114.0,138.0,128.3572528487835,10.022327809746967,-0.09308308125498166,1.3256068012234854,116.0,141.0,100.06898675700647,85.96372729542654,-0.26202190920582896,-1.9274591201863562,1.0,179.0,64.88112103480135,10.199067463416647,0.41935521520346614,0.7627162128437548,51.0,78.0,166.93624884508776,7.136096220434748,-1.351080628816765,6.198147736035287,160.0,174.0,144.88820449645826,9.161831118295325,-1.0357083106089877,3.5315970894111874,135.0,155.0,144.2260548198337,2.8075569939315073,0.6255146757310224,0.18532298752502152,141.0,148.0,132.8574068370804,3.134053469624852,-0.2902768838895671,-0.027646515701090557,129.0,137.0,138.530643671081,9.151543849902511,-0.9637406613488917,3.460316831019896,129.0,149.0,148.29688943640284,2.533653900812025,0.010265271869054368,-0.035758443637714965,145.0,151.0,122.24453341546042,2.9699159102141723,0.34252340301272716,-0.1722418690323999,119.0,126.0,0.05494658801020408,198.30865786510142,0.49717005112863555,0.8809743817869055,0.9714587737843552,1.1379310344827587,0.7202194357366771,59.24796557549334,-1.3855024326591816,63.75196559254597,55.314591985314195,0.7918317892142916,3.2851193421116527,5.143454532751849,6.799345099944966,12.779008712301092,8.448476441741374,-13.484651074553627,0.03699673558215455,0.06176925722692206,4.0,103.29889097927793,59.24796557549334,2757.0,198.30865786510142
48,False,nv,178.00532481363152,31.80054609640763,-0.8054325455435305,-0.5564402296997972,127.0,209.0,121.94142705005325,45.39435274828034,-0.5011196245699221,-1.039474696071261,52.0,173.0,118.6986155484558,51.920432573670595,-0.35862092210784885,-1.1582679958121245,41.0,181.0,54.308839190628326,78.72259187418486,0.8780441106440255,-1.2253399540527743,1.0,177.0,96.35889243876464,49.12107201516685,0.6711013895026475,-0.7775518300344837,44.0,173.0,178.00532481363152,31.80054609640763,-0.8054325455435305,-0.5564402296997972,127.0,209.0,144.77955271565494,40.34657323348441,-0.5722203567554283,-0.9383858459745378,81.80000000000001,189.0,150.1373801916933,6.505775099365693,0.28271393022074903,-1.3501508939429134,142.0,159.0,139.79659211927583,8.168757144460686,0.08392164233317943,-1.1738242014374696,129.0,151.0,138.35676251331202,41.95498734740122,-0.5510457579714334,-0.9671805094635193,73.0,185.0,156.31629392971246,7.943829743485035,-0.08389153220912961,-1.4000521801429957,145.0,167.0,116.89776357827476,6.127695581977186,0.3280747400513416,-1.106778314507607,109.80000000000001,126.0,0.014728156887755101,102.08326112068524,0.641084377280486,0.8911385504242088,0.9647519582245431,0.9090909090909091,0.7464646464646465,30.67448489476694,-0.5654276105028094,35.16807950113943,26.990460187019004,0.7793402612504398,2.733273457652269,3.982296368501528,5.762663906791063,10.69608523793928,7.214942436766299,10.94082417115639,0.07307171853856564,0.1033347484446697,5.0,159.64420998575935,30.67448489476694,739.0,102.08326112068524
48,True,nv,177.9957401490948,31.914855824870237,-0.8006835698492,-0.5663403058875778,127.0,209.20000000000005,121.94462193823216,45.300594898152326,-0.5007143281407925,-1.0378957244458313,52.0,173.0,118.63471778487752,52.07901046886958,-0.36412132756673254,-1.1540189489655543,40.80000000000001,181.0,57.01171458998935,79.84382300153892,0.8020277800593564,-1.3531426085820433,1.0,178.0,96.5591054313099,49.3699760620455,0.6863493667605726,-0.745714772409964,44.0,173.20000000000005,177.9957401490948,31.914855824870237,-0.8006835698492,-0.5663403058875778,127.0,209.20000000000005,144.7689030883919,40.34733188943938,-0.5715585095426389,-0.9389342570792203,81.0,189.0,150.13418530351439,6.405127459785578,0.2678228426921506,-1.3355041477284348,142.0,159.0,139.83067092651757,8.248153159360763,0.10961061728956274,-1.1866178188184018,129.0,152.0,138.35569755058572,41.95432372282403,-0.5510174548711056,-0.9671030714933968,73.0,185.0,156.31203407880724,7.857732197488251,-0.09597701509268222,-1.3919222069519097,145.0,166.0,116.8626198083067,6.185564798783408,0.2984942297000645,-1.1314034198126075,109.0,126.0,0.014728156887755101,102.08326112068524,0.641084377280486,0.8911385504242088,0.9647519582245431,0.9090909090909091,0.7464646464646465,30.67448489476694,0.5654276105028097,35.168079501139424,26.990460187019,0.7793402612504373,2.7332734576524627,3.9822963685031603,5.762663906791434,10.696085237926754,7.214942436755933,-10.940824171200662,0.07307171853856564,0.10333474844466972,5.0,161.12865488845466,30.67448489476694,739.0,102.08326112068524
48,True,nv,177.9957401490948,31.914855824870237,-0.8006835698491999,-0.5663403058875778,127.0,209.20000000000005,121.94462193823216,45.300594898152326,-0.5007143281407926,-1.0378957244458316,52.0,173.0,118.63471778487752,52.07901046886958,-0.3641213275667325,-1.1540189489655546,40.80000000000001,181.0,57.01171458998935,79.84382300153894,0.8020277800593563,-1.3531426085820437,1.0,178.0,96.5591054313099,49.3699760620455,0.6863493667605727,-0.7457147724099635,44.0,173.20000000000005,177.9957401490948,31.914855824870237,-0.8006835698491999,-0.5663403058875778,127.0,209.20000000000005,144.7689030883919,40.34733188943938,-0.5715585095426392,-0.9389342570792198,81.0,189.0,150.13418530351439,6.405127459785577,0.2678228426921508,-1.3355041477284342,142.0,159.0,139.83067092651757,8.248153159360763,0.10961061728956273,-1.1866178188184018,129.0,152.0,138.35569755058572,41.95432372282403,-0.5510174548711058,-0.9671030714933968,73.0,185.0,156.31203407880724,7.857732197488251,-0.09597701509268239,-1.3919222069519097,145.0,166.0,116.8626198083067,6.185564798783408,0.2984942297000644,-1.1314034198126075,109.0,126.0,0.014728156887755101,102.08326112068524,0.6410843772804858,0.8911385504242088,0.9647519582245431,0.9090909090909091,0.7464646464646465,30.67448489476694,-0.5654276105028092,35.168079501139424,26.990460187019004,0.7793402612504354,2.7332734576523134,3.9822963685016064,5.762663906806503,10.696085237943292,7.214942436767782,10.940824171238805,0.07307171853856564,0.10333474844466972,5.0,161.1286548884547,30.67448489476694,739.0,102.08326112068524
49,False,mel,152.91527987897126,24.57938159323036,-0.6542199227329736,-0.6425579009430296,116.0,180.0,105.90147503782148,35.11014565090256,-0.3198650312089767,-1.0342957155202572,54.0,149.0,102.50907715582451,42.94920469424876,-0.034930503062900076,-1.0858713300329432,42.0,159.0,54.3785930408472,76.6807068134829,0.8715617719553538,-1.2252555081496748,2.0,176.0,95.33055975794251,43.93611306551173,0.4145487082654949,-1.0099231689302224,44.0,162.0,152.92757186081695,24.597006309079372,-0.6512075198269847,-0.6419718947701782,116.0,180.0,126.24149016641452,32.32839782292897,-0.39442005448100836,-0.9531039737357032,79.0,165.0,146.9160363086233,4.819171876168701,0.21780338335174146,-1.1617765441387788,141.0,154.0,138.249810892587,8.148872468375119,-0.3199760652661366,-0.8069016786417054,126.0,148.0,119.58434190620272,32.69534676924476,-0.35436407123916563,-0.9946738865886999,72.0,159.0,151.81694402420575,6.555777236097385,-0.35857463600481565,-0.8964199366636678,142.0,160.0,118.34531013615734,6.668017344930019,0.5969807660264017,-0.45587750682091555,111.0,129.0,0.0928531568877551,273.6639969244288,0.7256561783565811,0.781748835867486,0.9588392673389586,0.7142857142857143,0.6791545189504373,77.01962762128315,0.328700081149921,93.80641869902726,64.54420908236608,0.759620103628844,2.412971573247411,3.6695550821240874,5.498894984979498,-10.130994336218418,-6.7709262189566655,10.434943430286895,0.10688989053444942,0.15081894485046074,5.0,145.213826188074,77.01962762128315,4659.0,273.6639969244288
49,True,mel,175.1155041436464,26.100256025447443,-0.6741655244400634,-0.5753308947600946,136.0,204.0,135.24585635359117,41.93068862511145,-0.3349290944292144,-1.0487296255405714,74.0,186.0,134.61757596685084,46.67081945497852,-0.2149280013493251,-1.1484981224692552,66.10000000000002,194.0,71.17575966850829,82.7608853031626,0.380979443009725,-1.8379009932472203,1.0,177.0,67.93283839779005,40.315873127832916,0.4425729063778477,-0.9972720122668597,21.0,129.0,175.13121546961327,26.12087511464112,-0.6712320433005867,-0.5757387654922015,136.0,204.0,153.1969958563536,36.769031950656256,-0.4147943618961735,-0.9603431609985438,99.0,197.0,143.7284185082873,6.9260822288159725,0.1707447908840982,-1.1666215979142474,135.0,154.0,134.884841160221,6.540647833126307,0.06652292106700503,-1.1019836715615159,126.0,144.0,147.11205110497238,37.577912337633215,-0.3889615550222592,-0.9930291624769119,92.0,192.0,148.00258977900552,8.986685988783657,-0.12286046305476198,-1.2148271042083227,136.0,159.0,120.93352900552486,5.6951413919495275,0.17321915640660077,-1.1045744270438322,114.0,129.0,0.09743702168367346,303.4629867976521,0.6837723142578059,0.6671422499589962,0.9517227954058789,0.9176470588235294,0.7374057315233786,78.89783352038388,-0.6463925098272734,93.32546777798562,68.09916744838571,0.7679518189185829,2.567033288679282,3.674538105186257,5.662799467126786,-10.733791417958795,-7.34299861524783,10.368503662141494,0.10799754551032936,0.13202576761573287,5.0,149.19763354563662,78.89783352038388,4889.0,303.4629867976521
49,True,mel,157.10561233638157,26.04713178286655,-0.3690318445309021,-0.2525344231100548,119.0,184.0,111.39429800968263,37.1600783807072,-0.31468397643548845,-0.8375947522675218,56.0,155.0,108.85816747355209,45.187170387906505,-0.09738991354828681,-0.998841128653654,43.0,168.0,59.41043571812803,78.3641855845362,0.7116340498131261,-1.4771619994580638,2.0,176.0,90.30625784471938,45.05777955673899,0.5632042074686824,-0.827351647024178,39.0,162.0,157.11780527165143,26.06239187078333,-0.36747907477208525,-0.25395698926690935,119.0,184.0,131.36650528958222,33.96133944981802,-0.3563679859160521,-0.7629911984740314,82.0,171.0,146.39035323650708,5.2550035243816025,0.43651928876407997,-0.9188150182741093,140.0,154.0,137.4610005379236,8.503348364503504,-0.1890889998735988,-0.9110535912354676,125.0,148.0,124.79092702169625,34.537088921768145,-0.31396560639334326,-0.7805035479848685,74.0,165.0,151.0851712390174,7.196971845201648,-0.14248645753860925,-1.010342213124312,141.0,160.0,118.99623453469607,7.0264864428289115,0.4788535091002728,-0.7014033179358448,111.0,130.0,0.09257413903061225,277.32085117392114,0.723827917667382,0.7589803520941653,0.9573371805441055,0.7040816326530612,0.6869269446909199,76.90382100581759,0.3030658822733703,93.54563445059905,64.54466737467081,0.7599507721917427,2.4195759842117517,3.6622785312987327,5.500439717768248,-10.11172089970436,-6.762286490183652,10.526969532418848,0.10785791173304626,0.14974246914753014,5.0,149.48435701205852,76.90382100581759,4645.0,277.32085117392114
4,True,mel,126.59558011049724,31.29785586217607,-0.012220794750311964,-1.2038268712996851,84.0,169.0,74.03683241252303,38.52807599258165,0.5212611001797182,-1.211200815241693,33.0,133.0,82.71049723756906,39.93078012062736,0.6924341142280934,-0.9718424965349404,42.0,148.0,135.29723756906077,69.74500550916852,-1.374395583572745,-0.08187037115364237,2.0,178.0,117.02246777163904,42.48711484650475,-0.3816168628388105,-1.265146472269021,52.0,165.0,126.59558011049724,31.29785586217607,-0.012220794750311964,-1.2038268712996851,84.0,169.0,96.40810313075507,36.69390494261681,0.40065187028761523,-1.243187718540641,54.0,151.0,151.8195211786372,5.522882763998685,-0.2421274879133679,-1.1398263838226306,144.0,159.0,133.29539594843462,7.743376958516088,0.08383030960135306,-0.9297922052911027,124.0,144.0,90.75211786372007,36.038347569147135,0.4613949247857856,-1.2311062625616482,50.0,145.0,153.6073664825046,6.765840227598928,-0.16866827863289968,-1.2589146004851035,144.0,162.0,123.44788213627993,6.102119769424321,-0.05476184126324967,-0.9076946717777021,115.0,131.0,0.0439453125,191.89444430272832,0.5555363642991313,0.7524777368824639,0.9666812801402893,0.85,0.7205882352941176,52.985782962423364,-0.3047132090966589,58.49080466634614,48.63465028853602,0.7851123608779902,3.047856799675689,3.728179130926265,6.033005358145444,-11.008893315296268,-7.651170204499057,-11.138346190300878,0.09795918367346934,0.0894402146964041,5.0,143.52997621784934,52.985782962423364,2205.0,191.89444430272832
4,True,mel,127.04697986577182,31.50476317014019,-0.01300164099174258,-1.2024357913081452,84.0,169.0,74.80892222660876,38.98673951508697,0.49856587615295067,-1.241255686622841,33.0,134.0,83.46229767074615,40.38213463942855,0.6734722908292895,-1.0170639338377339,42.0,149.0,133.0296091590999,71.20097936697258,-1.2873013052383973,-0.3168155231456429,1.0,178.0,116.08487958941966,42.83566385919915,-0.3465782507278403,-1.2998249870573302,52.0,165.0,127.04697986577182,31.50476317014019,-0.01300164099174258,-1.2024357913081452,84.0,169.0,97.0777733912357,37.09552589344784,0.385032660686404,-1.262893876864572,54.0,152.0,151.65969206474537,5.6070374313304265,-0.19970518274814186,-1.1850127729648081,144.0,159.0,133.21437031188313,7.65714683928527,0.06077453584094624,-0.8915395911279864,124.0,144.0,91.4240031583103,36.431509490787356,0.44377801009653967,-1.2539284221431952,50.0,146.0,153.45637583892616,6.7762861145175926,-0.12913560240039745,-1.2691618679784649,144.0,162.0,123.49072246348204,6.029963083465413,-0.030161130245687326,-0.8641699987476867,115.0,131.0,0.04059709821428571,177.16652224137047,0.5835482891516082,0.8155255518738936,0.9704621248213435,1.163265306122449,0.7293233082706767,50.92729084317687,1.2019240901014454,56.89029177184288,46.199379446303716,0.7830649189060315,2.941762178269429,3.714575822691417,5.86293802266962,-10.952666846725828,-7.532975731014153,-10.714183681871388,0.09916543937162492,0.09583126284417973,5.0,145.5414063963119,50.92729084317687,2037.0,177.16652224137047
5,False,mel,123.39092315626611,38.31789871136241,-0.1721844598448497,-1.0780871781818744,70.0,172.0,82.23473439917483,32.208944351761694,0.23967901698241223,-0.8339266268530903,41.0,127.0,89.19365652398143,35.82984602112457,0.39275024141778697,-0.5408527041979747,45.0,139.0,138.88274883960804,68.06462698491417,-1.4957077253498945,0.2649010188486165,2.0,178.0,90.86750902527076,18.61041597627525,0.1761872580911962,0.29886350048690247,65.0,113.0,123.39646725116039,38.30797046618493,-0.17106105630962273,-1.080272895913108,70.0,172.0,100.1615523465704,35.672131291319054,0.018489793159717532,-0.9961505304374496,52.0,148.0,146.34205776173286,3.3101092432788004,-0.6368091298471944,0.3189277517750253,142.0,150.0,131.12331098504384,4.944739305475152,-0.12897368809879206,0.2534504801601263,124.0,137.0,95.34775657555441,34.22273919712238,0.11657361824495052,-0.9462600024790091,50.0,142.0,148.03145951521404,4.509275351169206,-0.6789964279639424,0.05440891808160009,141.0,153.0,124.52916451779268,4.26601891141038,0.14936523178153246,0.24344032351153366,119.0,130.0,0.7516143176020408,802.8843430349616,0.35241123002714464,0.7351821727378655,0.955921119334888,0.9464285714285714,0.7941585242587601,219.12937491490544,-0.4253591519989521,228.70693553114825,214.03429840392243,0.788864398312704,3.935905831233164,3.9503197050775047,5.997335115903309,11.122424594299417,7.987590848776414,11.120933015550865,0.08212022379550821,0.07781554866170665,5.0,124.98301342737435,219.12937491490544,37713.0,802.8843430349616
50,False,nv,139.99530120481927,17.78931863336525,-0.974326041510295,0.7170083975066328,115.0,159.0,99.69686746987952,21.566817770396074,-0.5317497533499048,-0.39977160019681124,69.0,124.0,94.07807228915662,24.29282557870088,-0.281012808340394,-0.700332632296401,61.0,124.0,28.275180722891566,59.98801435229536,2.0856891791331265,2.3588717211316172,2.0,177.0,87.20710843373494,25.068876159090344,0.38367246783478975,-0.631010949502055,57.0,122.0,139.99530120481927,17.78931863336525,-0.974326041510295,0.7170083975066328,115.0,159.0,117.7910843373494,20.99828948926114,-0.6804883877430907,-0.061468571143369566,88.0,141.0,143.65975903614458,2.8004552021995965,-0.05574073237352322,-0.6629304847143027,140.0,147.0,137.83493975903613,3.789870256702211,-0.0990875631504329,-0.8054580325579117,133.0,143.0,111.1087951807229,20.599078111176194,-0.6109154781072965,-0.22709035740185168,82.0,134.0,148.62819277108434,3.1087634176526997,-0.28266745836690205,-0.36031616649554454,145.0,153.0,118.35722891566265,3.030126170681383,0.1758611017046633,-0.6013455703456132,115.0,123.0,0.1544563137755102,335.86500705120545,0.6261623718379248,0.8633403723450551,0.9862560447951133,0.8317757009345794,0.8138191746298435,99.3358267278101,-0.26974215846408633,113.11678363741915,88.19632882911993,0.7801029674075992,2.7859873152183976,3.9636036630029303,5.97696513720041,11.438280955834111,7.938942675352951,10.971148047490763,0.07535483870967741,0.10333790067097232,4.0,102.84620914475096,99.3358267278101,7750.0,335.86500705120545
50,True,nv,135.83795588556453,17.606002937456832,-0.9937727087928601,0.7582155756954037,111.0,155.0,108.62415374535925,21.68416790963217,-0.6164160245172408,-0.24967520869406412,77.0,133.0,100.84592705830967,24.617141776810413,-0.3892307215125057,-0.6248653526318404,67.0,130.0,11.594234549028172,29.448086501512936,5.435130495144774,27.824244422135223,2.0,10.0,68.68519327364054,25.16887581314079,0.42445603856258113,-0.597065100355874,39.0,104.0,135.83795588556453,17.606002937456832,-0.9937727087928601,0.7582155756954037,111.0,155.0,122.97532212273423,21.26422656954063,-0.7480056492121326,0.06088394912026596,92.0,146.0,137.691089757589,2.4192369132056,-0.043257208248173855,-0.7235356133514266,134.0,141.0,136.63452718934266,3.4548812837385596,0.0941629247468727,-0.8323819300034758,132.0,141.0,115.8783577200262,20.698225045571853,-0.683146095374435,-0.10232465989064954,86.0,139.0,142.2515833151343,3.0565813705530966,-0.2880233765708078,-0.5867208476011432,138.0,146.0,119.49595981655384,2.9582770662720628,-0.028460847702836686,-0.823048611696346,116.0,123.0,0.16161112882653061,360.38686835190333,0.5999210324773996,0.7845836409551425,0.9814814814814815,0.8782608695652174,0.6981489453293156,101.61052833371862,-0.4560084596372811,114.23318019398138,91.39330899301795,0.7826338083804393,2.882629144049643,3.9523014601939748,6.099692824192628,13.064245565318659,-9.322591023361865,-11.125718784923349,0.07830805278086073,0.0956948039447541,4.0,72.22296525211055,101.61052833371862,8109.0,360.38686835190333
50,True,nv,133.7342471810745,17.660546001093614,-0.9604930057751556,0.638631858630236,108.0,153.0,82.38890117178863,20.924164909734387,-0.43456098807952453,-0.553556454451599,53.0,107.0,81.6705726287862,23.85464844247653,-0.15774931972349818,-0.7588478355073582,50.0,112.0,61.77183285430024,82.90486722114379,0.6651433202223896,-1.555676995638271,1.0,178.0,105.69212911784214,25.403525522129424,0.4275189165885597,-0.5862107859602896,76.0,141.0,133.7342471810745,17.660546001093614,-0.9604930057751556,0.638631858630236,108.0,153.0,104.04764536811851,20.492850909740138,-0.6064732561734609,-0.20840172965222648,75.0,127.0,149.50961751050187,2.837259268873575,-0.0854228953374993,-0.7631811504004351,146.0,153.0,137.73877957108115,4.18193550664581,-0.28079828034521237,-0.6171709233335405,131.0,143.0,97.66206057926155,20.110373969383545,-0.5288387548497937,-0.3642513381331387,69.0,121.0,153.75668803891222,3.076184082452832,-0.30938513968152415,-0.2551963893081153,150.0,158.0,118.94859606455893,3.1578191029327844,0.4074156848766116,-0.31854514282051216,115.0,124.0,0.16087372448979592,358.97770542341357,0.7150511569217878,0.7871473954617377,0.9785428536792339,1.4069767441860466,0.7757063232750336,101.37844743880345,1.561591866199363,121.92383206121039,85.23355298046184,0.7661162017301902,2.4604994008842023,3.9420511190781284,5.507974249548551,10.311401986010539,6.850471116620295,10.492193311755535,0.07507433102081273,0.13789795755180925,5.0,125.96893874436682,101.37844743880345,8072.0,358.97770542341357
51,False,mel,173.7887537993921,27.793610003169448,-0.8639410870138277,0.021540391548322546,132.0,204.0,116.75312394461331,38.76355003193754,-0.205469141217646,-0.9047309926715594,63.0,168.0,89.96335697399527,46.56224576023984,0.3453638396921343,-0.9665857715706134,34.0,161.0,13.609591354272204,27.09578546324425,5.811358760596791,32.12980773973681,6.0,12.0,130.2083755488011,50.783760711519385,-0.23985984456150933,-0.8608342810422349,54.0,190.0,173.7887537993921,27.793610003169448,-0.8639410870138277,0.021540391548322546,132.0,204.0,138.8515704154002,34.691910112009005,-0.35468313977968086,-0.7138828970758886,90.0,183.0,148.02668017561635,6.028158966792269,-0.09812526839622565,-1.2496590899272144,140.0,156.0,152.54593042890914,9.743467463415046,-0.700998479625918,-0.5099354995392789,136.0,163.0,130.76578858493752,35.98138789758804,-0.26909501279171205,-0.8218923371481788,81.0,178.0,158.7303275920297,7.69397731502321,-0.7100361757021654,-0.704137858398155,146.0,167.0,104.96690307328605,8.315619603034085,0.6907247825494672,-0.34841563351294846,96.0,119.0,0.10670440051020408,286.2081528017131,0.750617150315249,0.8213423745012365,0.9736315693762502,0.6831683168316832,0.7682594346391161,82.5646687301055,-0.13678797119371489,101.96332480461729,67.37098072971106,0.7585824027439689,2.3301468129673832,4.266400583620895,5.746846223611642,-10.758815686670646,-6.930768205540858,-11.560497439057839,0.05715353007097501,0.1549986287636996,5.0,105.67315617793308,82.5646687301055,5354.0,286.2081528017131
51,True,mel,176.7677733065057,28.18785004832757,-0.7882880824898663,-0.02116460362779682,135.0,207.0,119.75586854460094,39.71136334061548,-0.23222291302146306,-0.9001398085614909,65.0,171.0,93.12810194500335,47.51547478188721,0.3011007271562607,-1.0026815129386677,36.0,165.0,13.585513078470825,27.225446079116953,5.789478897913538,31.89010997551282,6.0,12.0,127.86737089201878,51.02043897191187,-0.1957113547667887,-0.8919714262566987,51.0,189.0,176.7677733065057,28.18785004832757,-0.7882880824898663,-0.02116460362779682,135.0,207.0,141.7771629778672,35.32115008688647,-0.359229272718576,-0.7244122695466007,92.0,186.0,147.92873910127432,6.269820538408043,0.0063922090588842,-1.2641550732170357,140.0,156.0,152.35731052984573,9.839690659967562,-0.6845978002149279,-0.5984631898376476,136.0,163.0,133.78336686787392,36.76503809995526,-0.2808597341924189,-0.8220043872998888,83.0,181.0,158.70154258886654,7.9349377475213565,-0.6517847905960984,-0.8202659070481224,146.0,167.0,105.04963112005366,8.422799186825813,0.6822596519972519,-0.4340661197255469,96.0,119.0,0.10670440051020408,286.2081528017131,0.7506171503152489,0.8213423745012365,0.9736315693762502,1.463768115942029,0.7682594346391161,82.5646687301055,1.4340083556011816,101.9633248046173,67.37098072971106,0.7585824027439694,2.3301468129673815,4.266400583620813,5.746846223611369,-10.758815686670074,-6.930768205540454,-11.560497439062244,0.05715353007097501,0.15499862876369963,5.0,106.4337350993564,82.5646687301055,5354.0,286.2081528017131
51,True,mel,181.4426559356137,27.93423515480182,-0.811361302856743,-0.04261460895233382,140.0,212.0,94.49849094567405,45.764584717397874,0.13530064037961642,-0.991622886265318,36.0,161.0,89.82075788061704,49.31129200780763,0.43221354748159224,-0.8807038751194098,32.0,166.0,43.39738430583501,73.9388832115368,1.2401218920017643,-0.4585613458284068,1.0,178.0,137.83802816901408,51.48347513334786,-0.2084470363151208,-0.9123682969761364,61.0,199.0,181.4426559356137,27.93423515480182,-0.811361302856743,-0.04261460895233382,140.0,212.0,129.656103286385,36.66529248958489,-0.0207397443227897,-0.8949036203729168,81.0,181.0,162.62072434607646,9.410046417880064,-0.6605174535033861,-0.8485145853923264,148.0,173.0,148.41398390342053,9.928659626671816,-0.566167678668893,-0.6509025127105099,133.0,160.0,119.95791415157612,40.293911890274465,-0.005278674664466803,-0.9423011636979051,66.0,176.69999999999982,171.84792085848423,11.546228956756337,-0.8331782927105287,-0.43748710243250066,153.0,184.0,110.99111334674716,7.005130449672667,0.7306241436281876,-0.23054859962180307,103.0,122.0,0.10670440051020408,286.2081528017131,0.7506171503152489,0.8213423745012365,0.9736315693762502,1.463768115942029,0.7682594346391161,82.5646687301055,-1.4340083556011813,101.9633248046173,67.37098072971106,0.7585824027439689,2.3301468129673837,4.266400583620895,5.746846223611642,-10.758815686670646,-6.930768205540858,11.560497439057839,0.05715353007097501,0.15499862876369958,5.0,153.35659349968648,82.5646687301055,5354.0,286.2081528017131
52,False,vasc,190.17945274467013,19.973110869372007,0.07170905180949305,-0.9344083389447024,166.0,218.0,113.41363102232667,22.990165888362966,0.3546278126137363,-0.07874089676047502,87.0,144.0,133.678193721672,24.07356840772101,0.18963366713632607,0.2664298917761134,104.0,165.0,169.6949806949807,18.889422179021448,-8.47945265365174,73.21145595927018,166.0,177.0,104.21571260701695,17.461013477369274,-0.021129703370937974,0.2959210570995432,83.0,126.0,190.17945274467013,19.973110869372007,0.07170905180949305,-0.9344083389447024,166.0,218.0,144.6128923955011,20.533252508973945,0.2511310388626271,-0.3176969552105464,121.0,172.0,160.91707235185496,3.782775380895524,-0.3756581096994792,0.24333148816873473,156.0,166.0,130.17374517374517,5.853352721341741,0.11247038908446777,-0.7050841580645568,123.0,138.0,138.6976666107101,21.59980794982162,0.273460654364041,-0.2695931758571186,114.0,168.0,164.7664932012758,5.070134140760028,-0.2803126219495187,-0.3292787150791363,158.0,171.0,125.16014772536512,5.176800611811363,-0.07737993867358528,-0.7067172717516144,118.0,132.0,0.10973373724489796,287.237590053236,0.43944521972127887,0.8386167306775831,0.9678326595183688,0.9302325581395349,0.8002906976744186,83.7284714616946,0.41419967718308326,88.87490934701236,79.8336106971213,0.7904666388716898,3.5231767180676714,4.503684066992717,6.338611991529658,11.808045984583915,8.10221391443602,12.10992251283159,0.057210316018888485,0.06742925698269141,5.0,56.32354652576273,83.7284714616946,5506.0,287.237590053236
52,True,vasc,201.25368638021246,21.62121152896584,0.019328493744387106,-0.9013745057768423,174.0,229.0,136.9579831932773,26.55703933578178,0.2979193997843875,-0.5656385474418912,105.0,173.0,134.57555097510703,26.928261047772434,0.33868023566940625,0.06292226391038236,103.0,170.0,66.07959410179166,83.39570441067497,0.5684575038100814,-1.6735203531979557,0.0,178.0,89.22260979863644,18.181481473343055,-0.11692142114734144,0.4001010397703664,67.0,111.0,201.25368638021246,21.62121152896584,0.019328493744387106,-0.9013745057768423,174.0,229.0,161.69573489773268,23.46389065059536,0.19003531186171108,-0.6543799741171266,133.0,193.0,152.4246075788806,4.308186699085537,-0.38327564869788133,-0.24027126019552503,147.0,158.0,139.4599651181227,5.140867099836751,-0.15522880567000602,-0.6571332230706477,133.0,146.0,155.92135722213413,24.71763801122591,0.22401154832260084,-0.6227903080897526,126.0,189.0,160.3767242746155,4.640097658720782,-0.4435201626410756,0.7835082522787267,155.0,166.0,115.9342000951324,4.736897143912091,0.23138845160842667,-0.6282073271874924,110.0,122.0,0.10851801658163265,310.78888860545663,0.40726599571047684,0.7083971108647633,0.9603174603174603,0.9361702127659575,0.6582446808510638,83.26337322666528,0.17894758687973916,87.6643315651276,80.06467479385469,0.7910408569748034,3.669431428375417,4.496326610097828,6.45292434682843,11.95448721475808,8.296178727964037,-12.394078708921217,0.060055096418732745,0.06569256544680215,5.0,123.19839741298387,83.26337322666528,5445.0,310.78888860545663
52,True,vasc,163.25086723431093,19.55807026828263,0.027933772312851532,-1.0238459502549249,139.0,190.0,89.69741406496374,22.86339513744107,0.3627566775640274,-0.17028119058456959,64.0,120.0,109.13844213181962,23.40533934335067,0.1939912614032625,0.19432039078508545,80.0,139.0,170.39735099337747,15.630684651167792,-10.142005717612236,107.47818236820792,166.0,177.0,116.8246609902239,21.273604038702768,0.01331688311799608,0.33314817378399963,91.0,142.0,163.25086723431093,19.55807026828263,0.027933772312851532,-1.0238459502549249,139.0,190.0,120.54399243140965,20.754809035351766,0.25225349128748137,-0.43833699483374033,97.0,148.0,160.50110375275938,3.790340514557112,-0.5415356058765645,0.5099210664947806,156.0,165.0,130.64333017975403,5.770486967883722,0.11288259797460193,-0.6696473062617012,123.0,139.0,113.93282876064333,21.38928054298067,0.2662825424438057,-0.3714861091815034,89.0,143.0,163.22406181015452,4.837188539062356,-0.32773850338291655,-0.20929810879424782,157.0,170.0,125.28429517502366,4.8060198211734955,-0.03775034309628319,-0.6674185839025539,119.0,132.0,0.11055086096938775,308.97770542341357,0.5633091385208692,0.7301527792462406,0.9595225739491438,0.8191489361702128,0.766371925946394,84.03963204730223,-0.02523925806242373,93.0241561469313,76.86085729471789,0.7849844111468832,3.0189861534686457,4.5018316782656305,6.025985662509812,11.376041805431283,7.613058719017718,11.532301788663183,0.05895078420767985,0.08815517017937795,5.0,56.46235895815319,84.03963204730223,5547.0,308.97770542341357
53,False,nv,141.79581375480564,30.68002172439438,-1.0644391331971539,0.3655635380055222,89.0,173.0,102.56129859034601,41.09227618115226,-0.32090490162402396,-0.8615446730466321,37.0,155.0,106.48141819735156,47.24511615284084,-0.059607238211123854,-1.0986497503882964,38.0,170.0,104.76975651431012,81.0931584118237,-0.453098698081402,-1.7474546474234038,1.0,179.0,82.75565997436993,44.51853708480816,0.42038659438194,-0.9499923759915618,28.0,149.0,142.13028620247758,31.09836993897389,-1.003367088411136,0.31770194472591307,89.0,174.0,120.70098248611704,39.188471570508916,-0.5311967095384087,-0.5630457247454799,57.0,168.0,145.00042716787698,5.4288532388951785,-0.08266528528812538,-1.133703298485617,137.0,152.0,132.87654848355405,7.290380410074621,-0.23401764694106628,-1.0825708078292922,122.0,142.0,114.75395130286202,38.366085893060756,-0.4464491014978085,-0.6999584003748414,52.0,162.0,147.31866723622383,7.612414663038305,-0.35897739049443295,-1.0133939967140821,136.0,157.0,123.31183255019222,6.222293984870548,0.36903444075414255,-0.9103827262901021,116.0,133.0,0.04079639668367347,172.95331880577402,0.6469526373146715,0.8599434767907246,0.9664778092540132,1.288888888888889,0.7842911877394636,51.052143422905154,-1.551755742730189,58.613163135518334,44.69430620739138,0.7801914136633428,2.715005063056593,5.549246209358762,6.751707256751915,13.034675207475933,8.862608616252363,13.07235531541138,0.035661944308744475,0.10558885290523155,5.0,156.71006543560574,51.052143422905154,2047.0,172.95331880577402
53,True,nv,147.65396952686447,31.90690633535657,-0.8790020957488148,0.45933821802473185,96.0,178.70000000000027,110.62670408981556,43.86800141696693,-0.3759110945430496,-0.7952340474535515,42.0,163.0,115.56455493183641,50.17474319129835,-0.17348757862051997,-1.0892171170982203,42.0,180.0,110.90016038492382,77.82532963381914,-0.6446310695359995,-1.505403628615922,1.0,179.0,76.13111467522053,46.01098211667841,0.6114962799033834,-0.7196324389476021,25.0,147.0,148.26383319967923,32.54899704141449,-0.8184573664121693,0.35804088775514353,96.0,183.0,128.2381716118685,41.20763492908197,-0.5446126063071515,-0.49879815638634994,64.0,176.0,144.14635124298317,6.0536753698629475,0.11133147080401203,-1.188266292349397,136.0,153.0,131.8925421010425,7.619226126679697,-0.08257605013624929,-1.254450875530598,121.0,141.0,122.26343223736968,40.68113889946048,-0.463345000608084,-0.6211348703659256,59.0,169.70000000000027,146.130713712911,8.472782674117115,-0.17779371630619112,-1.2211179034513033,134.0,157.0,124.19566960705694,6.578332919997106,0.2252208248705366,-1.1497183717647044,116.0,134.0,0.03977997448979592,178.23759005323592,0.4635795497472539,0.7895357473363601,0.960538979788258,1.1,0.7258181818181818,50.41216253337467,0.9604519606492904,53.69994520294045,47.5811212506537,0.7926717440296641,3.4241685917373665,5.399815713163513,7.031644011560773,13.403556954087284,9.829217143112748,13.392364984576554,0.03356713426853708,0.058467117152475684,5.0,156.38530879191202,50.41216253337467,1996.0,178.23759005323592
53,True,nv,132.43613840239215,30.284354374862378,-1.1270397144876079,0.454916380325185,81.0,163.0,95.44767193507049,40.791375112383534,-0.24870896901044667,-1.0055231655111943,33.0,148.0,108.46134130713371,42.78460876626645,-0.16843296732566007,-1.0908616435785878,45.0,164.0,165.47415634344298,11.529537618712858,-1.5164965282588778,1.5389612126528949,146.0,175.0,82.03716360529688,45.01879510083286,0.4139006456288533,-0.9204937214028361,27.0,148.0,133.16018795386586,31.117907871685066,-1.0147609909931588,0.3404428711739311,81.0,165.0,113.43400256300727,39.048393579983134,-0.5032552503836523,-0.6527298459538544,51.0,161.0,145.63605296881676,6.413753281278488,-0.17138182342368932,-0.9805311192132837,136.0,154.0,127.30371636052969,4.480870044451176,0.0604451086107089,-0.8064317455378296,121.0,133.0,108.00469884664673,37.495999777032665,-0.4306303736132491,-0.7845815132897367,48.0,154.0,145.44809910294745,7.874901436593124,-0.2615341862875365,-0.8530331547649355,134.0,155.0,128.25929090132422,3.9073863187608393,0.16977229554251255,-0.8286839958510903,124.0,134.0,0.04079639668367347,172.95331880577402,0.6469526373146712,0.8599434767907246,0.9664778092540132,1.288888888888889,0.7842911877394636,51.052143422905154,1.551755742730189,58.61316313551833,44.694306207391385,0.7801914136633435,2.7150050630565983,5.549246209361362,6.751707256752005,13.034675207471214,8.862608616228776,-13.072355315420138,0.035661944308744475,0.10558885290523154,5.0,87.66624059123079,51.052143422905154,2047.0,172.95331880577402
54,False,mel,147.45303289598783,40.08097111957319,-0.2158506980392428,-1.2362387528547591,90.0,196.0,78.03489256512646,39.32845220602414,0.5593492552569289,-0.5736203142455158,32.0,138.0,82.46372884578817,36.77671517547728,0.7541551468070165,-0.28444025146833285,42.0,140.0,121.14299296444192,81.37638995107858,-0.7955709391171468,-1.3649437771412485,0.0,178.0,129.65326107625023,32.64961968008715,-0.6971613234623953,-0.2614283198485383,78.0,166.0,147.45303289598783,40.08097111957319,-0.2158506980392428,-1.2362387528547591,90.0,196.0,105.89137668758319,39.1461314089223,0.21018324968778335,-0.9405821368789975,55.0,161.0,157.5531945236737,5.197256886724597,-0.6862594154185482,0.32025654587600005,150.5,164.0,139.02039361095265,4.570912664976173,0.09356131539522643,-0.7749799517777518,133.0,146.0,99.31122837041262,38.772751626310345,0.32456236086091816,-0.8605645425725919,51.0,155.0,162.38286746529758,6.48131423255666,-0.22509470929427233,-0.8480033934072777,154.0,171.0,118.47979653926602,4.223203126053152,-0.1740169751980377,-0.8441583981100287,112.0,124.0,0.3987563775510204,548.6589462905454,0.6720583303267748,0.8352348609394444,0.9825664194863233,0.7624309392265194,0.801024901913684,159.6088243521051,0.187265322269833,185.7834064779942,137.57228014852805,0.7774441573658543,2.624991761240533,5.012901941427869,6.811904894970694,-12.827601493138344,-8.283230070734708,12.935252801347668,0.03088764494202323,0.11095935936402113,5.0,154.1069807507389,159.6088243521051,20008.0,548.6589462905454
54,True,mel,148.67641799257188,40.529378746791565,-0.22004539217622726,-1.2332379406427583,90.0,198.0,79.91549360355816,40.85854343950993,0.5632530737896696,-0.6148917103043492,32.0,143.0,84.34375716447339,38.45163356512654,0.7512312061328194,-0.3585142836747077,42.0,147.0,122.08730340685038,80.99518554996948,-0.8224105997542552,-1.3215228552054825,0.0,178.0,127.89751937273603,34.108613199889064,-0.7009222332481067,-0.3537410142804447,72.0,166.0,148.67641799257188,40.529378746791565,-0.22004539217622726,-1.2332379406427583,90.0,198.0,107.53344949332845,40.25210676559607,0.22196325780292325,-0.9490342726272942,55.0,166.0,157.23173919024256,5.466435754280799,-0.7450492768896381,0.2898266341826554,149.0,164.0,138.8474941537897,4.621095301175266,0.12050552918458586,-0.7889624858263451,133.0,146.0,100.99321381081205,39.98384113274223,0.33361338489863496,-0.875842740530373,51.0,160.0,162.05653629235636,6.669968620268421,-0.23801130194062822,-0.8135297004702866,153.0,171.0,118.5927369434637,4.221821183858951,-0.2197028473943291,-0.8546567827089464,112.0,124.0,0.40457589285714285,588.2274887854692,0.5994242775155619,0.7372508299607325,0.9772300582486882,0.7837837837837838,0.7567567567567568,160.76928424958484,-0.012274141421627803,179.99730634896108,144.07550821994477,0.7860573358237128,2.891230703333185,5.010227392867688,7.05411277243269,-13.268151388126283,-8.811268136266754,13.20940546649968,0.03142857142857147,0.08436214517251103,5.0,155.6331774966501,160.76928424958484,20300.0,588.2274887854692
54,True,mel,180.9488971287317,43.29518011777484,-0.22083089287264746,-1.2460654084438183,119.0,233.0,105.96615326107624,42.58631710870461,0.5563541948469869,-0.5779376741511992,56.0,171.0,110.84421943335235,39.71686043733588,0.7553611042284852,-0.2813837757513422,67.0,173.0,121.04625404069215,81.36915473220749,-0.7936173320614377,-1.3679812850399438,0.0,178.0,112.15563795398364,25.43189066906664,-0.9950543627386009,0.20800175683580235,70.0,138.0,180.9488971287317,43.29518011777484,-0.22083089287264746,-1.2460654084438183,119.0,233.0,135.20298535843315,40.936142845285325,0.22329688586389584,-0.9415371531486736,82.0,193.0,158.6241680927933,5.456907682880491,-0.6886602768732434,0.39484367747097915,151.0,165.0,138.59136718007227,4.78533977058098,0.1169163133621735,-0.8255237124157104,132.0,145.0,128.95835710211065,41.93376957361733,0.32006692195249287,-0.8704424682142937,76.0,190.0,165.1383818216391,7.038326374196189,-0.24252054442990714,-0.7792199762651943,156.0,174.0,117.75423084236547,4.589227433433449,-0.14644906616499442,-0.88071460103754,111.0,124.0,0.3987563775510204,548.6589462905454,0.672058330326775,0.8352348609394444,0.9825664194863233,0.7624309392265194,0.801024901913684,159.6088243521051,-0.18726532226983283,185.78340647799425,137.57228014852805,0.7774441573658541,2.6249917612405334,5.012901941427858,6.811904894970677,-12.827601493138529,-8.283230070734861,-12.935252801347284,0.03088764494202323,0.11095935936402113,5.0,150.09622551904897,159.6088243521051,20008.0,548.6589462905454
55,False,mel,176.51619672131147,21.69364113133319,-0.2121384196888801,-1.0742549762216085,147.0,204.0,122.73167213114755,34.49658001804936,0.03139943317689732,-1.2702246558837562,78.0,169.0,105.87554098360656,43.71784778407179,0.21187450208174297,-1.251021564995375,53.0,167.0,18.608131147540984,42.83245758077664,3.388641981182192,9.527921136118303,4.0,9.0,107.77731147540983,44.87809626727848,-0.07176332293321895,-1.310858762724854,46.0,164.0,176.51619672131147,21.69364113133319,-0.2121384196888801,-1.0742549762216085,147.0,204.0,144.24354098360655,30.113657365395714,-0.009940180939536499,-1.238997414191236,105.0,184.0,147.44813114754098,5.507952353673851,0.015561075429499718,-1.3780047164828904,140.0,155.0,146.327868852459,8.755643260254104,-0.4056738030881355,-1.1305553069120247,134.0,156.0,136.90347540983606,31.609218323196377,0.012347463655812909,-1.250713750316314,96.0,179.0,156.31383606557378,7.527470916539964,-0.38526739334612853,-1.2091918359670475,145.0,165.0,110.49967213114753,7.207775848303501,0.6014250574708067,-0.8825726973130155,103.0,121.0,0.13926977040816327,322.2497833620557,0.36527335344545375,0.8456243735405837,0.9681352175117761,1.0425531914893618,0.7585757707338254,94.32601941463086,-1.2890351387647907,98.14320611680098,91.36154047689737,0.793706863795467,3.879032825759615,4.908193186723895,6.737818340710229,13.037270973573564,8.771567797253425,12.586484811301816,0.06353749284487697,0.05126818335042708,5.0,109.40419497938832,94.32601941463086,6988.0,322.2497833620557
55,True,mel,176.4862950819672,21.697729178867636,-0.2097455833273295,-1.0771403056922502,147.0,204.0,122.73744262295082,34.50447794200032,0.031032490154409606,-1.2687970840626657,78.0,169.0,105.90675409836065,43.71135832006864,0.2109724236551498,-1.2536414837174823,53.0,167.0,18.276590163934426,42.280651190518924,3.4453776357283576,9.918481170815824,4.0,9.0,107.70596721311476,44.86139934595903,-0.0702670213720122,-1.3153215449945657,46.0,164.0,176.4862950819672,21.697729178867636,-0.2097455833273295,-1.0771403056922502,147.0,204.0,144.23790163934427,30.124242068258688,-0.0094090280756669,-1.2388710030659722,105.0,184.0,147.43960655737706,5.509984247035553,0.02088290991722902,-1.369288303141961,140.0,155.0,146.3055737704918,8.745524480628891,-0.40348646761074664,-1.137081100376384,134.0,156.0,136.90518032786886,31.611399573575806,0.01258064790834161,-1.2506679741272573,96.0,179.0,156.29009836065575,7.522820385181493,-0.38055856942822935,-1.2104518890508371,145.0,165.0,110.51632786885246,7.20005662254901,0.5986344951923893,-0.889009720395256,103.0,121.0,0.13926977040816327,322.2497833620557,0.36527335344545436,0.8456243735405837,0.9681352175117761,1.0425531914893618,0.7585757707338254,94.32601941463086,-1.2890351387647911,98.14320611680098,91.36154047689733,0.7937068637954674,3.879032825759611,4.908193186724116,6.737818340708701,13.037270973568104,8.77156779725127,12.586484811300048,0.06353749284487697,0.05126818335042708,5.0,108.83977971534559,94.32601941463086,6988.0,322.2497833620557
55,True,mel,185.14825581395348,22.046365141448216,-0.2083624239175823,-1.1326762636044037,154.0,213.0,127.50218023255815,44.315765903904754,0.1113007252029757,-1.3123393206898488,71.0,189.0,124.97093023255815,48.60683238957895,0.16970732613155526,-1.3183742385504262,64.0,194.0,54.70094476744186,79.71916294698458,0.8499134887398553,-1.2736526175473482,1.0,178.0,89.71850775193798,45.90747590000598,-0.017042573306126633,-1.3683320870015987,27.0,149.0,185.14825581395348,22.046365141448216,-0.2083624239175823,-1.1326762636044037,154.0,213.0,151.09786821705427,36.14948796250958,0.0737805345548531,-1.2985344778718253,104.0,201.0,150.66981589147287,9.662296347273672,-0.19087132672445709,-1.362068357487608,137.0,163.0,139.50981104651163,7.723974848761263,-0.16349448035900874,-1.3156074486786558,129.0,149.0,144.4670542635659,38.0175255364126,0.06741851143986513,-1.3031293588411323,95.0,197.0,157.0593507751938,11.949652729418581,-0.3719608017695894,-1.2655755876890147,139.0,171.0,116.99091569767442,6.215235861697972,0.44091540560516707,-1.1881875095535661,110.0,126.0,0.14415258290816327,347.7766952966369,0.31267786973726247,0.7514972167141106,0.9604302217500996,1.0515463917525774,0.7310491206791995,95.9653147083332,-1.3705643256409952,98.85358691981892,93.89699158808394,0.7941899742090841,4.166518588104712,4.910174408440003,6.8602219781956375,13.384120000314084,8.986341378159082,12.757198390929418,0.06401216645928387,0.048398473499692375,5.0,147.67300398843878,95.9653147083332,7233.0,347.7766952966369
56,False,nv,172.23415682062299,49.41382449635646,-0.6659427993951559,-0.5488899688000441,94.0,227.0,99.04940923737917,45.23894939778723,-0.21995743848460161,-1.0952220098340157,31.0,156.0,89.87755102040816,42.73873418075304,0.21002130242577718,-1.2472689247854962,34.0,149.0,27.198711063372716,58.86245539982445,2.11711640200591,2.4940038530190076,1.0,174.0,132.29967776584317,33.58362264386354,-0.0004650239793740141,-0.9817054006643939,87.0,174.0,172.23415682062299,49.41382449635646,-0.6659427993951559,-0.5488899688000441,94.0,227.0,126.73899033297529,45.900461757245644,-0.4445524404530803,-0.8403758197364097,56.0,181.0,156.70998925886144,3.1156886368741863,-0.5767394219754446,-0.0005863030692117022,153.0,160.0,146.46079484425348,6.411700419415276,-0.545452895894746,0.3832016113466885,138.0,155.0,119.90332975295381,45.89790776664313,-0.30915176035755165,-1.0142073822259567,50.0,176.0,165.37916219119228,5.41442118450049,-1.347935275800102,2.723805177236038,159.0,171.0,111.05692803437164,6.046541902057628,0.8416691284754734,0.6322844406339292,104.0,119.0,0.014150191326530613,100.42640687119285,0.7674286867508401,0.8846517965379448,0.9752747252747253,0.6486486486486487,0.7995495495495496,30.066594033278285,-0.10858268805577108,37.68127916362649,24.158761130795508,0.7535836654186895,2.266101996436528,3.909697563730356,5.3826885071132535,-10.128104296887978,-6.596490460572524,10.2466786053918,0.06760563380281692,0.1700493181918737,5.0,141.85990254004446,30.066594033278285,710.0,100.42640687119285
56,True,nv,181.47879359095194,48.75690118006048,-0.6521076179425745,-0.5666833530095863,105.0,231.0,110.2525918944392,48.92127883140221,-0.31723795733084703,-0.9552389090411282,37.0,167.0,102.04335532516494,46.912154511988525,0.011710680762752146,-1.2646461939785398,38.0,161.0,26.38077285579642,58.13055415897607,2.1728738137824855,2.732944186533838,1.0,173.0,122.91140433553251,38.05749497357957,0.43509106211185195,-0.581970807615682,79.0,174.0,181.47879359095194,48.75690118006048,-0.6521076179425745,-0.5666833530095863,105.0,231.0,137.10838831291235,47.513463892155,-0.4792607223141273,-0.7893980448336335,63.0,190.0,155.57115928369464,3.751955503213908,-0.46706943702262665,0.7907161277830954,150.0,160.0,145.19792648444863,5.894648081279791,-0.25035935393372777,-0.005943269151451158,137.0,153.0,130.6248821866164,48.38424883624782,-0.3770415133721316,-0.926226272309123,56.0,185.0,164.3129123468426,4.489816008023923,-0.4277713294208612,0.9510325971601996,159.0,170.0,111.86710650329877,5.482923710884803,0.777059697755332,0.7710850897957315,105.0,119.0,0.014409279336734694,110.19595949289332,0.8217513590674718,0.7481984770706753,0.9563492063492064,1.0303030303030303,0.6443850267379679,30.340603007249587,0.8331783597043642,40.33034204455254,22.98209259108802,0.7298688340931756,2.045027214597831,4.003811806872412,5.327361212609073,-10.233942127135517,-6.522261150026771,-10.07978661644645,0.06500691562932226,0.19610643308537487,5.0,144.94495031261613,30.340603007249587,723.0,110.19595949289332
56,True,nv,177.14854368932038,49.530418944238505,-0.7541874939889069,-0.44890342730669364,98.0,229.0,104.57087378640777,46.36466186774453,-0.3299369423546865,-1.0984694775025752,33.900000000000006,159.0,95.43300970873787,44.10115113824527,0.052680546483803964,-1.3638625909744757,35.900000000000006,153.0,23.880582524271844,55.26555759215087,2.3741060011653654,3.651976465485175,1.0,171.0,127.71456310679612,34.03724518465883,0.12221000260011756,-1.0520098778223699,84.0,172.0,177.14854368932038,49.530418944238505,-0.7541874939889069,-0.44890342730669364,98.0,229.0,131.88155339805826,46.55967618154838,-0.5387555415647124,-0.7972728929856885,58.0,184.10000000000002,156.2398058252427,3.197961723597882,-0.34486666851701575,-0.7082121335600426,152.0,160.0,146.10291262135922,6.064466877387333,-0.4917386795755436,0.6740043708340466,139.0,154.0,125.24174757281554,46.78731888660083,-0.4128013134223052,-0.9957339834302354,52.0,180.0,165.06699029126213,5.088763337086587,-1.2944259527871889,2.3800157304048444,159.0,171.0,111.16310679611651,5.664280694378686,0.9027698219969681,1.1545772376914867,104.0,118.0,0.01428970025510204,102.66904755831214,0.7753703204556153,0.854771342478528,0.9663072776280324,0.631578947368421,0.7861842105263158,30.2144461073691,-0.06164657654750552,38.184766928106015,24.11394080928173,0.7501029575587579,2.2336810077926703,3.9271690922071985,5.365621705281577,-10.148415037466508,-6.596019142606427,10.17763114744659,0.07112970711297073,0.17675115489671867,5.0,138.8332217210482,30.2144461073691,717.0,102.66904755831214
57,False,mel,123.65521753352961,40.80055368883033,-0.5734248097617946,-0.92634764466596,60.0,169.0,81.45567549885509,43.11561866795765,-0.1521795414282844,-1.3394372798084668,21.0,136.0,70.39777559699051,46.75279788630407,0.27813989880096385,-1.3078363718209727,15.0,138.0,34.89924762839385,62.89769504488451,1.7695766970938323,1.1494919939734007,2.0,175.0,127.81452404317959,56.23607256105935,-0.005638730522860727,-1.2916945163010007,50.0,201.0,123.65521753352961,40.80055368883033,-0.5734248097617946,-0.92634764466596,60.0,169.0,98.45109584560026,44.58516286908804,-0.3131980468813707,-1.1957051880325045,33.0,153.0,144.85279685966634,3.7142696915358977,0.24869067863833189,-0.8757489185146832,140.0,150.0,142.27216225057245,8.268901603498266,-0.03219257611558486,-0.8948038740692406,131.0,154.0,92.81615963362773,42.49138796199647,-0.20620871217190395,-1.2902088342482738,32.0,146.0,150.0245338567223,5.041572672135346,-0.040139202748505014,-1.015193180966248,143.0,157.0,115.34412823029113,6.761993720648824,0.06870006882785326,-0.8938989347591466,106.0,125.0,0.05237563775510204,208.45079348883235,0.7872741748141212,0.760025422734555,0.958075100255195,0.8333333333333334,0.6083333333333333,57.84525497881402,-0.5729913215553624,74.41167596813865,45.882469519469744,0.740521345100677,2.176422320633867,3.774798216707296,5.2593600605297715,-10.487025643748227,-7.472334850718238,-9.784832793644775,0.10882800608828003,0.1802916453037545,5.0,159.93432129477418,57.84525497881402,2628.0,208.45079348883235
57,True,mel,142.4110484110484,45.09011242490946,-0.640480646216498,-0.8503277560567382,71.0,191.0,96.82269082269082,48.41380985198401,-0.2268492382370501,-1.3361483818822817,27.0,157.0,85.8090288090288,53.39803021077013,0.180289593844987,-1.4001263342795027,20.0,161.0,40.75824175824176,67.67334759484685,1.4679976317096721,0.1691442819912683,2.0,175.0,118.56370656370656,54.441861385739465,0.039913242049421364,-1.3677350321368773,46.0,189.0,142.4110484110484,45.09011242490946,-0.640480646216498,-0.8503277560567382,71.0,191.0,115.17820017820017,48.77955442778434,-0.38197904270375826,-1.1649551183298674,42.0,173.0,145.84377784377784,3.9645678680165184,0.31411677102454527,-0.8928812632477956,141.0,151.0,142.57618057618058,8.978312808413234,-0.018712268707793727,-0.9259364226699609,130.0,155.0,109.20760320760321,47.616332106393656,-0.2783617069820337,-1.2785586339132782,39.0,167.0,151.71844371844372,5.641899677468761,0.004965685876120404,-1.0288887508794284,144.0,159.0,114.7944757944758,7.528024609041761,0.048368711761612074,-0.9154123002381112,104.0,125.0,0.05391023596938776,219.27922061357856,0.7890028679258999,0.7069393815587802,0.9464660601819455,1.3103448275862069,0.6136569872958257,58.686565485710744,-1.0994356322623133,75.65893196463998,46.48405440820763,0.7394832796807715,2.1688193517066985,3.765053292612045,5.245481276885662,-10.35800752415649,-7.2134769151291325,9.76442071138555,0.11053604436229203,0.1821569231630114,5.0,167.20532140549577,58.686565485710744,2705.0,219.27922061357856
57,True,mel,128.66230366492147,40.78149177179421,-0.5766073434554944,-0.9162563163796471,65.0,173.0,97.52846858638743,41.19338699291388,-0.5053670542554712,-1.0728997748141038,34.0,143.0,66.97905759162303,45.51881213026775,0.22052286663086695,-1.3803293256354654,12.0,132.0,18.3092277486911,26.603932683353072,5.620846746546979,30.723719983518365,7.0,19.0,138.33998691099475,56.74112171250711,0.01502679708455859,-1.2854135524422874,60.0,213.0,128.66230366492147,40.78149177179421,-0.5766073434554944,-0.9162563163796471,65.0,173.0,110.53239528795811,43.16403326033429,-0.563671574793565,-0.9590441899729321,44.0,158.0,137.14986910994764,3.05797814729928,0.19486587252782336,-0.8063950052884392,133.0,141.0,150.1704842931937,9.54995438853253,-0.10795563776470204,-0.9557510770363336,137.0,163.0,103.38121727748691,41.207354927111204,-0.4315932656664946,-1.129488550422855,42.0,150.0,146.07100785340313,2.2946836531428794,0.08184180550842823,-0.6738063498273652,143.0,149.0,107.44469895287958,8.558977982087132,0.002220710157467069,-0.9896453903767122,96.0,119.0,0.05237563775510204,208.45079348883235,0.7872741748141213,0.760025422734555,0.958075100255195,0.8333333333333334,0.6083333333333333,57.84525497881402,0.5729913215553621,74.41167596813865,45.88246951946974,0.7405213451006777,2.176422320633856,3.7747982167074023,5.259360060528828,-10.487025643742847,-7.472334850710846,9.784832793643572,0.10882800608828003,0.1802916453037545,5.0,124.1265461676544,57.84525497881402,2628.0,208.45079348883235
58,False,nv,134.4479674796748,31.863226120336442,0.0016359142069395977,-1.3853990250497337,94.0,176.0,84.16341463414633,42.7894652491446,0.06369649999558524,-1.4728604132594656,31.0,141.0,94.5130081300813,53.582496928848094,0.17744907631725237,-1.4861142886361574,31.0,169.0,118.93333333333334,76.36976018688752,-0.8735857146415746,-1.1894588690557657,0.0,178.0,108.05365853658536,49.1295322784541,0.27830043180357783,-1.3761163312552795,50.0,176.0,134.45447154471546,31.872726450484304,0.002330970538637495,-1.3847661073444804,94.0,176.0,106.18617886178862,40.46847980535748,0.05100602236155617,-1.4635961687244643,55.900000000000006,160.0,151.01463414634145,4.575094879763045,0.26216069689051147,-1.2578158114472053,145.0,157.0,132.28130081300813,10.037274834972068,-0.1783306173997298,-1.474054405273781,118.0,144.0,100.38130081300812,40.68319173030548,0.06886626246315088,-1.4661755510666612,50.0,155.0,152.32357723577235,6.661942407007024,-0.15720604070974958,-1.3514502384772957,143.0,160.0,124.66422764227643,7.678410553695721,0.3611014906673396,-1.3327723881807798,116.0,136.0,0.019471460459183673,120.8111831820431,0.8131549509289693,0.8411823515680846,0.9731075697211156,0.8292682926829268,0.7008608321377331,35.269746741453275,-0.5446832073943862,46.374978933056035,26.99242993469768,0.7347381959186197,2.082200949151458,4.101506252113117,5.467346977380261,-10.321280738731609,-6.576065536071588,10.532963354245105,0.06141248720573178,0.1939682331634828,5.0,157.37201891582592,35.269746741453275,977.0,120.8111831820431
58,True,nv,133.03589743589743,30.723524783305052,-0.260656518684156,-1.424830000773772,92.0,168.0,77.75091575091575,41.79062859488404,-0.12196117817976886,-1.5406326967361292,22.0,129.0,107.17142857142858,52.5860180424757,-0.041865981279791846,-1.6017992422969152,41.0,173.0,161.95531135531135,10.695939936731325,-0.45311725718637896,-1.3056416244331173,146.0,173.0,119.31135531135531,50.59223379275868,0.4395743308113032,-1.3044473460377162,65.0,193.0,134.34139194139195,32.213492399427814,-0.18714608435736016,-1.4217299702898305,92.0,173.0,103.0981684981685,39.26143094712118,-0.14587372651253613,-1.5344231934551007,51.0,150.0,155.814652014652,3.9646891022425703,0.008654729959286974,-1.0800150777530126,150.0,161.0,122.57948717948717,9.87551178776819,0.04511514870811905,-1.5451726062916291,110.0,135.0,97.66227106227106,39.614287826117504,-0.14068028723229836,-1.542119477053281,45.0,145.0,153.25860805860805,6.911566530726084,-0.2175738108303929,-1.2936774741546706,143.0,162.0,133.3978021978022,7.711795513462502,0.1274360451739053,-1.51699985808654,124.0,144.0,0.019013073979591837,129.6812408671319,0.7936584012861296,0.7128594707495784,0.9511465603190429,0.6444444444444445,0.7310344827586207,34.8521236896311,0.2408701800577007,44.83965300049309,27.278815385214997,0.7435895945843847,2.162153271053549,4.101856318798839,5.498895600980472,-10.418502859532461,-6.643923591593267,10.48634823616096,0.06289308176100628,0.18585711851823128,5.0,93.5016661289178,34.8521236896311,954.0,129.6812408671319
58,True,nv,141.1523131672598,32.870774750947824,-0.14313078282433334,-1.4571809564582836,98.0,181.0,86.12099644128114,42.686521251045995,-0.11700614948912964,-1.496894616335488,29.0,139.0,99.47402135231317,57.53599091331241,0.02689298724204772,-1.5391132089019006,27.0,175.60000000000014,107.32669039145908,78.63694245218329,-0.5869434982748644,-1.6161729535340033,0.0,177.0,112.82633451957295,49.69171598419532,0.4828014887352957,-1.231015343662385,59.0,186.0,141.21494661921707,32.96020555554917,-0.1359821493134352,-1.450308274056994,98.0,181.0,110.08540925266904,40.557483048608994,-0.10808847560059705,-1.5042390907369545,57.0,161.0,153.32526690391458,3.705180851495029,0.6242204603936908,-0.8098317788978688,149.0,159.0,131.64697508896796,12.346852571808915,-0.0687849214043871,-1.4945071836209056,115.4,147.0,104.11245551601424,41.39180237601225,-0.09820135829588517,-1.5050066322367497,50.0,156.0,154.4576512455516,6.365092203088277,0.01722808289489422,-1.3210406159726813,146.0,163.0,125.37935943060498,9.523479186590837,0.2706671630751399,-1.42279313954119,115.0,139.0,0.01979033801020408,132.46803743153544,0.8274757497276466,0.7111102003176758,0.9448144624167459,1.135135135135135,0.638996138996139,35.55737431141417,0.8981664567542021,47.64195425155455,26.75102661625432,0.7260705970036173,2.019159091102212,4.029783245505377,5.303637021421849,-10.347882915589706,-6.598305188065382,-10.012321210787881,0.06646525679758308,0.20877060081341786,5.0,161.2888639919278,35.55737431141417,993.0,132.46803743153544
59,False,vasc,185.9078630004824,24.136384892007623,-0.37759389613287725,-0.886285652758168,151.0,216.0,160.2836468885673,28.607876890434476,-0.7822777143233359,-0.17182176819112094,120.0,192.0,196.534008683068,20.24128277573,-0.6219083388711656,-0.11367346601200845,169.0,221.0,142.35986493005305,6.942029296161206,0.6402361541210662,-0.23106064930765768,134.0,153.0,49.34298118668596,19.082641260583117,1.0619472854041396,0.6745653448901661,30.0,76.0,197.12928123492523,20.30915606047151,-0.6563178795731065,-0.11596955123617114,169.0,221.0,176.45344910757356,25.343084907875674,-0.7146432379540033,-0.3166230133012271,141.0,205.0,144.2040520984081,4.701647849931217,1.4839138446034839,2.2349448966456356,140.0,151.0,112.82151471297637,5.358807369413468,-0.09430608845750212,-0.9392769409492026,106.0,120.0,172.09792571152917,26.09137456823411,-0.6559183585894423,-0.41819897032182274,135.0,202.0,137.87698986975397,3.310119292885716,1.3538751804702054,3.421805350870473,134.0,142.0,141.8176555716353,4.900607570653128,-0.056633752414131565,-0.9782295475936142,135.0,148.0,0.03404017857142857,156.61017305526642,0.5272266839501317,0.87510021683857,0.9748858447488584,0.8627450980392157,0.7611408199643493,46.63360529068772,-0.17411544775382926,50.685192928008185,43.06845910080186,0.7908044176057332,3.165701751828733,4.305430873424553,6.436717217031494,12.186186345428998,8.501994309155968,11.849582511971644,0.050351288056206034,0.06888144680300323,5.0,46.333826617215834,46.63360529068772,1708.0,156.61017305526642
59,True,vasc,187.7927135678392,24.347106023068246,-0.4526781968242705,-0.7938158081176119,153.0,217.0,162.24664991624792,28.31492940959603,-0.8071226243638041,-0.2307264789542378,122.0,193.0,197.4137353433836,19.86515713395586,-0.7121423158696383,0.010092298419599466,170.0,221.0,143.07621440536013,7.065265526436742,0.613448485994262,-0.34400421904367073,135.0,154.0,47.80318257956449,18.452205179011525,0.9786396962667328,0.19386448901140385,29.0,74.0,198.1247906197655,20.13337866613423,-0.7390210991957061,-0.01671961652646292,170.0,221.0,178.2102177554439,25.197797678076537,-0.7617267852498344,-0.29470230463046754,142.0,206.0,143.93299832495813,4.460757597844884,1.262832882087888,1.1992468166675838,140.0,150.0,113.36599664991624,5.363351931365988,-0.11343665007654655,-1.0206689190013307,106.0,120.0,173.91834170854273,25.97142061396249,-0.7055727177541345,-0.39787254870820954,137.0,203.0,137.93467336683418,3.026668805104027,1.038378250513145,1.9453282807965593,134.0,141.0,141.28852596314908,4.910599652740327,-0.029302561011105985,-1.0487567062716914,135.0,148.0,0.03675063775510204,171.16652224137044,0.5996929781036975,0.7909210371775915,0.9589183567342694,0.8363636363636363,0.7288537549407115,48.45465633447048,-0.27569995026742716,54.278722092017375,43.43547124566218,0.7856802942695327,2.8895274868741887,4.32335329235743,6.1527407454474,11.510810564131805,7.756712884866818,11.576787296456592,0.05043383947939262,0.087577815858727,5.0,45.650849371582495,48.45465633447048,1844.0,171.16652224137044
59,True,vasc,189.39635647464303,21.879306517502116,-0.45525335798888433,-0.7311057145783777,158.0,216.0,150.26095519448546,27.25609977169532,-0.8106152436532648,-0.188829304782558,111.0,180.0,190.40128015755786,19.695415276171058,-0.693607295040764,0.33606456531900175,165.0,214.0,150.09059576563268,8.244519250725912,-2.3106788833611462,51.892612686776715,142.0,161.0,59.49433776464796,18.62947803716254,1.0522620032244436,0.4537499413946331,41.0,86.0,194.32791728212703,20.115907453763597,-0.7339988146426992,-0.034734033452137325,166.0,218.0,170.6193993106844,23.74966682672999,-0.7711984531623598,-0.2132400090084885,136.0,197.0,149.74987690792713,5.140513889425756,0.7673291344298071,-0.05595863388377076,144.0,157.0,112.82570162481537,6.341593192735482,0.3906012457733154,-0.6331465185144132,105.0,122.0,166.54406696208764,24.451116900448856,-0.72949270135625,-0.28160107345822727,131.0,194.0,144.32151649433777,3.2296821422744926,1.1221042487109694,1.6921919447879823,141.0,149.0,141.46971935007386,5.893268980057628,-0.4920474777745892,-0.5278343527388532,133.0,148.0,0.03093112244897959,156.50966799187808,0.3773418723714372,0.7961946235759408,0.9621822690638562,1.0454545454545454,0.766798418972332,44.45298385293132,-1.2322186222016243,46.29502714011375,42.87262241046311,0.7949877457764721,3.820946026663099,4.2963898187533625,7.054503349340486,-12.986434333575547,-9.148188982750787,12.809559580778878,0.05283505154639179,0.04548045515501294,5.0,46.98990474165205,44.45298385293132,1552.0,156.50966799187808
5,True,mel,116.79742135121197,38.70154527345455,-0.1675214640027987,-1.0721303450615065,63.0,166.0,75.26833419288293,32.531766406677804,0.24844635263080786,-0.8097972776632241,34.0,121.0,82.37021660649819,36.188090168462274,0.39787084048759547,-0.5235465451905554,38.0,133.0,139.71637441980403,67.42414365077862,-1.5344958687068455,0.3833231762697449,2.0,178.0,98.10391954615781,21.8826003987688,0.25819577637628405,0.43144802571273955,68.0,125.0,116.80299123259412,38.69142042851485,-0.166356839667982,-1.0744524891842464,63.0,166.0,92.93630737493554,36.47819354648831,0.01369965474006135,-0.9781493533967702,44.0,142.0,146.77893243940176,3.3446276297236537,-0.5253191936740632,0.20580098431780902,142.0,151.0,131.27042289840125,5.052124066458562,-0.1358703090170921,0.25529574566540925,124.0,138.0,88.5081227436823,34.564392464497445,0.12272585888481588,-0.9259371360254982,43.0,136.0,148.2087931923672,4.575802450279804,-0.6028635935296079,-0.0776357987883376,142.0,154.0,124.53847343991748,4.273971010759895,0.14774980946718835,0.2550336586255808,119.0,130.0,0.7516143176020408,802.8843430349616,0.35241123002714525,0.7351821727378655,0.955921119334888,0.9464285714285714,0.7941585242587601,219.12937491490544,0.4253591519989512,228.7069355311483,214.0342984039224,0.788864398312704,3.935905831233157,3.9503197050775074,5.997335115903247,11.12242459429937,7.987590848776358,-11.120933015550728,0.08212022379550821,0.07781554866170663,5.0,127.99816447806228,219.12937491490544,37713.0,802.8843430349616
5,True,mel,120.42915239726027,38.02345684167875,-0.16110459032320446,-0.9118350375972595,68.0,170.0,79.69344558599695,31.492090627777483,0.27589564535029537,-0.7870160672329489,41.0,125.0,86.5121052130898,34.819207798257196,0.4009757236922758,-0.49105098598611807,44.0,135.3000000000029,140.68017503805174,66.88737563016524,-1.5722140569757443,0.5011210667191168,2.0,178.0,92.05729166666667,19.654131584148686,1.2447349208140328,10.175429965276049,66.0,113.0,120.43350456621005,38.012662013261505,-0.1593353552986036,-0.9176737782523032,68.0,170.0,97.40018550228311,35.11300219706814,0.04492189989991198,-0.9010555147131645,51.0,146.0,146.2091894977169,3.51209440443208,-0.8654550666289035,1.768886425902516,141.0,150.0,131.15011415525115,4.68128641815746,-0.0927478425770448,0.33139160821074176,125.0,137.0,92.66647640791476,33.60349518049177,0.1406055286199328,-0.8580253238464981,49.0,140.0,147.83000380517504,4.6184078941117175,-0.7680040629838226,0.5523210665086333,141.0,153.0,124.529299847793,4.029275663351729,0.10590959253158957,0.3070021725141632,119.0,130.0,0.8080157844387755,852.3696244092002,0.2674101246366604,0.7012450624695367,0.9629251377541326,0.9732142857142857,0.830254750982962,227.20244466597998,-0.27619001165418827,233.23193635010625,224.7382838250569,0.7912420259496938,4.444208270731849,4.001097619439317,7.159568025528242,-13.335949067506986,-9.614576455385608,12.754321974808548,0.08011247317662729,0.06471499441647535,5.0,124.55416922757543,227.20244466597998,40543.0,852.3696244092002
6,False,mel,186.6358876117497,35.804982842762406,-2.333911887887334,5.649536903149334,155.0,215.0,140.53939974457217,39.505743225357016,-1.57011922023095,2.4538569423720586,97.0,179.0,162.60983397190293,45.72926749738372,-1.4078684994017878,1.8488789244188704,109.0,209.0,154.54137931034484,38.06906255771777,-3.6161165550985963,11.73463656050851,152.0,174.0,69.11340996168582,32.15858551330189,2.159100320048846,5.10035803870271,41.0,97.0,186.67164750957855,35.839527764951136,-2.327319121167841,5.629311113463054,155.0,215.0,161.08186462324394,38.839925155059696,-1.919450702580505,3.8248362582925957,123.0,196.0,149.2793103448276,3.838171996580351,0.30398164933435423,-0.9941655663193156,145.0,155.0,123.5992337164751,6.844341151528436,0.9500865213094666,0.47387755972499557,116.0,134.0,156.84795657726693,38.78572055626088,-1.7672112831338667,3.188859675226988,116.0,193.0,149.27151979565772,5.012255082373911,0.2734131819681127,-0.8074953791985613,143.0,156.0,131.2551724137931,6.2042724692916975,-0.7297972864881794,-0.11701060915382477,122.0,138.0,0.29470264668367346,537.1025971044414,0.6974294271815589,0.6441328261893168,0.9123835379774171,0.7352941176470589,0.6958588235294118,137.2129481790944,0.170926672495928,165.29488275864264,118.45915107597712,0.757472358651349,2.5009614041381174,3.6937052464214957,5.091588859789455,-9.738487868843636,-6.37448005787602,9.564841564314301,0.13992020017583007,0.15240412001833242,5.0,106.0671758359708,137.2129481790944,14787.0,537.1025971044414
60,False,nv,164.12513283740702,47.20978533818344,-0.6879375317299381,-0.4942081522191524,88.0,217.0,108.6962008501594,40.36996516700986,-0.3286014063760664,-0.8273540576026561,47.0,159.0,98.69832624867162,39.27970271043333,0.05977641058884343,-0.694820781983875,43.0,152.0,16.780419766206165,44.01330895030185,3.3655047208441857,9.35397465951239,2.0,7.0,107.11623273113709,21.29281114922571,-0.27853221461911204,-0.10701160275975052,76.0,132.0,164.12513283740702,47.20978533818344,-0.6879375317299381,-0.4942081522191524,88.0,217.0,130.09192348565355,42.77474547927404,-0.5440398403239189,-0.6029576721637855,63.0,181.0,148.96214133900105,2.25152594027378,-1.5791342836781388,3.137660308126911,146.0,151.0,142.76129117959618,4.461609178592916,-0.7432538692915721,0.044680889189159245,136.0,148.0,124.16524973432519,42.14411605719863,-0.4148668284129809,-0.7492486373103606,59.0,176.0,156.557651434644,4.885742602247929,-1.4580849266060463,1.5786506922176464,149.0,161.0,113.61809245483528,4.465671038914131,0.6634427642397606,-0.30468561773308256,109.0,120.0,0.13576211734693877,325.9482681718907,0.7106196934182569,0.8057255721798159,0.9700939903161493,0.8090909090909091,0.6958120531154239,93.13059528820767,0.49125385607742406,111.62157735267436,78.53429967834295,0.7672514099551629,2.4772476667691667,4.127997932581213,5.402635260817132,10.30449108156838,6.75392173804749,-10.333404374837508,0.06253669994128008,0.1334634211655206,5.0,112.515905437711,93.13059528820767,6812.0,325.9482681718907
60,True,nv,166.5027481772294,47.52812159574034,-0.707513707723963,-0.4764543226787725,89.40000000000009,220.0,111.11295569265283,41.10951852095762,-0.3451258732556851,-0.8607412494270594,48.0,163.0,101.63780145821649,40.73493027033233,0.05535613064661735,-0.792042490108162,45.0,158.0,18.115199102636005,46.39918807492775,3.1291982273483003,7.813916787676499,2.0,7.0,105.11564778463264,21.963687380202863,-0.3217635522396978,-0.45228610581747786,71.0,131.0,166.5027481772294,47.52812159574034,-0.707513707723963,-0.4764543226787725,89.40000000000009,220.0,132.48648345485137,43.308963349015684,-0.5551208122194589,-0.6173221658728107,64.0,184.0,148.9337072349972,2.1927791807916317,-1.5384530119673305,3.1615222388384714,146.0,151.0,142.39607403252944,4.516169772064695,-0.7066463569960496,-0.10975300772246,136.0,148.0,126.63454851374088,42.838015938427546,-0.4275708774597285,-0.7709074913326881,60.0,179.0,156.4970274817723,4.744636210308807,-1.463751070404953,1.705180952589731,149.0,161.0,113.88255748738082,4.428886437301535,0.6072770448905845,-0.4395387852890109,109.0,121.0,0.154296875,377.51681066681454,0.6963977461001198,0.6826379686917173,0.9619781312127237,1.0285714285714285,0.682716049382716,99.2845433858646,0.9262472054976466,117.82890925144791,84.56062738296207,0.7700481507932746,2.529509442235124,4.138535609489111,5.471766921148291,10.521090255939411,6.956612542469561,-10.362211552795761,0.06432446396280034,0.12907892629005624,5.0,115.89099705087096,99.2845433858646,7742.0,377.51681066681454
60,True,nv,166.4502740798747,47.522612121038065,-0.703301956867886,-0.4859904687969614,89.0,220.0,111.13012268337249,41.12059171347979,-0.34429085919718183,-0.8551509008842322,48.0,163.0,101.71051944661968,40.90177053894031,0.05975094915959662,-0.7872023917108448,45.0,158.0,18.858392064735057,47.56582403584104,3.0223896651206554,7.154464672220488,2.0,7.0,105.06590968415557,22.252782684369937,-0.2922003182996843,-0.4070040134608348,70.0,131.0,166.4502740798747,47.522612121038065,-0.703301956867886,-0.4859904687969614,89.0,220.0,132.4809449229966,43.32642865792685,-0.5534728075758955,-0.6160751913545308,64.0,184.0,148.91725398068388,2.135868463509873,-1.5284319182235397,3.0572929991571653,146.0,151.0,142.3664839467502,4.530544169538416,-0.714395665480885,-0.09741430569691234,136.0,148.0,126.63586530931872,42.85574326021436,-0.4256347816600995,-0.7701782426815185,60.0,179.0,156.45484207778648,4.726310990406398,-1.431188145071691,1.5646559311177883,149.0,161.0,113.92521534847299,4.433506949103235,0.6181069876442078,-0.4213323885743536,109.0,121.0,0.13253348214285715,337.6761902332485,0.673887419526228,0.7328762208659575,0.9619557355706639,1.0421052631578946,0.7070707070707071,92.01653640780462,-0.9750779025955049,107.62512525551708,79.51710661819122,0.7739397048390616,2.6118791810531548,4.145352673514588,5.611116484193237,-11.897002916158252,-8.444243438294247,10.48968355647122,0.06165413533834585,0.1194119475088823,5.0,117.34121884124905,92.01653640780462,6650.0,337.6761902332485
61,False,mel,116.39671461400971,43.1072376939111,0.01230924354823119,-1.0074284088699625,57.0,177.0,74.30348682157347,35.4139432586013,0.5868865964384857,-0.4324790107051171,34.0,129.0,60.2899537549295,33.13683250853563,0.9311333926484476,0.5035631697831748,24.0,111.0,10.222458648963032,22.45202101596788,7.209519690396687,50.62068728767311,4.0,10.0,129.33960337049962,30.964906892121874,-0.21433266268654397,0.5990723345763485,87.0,164.0,116.39688484126309,43.10729667712338,0.01230459912912901,-1.0074370204907062,57.0,177.0,90.63574204896871,39.34444232386145,0.26521935728583784,-0.7399387700992244,41.0,148.0,144.25301444094532,4.200434115207172,-0.39936803890363465,-0.6869142415618574,138.0,149.0,143.74548188498312,5.999044093074004,-0.012881766364674134,-0.7270596868317627,136.0,152.0,85.29820977671858,37.08393629486258,0.41224141201716785,-0.6309247519497458,40.0,141.0,150.20401736317984,6.539907437064244,-0.424448569523474,-0.9299049924293161,140.0,158.0,113.87777683207081,5.591815873263156,-0.15449031662508847,-0.7428650559664209,106.0,121.0,0.6760602678571429,802.796031280393,0.6154752352391516,0.6614254175675036,0.947886103892475,0.9417040358744395,0.7243647234678625,207.82404056438273,0.5464314124348495,237.9646136673977,187.55329156164711,0.7717426924479434,2.8063110111551204,3.473410016612069,5.773600604266675,-10.402880618685112,-7.181693048914091,11.18759916258147,0.14533341194505045,0.1234432426363537,5.0,96.52422458521313,207.82404056438273,33922.0,802.796031280393
61,True,mel,95.1132822441535,42.32285831469089,0.005671500452212048,-0.9809814510569388,37.0,154.0,70.36238441308713,39.00144434969112,0.3009066435425568,-0.8211701342190554,21.0,128.0,41.798461668976046,33.82285779251994,0.9386600288664353,0.28871982381184536,3.0,94.0,15.51842321070045,5.3944663453851005,19.316376160200676,558.4675662031436,12.0,19.0,160.86087153239262,50.07097004593513,-0.004108790689542855,-0.37782598425580405,93.0,234.0,95.1132822441535,42.32285831469089,0.005671500452212048,-0.9809814510569388,37.0,154.0,79.77411418714476,42.84897103825957,0.11933410791975568,-0.9318644005549137,21.0,141.0,134.9643978169273,2.3495186768650242,-0.15987947434871375,-0.4417962572318985,132.0,138.0,148.40666798631338,8.126726368359439,-0.2337328695461504,-0.7554786910065334,137.0,159.0,74.51870599213868,39.121010709675325,0.25674432618358384,-0.835945520160652,24.0,132.0,142.69649068235162,3.940331456480082,-0.49747604312345267,-0.6741145546103384,137.0,147.0,109.52371122359528,7.222549789760663,-0.011177591875777637,-0.7832929884469775,100.0,119.0,0.6760602678571429,802.796031280393,0.6154752352391513,0.6614254175675036,0.947886103892475,1.061904761904762,0.7243647234678625,207.82404056438273,-1.024364914360048,237.9646136673977,187.55329156164717,0.7717426924479434,2.8063110111551217,3.47341001661207,5.773600604266694,-10.402880618685137,-7.1816930489141075,11.187599162581625,0.14533341194505045,0.12344324263635371,5.0,97.78829470601111,207.82404056438273,33922.0,802.796031280393
61,True,mel,122.0687477335912,39.1971197507121,-0.04512222373213491,-0.9149014022962376,68.0,177.0,81.95134775776623,33.13326117648411,0.7554196124210247,-0.029840340445417723,45.0,134.0,79.66318143357911,32.76503284939207,0.8721820749972198,0.40036943678457915,43.0,130.0,39.28574882146742,71.56526665561098,1.4111264249973134,-0.002652249117566008,0.0,179.0,91.77411458962891,23.555167150949504,-0.6308726084294796,0.3133129354540465,58.0,118.0,122.07210201861477,39.18821717587024,-0.04358101072782809,-0.9195329389730618,68.0,177.0,98.9961319956485,35.87527984059812,0.36001086373140134,-0.4987549420405135,54.0,153.0,144.523419557597,5.177418127074031,-0.31516550970958257,-0.7903734961257043,137.0,151.0,136.28928441919498,3.916609603026171,0.040843193882198724,-0.6238239323471282,131.0,142.0,93.69584793907893,34.433581182322754,0.48389998504548615,-0.4189203146205984,52.0,146.0,148.2616946694065,6.86703446476217,-0.27545854968081473,-0.9554591740827711,139.0,157.0,120.06355010274386,3.613635727822224,-0.14453625193616043,-0.6729627473797577,115.0,125.0,0.629264987244898,786.3473298326137,0.586387558579765,0.641668375698266,0.9508522556164548,1.12,0.7047767857142857,200.50253211734764,-1.0722336812903377,225.4213228387704,182.59817749095134,0.7783600270327948,2.9221802093707008,3.695678579458677,5.417418364009099,9.98878030910439,6.886081248858416,-10.564380175038945,0.11420789256983599,0.10371232268172204,5.0,134.30865098243072,200.50253211734764,31574.0,786.3473298326137
62,False,nv,181.310158457192,8.788873673097392,-0.2706909650872324,1.1971296963712232,171.0,193.0,145.4334848298735,12.625876373996594,-0.03436157083537079,0.3206735119784474,130.0,163.0,141.8991524382754,19.688073017853917,-0.07934319264162705,-0.024295764930659214,118.0,168.0,63.00331654587888,80.17677229216048,0.6615153025965707,-1.554830192810562,2.0,177.0,58.995700773860705,16.847352740934777,0.7446630004147371,0.5200037037129692,40.0,81.0,181.310158457192,8.788873673097392,-0.2706909650872324,1.1971296963712232,171.0,193.0,162.06719076280555,11.450444097171408,-0.11411155589441592,0.5371864061838059,148.0,178.0,141.03463947917948,1.5834573379931933,-0.08531508854936351,-0.676820870952425,139.0,143.0,135.0517135487041,5.340203904515278,0.18077440333568415,-0.3888393171406128,128.0,142.0,155.77066699422676,12.041440724241365,-0.08784605045725971,0.4717486458858815,141.0,172.0,146.25230315686034,3.1108530772796397,-0.11445401850069693,-0.5978314199855324,142.0,150.0,120.15280678049379,5.053453473757498,-0.04851321832961466,-0.511724763631864,114.0,127.0,0.15013153698979592,337.8061325481598,0.7037103172510224,0.8295503911480565,0.9745148771021992,0.8454545454545455,0.7363636363636363,97.93525152104313,-0.5216312048842794,116.53060595570773,82.79348163623345,0.7707315276269432,2.506840207621469,4.498634034462986,5.741162600346492,10.875249518835595,7.042929819260171,-11.460523959176948,0.04911721757599896,0.1268583374669607,5.0,105.81299870619264,97.93525152104313,7533.0,337.8061325481598
62,True,nv,181.61989556834916,8.469834824672143,-0.056463631959297704,0.15825333388672735,171.0,193.0,146.10737715892355,12.509650223346604,0.07278731925231902,-0.13135750648647715,131.0,163.0,143.29535413040568,19.994866287129373,-0.038261073266819275,-0.23977220620495387,119.0,170.0,67.26469406881778,81.2505235055905,0.5391486694853928,-1.7010113998430447,2.0,177.0,57.90226268576784,16.76199890461053,0.7373683706683701,0.42402741329249327,39.0,79.0,181.61989556834916,8.469834824672143,-0.056463631959297704,0.15825333388672735,171.0,193.0,162.66474762351052,11.316717066294363,0.011916868362186767,-0.04712969279465318,149.0,178.0,140.99799169902263,1.5192331409814048,-0.15491159206498,-0.7589138026435522,139.0,143.0,134.60315972687107,5.499543736846587,0.17156026809528072,-0.37248724291875224,127.0,142.0,156.416655509439,11.919056726465877,0.026276318269514494,-0.049146711434801205,142.0,172.19999999999982,146.01606640781898,3.181148280457056,-0.17513059132164174,-0.6441491947314644,142.0,150.0,120.57544517338332,5.2256452880484225,-0.04807812853364111,-0.518981884943702,114.0,128.0,0.13145727040816327,333.84776310850236,0.6826909664853409,0.7436927875854392,0.9664468864468865,0.7870370370370371,0.7185185185185186,91.64217389975607,-0.3821451605370389,107.54007107055757,78.58030658538138,0.7744535881153322,2.583623357789971,4.48641367261644,5.76393881058576,10.889160273847075,7.059303362185602,-12.72984156920063,0.05215281989084297,0.11783204732366034,5.0,106.48235723487318,91.64217389975607,6596.0,333.84776310850236
62,True,nv,191.310158457192,8.788873673097392,-0.2706909650872324,1.1971296963712232,181.0,203.0,155.4334848298735,12.625876373996594,-0.0343615708353709,0.3206735119784474,140.0,173.0,151.8991524382754,19.688073017853917,-0.07934319264162723,-0.024295764930659214,128.0,178.0,63.00331654587888,80.17677229216048,0.6615153025965707,-1.554830192810562,2.0,177.0,55.87311141137452,15.815450550628947,0.7314374630915621,0.46142955030836585,38.0,76.0,191.310158457192,8.788873673097392,-0.2706909650872324,1.1971296963712232,181.0,203.0,171.61614052327724,11.338952818391911,-0.10841716870452213,0.5314739826240649,158.0,187.0,140.84424517872498,1.568503045592149,-0.019947026644553088,-0.8243462441613829,139.0,143.0,134.96486918069033,5.249340627935055,0.1666725960669437,-0.3644903910218411,128.0,142.0,165.77066699422676,12.041440724241365,-0.08784605045725984,0.4717486458858824,151.0,182.0,146.25230315686034,3.1108530772796397,-0.11445401850069686,-0.5978314199855324,142.0,150.0,120.15280678049379,5.053453473757498,-0.048513218329614735,-0.5117247636318649,114.0,127.0,0.15013153698979592,337.8061325481598,0.7037103172510222,0.8295503911480565,0.9745148771021992,0.8454545454545455,0.7363636363636363,97.93525152104313,0.5216312048842792,116.53060595570771,82.79348163623348,0.7707315276269429,2.506840207621473,4.498634034462893,5.7411626003463665,10.87524951883545,7.042929819260135,11.460523959175388,0.04911721757599896,0.1268583374669607,5.0,104.78109651588682,97.93525152104313,7533.0,337.8061325481598
63,False,nv,196.68733624454148,18.073456770338588,-0.7188960488224622,-0.1797136743893364,168.0,217.0,141.81572052401748,24.888364146638732,-0.6609378783248882,-0.4461875352684479,102.0,170.0,124.31441048034935,36.145349616351396,-0.4722612188135909,-0.7331929853007688,69.0,167.0,17.56593886462882,41.50533476118683,3.600191929888421,11.050895938154458,2.0,11.0,97.06899563318777,34.64799343698836,0.6718127269443649,-0.44272714604358177,58.0,150.0,196.68733624454148,18.073456770338588,-0.7188960488224622,-0.1797136743893364,168.0,217.0,162.82620087336244,22.39425249824792,-0.6798033203920207,-0.3914081135294736,128.0,187.60000000000014,146.88558951965067,2.6518531424548764,0.8615478163068945,-0.062300387188687356,144.0,151.0,145.9187772925764,8.279265746414135,0.285631704475259,-0.9347921349381099,135.4,158.0,156.2305676855895,24.054253273612456,-0.6512787240656766,-0.4371891967583821,118.0,183.0,156.89432314410482,4.596012425866796,0.3226707114384988,-0.8745702360193492,151.0,164.0,109.98515283842795,7.072472474180285,-0.10997874546797312,-1.0558099001685366,100.0,119.0,0.01819595025510204,127.63961030678928,0.7775375176030366,0.7042221848638633,0.9269035532994924,0.7272727272727273,0.6484375,34.09498063268556,-0.290242057458734,44.37707839371225,27.90592895041446,0.7255636080151543,2.1776612789381575,2.9566273839552113,4.2242334048509065,-8.563681544386103,-5.524411944894832,-7.821673667188622,0.20043811610076667,0.21391452886334406,5.0,94.22678496851378,34.09498063268556,913.0,127.63961030678928
63,True,nv,196.96244541484717,18.462221195923178,-0.6620694419879554,-0.16615204435433606,169.0,217.0,142.4174672489083,25.103844599433536,-0.6477159459576244,-0.41654947466672976,104.0,170.60000000000014,124.91441048034935,36.20834438107334,-0.47491006313677686,-0.6935963386737991,69.0,168.0,17.76244541484716,41.74097068015137,3.5709084970306275,10.836508672268174,2.0,11.0,96.52401746724891,34.466635845119036,0.6920726649532354,-0.3806519775040824,57.0,150.0,196.96244541484717,18.462221195923178,-0.6620694419879554,-0.16615204435433606,169.0,217.0,163.29694323144105,22.630833380084052,-0.6623830363247267,-0.3626014986619488,128.0,188.0,146.73275109170305,2.621080452250807,0.9189335754609621,0.07158809282698231,144.0,151.0,145.84366812227074,8.223781501114118,0.29031047300492513,-0.8990564063573143,136.0,158.0,156.73013100436683,24.293611762599664,-0.6339161122129858,-0.40962271656577043,119.0,184.0,156.73711790393014,4.558582527820962,0.34024152887756864,-0.8607459593302615,151.0,163.0,110.03842794759825,7.033811614309448,-0.11346542513958756,-1.014419477485669,101.0,119.0,0.01819595025510204,127.63961030678928,0.7775375176030366,0.7042221848638633,0.9269035532994924,0.7272727272727273,0.6484375,34.09498063268556,-0.290242057458734,44.37707839371225,27.90592895041446,0.7255636080151543,2.1776612789381575,2.9566273839552113,4.2242334048509065,-8.563681544386103,-5.524411944894832,-7.821673667188622,0.20043811610076667,0.21391452886334406,5.0,94.66982772119358,34.09498063268556,913.0,127.63961030678928
63,True,nv,197.76652892561984,17.9422062184309,-0.8593736059440791,-0.11106185777152744,169.0,217.0,143.87809917355372,24.675600862584044,-0.7452425116329829,-0.40181126572232584,104.0,170.0,127.56198347107438,36.37126266135112,-0.5734348351320805,-0.6559754657018382,71.0,169.0,18.43732782369146,43.52200368756804,3.374532541247302,9.469010277642228,2.0,11.0,93.8340220385675,34.68507470424683,0.7688530130700479,-0.2936801479168656,55.0,148.0,197.76652892561984,17.9422062184309,-0.8593736059440791,-0.11106185777152744,169.0,217.0,164.58264462809916,22.24186300967004,-0.774608390445969,-0.33611627141397626,129.0,188.0,146.58126721763085,2.5022593741310457,0.8858921434238652,-0.027614935536885987,144.0,151.0,145.07988980716254,8.399820146899232,0.3853431792359898,-0.8331132389882892,135.0,157.0,158.1453168044077,23.918110093909455,-0.7467584605433849,-0.3837561655448831,120.0,184.0,156.3099173553719,4.56876878409668,0.35392791124056083,-0.846491462072748,151.0,163.0,110.73829201101928,7.2433379177152615,-0.22092147791264583,-0.9704979829709002,101.0,120.0,0.021344866071428572,151.50966799187808,0.7761781188739935,0.5862983093164145,0.9114893617021277,0.72,0.595,36.92749046999213,-0.3303965096542258,48.06800970224502,30.30753872117657,0.7248305868758919,2.180548764562583,2.9429065373083607,4.201954071758895,-8.718346803633313,-5.533324512539914,7.777213523441226,0.19327731092436973,0.21351699428623527,5.0,96.14928461024576,36.92749046999213,1071.0,151.50966799187808
64,False,nv,98.91386382280558,55.61473854398073,-0.04456901776500749,-1.3929231393383037,21.0,173.0,73.98769483182937,54.29668003682085,0.3510355898048148,-1.350104864796626,12.0,155.0,76.89048400328137,59.8474810171419,0.48185255985839187,-1.3005900442769394,15.0,169.0,98.73051681706316,79.3317608602829,-0.34604138694604963,-1.8306102115448382,2.0,177.0,90.57875307629205,49.053111040921834,0.19096609139823595,-1.1451152247594296,27.0,156.30000000000018,99.1681706316653,55.83837514339983,-0.027409639511388157,-1.3821365456494212,22.0,174.0,84.51845775225594,58.76229094688317,0.18554839592118105,-1.422591680302591,11.0,168.0,139.34700574241182,4.681856885619632,-0.3947965601908062,-0.40602311905736244,132.0,145.0,131.00697292863003,6.5627807244215415,0.3015283474631635,-0.8598170508100069,123.0,140.0,81.76333059885152,55.01513119385508,0.2621934072756231,-1.3875139408038624,15.0,162.0,140.24569319114028,6.050370661616353,-0.04412349138997528,-1.0083092601064296,132.0,148.0,125.22969647251846,5.39845365606652,-0.16325754513238397,-0.8827140941723695,118.0,132.0,0.04021843112244898,175.58073580374355,0.7990610414079152,0.8225783911435244,0.9701923076923077,0.8333333333333334,0.6726666666666666,50.689223719401724,-0.5803970380106991,65.56545499469559,39.42122379630242,0.7416728769581266,2.1410621438445814,4.421325189106915,5.541950678431781,10.902046287961129,7.202053679259982,10.565366580649952,0.044598612487611544,0.1785371529779017,5.0,184.2232470446046,50.689223719401724,2018.0,175.58073580374355
64,True,nv,99.31242362525458,55.69164951127715,-0.05509547847004983,-1.39131030350395,21.0,173.0,74.39470468431772,54.354806805618665,0.3373241714836963,-1.3611227444995502,12.0,155.0,77.30672097759674,59.9639064523656,0.4683216232102359,-1.3156235558854876,14.400000000000006,170.0,99.86883910386966,79.14919209598173,-0.3724830416150236,-1.8101973407579761,2.0,177.0,90.18900203665987,49.310778466120595,0.2201378131725069,-1.130433754712914,27.0,156.0,99.56293279022404,55.902133085024296,-0.03847562717119933,-1.381873597061301,22.0,174.0,84.95641547861507,58.81708445867082,0.17335196043161094,-1.428237527514389,11.0,168.0,139.32830957230144,4.708850378581985,-0.41557620785510085,-0.39853964596217395,132.0,145.0,130.99144602851325,6.598611850765789,0.3176660771311096,-0.8321634661507469,123.0,140.0,82.17189409368635,55.08160012544863,0.24933494185758207,-1.3954994180418892,15.0,162.0,140.24358452138492,6.050982867974264,-0.04934192469634112,-0.9914353043888022,132.0,148.0,125.23421588594705,5.427857760091013,-0.1863579548480187,-0.8539996333812492,118.0,132.0,0.04021843112244898,175.58073580374355,0.7990610414079153,0.8225783911435244,0.9701923076923077,1.2,0.6726666666666666,50.689223719401724,-0.9903992887841976,65.56545499469559,39.421223796302414,0.741672876958127,2.141062143844578,4.421325189106842,5.541950678430669,10.902046287957251,7.202053679256837,-10.565366580648707,0.044598612487611544,0.1785371529779017,5.0,184.36210364712665,50.689223719401724,2018.0,175.58073580374355
64,True,nv,105.50478087649402,56.3165973802558,-0.15510434076838614,-1.35571218827937,23.0,177.0,80.501593625498,56.52821279752148,0.21987356638144717,-1.4303725462301893,13.0,161.0,84.09920318725099,62.622527858439454,0.3377081073413013,-1.4176502926378662,15.0,176.0,96.98844621513945,78.69785041116904,-0.32407845101585375,-1.8362900294880207,2.0,176.0,87.65378486055776,52.20394475731342,0.3253761746383305,-1.1582842223750929,25.0,161.0,105.92270916334661,56.74390293371151,-0.13051920776052323,-1.345454481563115,24.0,178.0,91.5019920318725,60.40699113269188,0.06149740865243459,-1.4523438939606126,12.0,174.0,139.4450199203187,4.699746231557342,-0.13742209374401806,-0.44707841983756014,132.0,145.0,130.63625498007968,6.805753975133462,0.2948570484228417,-0.8686691151964068,122.0,140.0,88.39163346613546,56.863771031277246,0.13837042499884747,-1.4387765747508778,16.900000000000006,168.0,140.22629482071713,6.195405846457823,0.10089590443180017,-1.001090667286129,132.0,149.0,125.56254980079682,5.663600127735223,-0.1310310802657178,-0.9295221739348185,118.0,133.0,0.038942920918367346,185.82337649086284,0.799114690950096,0.7111049948166127,0.9555012224938876,0.671875,0.7100290697674418,49.8789541832275,-0.18536938615572573,64.55241102143712,38.807528170917955,0.7412288485333088,2.1400027538649913,4.372386229122618,5.486596519383265,10.845118717364906,7.277675631627442,10.448499551882641,0.048106448311156624,0.1856934328260028,5.0,187.645698102194,49.8789541832275,1954.0,185.82337649086284
65,False,nv,196.87942470820843,13.19134728205151,-0.3333512965779862,0.2732697877770671,181.0,214.0,145.98976337776645,26.036572541375055,-0.21589711343118587,-0.77688811416377,111.0,180.0,149.33098411888514,30.310286918379667,-0.1261723359046505,-0.6676746514599143,109.0,190.0,112.72032655143823,83.43099784086547,-0.5907868777480428,-1.643719326375575,0.0,179.0,68.25817973085019,24.684205991138185,0.5432047060125252,-0.4602333689425806,39.0,103.0,196.87942470820843,13.19134728205151,-0.3333512965779862,0.2732697877770671,181.0,214.0,167.05628547739013,21.243731254508088,-0.21399371992864263,-0.6179054247473261,139.0,195.0,147.94840232157662,5.746967285362467,0.4101339717356063,-1.0381231141625844,141.0,156.0,134.1851840040819,5.297675195301443,0.14167404665465227,-0.4654552676662451,127.0,141.0,161.5925441673576,22.39585597768247,-0.20649893491990515,-0.6212970985502375,132.0,191.0,153.2048281140379,7.771448635764153,0.18034941428224874,-1.1071787920852483,143.0,164.0,121.06250398622362,4.835872094336397,0.11640956336449058,-0.6868497014398671,115.0,128.0,0.6052096619897959,726.5584412271571,0.7588368780657072,0.7228873880705391,0.9567724250921579,1.06,0.7162028301886793,196.63281835688744,-0.8245837645966839,245.91695562329815,160.16097498529103,0.7513841305466119,2.2892961346528415,3.6144344214523354,4.84499825297743,9.127370365576281,6.1199505703161945,9.408164871796451,0.10471893832120394,0.1678274004921607,5.0,121.30655111405517,196.63281835688744,30367.0,726.5584412271571
65,True,nv,197.2381212803603,16.388522551657275,-4.204898767645321,46.13648975070927,181.0,215.0,157.27482708701947,28.00936971391554,-0.5348436090164067,1.1407108607203913,121.0,193.0,158.15907994209425,31.259239380320853,-0.39705778831234456,0.4602605012786931,118.0,198.0,90.67408718031204,86.5947000911373,-0.05755697818155872,-1.9907167478683219,0.0,179.0,54.91899630046646,25.88791869446393,0.9156690414261429,3.1858127324621304,24.0,89.0,197.23870033778348,16.38162075572261,-4.195249817862891,45.98034478683909,181.0,215.0,174.65909602702268,23.67263628922737,-1.0658836260541387,5.6589859540029135,146.0,204.0,143.20643397136882,5.814621387684743,0.2698952051770461,-1.0015671150895007,136.0,151.0,133.4524046967991,4.600189633022626,0.21851220914570635,-0.5336299152662951,127.0,139.0,169.33408396332635,24.4622772673638,-0.8906767275933077,4.079242090268987,139.0,200.0,147.931478204922,7.898536336632636,0.10053912553398556,-1.0795318788170112,138.0,159.0,121.68595785748754,4.369327046448042,-0.023431849972138073,-0.8508766345447203,116.0,128.0,0.5855588329081632,750.1391770309007,0.6867112347044834,0.6561343005782475,0.9518271348969807,1.1731843575418994,0.7816174514498537,193.41419561103527,-1.143571421208793,228.2955703966201,165.95497047199473,0.7709466916165457,2.5632865614128013,4.307981265142771,5.756681148985286,10.926827991848022,7.398828440754789,-10.953015795551863,0.06619924440965252,0.12450650870560584,4.0,128.86423954132385,193.41419561103527,29381.0,750.1391770309007
65,True,nv,196.8911955100609,13.188917138548097,-0.3318329961074754,0.27580599068528633,181.0,214.0,145.98453394559775,26.037595130551498,-0.2165582177943149,-0.7765175741589658,111.0,180.0,149.33071845403234,30.320697904516006,-0.12439993158118821,-0.6711960358765667,109.0,190.0,112.9009534742817,83.37482363188265,-0.5954285266847997,-1.6381469951250458,0.0,179.0,68.28282151854332,24.69078303585037,0.5412230286364027,-0.4753939876652371,39.0,103.0,196.8911955100609,13.188917138548097,-0.3318329961074754,0.27580599068528633,181.0,214.0,167.05475302146115,21.241161259037955,-0.21379018917782217,-0.6180714419251592,139.0,195.0,147.95580216205875,5.7501048279656555,0.41340719041621243,-1.0348277949475115,141.0,156.0,134.1856245415989,5.307732409232699,0.13764917107260105,-0.4758296848848884,127.0,141.0,161.59306738097516,22.396247268968793,-0.20647954194206727,-0.6214144331486731,132.0,191.0,153.2098600082911,7.774193535038511,0.18148563571652598,-1.1057539397659453,143.0,164.0,121.0620236614688,4.841860831705958,0.11986067687099242,-0.6882902573434762,115.0,128.0,0.6052096619897959,726.5584412271571,0.758836878065708,0.7228873880705391,0.9567724250921579,1.06,0.7162028301886793,196.63281835688744,-0.8245837645966843,245.91695562329818,160.1609749852908,0.7513841305466119,2.2892961346528415,3.614434421452326,4.844998252977404,9.127370365576242,6.11995057031617,9.408164871796396,0.10471893832120394,0.16782740049216066,5.0,121.25452380628111,196.63281835688744,30367.0,726.5584412271571
66,False,mel,139.22276095508187,27.851640780410843,0.0812777057057319,-1.234085721286646,104.0,177.0,86.51267038697283,35.03075872465162,0.33361546956573507,-1.1878176813486527,46.0,137.0,95.78190467477815,40.83194174792034,0.3917294306122371,-1.185207312096719,49.0,156.0,144.84365565821975,63.392452531208306,-1.811346380636351,1.3274810150812355,1.0,178.0,103.72189186716678,33.78488151442799,-0.11509966174635586,-1.1994821113271952,57.0,145.0,139.22276095508187,27.851640780410843,0.0812777057057319,-1.234085721286646,104.0,177.0,109.17116457780624,33.40497146897736,0.24940405974643345,-1.2279784547683388,69.0,157.0,151.48787851065777,3.743138068544715,-0.5647314060123462,-0.582697753115601,146.0,156.0,132.5721342969536,6.527310956148452,-0.3569124688313501,-0.7653652049120008,124.0,140.0,103.35312414234745,33.41156563276033,0.28220060790549956,-1.2233943652459784,64.0,151.0,153.61650352209313,4.762384082223092,-0.7807331420540365,-0.4099154111567018,146.0,159.0,123.71530509559967,5.205009703531803,0.4960296973536701,-0.5531291741442144,118.0,131.0,0.20216836734693877,398.91883092036784,0.653243596605499,0.8010323015568476,0.9686783804430863,1.105263157894737,0.7062099693678641,113.64744582168792,-1.0898186971154575,131.74065378093508,99.74714726384074,0.7740855592195923,2.6814785438987236,3.8345569288600942,5.71006195537623,-10.582162608976127,-7.283553432631517,-10.699190548470956,0.09069400630914826,0.11827245348051998,5.0,125.02897482604713,113.64744582168792,10144.0,398.91883092036784
66,True,mel,130.61977405788735,27.353381009324778,0.04757019642481614,-1.280152127607664,96.0,167.0,79.75434979797147,34.83137909616732,0.28558182766973594,-1.2632979861507396,39.0,130.0,89.10249855693907,40.4127419070205,0.3295776619228489,-1.279959356997415,42.0,148.0,149.50482394656552,58.65604399636465,-2.111610348893898,2.5244768849506762,2.0,178.0,107.43357796652099,37.12043635703949,-0.05650574725838039,-1.2855229219644149,57.0,155.0,130.61977405788735,27.353381009324778,0.04757019642481614,-1.280152127607664,96.0,167.0,101.69835903356147,33.45047328840067,0.20740986842037937,-1.2908731608261503,61.0,149.0,151.00981281438112,3.895516663586923,-0.5356693398537913,-0.7183844371502301,145.0,155.0,132.3915230477447,6.536745244472677,-0.28243811361794413,-0.923198227516854,124.0,140.0,96.0507132844067,33.10162343965526,0.2361964509838548,-1.2916741285682094,56.0,143.0,152.678403562299,4.793757226272023,-0.712799502275581,-0.6235760950457534,145.0,158.0,124.06687556691679,5.040618095413224,0.4258309111104597,-0.7210302161487001,118.0,131.0,0.21675701530612246,430.47518010647184,0.6251686238312427,0.7375353317907257,0.9648687012065295,1.0854700854700854,0.7319469681674406,117.67647720993193,1.109982061355644,134.35991146139747,104.86652870750665,0.7774494038138017,2.7841108336864306,3.835295011698233,5.7491011912795225,-10.569484709715905,-7.142248136363105,-10.998604514055316,0.09139389481426996,0.10954803800167376,5.0,123.12986136272892,117.67647720993193,10876.0,430.47518010647184
66,True,mel,144.5665393057475,30.14520961811255,0.20292746284577948,-0.8108301364160146,107.0,182.0,92.37127062840419,38.14568384820838,0.2718259415930962,-1.0478312630654727,46.0,144.0,101.77221364116738,43.29736382154245,0.29490598275018953,-1.1249933713202127,50.0,162.0,145.50800747906675,62.50704111952665,-1.8628585791063477,1.5196651167842523,1.0,178.0,99.6608405820665,35.91990501387591,0.07102231258996551,-1.226428010024612,52.0,147.0,144.5665393057475,30.14520961811255,0.20292746284577948,-0.8108301364160146,107.0,182.0,114.91065767010812,35.95459204939213,0.21302101084033315,-1.0741676725671883,71.0,163.0,151.11259247215673,4.3326543013892715,-0.3204582933471307,-0.8534873682412649,145.0,156.0,132.3181855133729,6.523354340329572,-0.21849468045035414,-0.8553030635284173,124.0,140.0,109.06682383546053,36.17660197460521,0.2512437325066498,-1.0312942961298983,65.0,157.0,153.35680026014145,5.400360118742061,-0.5475290832573748,-0.750435246242485,145.0,159.0,123.86521421022681,5.190810991681959,0.3764841624580817,-0.7074472825789586,118.0,131.0,0.21936782525510204,443.15642097360376,0.6203604527821125,0.7043114324894664,0.9649338125712282,1.2844036697247707,0.7212975098296199,118.38305482162528,1.420195908892605,134.83767898920823,105.75546256563068,0.7779527688115513,2.8017564081614967,3.833412556516076,5.7510697805423,-10.60834353742109,-7.153552891654613,10.836827971999424,0.0909421277368947,0.10914292608044174,5.0,128.5721557515151,118.38305482162528,11007.0,443.15642097360376
67,False,nv,121.07175236368346,37.828699728426336,-0.26644274652141015,-1.2578142824314462,65.0,167.0,89.90920865172905,40.68174271775568,0.18618647333743693,-1.3018296701115923,39.0,147.0,94.52493200362647,40.562856783263484,0.3761095571431376,-1.1908662862811197,47.0,154.0,141.33544877606528,66.22079177663277,-1.62248546581163,0.6751191578483517,1.0,179.0,74.82023054008548,30.26717466913138,-0.26911761217658897,-1.0992949060384731,31.0,111.0,121.07758062427146,37.83805622381094,-0.26551216025470087,-1.2567983601341903,65.0,167.0,104.76324310322497,41.520070201708606,0.019118156300469934,-1.3149792908178164,49.0,160.0,141.90843155031732,3.5782419861137025,-0.35328944888989966,-0.645601036551906,137.0,146.0,130.54202823468464,3.7672301883533104,-0.013520781335556604,-0.9676436113064164,125.0,135.0,99.76622199196996,39.593667017657374,0.08411911849076806,-1.3202664737108118,48.0,154.0,143.21370288822692,4.5101073761944095,-0.32861860155948647,-0.7104501381958928,137.0,149.0,125.03561714803782,3.325987778198222,0.026015306661542354,-0.9732914057153987,121.0,130.0,0.13986766581632654,341.4629867976521,0.7833451994147097,0.7563728967259736,0.9650715071507151,0.6428571428571429,0.6876347246717617,94.52827685381435,0.1409796606145291,120.84670865595793,75.11673337104509,0.7439844478216068,2.195914641590495,4.048347024906799,5.220540023486572,9.8617391737171,6.3773703033134375,-10.611896961057424,0.08862923909945852,0.17802429855312069,5.0,134.32602266957508,94.52827685381435,7018.0,341.4629867976521
67,True,nv,121.06321243523315,37.81153350981943,-0.26753784603501546,-1.255217306620749,66.0,167.0,89.91049222797928,40.6898848522749,0.18629602922156832,-1.3019126677202024,38.0,147.0,94.4970207253886,40.53789874484417,0.37744816041897633,-1.1905163541027424,47.0,154.0,139.81386010362695,67.37391939876596,-1.5513404858048672,0.44615188230604286,1.0,179.0,74.82357512953368,30.31808850909621,-0.2658178805748516,-1.0983647568162447,31.0,111.0,121.06891191709845,37.82066925859995,-0.26663182400123386,-1.2542418351449478,66.0,167.0,104.76049222797927,41.52202447925868,0.019383545346108037,-1.3143518432306034,49.0,160.0,141.90401554404144,3.593781970222918,-0.351794809589688,-0.6231045216662863,137.0,146.0,130.55971502590674,3.782124429968409,-0.011883944005552628,-0.9876228107917022,125.0,135.0,99.75841968911917,39.59125756051233,0.08429722099891189,-1.3201118174158144,48.0,154.0,143.21334196891192,4.519755509705499,-0.3280564587898251,-0.720080412899113,137.0,149.0,125.02383419689119,3.337679659012843,0.02348947906839432,-0.9967017590091749,121.0,130.0,0.13986766581632654,341.4629867976521,0.7833451994147096,0.7563728967259736,0.9650715071507151,0.6428571428571429,0.6876347246717617,94.52827685381435,0.14097966061452902,120.84670865595791,75.1167333710451,0.7439844478216072,2.195914641590497,4.048347024906901,5.220540023486583,9.861739173717192,6.377370303313544,-10.611896961056685,0.08862923909945852,0.17802429855312066,5.0,135.51267716646214,94.52827685381435,7018.0,341.4629867976521
67,True,nv,90.58632301515348,35.63968091985693,-0.25986628408759654,-1.2358296627101168,38.0,134.0,60.91205802357208,38.56514913167051,0.17526411299183664,-1.2890081544921692,12.0,115.0,65.17225747960109,38.381757288074695,0.370799336615411,-1.1732422599824783,20.0,121.0,136.27936795751845,69.98698641528496,-1.3941141536719641,-0.022783726498014634,1.0,179.0,104.84574536977075,53.76663549248514,0.3273002053378793,-0.7075905928010764,37.0,177.0,90.58994948840824,35.64526070618799,-0.2593227702013525,-1.2353212285897697,38.0,134.0,73.3643310452014,41.16912741092471,0.009121398018469076,-1.308994815364454,17.0,128.0,141.88032638259293,3.8574089597286654,-0.21491220551790655,-0.8756184393371664,136.0,147.0,131.09156844968268,3.8798537684239625,-0.06668036511303772,-1.0047535622326764,126.0,136.0,70.27651858567543,37.4687170519754,0.07892548284425314,-1.3030685496893337,21.0,121.0,142.50148944437248,4.243041079253393,-0.34030012572396245,-0.6932980293076012,137.0,148.0,125.11423390752493,3.1860913430175573,0.09028006725475936,-1.008637385983266,121.0,130.0,0.13986766581632654,341.4629867976521,0.7833451994147097,0.7563728967259736,0.9650715071507151,0.6428571428571429,0.6876347246717617,94.52827685381435,-0.1409796606145289,120.84670865595793,75.11673337104509,0.7439844478216072,2.195914641590497,4.048347024906916,5.22054002348666,9.861739173717266,6.377370303313463,10.611896961058353,0.08862923909945852,0.17802429855312069,5.0,159.3988826139581,94.52827685381435,7018.0,341.4629867976521
68,False,vasc,92.33297486221267,51.640346591175856,0.832478098903366,-0.7775570289211169,44.0,179.0,75.90112918403011,33.98148318062513,0.801133764274619,-0.634922912689452,42.0,130.0,104.98528027960748,30.99461138156538,0.5225877081588912,-0.6318462970501857,69.0,151.0,137.09423309584622,19.839956311960982,0.1592047459463223,2.3385056804944453,119.0,168.0,86.62904960344132,20.220377663551695,0.006904570146399569,-1.1601216326349202,60.0,113.0,111.633687323565,40.52725628774074,0.7651962127644153,-0.5535709528065809,69.0,179.0,88.12400860330689,39.907567456850686,0.7295982180630161,-0.8090811529537323,48.0,152.0,141.60418066944482,4.789240107440707,0.77135279187941,-0.36985491035318896,136.0,149.0,113.45906707890846,8.328218687025954,0.4178713107717532,-0.3764079116268424,103.0,126.0,84.11856432316172,38.6581896793827,0.7955256977083057,-0.7120443579160738,46.0,146.0,133.86550611641348,9.925599954808497,0.8480091740589023,-0.5876961169524271,124.0,150.0,139.78350584756015,7.439579053445935,-0.3932635556696382,-0.25050723142979203,129.0,149.0,0.2789779974489796,453.7888886054566,0.6711530528446595,0.8542168579307289,0.9869562151871959,0.7564102564102564,0.7604302477183833,133.50208667733554,0.18464272492394848,155.193122365707,115.04758095954415,0.7782344324177065,2.629595780184276,5.080123625264312,6.64338822802202,12.623910293396932,8.106259907064894,-12.692858205672362,0.028432633233319016,0.10978619284123793,5.0,80.58759026325342,133.50208667733554,13998.0,453.7888886054566
68,True,vasc,95.39204946996466,53.53847461623392,0.7521428852897238,-0.9521643837218954,45.0,183.0,77.76042402826855,34.869166035124785,0.7197336417752793,-0.8427260745581622,43.0,133.0,106.20194346289753,31.221682138593245,0.4542009449052465,-0.7969681877346355,69.0,152.0,138.1813898704358,20.585003345459313,0.08942378159387342,2.1409502102637754,119.0,170.0,85.94034157832745,19.78880030601069,0.04328982661594206,-1.1603853074764674,60.0,112.0,113.97502944640753,42.10173710110804,0.7119821069390587,-0.7178539212925732,69.0,183.0,90.323851590106,41.009026944524656,0.6548099028237493,-0.9808227356975752,48.0,155.0,141.86372202591284,4.99904969042122,0.7216085508819756,-0.5643979909803645,137.0,150.0,114.03898704358069,8.668187068471328,0.4367382210550217,-0.4291839541207163,103.0,127.0,86.26790341578328,39.78358291079818,0.7149105840339531,-0.9042542123731008,47.0,149.0,134.51572438162543,10.422033156879335,0.7884136623089005,-0.7383741661913552,124.0,152.0,139.25965842167255,7.759997412126501,-0.4297348980011815,-0.30459369283591897,128.0,149.0,0.3085339604591837,522.9137802864844,0.7237881165130773,0.7114570723094736,0.9819231257135608,0.8322981366459627,0.7175767127097432,140.3959450698098,-0.5183954670498397,169.17237582255643,116.73271037792182,0.7681352653298881,2.4360743990785187,5.070256101343064,6.4167431243532285,12.2103080425392,7.703742123255288,12.503403366835272,0.028163555325883327,0.13141358634202382,5.0,82.47554075257804,140.3959450698098,15481.0,522.9137802864844
68,True,vasc,99.07379528194099,49.038998495049164,0.8087258098192395,-0.764264243384321,52.0,181.0,74.93144700584716,34.22647092990665,0.8218904220249214,-0.616296220403282,42.0,130.0,103.06586464144095,26.417541799510904,0.40555047097736885,-0.5825033897289287,71.0,140.0,134.12010215740304,37.83364634620222,-2.4172681384493946,6.412555951587031,126.0,172.0,92.05134753679683,20.76725550399513,0.002323598384480321,-1.2383402636181362,65.0,119.0,113.6601250084011,40.44393434789902,0.7647441143307165,-0.5496100777863382,71.0,181.0,89.13119161233953,39.002590825909536,0.7288773889517292,-0.7921047831455539,50.0,151.0,144.40419383023053,3.2598465902536393,0.17454802324903293,-0.4173686839721751,140.0,149.0,115.14375966126755,11.020743377895222,0.631343755748227,-0.47381059439149054,103.0,133.0,85.36689293635325,37.412636439819096,0.7887508194032848,-0.6940982447515887,48.0,146.0,137.78647758585927,8.756730589648386,0.8648293573819275,-0.595798523022347,130.0,152.0,137.98971705087706,9.777851841419796,-0.6614234008540328,-0.3325214093268123,122.0,149.0,0.2789779974489796,453.7888886054566,0.671153052844659,0.8542168579307289,0.9869562151871959,0.7564102564102564,0.7604302477183833,133.50208667733554,0.18464272492394843,155.19312236570696,115.04758095954418,0.7782344324177062,2.629595780184275,5.080123625264243,6.643388228022218,12.623910293397254,8.106259907065171,-12.692858205672545,0.028432633233319016,0.10978619284123796,5.0,99.04483619809636,133.50208667733554,13998.0,453.7888886054566
69,False,nv,143.90093920548293,47.57795079214882,0.027317203020969086,-1.4123498887840502,82.0,207.0,91.31571265389009,41.534315920773956,0.3537101530211308,-1.2208019689223215,43.0,152.0,78.3145703769514,35.94865053063986,0.695242878125222,-0.6545346707659605,40.0,134.0,18.214050006345982,44.78608957706127,3.2744666706062238,8.775447874807108,2.0,10.0,120.8148242162711,21.775673360770185,-0.571330056398631,0.2027085497076473,90.0,146.0,143.90093920548293,47.57795079214882,0.027317203020969086,-1.4123498887840502,82.0,207.0,111.62825231628379,43.497448987429856,0.18821709102858197,-1.3193772990115542,58.0,173.0,148.19564665566696,2.7256848447432858,-0.2632996136509754,-0.6221800534954394,144.0,152.0,144.48521385962687,5.955338149126908,-0.290085351608321,-0.9857890331659807,136.0,152.0,105.5708846300292,42.46904782266843,0.2731754144688288,-1.2824026530601984,55.0,167.0,155.37549181368195,5.4491220873584,-0.47326107098997855,-0.8494312307693876,147.0,162.0,112.60001269196599,6.022864797412103,0.26745799392965275,-1.1619276486403796,105.0,121.0,0.2960578762755102,477.00209204105306,0.6563681974613383,0.8204307936617254,0.9756978653530378,0.7530864197530864,0.751619105444242,137.52808235789826,0.10251815996414346,158.8317048514284,119.82910464768608,0.7784452611205706,2.6796463662284395,4.304348554988545,5.967583082486855,11.112729665597648,7.321287432680741,-11.795060847790761,0.06415348367553009,0.10877427446070295,5.0,114.13971372998026,137.52808235789826,14855.0,477.00209204105306
69,True,nv,145.64275239044994,47.99015265944171,-0.005439985592193505,-1.4414182045827635,83.0,209.0,93.23048043644043,42.40174923588363,0.32361326473224733,-1.282696146551314,44.0,155.0,80.34305156332492,37.26671268537434,0.6662073223568933,-0.7762360050590833,41.0,138.0,17.180383645216168,43.190335439735826,3.4471534826685386,9.944451883686325,1.0,10.0,119.17011790930955,22.560097039160087,-0.646699334106693,0.06283737214000062,85.0,145.0,145.64275239044994,47.99015265944171,-0.005439985592193505,-1.4414182045827635,83.0,209.0,113.49040886959583,44.18298433780842,0.1618329234833132,-1.3629763332939684,58.0,175.0,148.0688097612483,2.737860690559574,-0.24567253274525283,-0.7140200992992223,144.0,151.0,144.32844488766352,5.858983227911494,-0.23072243202304507,-1.0458364197408947,136.0,151.0,107.44735144013609,43.248038401700654,0.24381504016056374,-1.3345569324498752,55.0,169.0,155.27729219217457,5.359358345479611,-0.45215772037175683,-0.8557781874762118,147.0,162.0,112.68528186777732,5.907633302632937,0.23506798607438298,-1.161459015620806,106.0,121.0,0.31180245535714285,521.1858582251266,0.5892674907704538,0.723769345816789,0.9695711452652455,0.9038461538461539,0.71126568466994,141.13763735227263,0.4909929558356351,157.51498133787757,127.26234020842443,0.7856410195303154,2.9264537070953414,4.31646377420624,6.259804541687734,11.577639261562902,7.763298848080696,-11.994614568042417,0.06449344838606585,0.08496833122324898,5.0,113.74058513833762,141.13763735227263,15645.0,521.1858582251266
69,True,nv,145.71230758417093,47.99801830664628,-0.007632170808891646,-1.442838790672719,83.0,209.0,93.30364799325227,42.371714805430784,0.3189124911786956,-1.288862009616031,44.0,155.0,80.41800801293316,37.238732656156884,0.6592239264255759,-0.7941859388236843,41.0,138.0,19.093695086806775,46.20080650807794,3.1439532036636093,7.929163441067061,2.0,10.0,119.14500597455542,22.534454384444665,-0.6293866559622607,0.055907061119191415,86.0,145.0,145.71230758417093,47.99801830664628,-0.007632170808891646,-1.442838790672719,83.0,209.0,113.55774232093906,44.16423761769837,0.1580495281017927,-1.3666306938557156,58.0,175.0,148.06171364307303,2.7239609262896223,-0.21766355396317008,-0.7487885828178928,144.0,151.0,144.32382090391508,5.852232295163501,-0.2731888516206121,-1.0336904990951163,136.0,151.0,107.5189428551346,43.230035751388414,0.24010297797810123,-1.3396907325641223,55.0,169.0,155.2784142827019,5.351851453684277,-0.45097249196558886,-0.8744126618895165,147.0,162.0,112.68883109580375,5.9007122887787915,0.2688336676676927,-1.1573990906144587,106.0,121.0,0.26014429209183676,448.6173157302028,0.6271306892118816,0.8150197578293346,0.9726527570789866,1.293103448275862,0.7501724137931034,128.9170112026651,-1.4947165219136695,146.5196758296073,114.1262342331552,0.7821017099477141,2.7866446292496865,4.317944216376151,6.105205960220936,11.331759447885334,7.519660645240202,-11.904871655557862,0.06274419673638243,0.09794019800921554,5.0,116.73327919916889,128.9170112026651,13053.0,448.6173157302028
6,True,mel,189.2584456223258,37.60984216957153,-2.3088562213815953,5.653318480092629,155.0,219.0,145.90433616450605,45.76897640820034,-1.5778426708564828,2.4905847946031177,96.0,190.0,176.93332907593077,47.551548654019385,-1.7173308251275552,2.878631163480069,123.0,220.0,156.8203588990357,8.615691155185969,-0.1881100312646286,6.217305401486151,146.0,170.0,68.29363305447346,45.61008615233471,2.685288809025301,7.461756995978114,35.0,99.0,190.30978989718372,38.29762531220248,-2.2261890661201273,5.3313809483321695,155.0,222.0,166.24810013410817,42.976191160225056,-1.9100995555174076,3.7978380471282405,123.0,204.0,149.6671562679609,5.862339408393638,0.23105099553220354,-0.928807350240116,142.0,157.0,118.58784085829235,5.6894420303068305,1.1034785615021472,1.6681544435954025,113.0,127.0,162.42129127019606,43.199310813782425,-1.7949922379853063,3.293939498403123,117.0,201.0,147.16450603486814,6.520087557862468,0.26864153471890606,-0.441253187444953,138.0,156.0,136.21668050322498,5.017383429078886,-0.7888427797350532,0.2123040362407509,128.0,142.0,0.29470264668367346,537.1025971044414,0.6974294271815586,0.6441328261893168,0.9123835379774171,0.7352941176470589,0.6958588235294118,137.2129481790944,0.17092667249592838,165.29488275864264,118.45915107597716,0.757472358651349,2.500961404138117,3.6937052464215268,5.091588859789454,-9.73848786884368,-6.374480057876022,9.564841564314298,0.13992020017583007,0.1524041200183324,5.0,92.52340261972316,137.2129481790944,14787.0,537.1025971044414
6,True,mel,187.18726209896684,35.11479958467701,-2.392658823546122,5.9974106010698645,157.0,215.0,141.31001903208266,38.751737847324776,-1.6248528834032459,2.698189601562448,99.0,179.0,163.109230560087,44.70386326257303,-1.4547056979430881,2.0674639623511952,111.0,208.0,155.07143828167483,37.55127355523788,-3.6904209506690813,12.292634895877471,152.0,174.0,68.31090266449156,31.2536391912682,2.2097819652817723,5.420796630285837,42.0,95.0,187.21152800435019,35.138032526830685,-2.388061651485831,5.982757905553269,157.0,215.0,161.76570146818923,38.08819772142259,-1.978303476755573,4.127767772446902,125.0,196.0,149.1231647634584,3.792905943750581,0.32382300611954196,-1.0997898162935023,145.0,155.0,123.6882137030995,6.646214053605068,0.904803118131791,0.3789762732370918,116.0,134.0,157.5231103860794,38.02564007058814,-1.8237711894712454,3.4665677799131984,119.0,193.0,149.1836595976074,4.846303815211709,0.2473445022393666,-0.9170122132633898,143.0,156.0,131.15246057640022,6.037161917346127,-0.6879073941400959,-0.1792428598751883,122.0,138.0,0.26524633290816324,551.7838379715733,0.7566213282978347,0.5493097882173459,0.9067311622836899,0.7380952380952381,0.6388728878648233,130.17505560160242,-0.3612519231304822,164.19202598136133,107.35750149249426,0.7429778154738347,2.279608251052709,3.672348655610764,5.03083544127115,-9.414179371978602,-6.172152561867614,9.815602433258826,0.13975505297167334,0.17383046034783411,5.0,103.94294527333676,130.17505560160242,13309.0,551.7838379715733
7,False,nv,150.34436542669584,37.47291671128825,0.4508760335951068,-1.0896217812398454,107.0,207.0,113.37964989059081,36.479064039875595,0.7369198372188068,-0.7688788336193215,77.0,171.0,150.34026258205688,26.025339620032874,0.844601211061853,-0.35533788081784357,124.0,191.0,151.08574945295405,10.195619709194377,-0.11355415782283224,-0.9990633003196097,137.0,165.0,74.76435995623632,21.66353948770149,-0.23492647500242317,-1.0092228673111217,44.0,101.0,156.9050875273523,31.474839146232014,0.6984983352356996,-0.8484705123188996,125.0,207.0,133.43462800875272,34.98952397178199,0.6388501492504816,-0.9087269702126082,97.0,188.0,149.47757111597375,3.22794489361107,-0.9825998706515279,0.0057329102793444164,144.0,153.0,113.38607768052516,7.426988740323305,-0.1281831536897796,-0.8970144222101801,104.0,124.0,128.6660284463895,35.38841301770487,0.6701779655967087,-0.8574469683694148,92.0,184.0,143.4909737417943,3.5942568359553273,-0.5815340478385486,0.03474884515260701,139.0,148.0,140.23878555798686,6.608369887746194,0.1180933650663514,-0.8380553333284833,131.0,149.0,0.1327327806122449,314.73506473629425,0.7290377884582264,0.8448776705346502,0.981143193871538,0.7117117117117117,0.759493670886076,92.08569578352646,0.17575004171148972,111.50857217270998,76.32465703813263,0.7661025969632667,2.414955244861998,4.3169450803647536,5.691950684646359,10.78706714055103,7.080451654940227,-10.929806483461876,0.050000000000000044,0.1393335061177292,5.0,63.33399834312788,92.08569578352646,6660.0,314.73506473629425
70,False,mel,131.82716049382717,48.78908996827571,0.28822626702811033,-1.3393681331416925,74.0,202.0,75.93298059964727,59.86255647005175,0.5852628765002902,-1.1014562588679042,14.0,169.0,81.93650793650794,67.96904032422991,0.6208014686386947,-1.1293284097744356,13.0,189.0,99.54791299235744,83.18164163827569,-0.3104202442476563,-1.8775365286370682,0.0,178.0,135.81363903586126,65.75886294779711,-0.22060851152467056,-1.3145330051378918,42.0,215.0,131.92369194591416,48.92679804413533,0.29226505773182904,-1.3354166704649366,74.0,203.0,99.02457378012933,56.827548221010574,0.47906028480154,-1.2108730060827144,37.0,185.0,153.11228689006467,6.054560532007447,-1.0507138838804564,-0.03860112906361657,143.0,159.0,136.83115814226926,10.22178250200037,-0.6126349431322057,-0.7451040068323525,121.0,148.0,93.33827160493827,57.27249324391424,0.5171242183080127,-1.1826401846897714,32.0,180.0,155.49135802469135,7.591477126589335,-0.9828079754025256,-0.17202846875403122,143.0,163.0,121.55508524397413,7.678554104069583,0.7284217580050657,-0.29122717875112203,113.0,133.0,0.15443638392857142,355.01933598375615,0.6721765692069749,0.7725943186134747,0.9523165785916186,0.8461538461538461,0.668997668997669,99.32941775804777,-0.43624979576245654,116.45018621767102,86.21865621334148,0.7712641920097434,2.6122370587787427,4.342234802085494,6.175951305095719,11.979356303544803,7.622030859647418,11.453514475019714,0.05716866692476452,0.12537536024327553,5.0,197.86730263020812,99.32941775804777,7749.0,355.01933598375615
70,True,mel,134.73509700176368,48.142471997792114,0.25334036214209305,-1.30505738037147,77.0,204.0,77.34038800705467,60.51522231060164,0.5487885057281571,-1.1156382966815597,13.0,170.0,83.31640211640212,68.41828466780458,0.5870446525668641,-1.1411542767153822,12.0,190.0,101.1336860670194,82.96716377233733,-0.34699319698010905,-1.853029035048543,0.0,178.0,135.94485596707818,67.55384738985694,-0.14882512255965388,-1.3087543741330354,41.0,219.0,134.82539682539684,48.26970294839329,0.2572865221167079,-1.3014723148032745,77.0,204.0,101.25008818342151,56.671875538617336,0.45122259154631483,-1.2082730450293304,38.0,186.0,153.58706643151086,6.662254071487155,-0.8217791784073477,-0.2754581407248633,142.0,160.0,137.23433274544385,10.506916480382321,-0.5601466658180765,-0.8012248203299293,121.0,149.0,95.19200470311581,57.48166229208439,0.48493125351617083,-1.1848942567133647,32.0,182.0,156.23974132863023,8.346607892286226,-0.7922266876727044,-0.3400812020853947,142.0,165.0,121.28853615520282,7.818832931816194,0.7015867758652895,-0.35956998420050423,113.0,133.0,0.15443638392857142,355.01933598375615,0.6721765692069743,0.7725943186134747,0.9523165785916186,0.8461538461538461,0.668997668997669,99.32941775804777,-0.43624979576245615,116.45018621767099,86.2186562133415,0.7712641920097436,2.612237058778743,4.342234802085398,6.175951305096315,11.979356303544165,7.622030859647752,11.453514475020691,0.05716866692476452,0.12537536024327553,5.0,198.79071411058754,99.32941775804777,7749.0,355.01933598375615
70,True,mel,141.79435626102293,51.76340982962724,0.2344737566739586,-1.2896551494826087,79.0,212.0,82.050911228689,65.41580562498561,0.455639404679893,-1.1630459591480624,9.0,179.0,88.24268077601411,72.79115843461068,0.48548526261384534,-1.2091177724949087,9.0,198.0,102.87219282774838,82.64145379406986,-0.3900590897784798,-1.8208590375641525,0.0,178.0,136.50723104056436,72.5117045876692,-0.009122119308549394,-1.3581016919395037,40.0,233.0,141.88853615520281,51.882722101941084,0.2365940584219084,-1.2899950178164985,79.0,213.0,107.05890652557319,60.28057023042496,0.37785152465767496,-1.2501022446599306,38.0,195.0,154.26278659611992,7.41282610236793,-0.7100744487461628,-0.49660075615519705,142.0,162.0,137.66325690770134,10.975133926344323,-0.47634563061883484,-0.896457697643239,121.0,150.0,100.63703703703703,61.89285894700726,0.4026576944421755,-1.2240667146725148,30.0,191.0,157.39729570840683,9.316541570316089,-0.6735099833920761,-0.5165990321911691,142.0,167.0,120.99941211052322,8.065261418408735,0.6638722675237853,-0.4460597671266444,112.0,133.0,0.15443638392857142,355.01933598375615,0.6721765692069749,0.7725943186134747,0.9523165785916186,0.8461538461538461,0.668997668997669,99.32941775804777,-0.43624979576245654,116.45018621767102,86.21865621334148,0.7712641920097434,2.6122370587787427,4.342234802085494,6.175951305095719,11.979356303544803,7.622030859647418,11.453514475019714,0.05716866692476452,0.12537536024327553,5.0,207.03588048368013,99.32941775804777,7749.0,355.01933598375615
71,False,nv,112.65383381456529,44.19046726473944,0.6667932711397241,-0.8592168899442032,66.0,186.0,60.597048444016686,44.904096618426685,1.1820160916138704,0.05048208570650692,24.0,143.0,82.70452358036573,47.33897063975047,1.2572889339642506,0.23992666505867355,44.0,170.0,166.2771896053898,5.3944358797153535,-0.9181274133873769,0.9353141514717107,159.0,172.0,132.46679499518768,40.61294810559854,-0.9354991379307315,-0.331783371831897,61.0,171.0,112.67115816490215,44.22552063421105,0.6688573829354454,-0.8539544118029361,66.0,186.0,82.41835097850498,45.784322570486715,0.9753129207101648,-0.3601415423967169,40.0,164.0,153.94353545075393,4.212972550245469,-0.2702772888974906,-0.5740141183616152,148.0,159.0,125.40487648379852,4.826307635136677,0.276389699757871,-0.5138829348935161,120.0,132.0,78.69554058389477,44.633466326673904,1.0583652257258775,-0.21384204118944306,39.0,159.0,152.25537375681745,5.855075823050565,0.019542552461856044,-0.8468402504857884,144.0,160.0,130.26114854026306,3.729093151922556,-0.07763155654431719,-0.31480683654855524,125.0,135.0,0.05430883290816327,206.26702730475878,0.4345211782988519,0.8048533413609532,0.9465092045849253,0.9344262295081968,0.7837215990796664,58.90312181373173,-0.6439992199459399,62.69682989902424,56.46862810270354,0.7870309900927664,3.5379468546439177,4.395637277946248,6.13441081824687,11.897237774161717,8.21108160897057,-11.422559110885274,0.07596330275229357,0.08198014455683124,5.0,90.23290461952494,58.90312181373173,2725.0,206.26702730475878
71,True,nv,117.43202927103856,46.110898745657416,0.5578312098391067,-1.0758073612829517,68.0,192.0,65.7635800731776,48.45434016816091,0.9929739530130784,-0.4752945390743628,24.0,153.0,88.37236138474529,51.07481520347058,1.0555378639695892,-0.34267193518928485,45.0,182.0,165.79848015761328,5.775948846814379,-0.9992077384601958,0.8700052402194971,158.0,172.0,128.2620320855615,43.6645705606125,-0.7640372504915584,-0.7570092590747013,53.0,171.0,117.46383338024205,46.16931724572601,0.5606363777910724,-1.069874356964635,68.0,192.0,87.61919504643963,48.75454692658768,0.8232288000151153,-0.7420811764235236,41.0,172.0,153.73740500985082,4.348587862905,-0.3313687298769996,-0.5434253597751333,147.0,159.0,125.03349282296651,4.849233108204359,0.24123982715506015,-0.5155904830862803,119.0,132.0,83.81114551083591,47.756542849381255,0.8924546277171853,-0.6472247157670976,40.0,168.0,152.017168589924,5.848975381005063,-0.03198786972368665,-0.8099271503866228,144.0,160.0,130.57022234731213,3.796495396237433,0.013767687914004494,-0.35400465608930887,125.0,136.0,0.058892697704081634,231.30865786510142,0.44990511698439367,0.6940385149903285,0.933649289099526,0.8450704225352113,0.6936619718309859,61.3385918871016,0.2135065669367344,65.58987572145561,58.576767495968596,0.7863143232239579,3.4695239731857943,4.383324318269607,6.087805208258728,12.171679741821544,8.516240596719761,11.327780984352898,0.07884940778341798,0.08432730846385396,5.0,95.6098366531529,61.3385918871016,2955.0,231.30865786510142
71,True,nv,112.69470304975923,44.096838796517034,0.6705974178655328,-0.8550993194484935,66.0,186.0,60.55184590690209,44.96704117392795,1.184281835912021,0.056614388644511404,24.0,143.0,82.56565008025682,47.33360760778842,1.262000003468712,0.2566459543853101,44.0,170.0,166.3422150882825,5.441567576875705,-0.934050129186678,0.923608525510903,159.0,172.0,132.69887640449437,40.823401316471895,-0.9402592077900424,-0.3285855934575461,61.0,171.0,112.71203852327447,44.131936651387136,0.6726653643895413,-0.8498039726491493,66.0,186.0,82.40353130016051,45.785793955547724,0.9783589028929818,-0.35277625586470673,40.0,164.0,153.961797752809,4.199765105889833,-0.27532531731740967,-0.5003604241498834,148.0,159.0,125.49052969502408,4.866911592721342,0.26475425029809474,-0.529824424947515,120.0,132.0,78.66709470304976,44.64200304310394,1.061546277273009,-0.20598696383270054,39.0,159.0,152.30529695024077,5.841751056781935,0.01536042140774093,-0.8250799439294112,144.0,160.0,130.20128410914927,3.7502614082697527,-0.06295515414840519,-0.3522889313256612,125.0,135.0,0.05430883290816327,206.26702730475878,0.4345211782988517,0.8048533413609532,0.9465092045849253,0.9344262295081968,0.7837215990796664,58.90312181373173,0.6439992199459398,62.69682989902424,56.46862810270355,0.7870309900927657,3.5379468546439212,4.395637277947526,6.1344108182486785,11.89723777416727,8.211081608973473,11.422559110888379,0.07596330275229357,0.08198014455683122,5.0,90.39690554473474,58.90312181373173,2725.0,206.26702730475878
72,False,mel,195.99462283328597,12.504206096622918,-3.8782786837525287,38.67628156492747,183.0,208.0,146.04308290891603,18.705345937326094,-1.266993902629151,4.859886624274488,122.0,167.0,138.00706026361232,25.726756111318306,-0.6433751510164055,0.854111678478223,104.0,168.0,37.948676473802706,67.89296026447461,1.5528109645006964,0.4206285125027467,1.0,178.0,77.70200441539706,25.134458165252276,1.0057281786372285,2.5370522554957597,50.0,111.0,195.99462283328597,12.504206096622918,-3.8782786837525287,38.67628156492747,183.0,208.0,166.08798006513803,16.429322581898276,-1.852179222666875,11.081292979477722,146.0,184.0,145.9115171916326,3.2518826706149024,0.6809151697937265,0.5665241311171396,142.0,150.0,139.86292596559488,6.286578521248236,0.2744197349256638,-0.5406070924368978,132.0,148.0,160.0762858204551,17.24737612702585,-1.5478507142267868,7.5585269543818345,139.0,179.0,153.65450610942315,5.171692327404532,0.22410564857285442,-0.2921055496840297,147.0,161.0,115.53080941659927,5.721822025096228,-0.1122914127985744,-0.6664602641119255,108.0,123.0,0.9008490114795918,879.0782104868019,0.4280119815330249,0.7350262954099093,0.9660603988116865,1.0,0.9008490114795918,239.8993552754448,0.4114602054035331,257.19829800083744,232.44889276581844,0.7794233507785006,3.5516399836078243,4.72374081831963,6.363423101486339,12.402100970482778,8.502591044006888,-11.930435605791926,0.05564036193889521,0.10709362283676158,4.0,105.5316245263498,239.8993552754448,45201.0,879.0782104868019
72,True,mel,196.0016816633179,12.591120551075607,-3.8046758458621235,37.52908726926247,183.0,208.0,146.04516467196646,18.758878739639467,-1.264484864318872,4.840907406815392,122.0,167.0,138.02175242421595,25.773743352329532,-0.6440195844324542,0.8538787859309602,104.0,168.0,38.191840656940684,68.07569388306146,1.5414446431220166,0.38533990701526477,1.0,178.0,77.70326286363239,25.143437223447716,1.0102221894906576,2.5388679180114178,50.0,111.0,196.0016816633179,12.591120551075607,-3.8046758458621235,37.52908726926247,183.0,208.0,166.09301563728488,16.486833859590558,-1.8420867491096142,10.957379047130273,146.0,184.0,145.91541451908796,3.2517858370842645,0.6775224949122722,0.525517612543259,142.0,150.0,139.8590023586966,6.29492974199241,0.27669402114213104,-0.5393517371251226,132.0,148.0,160.0794312920416,17.30930250173823,-1.5409750538143911,7.49584103896869,139.0,179.0,153.65569581549752,5.170629748616409,0.22929190298274502,-0.2963486204747019,147.0,161.0,115.537258670394,5.727382080225393,-0.11478354622637615,-0.6623901514859578,108.0,123.0,0.9008490114795918,879.0782104868019,0.42801198153302433,0.7350262954099093,0.9660603988116865,1.0,0.9008490114795918,239.8993552754448,1.1593361213913613,257.1982980008374,232.44889276581844,0.7794233507785004,3.5516399836078247,4.723740818319659,6.363423101486304,12.402100970482774,8.502591044006866,11.930435605791883,0.05564036193889521,0.10709362283676158,4.0,105.81025165758479,239.8993552754448,45201.0,879.0782104868019
72,True,mel,190.64059071929037,23.424777904157885,-5.082223407870741,37.55372280616364,177.0,206.0,161.82452994880748,24.042189308143595,-3.1004947177200473,18.067799859556004,141.0,183.0,146.14208874943972,28.936864407951788,-1.4687229756996982,5.063450369135397,113.0,177.0,12.629196253745075,21.75458831995522,7.047887283928041,49.699443745228244,5.0,14.0,61.9635518648706,28.720353924827766,2.375618892608479,12.44953536404305,33.0,93.0,190.6466064309137,23.378433168748316,-5.066420297347208,37.38374765059552,177.0,206.0,175.02160937979193,23.84892243121692,-3.9669566411975663,25.836734484572013,156.0,195.0,136.2568119087499,2.047988442353705,0.11284973853164354,2.4581237864710426,134.0,139.0,140.1370874519333,6.186872583270363,0.34861754515377286,-0.6435251212752986,133.0,149.0,168.664252518342,23.984775834690648,-3.4519698102308998,21.236308934902457,148.0,189.0,143.69815282266626,4.182864091783668,-0.1312073385182945,0.6786776582892933,139.0,149.0,115.27620373210031,5.822340478869358,-0.24349062968830543,-0.691226390285959,107.0,122.0,0.8271683673469388,851.3279938488575,0.3320423139119193,0.7196245812348778,0.9662654529369311,1.0,0.8271683673469388,229.87939025647384,-0.09428166446454632,240.6940647836531,227.03816473331943,0.7828753027623678,4.033784622425621,3.9382049297044164,5.832385072754932,11.426179023633605,-7.853708823338978,10.726156350596638,0.07977544333076325,0.0994027877438359,4.0,73.8533754135313,229.87939025647384,41504.0,851.3279938488575
73,False,mel,204.3241468229985,8.372837359449969,-1.007490938444488,1.1963241662074644,193.0,213.0,155.71110842499698,19.443161532431215,-0.3491182416186249,-0.7370231071912667,130.0,180.0,149.44260445626335,27.276856016977387,-0.22249499949787377,-0.7429021684562089,113.0,185.0,38.16648535396269,67.97573356619745,1.4979644496481643,0.25361354376993894,1.0,175.0,70.99234457472097,25.84243333882236,0.3728354671246827,-0.7437970709235548,39.0,106.0,204.3241468229985,8.372837359449969,-1.007490938444488,1.1963241662074644,193.0,213.0,175.07997904830975,15.718960213877116,-0.42853734618535916,-0.5619726572945658,154.0,194.0,145.43390144647245,4.211272094813033,0.13733714729740876,-1.0541451255282364,140.0,151.0,138.60050767557112,6.619696435778683,0.06067955591857229,-0.5496403945431205,129.0,147.0,169.54164148434668,16.786831864984382,-0.4335579849160215,-0.5560366818761606,147.0,190.0,152.85414400257866,6.765872132827374,-0.06898426023070969,-1.1448156094594126,144.0,161.0,116.65135581610862,6.222321141267087,0.09714154601839206,-0.6247255527699651,109.0,125.0,0.473453443877551,632.5584412271571,0.556747703118859,0.746073938099529,0.9398267199430312,0.9728260869565217,0.7212776293417537,173.91687274306804,-0.6768617166604274,194.19389697506207,161.3133057568754,0.7755272186539566,3.024210554447839,3.3870239795148502,5.605766225253629,12.332444542552244,-7.7739628231423055,-10.102168847249404,0.15709715440309813,0.11358319984862578,5.0,102.19100426446978,173.91687274306804,23756.0,632.5584412271571
73,True,mel,230.00236881198057,9.189215279321553,-0.991500131254269,1.1500987731297458,218.0,240.0,177.11362267635604,21.261853753003027,-0.34355849016071976,-0.7482656428154533,149.0,203.0,170.38366724214077,29.68478939857679,-0.22187147446303168,-0.7502692361110337,131.0,209.0,38.94784598707191,68.61016813355569,1.4641870975948121,0.15306784180223065,1.0,175.0,68.46681655759426,24.858132279593995,0.3603136263707005,-0.7644280859027157,37.0,102.0,230.00236881198057,9.189215279321553,-0.991500131254269,1.1500987731297458,218.0,240.0,196.11956478098526,16.825036759835527,-0.4249411232450817,-0.5707333251838693,174.0,216.0,146.5125868229815,4.4670373418364795,0.13448265552426095,-1.0776079763713553,141.0,152.0,139.15477576584897,6.985902958260671,0.06659220956736844,-0.6005592130755448,130.0,148.0,192.1692696832216,18.352569653991964,-0.42725932402948147,-0.5700181441456627,168.0,214.0,155.02453125627335,7.3836256097581465,-0.07305666624875587,-1.1544715769575427,145.0,164.0,115.68619263660818,6.718162595690306,0.09874815178653461,-0.6254360445457046,107.0,125.0,0.473453443877551,632.5584412271571,0.5567477031188593,0.746073938099529,0.9398267199430312,1.0279329608938548,0.7212776293417537,173.91687274306804,-0.8939346101344682,194.19389697506213,161.31330575687537,0.7755272186539565,3.0242105544478415,3.3870239795148365,5.605766225253565,12.332444542565922,-7.7739628231420195,10.102168847249299,0.15709715440309813,0.11358319984862578,5.0,102.65751569247124,173.91687274306804,23756.0,632.5584412271571
73,True,mel,204.39386029841444,8.043567506876588,-0.9298471407577161,0.8067088378859908,193.0,213.0,156.1975924266625,19.371008187672192,-0.3379384105829184,-0.8210847596075559,131.0,180.0,150.15399898710507,27.207073934965717,-0.21165399718823166,-0.8083969475134074,114.0,185.0,39.881335463009854,69.23331032272147,1.4210993473991849,0.028582610861587643,1.0,175.0,70.22221356500059,25.774153804101385,0.36614601017379983,-0.8138100565733004,38.0,105.0,204.39386029841444,8.043567506876588,-0.9298471407577161,0.8067088378859908,193.0,213.0,175.45260820444895,15.602816370184776,-0.40578804432295196,-0.6750303796859352,155.0,194.0,145.2883244380381,4.24176418908697,0.15977882351454462,-1.0782982724088084,140.0,151.0,138.4107288947758,6.602505333475804,0.048518693051831416,-0.609728622254778,129.0,147.0,169.9333437219993,16.663100708026274,-0.41119396192237684,-0.6650385469204205,148.0,190.0,152.62226810549691,6.816476680800735,-0.04413097861349571,-1.1831777746957837,143.0,161.0,116.83065175893101,6.2212221670116925,0.10286888198210127,-0.6841403178225902,109.0,126.0,0.47911352040816324,643.144227664784,0.6153803796860484,0.7303441839055976,0.9377072200335452,0.8769230769230769,0.7209476683160894,174.95336137220488,-0.4571901257201652,200.59389604517062,158.11418462592704,0.7705537642302215,2.804263456052868,3.37613936594766,5.450194970770107,-9.92303692773612,-6.912384767054267,10.172998368607457,0.15848585690515804,0.12614691593777969,5.0,103.05103163369944,174.95336137220488,24040.0,643.144227664784
74,False,nv,162.5723253989014,26.741130974654208,-0.32437895304662184,-0.9985380803682076,124.0,195.0,96.14844363065656,34.087765270016476,0.26053933412898417,-1.1583771527868045,54.0,146.0,82.18846455663092,36.48511932012922,0.49591997493732737,-0.9883541790296198,41.0,138.0,7.139157729531782,18.505875434709736,9.0868369190887,81.03091989543144,4.0,7.0,131.6507978027727,36.75273443045836,-0.5319316930235397,-0.9454354474063469,75.0,172.0,162.5723253989014,26.741130974654208,-0.32437895304662184,-0.9985380803682076,124.0,195.0,122.26301334030866,31.071938334138782,0.09164701511560633,-1.1558399205612204,82.0,166.0,153.77112215537537,5.1295212701462125,-0.7676507397363211,-0.5781686970988948,146.0,159.0,148.1660999215276,5.484015403069289,-0.8744869067898818,-0.011697822521844259,139.0,154.0,114.4395762490191,31.916554292493863,0.15001741426255877,-1.1718916222404059,74.0,160.0,162.37836777399949,5.578985809401092,-0.9235817230855333,-0.0460801217994371,154.0,168.0,109.78446246403348,3.9979525583403492,0.8629219770544658,0.4660577568153279,105.0,116.0,0.1382732780612245,327.01933598375615,0.29827646961419196,0.815262177982388,0.9577581446714523,1.01,0.686930693069307,93.98795646981883,-1.3409200619823565,96.83662146185333,92.42857164541083,0.79200725471352,4.248074064040405,4.4171467978375185,6.8340522011247415,13.590738401987734,-8.986969282337071,12.460842314600114,0.053473623522628966,0.06007373421220243,5.0,81.99974083982231,93.98795646981883,6938.0,327.01933598375615
74,True,nv,151.51739471619146,27.636038300292377,-0.31888862556197467,-1.014913292088907,112.0,186.0,92.09089720115092,32.40667363777705,0.0735590065311561,-1.2141594781072373,50.0,136.0,51.854826052838085,37.11976794074435,0.5257268803197773,-0.9742046012398209,10.0,109.0,11.993852995030082,1.476324229922209,-1.6075462690020745,5.516788903623178,10.0,14.0,175.88856918650274,47.45073999140586,-0.36579040964421744,-1.0445551966518671,105.0,232.0,151.51739471619146,27.636038300292377,-0.31888862556197467,-1.014913292088907,112.0,186.0,114.69173424012556,30.69278215615125,-0.049785921545526274,-1.1668300456226917,73.0,156.0,148.9980381899032,4.315036011421585,-0.4586399902263483,-0.8550491000248885,143.0,154.0,160.94062254773738,6.697755768571047,-1.0474288188221532,0.3932321156429346,150.0,168.0,105.28917080826577,31.298988582476944,0.033253673137503124,-1.1992010818626335,64.0,148.0,161.02877321475282,4.196857279492013,-0.8291083656848538,-0.13604351089629496,155.0,166.0,97.83442322783155,5.441270631004962,0.855622394811467,0.43471354212293,92.0,106.0,0.1382732780612245,327.01933598375615,0.29827646961419163,0.815262177982388,0.9577581446714523,1.01,0.686930693069307,93.98795646981883,1.340920061982355,96.83662146185333,92.42857164541084,0.7920072547135197,4.248074064040417,4.417146797837417,6.83405220112406,13.590738401989473,-8.986969282336464,-12.460842314599027,0.053473623522628966,0.06007373421220245,5.0,76.56310252162044,93.98795646981883,6938.0,327.01933598375615
74,True,nv,168.72477064220183,27.58169568525475,-0.33790693589692244,-1.0458921716678315,128.0,202.0,101.57981651376147,35.87249407497328,0.21357522801045292,-1.2321539548710756,57.0,153.0,87.84025229357798,38.79759059163551,0.4441454403110902,-1.100542833688397,44.0,147.0,8.311353211009175,23.727557421621444,7.000851090014469,47.201946183568346,3.0,7.0,127.98314220183487,37.7625769223267,-0.48555227301262643,-1.0670537392959678,70.0,170.0,168.72477064220183,27.58169568525475,-0.33790693589692244,-1.0458921716678315,128.0,202.0,127.84782110091743,32.382308176951774,0.06010166450441993,-1.2162670670048015,85.0,172.0,153.86238532110093,5.382383582191033,-0.6912693081882606,-0.7786962187086997,146.0,159.0,147.96100917431193,5.891417555769544,-0.8127271849744754,-0.2920153913376553,138.0,154.0,120.11525229357798,33.47847311128382,0.11377079154240012,-1.235808708570986,77.0,167.0,162.7243119266055,5.959335112684182,-0.8729807769836933,-0.24687606971467435,153.0,169.0,109.76559633027523,4.359489266271776,0.8429124424518787,0.19788078738475212,105.0,117.0,0.15168606505102042,361.4041122946064,0.3682584690805127,0.7322601598523236,0.9510183681119581,1.0485436893203883,0.6841963322545846,98.44097812892414,-1.037319371971572,102.76717520714853,95.54505303795774,0.7913171031994367,3.859094759236405,4.428435179491774,7.000976316032094,-13.097695873737512,-9.124178391453459,12.756713032881317,0.05137301274471162,0.06450666110955432,5.0,89.07183002920289,98.44097812892414,7611.0,361.4041122946064
75,False,mel,186.32829190904283,22.855199080387813,-2.198380957631223,8.687025366316846,163.0,209.0,124.72652917327693,22.882120909500813,-1.1370774118283764,2.492931121966091,97.0,150.0,122.76841177507491,28.22316926776074,-0.6522691123223106,0.5187825467594434,85.0,156.0,69.44833421470122,83.36215433930411,0.4797784422441637,-1.7650115426620612,1.0,178.0,94.05792349726777,21.853403080955605,0.9522923189145579,0.9198060811573039,71.0,125.0,186.32829190904283,22.855199080387813,-2.198380957631223,8.687025366316846,163.0,209.0,149.18064516129033,22.41601940829237,-1.654255652385845,5.3293190717402386,124.0,173.0,151.85623127093248,3.9407998479580555,0.6436789368762089,1.1230725658900758,147.0,157.0,139.07382337387625,7.084405662500747,0.27378101032153895,-0.24043810692883127,130.0,149.0,142.93728186144898,22.865038640851832,-1.3816929860367757,3.752064954882626,116.0,168.0,158.99213819848404,4.50037602212296,-0.09256620762414244,0.9660277174584655,154.0,165.0,116.60250308478759,6.322713378734431,-0.15452852299380568,-0.3846841415598301,108.0,125.0,0.5431082589285714,656.9015869776647,0.3354842340522865,0.7935817752946687,0.9641252432336812,1.0054054054054054,0.7919500145306597,186.27144395633465,-0.36401442882920176,193.2088622999971,182.01160129334468,0.7915728087040298,4.032208218037954,4.129965307100434,7.136539812355748,-12.805498558186006,-10.54974840039292,-13.179406309377297,0.06421782686873878,0.06214674006681016,4.0,128.07075650064752,186.27144395633465,27251.0,656.9015869776647
75,True,mel,156.07224043715846,21.58898200000339,-3.126933769289523,17.707676835739747,135.0,176.0,99.18757741347905,20.44453437802762,-1.3179444094464594,3.7726582732639287,75.0,121.0,97.4616393442623,25.540871282584906,-0.7444344292376276,0.9529123226664544,64.0,127.0,70.36105646630237,83.5301720232165,0.4565599628218325,-1.7852101156675986,1.0,178.0,104.16699453551912,26.850534484033915,1.5513176013978793,5.178372675805829,78.0,138.0,156.07642987249545,21.558990661180566,-3.110665905113663,17.539758499876424,135.0,176.0,122.76921675774135,20.945662190439418,-2.0300182596112766,8.433095786352544,100.0,144.0,150.93398907103824,3.9338908014544103,-0.7289211898757999,6.2680229348046055,147.0,156.0,138.77245901639344,6.8260210883496075,0.27454448285247757,-0.32149688782716224,130.0,148.0,116.01832422586521,20.76373097417074,-1.7341107584575104,6.463352699905457,93.0,138.0,156.60750455373406,4.3810456706147285,-1.5796053338327112,9.427820589309006,152.0,162.0,117.51194899817851,5.790132239960764,-0.1265340864935743,-0.44763483814973437,109.0,125.0,0.5165417729591837,658.1858582251266,0.26760836169996205,0.7518206599861232,0.9646778575948189,1.0055555555555555,0.7955187231430325,181.65853274879754,-0.22010305241010963,186.2301810165185,179.4379511362624,0.7924274204963808,4.44524395760433,4.475600730717588,7.179889085063687,13.265089696891165,-9.41786331075238,13.086814888704657,0.0490778609460607,0.057535011666019195,4.0,131.93969716843097,181.65853274879754,25918.0,658.1858582251266
75,True,mel,181.57361459591735,26.713205026125138,-2.8079364010393433,13.653809710817647,158.0,205.0,123.44583836694235,25.638890885583294,-1.2796248737690927,3.6551928318180025,94.0,151.0,125.72877365796239,30.321007196967628,-0.8367072888514991,1.4136616912930737,87.0,160.0,95.18663073444228,85.73310109747801,-0.14866925723341998,-1.971816091597188,1.0,178.0,88.18706439921941,23.865535277121598,1.8112923642125345,7.9820220287966315,65.0,118.0,181.57692903385683,26.691369294801497,-2.7988998909347576,13.564651129863833,158.0,205.0,147.0766967134405,25.72796654460152,-1.9794213895647672,7.67716180855478,120.0,172.0,151.0957469875786,4.085171981302981,-0.5134658591448652,4.553759959042075,147.0,156.0,136.19205154415636,6.583053585203471,0.283460167606959,-0.29892444541410423,128.0,145.0,141.10510175634235,25.905256521642826,-1.6633787310491548,5.820448737224545,113.0,167.0,156.90889942074776,5.181747950590561,-0.8031820927529011,4.012076492319378,151.0,163.0,119.30911005792522,5.840836150248598,-0.13151137178795824,-0.5217506302187327,111.0,127.0,0.6069236288265306,742.9970414071697,0.28611290974015613,0.6932115301286246,0.9607533836009717,1.02,0.7463970588235294,196.9110556972866,0.9065129312485283,202.54921410519765,194.0818286285914,0.7918087734384921,4.323228064058718,4.042555556080753,7.845114302490185,14.967552996714822,-10.016994696257136,13.78990533004754,0.07037073523134008,0.0604290092935526,4.0,136.2900056694011,196.9110556972866,30453.0,742.9970414071697
76,False,mel,136.57064524848437,14.187251385842124,-0.7151972183926882,0.3785333895610967,117.0,153.0,112.48638838475499,22.15791723534214,-0.74720047099993,0.030074252125051437,81.0,137.0,124.82847434065722,26.78556812119703,-0.8879078386639312,0.20334451647158236,84.0,153.0,147.0388848129127,43.68562186429899,-2.759959968670073,6.471624489262979,134.0,175.0,49.51500173765301,23.971808059544102,1.326599942001213,1.5226598885096418,27.0,85.0,137.97482333861066,15.116779824905048,-0.631295651341917,0.20950485418802334,117.0,155.0,127.62725412209909,20.48414367889047,-0.8016121217662572,0.21032090830527395,99.0,151.0,139.91319457852262,3.9696733394671964,0.7325965201999359,-0.2021376129379746,136.0,146.0,125.01741514461135,5.4122876940145215,0.6800171341412137,0.14986735378561944,119.0,134.0,121.09881453450207,19.977434593695172,-0.7787935609582185,0.16448475956122,93.0,144.0,139.0574197783527,5.486135244066689,0.6943379723929715,-0.27589248095075236,133.0,147.0,130.1042977951114,4.9179831197740365,-0.4848689191903256,-0.16996256843447988,122.0,136.0,0.492008131377551,684.5472939388638,0.7098420070700671,0.662020236488515,0.9285714285714286,0.7149321266968326,0.7069992553983618,177.29203208513619,-0.045044520679953695,213.79691372844619,150.59019378748144,0.7616177523568189,2.4685240869089333,3.7671466319626625,5.356713967867181,9.92457871115069,6.5978093685391395,10.703291894798319,0.0992830234536396,0.14582361923790754,5.0,82.77420974874815,177.29203208513619,24687.0,684.5472939388638
76,True,mel,140.5943539149392,22.283763522751613,0.47627144506189956,5.496936384961183,118.0,158.0,117.42493441229723,27.6233951976548,0.03544586997606888,1.4692046432780241,83.0,144.0,129.47337693529911,31.236893386016106,-0.3126978388715962,1.1046117886834725,87.0,159.0,146.67121161733732,43.661414584991036,-2.7429967021813786,6.407033860614948,133.0,175.0,47.201677567158114,25.131315505235737,2.0984989055039316,8.573725643655676,24.0,81.0,142.06181871928464,22.83645626817614,0.40949874177507645,4.905995234016163,118.0,162.0,132.1602187488453,26.15841959761132,-0.050497997489935775,2.157756899700881,100.0,156.0,139.42157188781732,3.988673717639447,0.7312059871393242,0.0745202041051316,135.0,146.0,125.01928832723645,5.253778160245243,0.6832123385047509,0.2869314715473217,119.0,133.0,125.73413886117578,26.015921019904674,0.12233078547250373,2.181980603027415,94.0,149.0,138.62454273362155,5.502902321357841,0.7545332508397778,-0.06413809098233125,133.0,147.0,130.10675091453277,4.806681433420699,-0.4892743551316635,-0.07514615784694234,123.0,136.0,0.5021723533163265,745.2285348059958,0.7266820588313823,0.5701376858658189,0.9248981389714789,0.8883495145631068,0.668390896068757,179.11397714497855,-0.5258593279904491,218.7189330350883,150.25420576824513,0.7578079646030762,2.4060143708971555,3.7633369202187885,5.272393407662565,9.79409475871097,6.480023517554258,-10.668601108447996,0.10032940429416204,0.15084308570071284,5.0,91.6291863584029,179.11397714497855,25197.0,745.2285348059958
76,True,mel,137.0133390860389,15.893494676117578,-1.6532819413256028,10.310458386268305,118.0,154.0,113.31280336533275,22.906011981964514,-0.8670726115189995,0.971611776826593,82.0,138.0,125.73221155574731,27.371299931862758,-0.9793946306550836,0.8611227235687333,86.0,154.0,147.02847589256822,43.127855464706506,-2.7811783334567046,6.668086028685698,133.0,175.0,49.09840721964549,24.94159838657691,1.922087171668911,7.162106374102249,26.0,84.0,138.56685722503866,16.742597247090792,-1.4692604291745288,8.462893197534713,118.0,156.0,128.3452701973897,21.458158622537415,-1.0709977865810787,2.3999359417149666,100.0,151.0,139.7618020350196,4.019319014462653,0.7073082676171881,-0.07885784272637109,136.0,146.0,124.9079926653004,5.395072241240805,0.6602401862123554,0.18625085959694143,119.0,133.0,121.81699205407543,20.91243236457304,-1.0042004582668775,2.0648460898009118,94.0,144.0,138.8616474310574,5.552602640662632,0.7048730339629306,-0.20168556938398874,133.0,147.0,130.2063064034804,4.914946287299683,-0.46644261406178683,-0.14914374894210525,123.0,136.0,0.5145687181122449,752.5483399593904,0.6274790903294553,0.5729021833854349,0.9253790186731659,0.9405940594059405,0.6727201667535174,181.3112566983009,0.6507145218901154,207.94239470390045,161.910896410137,0.7743547721956876,2.769949602946279,3.784644077303371,5.78221703410672,10.590597200036209,7.190597049516874,-11.047848239909218,0.09903559394244543,0.1153916564331876,5.0,84.81205109837421,181.3112566983009,25819.0,752.5483399593904
77,False,nv,182.73989218328842,7.957061248228023,-0.5365900751453732,1.2763148883100683,173.0,193.0,124.89137466307278,24.42474124535927,-0.5924303086906925,0.48598523680691574,96.0,155.0,121.93018867924528,23.7399938851699,-0.03514268506772239,-0.5178695081705476,94.0,154.0,37.74420485175202,70.01911608524956,1.4882733281037197,0.21828110568861492,1.0,177.0,87.55417789757412,28.72334160861368,0.625204267997738,0.8005166929437366,51.0,119.0,182.73989218328842,7.957061248228023,-0.5365900751453732,1.2763148883100683,173.0,193.0,148.68706199460917,17.869651417205567,-0.3304634589934964,-0.1745073810136235,127.0,172.0,150.21185983827493,7.976303823611169,1.0331571826614434,1.6194008977101735,141.0,159.0,139.17412398921832,4.275092909031695,-0.2881218506188658,-0.6957700816908345,133.0,144.0,141.86145552560646,19.03017031579124,-0.4500298692675552,0.14917617505475045,119.0,166.0,157.18760107816712,8.982274093122967,0.7476517120701319,1.0844965780592375,146.0,167.0,116.74690026954178,3.480997291537678,0.5797050550537305,-0.4328975819322043,113.0,122.0,0.06471221301020408,222.16652224137044,0.5776749456655248,0.826675219251453,0.9597989949748744,0.8591549295774648,0.7497113830524128,64.29781335127248,0.3643409481439901,72.17102365322455,58.910817973355854,0.7771255208978621,2.9510189528891653,3.4233763323898265,5.463266216827868,11.377880400620398,7.594367648113239,-9.90683547132131,0.1432091161071759,0.11288547525626154,5.0,106.69951894209127,64.29781335127248,3247.0,222.16652224137044
77,True,nv,183.0242367746446,7.784493597374759,-0.49355572808150017,0.860288751473044,174.0,193.0,127.04357958517828,24.220193432228477,-0.5858208677550657,0.3200836220340295,98.0,157.0,124.10347238405966,23.685237146697247,-0.06474148841340067,-0.6589773681736446,95.0,156.0,38.1120950827313,70.24444299499295,1.4740382342794753,0.17576165610154337,1.0,177.0,84.70659519925425,28.423601040294788,0.6113747407855957,0.5650319019806305,49.0,118.0,183.0242367746446,7.784493597374759,-0.49355572808150017,0.860288751473044,174.0,193.0,150.19086460032625,17.825592051096425,-0.3420660272645157,-0.29704154933683347,129.0,173.0,149.4348636681426,7.879519017530319,1.0657085683520755,1.606331721784585,140.0,158.0,138.75087392216267,4.201537938583589,-0.22963461671441918,-0.8338692621710724,133.0,144.0,143.46236308552784,18.895477638565776,-0.4459977608273784,-0.01116847077882177,121.0,168.0,156.25868096014915,8.887012670472291,0.7569197185805164,0.9342393512319846,145.0,166.0,117.06408762526218,3.4572117654419108,0.49286877132904056,-0.5769861021763436,113.0,122.0,0.07170758928571429,252.76450198781714,0.5991012816694257,0.7076831564154605,0.9505944517833553,0.8552631578947368,0.7283400809716599,67.68394109356454,-0.17394855056538316,76.73817064772727,61.44220054124002,0.7750291259255364,2.8703155210243887,3.4132137901448725,5.369882352851958,10.206477930536085,7.104370982292018,-9.791370687067667,0.14730405780989442,0.1187542471878211,5.0,106.4525376326625,67.68394109356454,3598.0,252.76450198781714
77,True,nv,183.50048030739674,8.378288908451049,-0.31157896193662293,0.7398402721450914,173.0,194.0,127.36143131604227,24.989330316189402,-0.5692414530195694,0.3161993394255047,97.0,158.0,124.57708933717579,24.42445200009587,-0.04956417328078873,-0.660690655403791,95.0,158.0,39.30787704130643,71.16555919793045,1.4202064061543886,0.01983928363216103,1.0,177.0,84.60062439961575,29.12200163857585,0.6110912828754115,0.6590640982164593,47.0,118.0,183.50048030739674,8.378288908451049,-0.31157896193662293,0.7398402721450914,173.0,194.0,150.57180595581173,18.429640915377153,-0.3197282188135672,-0.3162307271218361,128.0,174.0,149.51753121998078,8.077847107114179,1.0358092863730965,1.5897569600780797,140.0,159.0,138.71517771373678,4.2949102187195525,-0.26685027764654445,-0.8574009323055964,133.0,144.0,143.84678194044187,19.536931743238547,-0.42436563888581325,-0.02807150889031851,120.0,169.0,156.3174831892411,9.147109788830049,0.7477248066065015,1.0018774278344322,145.0,167.0,117.12415946205572,3.5286262289889856,0.546948901224159,-0.6107272444370766,113.0,122.0,0.06877790178571429,248.49242404917499,0.4933219511834421,0.7023094594743204,0.9493810178817056,0.9041095890410958,0.7162723121627231,66.2868740315988,-0.11271926464923392,72.0791625056354,62.697828728338266,0.7817643291715843,3.2803691941231876,3.436398115109501,5.643128803138419,-10.32646681176756,-7.315407214346633,-10.340576883694421,0.14517531150391194,0.10156561818700066,5.0,108.66584974495736,66.2868740315988,3451.0,248.49242404917499
78,False,mel,139.67866587051097,18.994350198065398,-0.567444299223408,-0.1759510867945604,113.0,162.0,98.39870340356563,23.974755803374094,-0.2236105643694047,-0.739116391437225,65.0,129.0,106.94267678921777,29.06256576287644,0.16973389889733384,-1.00818301402664,71.0,148.0,140.72643521282947,64.74891410799825,-1.645800239645539,0.7643033493133875,2.0,178.0,79.52708351104665,23.04105528604251,0.32486448346701896,-0.6437391872904232,50.0,111.0,139.68762262219568,19.007265194527104,-0.5646781869287085,-0.17643737417478578,113.0,162.0,117.72174358099463,23.13482641880864,-0.3089182918445599,-0.6189529951581756,86.0,147.0,146.26716710739572,2.8740698419230397,0.21468367654695913,-0.2863767435697775,143.0,150.0,130.1416019790156,5.781049710911523,-0.08935801363630294,-0.4667752688288336,122.0,138.0,111.72396144331655,22.82931399202112,-0.2436592064128587,-0.7102428550225532,80.0,141.0,147.96553783161306,3.927324051206864,-0.29953407902325585,-0.6784558942405123,142.0,153.0,125.2999232278427,5.091950467234521,0.1413241205885261,-0.4095086445059133,119.0,132.0,0.21552136479591838,464.0315292925759,0.90880862067221,0.6311044589547538,0.9410843268645026,0.6198830409356725,0.596601566810107,117.34058307664084,-0.3626719679791464,183.8560641208527,76.70718494597243,0.6394575893599239,1.5844111088537025,3.4791356781616627,4.216252391902518,8.124284535527716,5.158885720237583,8.37149865912488,0.10301461068984652,0.3028042992097055,5.0,106.79723458856786,117.34058307664084,10814.0,464.0315292925759
78,True,mel,140.2684464219503,18.836903610489944,-0.5494802439457903,-0.33850550947731994,113.0,163.0,99.31827956989247,23.963635694018578,-0.22429133741069737,-0.8093752393248677,66.0,130.0,108.33303670745272,29.327166741692864,0.17666942072536898,-1.0666005003057808,72.0,149.0,142.32035595105674,63.0834314410669,-1.7432489051302111,1.1076376494510392,2.0,178.0,78.36803856136449,22.620104891854464,0.30461319269035947,-0.7218713270101129,50.0,109.0,140.2860956618465,18.862027077582656,-0.5443216394440011,-0.3393357118323217,113.0,163.0,118.58383388950686,23.09750491059881,-0.2995322838509285,-0.7167503555710377,86.0,148.0,146.1871709306637,2.8195722079322207,0.19333550361614182,-0.33464852787464494,143.0,150.0,129.81260659992586,5.810385756414099,-0.16466351363155876,-0.5997309546486655,122.0,137.0,112.60482017055988,22.820001580437637,-0.2388871125990561,-0.7960790330520751,81.0,142.0,147.76269929551353,3.929152309989275,-0.3329759558551897,-0.7057953296877484,142.0,153.0,125.58694846125324,5.142747649594212,0.21065364623274707,-0.5257464956671662,119.0,133.0,0.24083227040816327,525.7422074112307,0.9032309532052651,0.5493825895454975,0.9366715758468336,0.845679012345679,0.5444714787780481,124.03961729455516,-0.6274886566833221,191.63361715091563,82.24048726880991,0.6479718403893013,1.6195793611962177,3.4990017236898954,4.2850096595527365,8.258388970479801,5.2828478217907415,8.42956840672018,0.10278053624627603,0.2947318256381007,5.0,104.56556341050401,124.03961729455516,12084.0,525.7422074112307
78,True,mel,140.20329949238578,19.307500255121212,-0.5154636700607146,-0.1276428424033309,113.0,163.0,99.02267343485617,24.35971946915357,-0.21478247706741432,-0.7108192305948489,65.0,130.0,107.70532994923857,29.454341999504756,0.1606024271074163,-0.993539942912657,71.0,149.0,141.33079526226734,64.12910821420289,-1.6806095974747,0.8840359965788345,2.0,178.0,79.09780033840947,23.248672146658368,0.35129296481168515,-0.6210326650081224,50.0,111.0,140.21446700507613,19.322885019075624,-0.5125351488515995,-0.12887622445510516,113.0,163.0,118.32140439932319,23.48296712294626,-0.2953426261965245,-0.5871897020755958,86.0,148.0,146.2321489001692,2.9234014594112727,0.24269546127081337,-0.23987850099855867,143.0,150.0,130.05126903553298,5.80508945093638,-0.09100828963447559,-0.4913133799570404,122.0,138.0,112.33578680203046,23.19173422932584,-0.22884452021423063,-0.6768488823807144,81.0,142.0,147.9047377326565,3.972140019638679,-0.2806489781266416,-0.6860809186711774,142.0,153.0,125.38510998307953,5.121212474061761,0.14264311255452944,-0.4337418271054747,119.0,132.0,0.21552136479591838,464.0315292925759,0.9088086206722101,0.6311044589547538,0.9410843268645026,1.6132075471698113,0.596601566810107,117.34058307664084,1.2081243588157502,183.85606412085272,76.70718494597237,0.639457589359924,1.5844111088537023,3.4791356781616765,4.216252391902501,8.124284535527671,5.158885720237526,8.371498659124937,0.10301461068984652,0.30280429920970553,5.0,106.70066537993688,117.34058307664084,10814.0,464.0315292925759
79,False,mel,157.96826658514215,17.86689214538278,-1.0031253875640982,1.0562420272134911,133.0,178.0,113.7189850198716,30.5021326317884,-0.5105068004829963,-0.30326405257233624,70.0,151.0,120.98275756649343,35.686731979181616,-0.5624418079992585,-0.3239625578004719,68.0,163.0,120.8557016202996,75.94592174706047,-0.898750817782443,-1.1508275811424329,1.0,178.0,77.35677162947111,37.170534345260634,0.7840655119898366,0.34299165420724087,34.0,131.0,158.12833995719964,18.01126997714305,-0.9787320865368075,1.0066694633105318,133.0,179.0,134.1837358605931,26.46037729742411,-0.6475819939775656,-0.01955003296711988,96.0,165.0,147.013084683583,6.6594278435743535,-0.004512366074513336,-1.0450703996085686,138.0,156.0,131.52968511158667,7.893638480118298,0.45635182020918547,-0.18679672992423013,122.0,142.0,127.78520330174258,26.779266220511346,-0.645190795450911,-0.03963932232283707,89.0,159.0,149.55726077652093,8.38292190812297,-0.010961975265813351,-0.9751326988494546,138.0,161.0,124.15536533170284,6.731221108753428,-0.1859377105572571,-0.46338520693014873,115.0,133.0,0.30771683673469385,517.1614716074871,0.7103183972734969,0.7254455730948031,0.9398015703938158,0.7441860465116279,0.7013081395348837,140.2099089604972,0.050086952715837456,169.70876166803816,119.45468997198134,0.7585874988667616,2.4609052470303365,3.516919314043332,4.803288126454265,8.982266718213921,6.0347722186937505,-9.50319608257437,0.12661917098445596,0.15195380134089512,5.0,131.12772606946416,140.2099089604972,15440.0,517.1614716074871
79,True,mel,158.2339404939392,17.571358017921746,-0.9918975956918185,1.0136752205417574,134.0,178.0,114.7879691450055,30.407382270589665,-0.5037509925764364,-0.34452291094484355,71.0,151.0,122.35470279380307,35.370761290679795,-0.5478321476089105,-0.3684864125493901,69.0,164.0,121.68658844882349,75.32450041444388,-0.9332530612888851,-1.0826341238560009,1.0,178.0,75.57029882673235,36.49196104672921,0.7230501268215536,0.07771517726155341,33.0,128.0,158.440396707072,17.74463226222187,-0.9644761137931972,0.9608808551846546,134.0,178.0,135.03007713748622,26.315259925003165,-0.6401894785996154,-0.05618308304721831,97.0,166.0,146.7131652297919,6.707154235984115,0.010146436241858247,-1.1024548850047469,138.0,156.0,131.19809425034032,7.701547956505904,0.41123137700485085,-0.27849362609111994,122.0,142.0,128.65216827639853,26.59992130640453,-0.6356835607290071,-0.0809970562400304,90.0,160.0,149.13515265443704,8.46196944351608,-0.008192333615158942,-1.0212940203665766,137.0,160.0,124.4372852790562,6.617390250767887,-0.1420530238170935,-0.531458003918837,116.0,133.0,0.28128985969387754,502.47518010647184,0.7222013750973745,0.7024747979297983,0.9369357408390866,0.7485029940119761,0.6761197604790419,134.0541045040848,-0.1239880958711079,163.685138203434,113.21820393920643,0.7559522480431011,2.416869949801829,3.5152546049050457,4.756394326069444,8.905532866327299,5.965046180019677,9.50506347813612,0.12561995182088703,0.1570586361232296,5.0,129.56109372339495,134.0541045040848,14114.0,502.47518010647184
79,True,mel,177.09385467662975,17.78606919810336,-1.0150840013347622,1.0648171003806173,153.0,197.0,133.05301468693636,30.811985817872127,-0.4752448297338651,-0.381887818617094,89.0,170.0,140.60364596753413,35.735113547098955,-0.5441119892704642,-0.39510851891843135,87.0,182.0,121.18294254058232,75.62135655571795,-0.9155869259588025,-1.1170938751730854,1.0,178.0,68.04245039938161,32.01021141302725,0.6031924018798419,-0.15862555236815368,29.0,114.0,177.26932491625868,17.931284985305467,-0.9930419759953545,1.0167244341190829,153.0,197.0,153.01726359185776,26.264031811646532,-0.6281324537356667,-0.07010738689533769,116.0,184.0,146.43854676629735,6.63218308414924,-0.05688577820531721,-1.103740527412923,138.0,155.0,131.0369105900541,7.413617674137759,0.37289394495543743,-0.3171827706075674,122.0,141.0,147.0948853388302,26.930222318496984,-0.61935636849916,-0.11070978621695549,109.0,179.0,149.43242720948209,8.582609002109656,-0.03952015850190659,-1.0315554310892583,137.0,161.0,124.32684875032209,6.680084048589251,-0.16182132277562059,-0.5377891685428429,116.0,133.0,0.2840999681122449,527.7838379715732,0.7237772975476866,0.6430798648280985,0.9372123602892833,0.8375,0.6648787313432836,134.7220461179229,-0.652383878526912,164.7131325872398,113.6576023422298,0.7555013119104521,2.4108416745773122,3.505098826806188,4.745723855094041,8.884949056733419,5.951448209958042,9.476225134025682,0.12802525429673794,0.1574551741184334,5.0,125.56285295405067,134.7220461179229,14255.0,527.7838379715732
7,True,nv,153.1804890671497,39.086564257639694,0.39558129962656013,-1.197828723007583,107.0,212.0,116.48660887566308,38.581459651687425,0.65937366855287,-0.9534648172415756,77.0,178.0,152.49864148013972,27.62218117215594,0.7800390290736516,-0.6068437853102546,125.0,196.0,151.6352697632294,10.279499522029806,-0.155750450042645,-1.012011820386357,137.0,165.0,72.97140639151249,22.38403412998361,-0.1925841152915808,-1.0945986112321595,41.0,100.0,159.37456333290206,33.19153385148172,0.6288128760251117,-1.0292953137056122,126.0,212.0,136.2820545995601,36.81830270073345,0.5702052484660284,-1.0642487221340682,97.0,194.0,149.12925346099107,3.4714866463570266,-0.8873023561422114,-0.3245252161054082,143.0,153.0,113.87618061845,7.5124815694503315,-0.16723901144136993,-0.9354073042349009,104.0,124.0,131.573683529564,37.29631236717196,0.5991378067836842,-1.02201579036206,92.0,190.0,143.44119549747703,3.5023516368910763,-0.5828283167154743,0.04161615576840649,139.0,148.0,139.8099366024065,6.674354229590991,0.15470403102140912,-0.878630863600792,131.0,148.0,0.13446667729591838,336.6761902332486,0.6014098779947002,0.7479899554949201,0.9747182895117018,0.9387755102040817,0.7483362910381544,92.68520490524982,0.6611135573580567,103.89523309320651,83.00612482713278,0.7856443854224924,2.8833966705537257,4.345057941254148,6.2875435125259935,12.326509047669855,-8.935760056789658,11.61177530656873,0.050689195197865744,0.08570098870233475,5.0,65.85506750349514,92.68520490524982,6747.0,336.6761902332486
7,True,nv,147.3143011771073,42.6053254541169,0.3309756424902738,-1.2294432627702485,96.0,210.0,108.75564876200785,35.88699529104343,0.706594096726578,-0.8299745450497964,72.0,165.0,155.04735489108376,27.373011371807525,0.7380710650545029,-0.6138311589517036,127.0,198.0,146.19212555811123,10.355415696405604,-0.09646216414975531,-1.0493805556954814,132.0,160.0,85.12488161277228,22.027318908131598,-0.22629622795384244,-1.0351782072304982,54.0,112.0,159.411716953051,31.83870556639198,0.6706130548756981,-0.9124233832060415,127.0,210.0,130.1251522121499,36.07000446054531,0.5642416167811248,-1.0238133357870716,91.0,185.0,152.11338113922338,2.6225861031428805,0.2493718743544758,-0.09007182787606904,149.0,156.0,108.59964822080909,7.253292368343888,-0.11697171314680793,-0.6902471582252097,99.0,118.0,125.5757001758896,36.66566760051526,0.5950247415977834,-0.981162099770259,86.0,182.0,143.52333919631985,5.970655295995203,-0.5219953302890127,-0.5891334569939088,135.0,151.0,144.6543092950886,6.386036216960285,0.12664984765972137,-0.5298616209775013,136.0,153.0,0.1327327806122449,314.73506473629425,0.7290377884582261,0.8448776705346502,0.981143193871538,1.4050632911392404,0.759493670886076,92.08569578352646,1.3950462850834064,111.50857217270993,76.32465703813264,0.7661025969632664,2.4149552448619955,4.316945080364653,5.691950684646684,10.787067140550926,7.080451654939909,10.92980648346336,0.050000000000000044,0.13933350611772927,5.0,64.22144017092918,92.08569578352646,6660.0,314.73506473629425
8,False,vasc,167.79053743683968,12.718580136719892,0.545859959172897,-0.467597816190517,153.0,186.0,103.52319706017455,25.217101241327686,0.5153335780509742,-0.7295005387033049,74.0,141.0,146.02250803858522,22.962471600939136,0.5383031480611519,-0.3422329633072674,119.0,180.0,159.43683968764356,4.535551671529385,-1.0814206771706973,1.0857288804929253,153.0,165.0,99.69223702342673,26.22458564826867,-0.24502194296065663,-0.9923093261425042,61.0,132.0,167.99908130454753,13.11820396334735,0.6472846092997508,-0.17414633941176128,153.0,187.0,133.01010564997702,20.298052178011268,0.5539030593422156,-0.6465791488941037,110.0,163.0,160.1005971520441,6.136817407524409,-0.35579464469908456,-0.9801407637844028,151.0,167.0,115.87184198438217,3.0301837800311264,0.2180401496104215,-0.5241305112945907,112.0,120.0,127.60587965089573,21.005630025326425,0.5391436437594379,-0.6393098177248113,103.0,159.0,156.69545245751033,6.606572532984997,-0.45838279920062824,-0.6489890792540445,147.0,165.0,138.42351860358292,2.767811226166187,-0.2101179955181266,-0.6057776186179229,135.0,142.0,0.03573421556122449,160.95331880577402,0.71346685897141,0.8697416767511724,0.9749864056552474,0.7192982456140351,0.7672229353872486,47.77989643888051,-0.1325589194980453,57.12496293676356,40.026831786707454,0.7705809489977794,2.474601600660669,4.927329319727774,6.572718978407249,-12.56328769017225,-8.030933840033898,12.409803545421012,0.03513664249860571,0.13234705905129873,5.0,43.8783412831454,47.77989643888051,1793.0,160.95331880577402
80,False,mel,129.74367436743674,35.367195294160474,-0.5972394701648543,-0.829295123660605,75.0,169.0,83.66979774900567,42.713537293900785,-0.14277174775721324,-1.3624157201404725,22.0,138.0,89.87991876110688,48.15006144427458,-0.0005390341417580017,-1.3773738186231412,25.0,154.0,131.13006685283912,73.59980382835089,-1.1883152694645749,-0.556812400432324,1.0,179.0,104.41584158415841,49.034562312007935,0.32375931429815374,-1.295931169465984,47.0,177.0,129.75061352289075,35.37673793667279,-0.5962198034518433,-0.8290622737563051,75.0,169.0,103.56757214182957,42.01897794300242,-0.29043744587529596,-1.2249568455830666,42.0,155.0,148.62799356858764,4.82196060025621,-0.057735909891722115,-1.2163843027976842,142.0,155.0,133.46610814927647,6.901307905090304,-0.19198259503796092,-1.008855475187716,124.0,142.0,98.17364813404417,40.907706358811055,-0.22767338665782305,-1.294929074697032,38.0,149.0,150.54726241854954,6.005088347169479,-0.2802434450208414,-1.0355749395597014,142.0,158.0,123.30938478463231,5.183302368483145,0.4459495321442812,-0.6898550412402602,117.0,131.0,0.21918845663265307,435.0609665440988,0.6803538927139121,0.7301689126241748,0.9427395851191497,0.7346938775510204,0.6927437641723356,118.3346462917658,0.15337685338295068,140.68871720709683,103.10847365647938,0.7622077861012146,2.566890820926091,3.3813692419441317,5.021808285453018,9.45525008516945,6.831281689040784,9.314875807206958,0.1420258228768867,0.14437712900305097,5.0,158.0111040770316,118.3346462917658,10998.0,435.0609665440988
80,True,mel,135.2969776609724,35.857562439382164,-0.4719864273739513,-0.5389722939426105,81.0,172.0,89.0442142691505,45.1937082065036,-0.16321114118278804,-1.1935739194123158,22.0,143.0,95.66707892092448,50.554014324256826,-0.04726685858719895,-1.272188649114358,25.0,160.0,131.00888923243411,73.08172829384206,-1.2005657602664368,-0.520679337329403,0.6000000000001364,179.0,101.12792764937775,52.23005466364895,0.49879631818253645,-1.0739503695268706,43.0,182.0,135.30818582360672,35.87133382641774,-0.47089727885834476,-0.5394488304028116,81.0,172.0,109.2946587307722,43.38057420326541,-0.2786836428563521,-1.0635639415215383,45.0,159.0,148.59689263353172,5.6659255879625405,0.21024297966882943,-1.0453703684679256,141.0,156.0,133.29535440983227,7.384588819227941,-0.07950909920993374,-1.078784405024714,123.0,143.0,103.64342583288243,42.76080951388414,-0.21692727797332956,-1.107437186388981,40.0,154.0,150.60895107057277,7.014647400479339,-0.048408536852843645,-0.9953471929180795,141.0,159.0,123.47793151426141,5.529894089622858,0.37835921039303966,-0.8627824934410584,117.0,132.0,0.23084741709183673,478.98484809834997,0.7141710697469922,0.6344353443391886,0.93766696349065,0.8865248226950354,0.6571914893617021,121.44107067490549,-0.5421896201166632,147.7442442501285,103.41671618432665,0.7557453803250285,2.4426307808560135,3.3724310621806013,4.9152075305811875,9.361029471337577,6.845518728787709,9.121172944781463,0.1416731416731417,0.1546536533502043,5.0,161.18311678390876,121.44107067490549,11583.0,478.98484809834997
80,True,mel,131.16470390309556,35.30229660859183,-0.5866462719668942,-0.7549513410568838,77.0,170.0,84.81611709286676,43.218814397174995,-0.15397175882385458,-1.3250488793048976,22.0,139.0,91.07932368775235,48.61436007877002,-0.013192675197594157,-1.353693968732775,25.0,155.0,130.08723082099596,74.10447781593246,-1.1545202310700025,-0.6363692296682544,1.0,178.0,103.99226110363392,49.95819019775357,0.37592027751117146,-1.2224578675931579,46.0,179.0,131.17176985195155,35.31180001862517,-0.5856730947622847,-0.7548769180062642,77.0,170.0,104.88988896366084,42.209506051737705,-0.2947877479951418,-1.1852716181851632,42.0,156.0,148.70583781965007,5.042236770856217,-0.003075915039773366,-1.2028365005602044,142.0,155.0,133.50555181695827,7.031746612969699,-0.15930791843818512,-1.0168542527693558,124.0,142.0,99.40545087483176,41.23687209713242,-0.2325259393460484,-1.2525854349088017,39.0,150.0,150.68447173620459,6.256419673968406,-0.24022623960537712,-1.0472802299686965,142.0,158.0,123.28936742934052,5.269795213457444,0.423253072767347,-0.7209740023807942,117.0,131.0,0.21918845663265307,435.0609665440988,0.6803538927139124,0.7301689126241748,0.9427395851191497,1.3611111111111112,0.6927437641723356,118.3346462917658,-1.4174194734119459,140.68871720709686,103.10847365647935,0.7622077861012146,2.56689082092609,3.3813692419441193,5.02180828545308,9.4552500851695,6.831281689040779,9.314875807207065,0.1420258228768867,0.144377129003051,5.0,159.3744680323112,118.3346462917658,10998.0,435.0609665440988
81,False,nv,142.17395529640427,29.778708649402343,-0.5856778582488923,-0.6202715978521485,95.0,178.0,105.34110787172011,37.995105704161226,-0.29705762515450196,-0.9415830497990876,48.80000000000001,154.0,112.9514091350826,45.19350007936399,-0.13982193433624082,-1.0090383745472251,47.0,175.0,122.87366375121478,74.1343406449709,-1.0013174315392233,-0.9364751062049992,1.0,177.0,74.69096209912536,36.910652055047564,0.8917499557460142,-0.08781885030314918,34.80000000000001,135.0,142.47910592808552,30.194297931525092,-0.535805960688542,-0.6239126832201536,95.0,179.0,122.9795918367347,36.67603782661708,-0.3862838186812225,-0.8639477066317784,67.0,169.0,144.46841593780368,3.817537088839266,0.4931616305569128,-0.7619672382546518,140.0,150.0,130.22060252672497,6.870517231094977,0.04515154685805249,-1.0061896160327437,121.0,140.0,117.22060252672497,36.214039812210174,-0.33510650143415766,-0.9162410796056188,62.0,163.0,145.83673469387756,5.80427202917809,-0.05917065511278986,-1.0978390608338247,138.0,154.0,125.59475218658892,5.805564475091856,0.27106170822429226,-0.968916965373189,118.0,134.0,0.01594387755102041,104.08326112068522,0.6588889124295157,0.9279788304747617,0.9779951100244498,0.7777777777777778,0.7936507936507936,31.915382432114615,-0.15785833750701972,36.86360456551221,27.730287294536776,0.7792599439366829,2.6727799464438573,4.2927783388234655,5.996625627975872,11.463901873488782,7.796923697273653,11.197065730545365,0.05874999999999997,0.11120405360705546,5.0,141.23929063154355,31.915382432114615,800.0,104.08326112068522
81,True,nv,170.79396984924622,30.850796131197963,-0.5604472545577632,-0.7067005809451596,122.0,207.0,133.51675041876047,39.90940499676317,-0.31890109563870034,-0.9377640813091968,74.0,185.0,142.51340033500838,48.132757901922595,-0.20648239669125176,-1.004308862877099,72.0,207.0,126.45644891122278,70.92214002586731,-1.1556591898793425,-0.580302672709117,2.0,178.0,62.06616415410385,29.831236271408383,0.8984201283268697,-0.0329858164533241,30.0,111.0,171.18760469011724,31.370749647696826,-0.5047350635095661,-0.7122844403533954,122.0,209.0,151.1892797319933,37.21236109244049,-0.40238324736332537,-0.8576721755767021,95.0,198.0,144.15661641541038,3.600636544588984,0.4156548945931036,-0.9045656364676629,140.0,150.0,129.23701842546063,6.992453684555142,0.10120978603624013,-1.0729207401852452,120.0,139.0,145.67336683417085,38.0397021402072,-0.35650377388342835,-0.9098322321784811,88.30000000000001,194.0,145.94137353433837,6.195036116542237,0.00413455317979528,-1.187038825043593,137.3,155.0,126.19597989949749,6.343208868283043,0.11173125236604448,-1.1461433530033418,118.0,135.0,0.01692044005102041,109.66904755831214,0.6974329879736428,0.8870526766921303,0.9647727272727272,0.717948717948718,0.7774725274725275,32.878265974350796,-0.07722572532102598,38.9404343611618,27.906662414958706,0.7722186356094619,2.5304422384926495,4.2839980935714905,5.8232232015046055,11.336212665471976,7.673358101586377,10.904733423662709,0.05535924617196697,0.12916756538255225,5.0,132.12412594497252,32.878265974350796,849.0,109.66904755831214
81,True,nv,147.91680814940577,29.113615144053522,-0.5609623538150234,-0.699407243741716,102.0,183.0,112.43123938879457,37.60308898004026,-0.34134967678225847,-0.8866028197258378,56.0,161.0,120.02292020373514,45.507722260736756,-0.22408570184261317,-0.9582556991964495,53.0,181.0,121.8276740237691,73.70757401207851,-0.9833689306749688,-0.9667717743953137,2.0,177.0,69.63412563667232,35.97328885662922,1.0490039649741396,0.35859294724300295,32.0,127.0,148.2207130730051,29.52091449634234,-0.5131630149000695,-0.7016443966410435,102.0,184.0,129.7835314091681,35.984218863601114,-0.4217241717639464,-0.8124746483305851,74.0,175.0,143.7453310696095,3.6362165406917644,0.49871450879040363,-0.7264882686732617,139.7,149.0,129.9057724957555,7.063893506138711,0.16057102257394987,-0.9967963410788112,120.0,140.0,123.91850594227505,35.82446566304701,-0.372148028667842,-0.8700135958457951,69.0,169.29999999999995,145.15365025466892,5.8273977703699655,0.006156743706545326,-1.181471415109359,137.0,153.0,125.79202037351443,6.101437735289567,0.11983972320242377,-1.0977908720594491,118.0,134.0,0.01624282525510204,110.22539674441617,0.5127384696780699,0.8429544960084074,0.9498834498834499,0.9428571428571428,0.7056277056277056,32.21319960760119,0.5316879250718745,34.84984222399111,29.92015261039941,0.7910513231816962,3.2221683063588324,4.291641506053826,6.600274679183761,-12.367769566824828,-8.474513245138906,-12.102275431031895,0.06012269938650305,0.06606326380119398,5.0,139.20177736505005,32.21319960760119,815.0,110.22539674441617
82,False,nv,161.32203389830508,20.075569669580315,0.13370326676245653,-0.9502119337145207,135.0,190.0,109.14745762711864,24.678480682379483,-0.08778214408469763,-0.6351816089289719,75.0,142.10000000000002,106.0135593220339,26.585451977025933,-0.36357502516126744,-0.39711154402961535,67.0,139.0,41.95084745762712,73.04718204261245,1.31350951751794,-0.2725551322542805,1.0,178.0,91.18135593220339,25.664708833676254,1.2076094875360392,1.0421248359111086,65.9,132.0,161.32203389830508,20.075569669580315,0.13370326676245653,-0.9502119337145207,135.0,190.0,131.07627118644066,22.804235697715598,-0.04667425175756363,-0.7256310849688439,101.0,162.0,148.54406779661016,3.4499703357329783,0.8156247482661706,0.1793148355332188,145.0,154.0,138.4457627118644,4.572164196003875,0.6853267602045033,0.2729405352314833,133.0,146.0,124.38474576271186,23.280953978643193,-0.04450187178756514,-0.696174955872551,93.0,156.0,154.38135593220338,4.077884736497554,0.7411748204375569,-0.11857854628125253,150.0,160.10000000000002,117.59661016949153,3.5520328914005703,-0.2447979564592962,-0.2519676168337721,113.0,122.0,0.008988360969387755,80.52691193458118,0.7825620601603634,0.8739856780497226,0.9595744680851064,0.6333333333333333,0.7912280701754386,23.96311821686732,-0.026642346578643065,30.412907112440134,18.93424215937378,0.7499174195828872,2.2102861518104544,5.633852010822473,6.621116936359926,12.772948989426935,7.835873671086917,13.2358107247607,0.04878048780487809,0.17870483599859277,5.0,118.78746054586902,23.96311821686732,451.0,80.52691193458118
82,True,nv,161.4,20.021496921635276,0.1368711284151082,-0.9648192243774254,135.0,190.0,109.07796610169491,24.731315959398454,-0.09407915117395199,-0.6304524440323216,75.0,142.0,106.1457627118644,26.465438428220523,-0.34985870394247637,-0.39181307568711254,68.0,139.0,43.67457627118644,74.28195846660219,1.2455359279575147,-0.44667273911258,1.0,178.0,91.00169491525423,25.51201107305477,1.200237242942083,1.0656972711231703,66.0,131.10000000000002,161.4,20.021496921635276,0.1368711284151082,-0.9648192243774254,135.0,190.0,131.03389830508473,22.820349305616165,-0.048480341088447135,-0.7262566201664793,101.0,162.0,148.6457627118644,3.5249628936091595,0.8370269353279014,0.17796720009498923,145.0,154.0,138.36271186440678,4.517082390631981,0.707238355396994,0.33598022605918976,133.0,145.0,124.38305084745762,23.27737792140085,-0.045116852628542134,-0.6965861889018452,93.0,156.0,154.43898305084747,4.132406732945389,0.7338595470461435,-0.16048021283065816,150.0,161.0,117.6728813559322,3.506861579598767,-0.26856651847866453,-0.2061983030813095,113.0,122.0,0.008988360969387755,80.52691193458118,0.7825620601603634,0.8739856780497226,0.9595744680851064,0.6333333333333333,0.7912280701754386,23.96311821686732,0.026642346578643058,30.412907112440134,18.93424215937378,0.7499174195828887,2.210286151810447,5.633852010807767,6.621116936365474,12.772948989436765,7.835873671107114,-13.235810724686976,0.04878048780487809,0.17870483599859274,5.0,119.81546646129223,23.96311821686732,451.0,80.52691193458118
82,True,nv,164.76344086021504,20.29355681923538,-0.046080875768185245,-1.0878274105882346,137.0,192.0,113.1760752688172,25.025683960978263,-0.1493016915076541,-0.7068011832443326,80.0,147.70000000000005,109.97983870967742,26.035715171473868,-0.44304821547157736,-0.3579982659135088,73.0,143.0,35.935483870967744,69.06032993696473,1.5723736266714134,0.4745593507070769,1.0,178.0,87.88037634408602,23.647397316795036,1.2916972541332092,1.4471653540820775,64.0,124.0,164.76344086021504,20.29355681923538,-0.046080875768185245,-1.0878274105882346,137.0,192.0,134.8561827956989,23.08113353399043,-0.14919550942606888,-0.7976887014995766,103.0,166.70000000000005,148.15456989247312,3.402881539518642,0.4946445112007159,0.012641138861424484,144.0,153.0,138.21774193548387,3.7949325660299333,0.9703780435984147,1.2369369063323177,134.0,144.0,128.24059139784947,23.546623109594766,-0.14207188307574858,-0.7759191071537503,96.0,160.70000000000005,154.08064516129033,3.773343346937095,0.6151048956872395,-0.11631037781015863,150.0,159.70000000000005,117.67069892473118,2.9164718605971083,-0.42178733362730425,0.3504226858765973,114.0,121.70000000000005,0.00958625637755102,87.7401153701776,0.8078545032336324,0.7851606721708349,0.9431372549019608,0.9642857142857143,0.6362433862433863,24.747287144606645,-0.7190135535954356,32.30030314743981,19.037216164833392,0.7383646340021918,2.1063711238969924,5.89155795527512,6.789771671107711,13.171968224242322,7.960665921998452,-13.510058575325326,0.047817047817047764,0.19050731018015754,5.0,113.00128407299515,24.747287144606645,481.0,87.7401153701776
83,False,nv,224.0808311079268,15.787363449750764,-0.8910661514656171,0.23809043534829977,200.0,241.0,145.96235263466423,40.3451082056713,-0.25185390909953415,-1.0150650421180822,87.0,197.0,119.12310297661695,51.36839114821622,0.03125535676998233,-1.2649840745164544,50.0,188.0,7.506741353481404,7.082101510855668,22.127561720126142,533.4698241025562,4.0,9.0,122.66866410473523,50.81566277273852,0.010622454813358218,-1.2791646205692746,55.0,192.0,224.0808311079268,15.787363449750764,-0.8910661514656171,0.23809043534829977,200.0,241.0,173.9002149417052,29.93582132893795,-0.25953829895360625,-0.9635988331295731,131.0,212.0,155.28066175991663,10.6144748665951,0.2078688825056447,-1.2381021055591739,142.0,171.0,155.42180681300073,12.610458686282893,-0.20102705631804973,-1.369663659238934,137.0,171.0,166.2596886601967,33.97795234331603,-0.27976013992762067,-0.9663113946464361,117.0,209.0,169.24047417442844,13.816153297011788,-0.09519295108783433,-1.3453557881768443,151.0,187.0,101.39334332052367,10.437138643722404,0.3710649708314036,-1.28298257324412,89.0,117.0,0.28513632015306123,528.4163056034262,0.5752485579281048,0.6438816086341334,0.9047046920450234,1.0068493150684932,0.6666200726866089,134.96754486366703,0.9662580046648096,154.44832921462222,126.33543816194818,0.7596226105727418,2.9247821068526507,3.091649713534465,4.330804035388038,8.075406290955826,5.949313588651376,-8.465168942979204,0.20842944013420006,0.15324412672774476,5.0,73.68512773334496,134.96754486366703,14307.0,528.4163056034262
83,True,nv,251.13082706766917,7.503022324310082,-2.7242224934633583,8.046418163338599,241.0,255.0,183.29280343716434,43.99687375114691,-0.2725662872541084,-1.0277683463674354,119.0,238.0,154.871589688507,56.33753385903769,0.0016692906017739357,-1.289196228130041,78.0,230.0,10.002524167561761,10.151497117961936,14.706280499539446,234.6695299223365,7.0,12.0,98.69505907626208,55.126444120068555,-0.05067821982137897,-1.3345665691234594,24.0,172.0,251.1312567132116,7.503107872340646,-2.7242883587713993,8.046544984245607,241.0,255.0,205.58415682062298,29.73011356055372,-0.2798954375116396,-0.9273294605564084,163.0,243.0,150.11208378088077,14.778299112513974,0.23871943957679373,-1.2706034365912373,132.0,172.0,153.39301825993556,14.40434557516051,-0.12341712928625172,-1.412616469318205,134.0,171.0,200.34801288936626,33.76346839229324,-0.3316920702284698,-0.9088172483152688,151.0,242.0,164.22384532760472,20.615326247680645,-0.028454390099256353,-1.3669894818287558,137.0,192.0,102.34151450053706,13.290445655401383,0.29119323838913147,-1.3612637085574493,87.0,122.0,0.3356983418367347,623.0803025278549,0.5795864173406646,0.5452140671167628,0.9006523366484868,0.8728323699421965,0.6447957738391455,146.44605454405072,-0.3744784623485621,167.9221519845374,136.84157241699012,0.759175140250533,2.908225669036037,3.0892734517624354,4.331650338258857,8.081686193300738,5.968942214816055,8.43127119260936,0.20980764663975304,0.1537921607428628,5.0,72.78104911037114,146.44605454405072,16844.0,623.0803025278549
83,True,nv,233.66652342071336,15.762052396011933,-0.9059220456442068,0.22932250361501838,209.0,251.0,151.11682730677143,48.34517663608405,-0.17953549370666166,-1.096774570381981,82.0,213.0,139.51157222665603,54.67059172801829,-0.006993947044845917,-1.267680091270819,65.0,212.0,18.41678433298545,48.68603374891473,2.970971261521277,6.839062448923027,1.0,6.0,106.02173245748665,51.29107650688441,0.03872181447064616,-1.2878285728466143,39.0,176.0,233.66652342071336,15.762052396011933,-0.9059220456442068,0.22932250361501838,209.0,251.0,181.19479403278285,34.19740869251214,-0.16897795568199572,-1.0728403245278297,133.0,225.0,158.25765854257475,13.723172796862583,0.07378015569356226,-1.3044276421570238,141.0,178.0,148.56418441893302,11.799315274509167,-0.029784736273397852,-1.4039842540631144,133.0,164.0,174.47492172631837,38.998637569863334,-0.23025918733942724,-1.0386040796604568,118.0,224.0,170.21775431272638,17.614950734431126,-0.10673863115054766,-1.322528270996513,147.0,194.0,108.26164896555959,9.319957903869668,0.30649216388715306,-1.3533794154100494,97.0,122.0,0.29380580357142855,554.9726547895302,0.597935546884793,0.6014826460849595,0.9014859658778206,0.9733333333333334,0.6731506849315069,137.00400493593526,-0.9442105491299878,158.37018041573347,126.94069731453006,0.7578313058715731,2.840041642293723,3.093631237518876,4.352155241474877,8.149361982641622,6.118423850102479,8.343989890826853,0.20716320716320713,0.15598242848509244,5.0,115.73916265181109,137.00400493593526,14742.0,554.9726547895302
84,False,vasc,113.62212353653614,66.44991164799181,0.009247565403879257,-1.4742092412604517,25.0,200.0,91.70972951150586,58.151175941945276,0.1457404133056787,-1.4071825194754848,17.0,171.0,109.470327008478,53.90259111995399,0.11629225188183355,-1.3977441425935935,41.0,182.0,145.98829228905936,30.906324799081943,-2.7446735085247744,10.152429953503798,120.0,170.0,78.97860314897054,48.56388883039956,1.1234909702674583,0.26938324869012664,34.0,160.0,119.73920064594267,60.69433907015057,0.07227798884489976,-1.5196278637206218,43.0,200.0,103.40331045619702,62.4466379962478,0.030409020713725185,-1.4391344598712537,19.600000000000023,186.0,140.55833669761807,5.868799018241258,0.8554713385977148,0.9140512931091882,134.0,148.0,121.02866370609608,6.013407334803635,0.22818147498869948,-0.40234168231174605,113.0,128.0,100.284618490109,59.81833736952076,0.1073416912329738,-1.4396970938916767,23.0,181.0,137.52321356479612,7.848842327767987,0.05588912388704488,-0.626119898233549,127.0,147.0,133.20145337101332,5.230128965706933,-0.3697623264641826,-0.24077492461141015,127.0,140.0,0.04119499362244898,187.78174593052023,0.8360940635374962,0.7366201511164441,0.9481651376146789,0.6323529411764706,0.7069083447332422,51.30093701841694,-0.3197373883859743,69.82124958306903,38.302967502538564,0.7172257156912474,1.9739498908892037,3.6775049255978294,4.563425062908944,8.703384483727172,5.612632831100919,-9.216986279300881,0.10208030962747949,0.22521421681910161,5.0,140.16455269963208,51.30093701841694,2067.0,187.78174593052023
84,True,vasc,96.16519823788546,60.93732987338111,-0.08989148207752419,-1.526576568300237,13.0,172.0,76.18832599118943,53.64749519194257,0.061691929575166164,-1.4893538610570394,5.0,148.0,91.54809104258443,50.21717409594657,0.04522612581269589,-1.4551099490605475,26.0,159.0,148.87481644640235,28.281235979353973,-2.9018504166820267,12.216740056945742,120.0,170.0,92.20594713656388,66.29212556381135,1.2596253985116332,0.4179353589301633,35.0,211.70000000000027,100.93722466960352,55.94277501947002,-0.027813542121631635,-1.5694393116432348,28.0,172.0,86.72320117474302,58.84098788467444,-0.024909831685551304,-1.526797938328639,8.0,162.70000000000027,139.16372980910427,5.299924379019554,0.77228231506003,1.1044175506134826,132.0,146.0,122.34728340675477,4.794509750830767,0.027832523461979224,-0.4164221425663599,116.0,128.0,83.90785609397945,55.19792803962564,0.01780081148303755,-1.5118227152061043,11.0,156.0,136.75881057268722,6.637358628935907,-0.08039202144219482,-0.5509885224301376,127.0,144.0,132.29845814977975,4.289212021642661,-0.13236746939766594,-0.5994525272482512,127.0,138.0,0.0411750637755102,200.8944443027283,0.7873219448126788,0.6432863380120272,0.9378120744439401,0.9473684210526315,0.6712150747238467,51.28852600165895,-0.6898440978845971,65.87402767133413,40.61411104310072,0.7419037069928262,2.17903430175673,3.7184351813323966,4.744031298247692,8.977623537717815,5.844181957215556,-9.958456186902566,0.10067763794772511,0.18759192149863502,5.0,150.51613656263535,51.28852600165895,2066.0,200.8944443027283
84,True,vasc,113.62212353653614,66.44991164799181,0.009247565403879299,-1.4742092412604517,25.0,200.0,91.70972951150586,58.151175941945276,0.1457404133056787,-1.4071825194754848,17.0,171.0,109.470327008478,53.90259111995399,0.11629225188183351,-1.3977441425935935,41.0,182.0,145.98829228905936,30.906324799081943,-2.7446735085247744,10.152429953503798,120.0,170.0,78.97860314897054,48.56388883039956,1.1234909702674583,0.2693832486901271,34.0,160.0,119.73920064594267,60.69433907015057,0.07227798884489975,-1.5196278637206218,43.0,200.0,103.40331045619702,62.44663799624781,0.03040902071372518,-1.439134459871254,19.600000000000023,186.0,140.55833669761807,5.868799018241258,0.8554713385977148,0.9140512931091882,134.0,148.0,121.02866370609608,6.013407334803635,0.22818147498869948,-0.40234168231174605,113.0,128.0,100.284618490109,59.81833736952077,0.10734169123297371,-1.4396970938916775,23.0,181.0,137.52321356479612,7.848842327767987,0.05588912388704488,-0.626119898233549,127.0,147.0,133.20145337101332,5.230128965706933,-0.36976232646418256,-0.24077492461141015,127.0,140.0,0.04119499362244898,187.78174593052023,0.8360940635374958,0.7366201511164441,0.9481651376146789,0.6323529411764706,0.7069083447332422,51.30093701841694,0.3197373883859738,69.82124958306902,38.302967502538586,0.7172257156912474,1.9739498908892035,3.677504925597786,4.563425062908532,8.703384483726445,5.612632831100364,9.216986279301164,0.10208030962747949,0.22521421681910164,5.0,140.16455269963208,51.30093701841694,2067.0,187.78174593052023
85,False,vasc,169.2250959452695,16.34875284543666,0.3918581811861711,-1.068998675386677,150.0,193.0,94.30302019022193,38.1974323355942,0.5566438405625234,-1.036416444439488,53.0,152.0,104.67879192391123,35.05832349285125,0.6113068344435734,-0.9089206326733774,68.0,158.0,169.763557483731,31.768087868178995,-5.131363964544709,24.41149412857268,173.0,178.0,116.8948773569164,42.778299898683855,-0.4289657801698217,-1.184210083553162,54.0,166.0,169.2250959452695,16.34875284543666,0.3918581811861711,-1.068998675386677,150.0,193.0,125.69280827632238,29.360403303916797,0.5756153269130284,-0.9992479720126068,94.0,170.0,159.57133322209245,10.201946816494402,-0.600490211638011,-1.0601381908315979,144.0,170.0,136.7497079926581,4.4417839528312,-0.3491907278745678,-0.9717096025108094,130.0,142.0,117.90839312531287,31.20346214812282,0.5399231767252112,-1.0390596671798213,84.0,165.0,164.63657600533955,10.949716408547017,-0.6698191459101909,-0.8637635262761316,148.0,176.0,120.52995161021191,2.7532385761913476,0.701288338982043,-0.2117613753488965,118.0,125.0,0.10903619260204081,280.9360748630709,0.6566283741210105,0.8710870515990832,0.9836389787846098,0.7789473684210526,0.7782361308677098,83.46192874146915,0.14660047941826373,96.23486436844826,72.58170882209166,0.779943393964497,2.6817650587615245,4.437657061972909,6.112390039080743,11.508643552884424,7.620745679331634,11.571787996549272,0.045147139462621055,0.10578199101233594,5.0,90.89514061229951,83.46192874146915,5471.0,280.9360748630709
85,True,vasc,155.40562312430896,17.045130242520443,0.3292310405576771,-1.1854578717361404,135.0,181.0,82.42520928763228,40.03772375428023,0.4821000241738097,-1.1772931828539737,38.0,144.0,92.68693729268678,36.94569800563651,0.5404121803733247,-1.0677933832979751,54.0,151.0,170.63007423787712,29.09866340489758,-5.660332871655198,30.16485678311625,173.0,178.0,125.08797978202496,49.82005527851944,-0.3382128675844041,-1.3069408482719571,52.0,183.0,155.40562312430896,17.045130242520443,0.3292310405576771,-1.1854578717361404,135.0,181.0,113.7276891486337,30.75286702945071,0.5215871920621304,-1.1278110228043146,80.0,162.0,159.1457905544148,10.669356395811747,-0.5414990325560961,-1.196797372398629,143.0,170.0,137.22018638445743,5.196366119379791,-0.2670340913782698,-1.144857271066359,130.0,143.0,105.435318275154,32.717962267557986,0.4685980069275346,-1.1750348311108305,69.0,156.0,163.68014531669562,11.505427796617534,-0.5850754132531971,-1.0523103388965722,146.0,175.0,120.79955773179593,2.9031281981074866,0.6584078513549834,-0.4245142966694324,118.0,125.0,0.11013233418367346,296.14927829866735,0.5304998484707638,0.7917706288925952,0.9740877842411423,1.0975609756097562,0.748780487804878,83.88040131166821,1.079870966196676,91.2360555520429,77.33943852465342,0.7910306575313419,3.1536546658466773,4.462301207717157,6.6115341345109675,12.163831250544822,8.209254215313743,-12.731002971920976,0.04379297864639886,0.06552290371619918,5.0,95.96384892593746,83.88040131166821,5526.0,296.14927829866735
85,True,vasc,170.8333910034602,17.249444881175393,0.32407168172611744,-1.2131778013762695,150.89999999999998,196.0,98.38685121107267,40.775732743171744,0.47901422753753703,-1.1753210638151923,54.0,161.0,108.63892733564013,37.76103024386073,0.5298201744784465,-1.0821699781341074,68.0,168.0,171.50484429065745,26.319545752986972,-6.317358510037079,38.10687180826253,173.0,177.0,112.57024221453287,45.14096813037532,-0.3561222000102633,-1.2867926976949815,46.0,164.0,170.8333910034602,17.249444881175393,0.32407168172611744,-1.2131778013762695,150.89999999999998,196.0,128.86107266435985,31.41423057447716,0.4976759807342019,-1.1485250526912458,95.0,177.10000000000036,158.51574394463668,10.835156536945389,-0.5121778618273963,-1.203202203480744,142.0,170.0,136.25276816608996,4.716159837996727,-0.27998593971981567,-1.1021500726422924,129.0,142.0,121.2363321799308,33.30992445977556,0.46358438640389404,-1.1801443024766671,84.0,172.10000000000036,163.41833910034603,11.774763759892338,-0.5862010223847532,-1.0360385128634726,145.0,175.10000000000036,120.89048442906575,2.9953734984282456,0.6495011081550542,-0.47440985297909943,118.0,126.0,0.09948979591836735,287.63455967290594,0.6902458689119045,0.7582323486417896,0.9740487804878049,0.9534883720930233,0.707884288145207,79.72459976267007,0.7276764482491143,93.85630557403839,67.91206721455296,0.7746079042004154,2.5589200332565643,4.428438322622445,5.987580763279908,11.360202979278585,7.501199340842307,11.332867349400793,0.043269230769230727,0.11608678595381769,5.0,88.70995876453769,79.72459976267007,4992.0,287.63455967290594
86,False,nv,160.82247448249547,45.06165514048494,-0.3955359467464639,-1.0485600905304844,96.0,215.0,107.26690832776877,57.29064487441878,0.18763725716734772,-1.3393535341478493,36.0,188.0,90.08995516550605,56.46610219890215,0.7169436534981987,-0.8914352162158021,35.0,181.0,26.666030716397977,53.57755856150622,2.412910294915921,3.87090224052554,2.0,170.0,124.80549461032147,51.318870616022515,-0.794424693950301,-0.8280929558869086,40.0,172.0,160.82247448249547,45.06165514048494,-0.3955359467464639,-1.0485600905304844,96.0,215.0,128.22293236668892,52.683050107968526,0.02132742853350448,-1.2763372532075774,59.200000000000045,200.0,148.19574549270246,8.191965700400173,-0.42461630590251537,-1.3435850181126192,136.0,157.0,147.3908232376228,9.140178313404286,-0.3812048222093367,-0.8457626049489089,135.0,158.0,121.34341314509206,52.99871912609532,0.11662266356002096,-1.3067847831394106,54.0,196.0,156.2000381570161,9.135667135035566,-0.7698089458054661,-0.5501745149667836,142.0,166.0,110.36020223218544,8.480782639267352,0.19364209216742542,-1.009147493226654,100.0,122.0,0.1951530612244898,379.50461735799473,0.4158453192480501,0.8543722624155922,0.9777333999001497,1.1,0.7356874530428249,111.65823580035067,1.3692598044005428,117.39613582637024,106.76419681816407,0.7939279619232311,3.6356402969947115,4.753285426463946,7.166412951850152,13.138102066582517,9.00542311524096,13.763857877281474,0.04861111111111116,0.050222031851240634,5.0,149.95808431801368,111.65823580035067,9792.0,379.50461735799473
86,True,nv,162.82083467439116,45.529940885032495,-0.42222226790994044,-1.0504592786957565,97.0,216.0,110.75678575260166,58.963525256963614,0.14797030113037257,-1.378715101110669,37.0,194.0,94.40167364016736,59.444328290008976,0.6498376843765713,-1.024807449275347,35.0,189.0,29.57268533419161,56.73998141907691,2.1525362824483727,2.6780773162150986,2.0,172.0,120.66945606694561,53.78702193452579,-0.7128268072886265,-1.0056730555461983,32.0,172.0,162.8210492436434,45.530248053772375,-0.42219888432601393,-1.05044861300561,97.0,216.0,131.241926831885,53.986617023254034,-0.008459296591130532,-1.3071898607241705,61.0,204.0,147.62890247827485,8.425744707337591,-0.35518288502230827,-1.4186777823689596,135.0,157.0,146.62471837785645,9.562981953754944,-0.39830206090860526,-0.8587850143227764,133.0,158.0,124.47741658620319,54.46480444179422,0.08162176488303273,-1.343206259138159,55.0,200.0,155.39491470872224,9.682644340934015,-0.7274210674352866,-0.6875821890944045,140.0,165.0,111.02478274863212,8.789991450699203,0.21979297846118698,-0.9862157372670701,100.0,123.0,0.16721141581632654,374.9604614807105,0.3078450329706246,0.7498957198716768,0.9698300774476939,1.0384615384615385,0.7469729344729344,103.35608245443524,-1.379387225339893,106.24661746577017,101.08691109482581,0.7953039799340893,4.197174834236376,4.770660751001594,7.681581645188415,14.061478271344775,10.172269549066684,14.055005642415713,0.04815256257449341,0.04141973924548813,5.0,156.05725140737508,103.35608245443524,8390.0,374.9604614807105
86,True,nv,165.49814862653923,43.451650313190214,-0.43614137682339355,-0.9862681854031439,103.0,216.0,114.44941014380436,57.35945502465139,0.1224288084476469,-1.361901137472528,42.0,194.0,98.53276500473608,57.86046603611228,0.610338942696366,-1.0447172235693674,39.0,190.0,29.77757685352622,56.93488713158983,2.1434495384607954,2.636474930122593,2.0,173.0,115.38009127701713,51.74890548339443,-0.6741523331168843,-1.013264750699372,31.0,167.0,165.49814862653923,43.451650313190214,-0.43614137682339355,-0.9862681854031439,103.0,216.0,134.6534056660639,52.16724553532564,-0.02637568541514328,-1.284609273855487,66.0,205.0,147.09196590028415,8.410534231564606,-0.3117673682876078,-1.4355345430579352,135.0,157.0,145.970119693447,9.19122711877028,-0.4147396993932762,-0.8779645956797117,132.0,157.0,127.9145784896237,52.7489266286247,0.0590135441029661,-1.3226202831598632,60.0,200.0,154.84844570739688,9.657696324190345,-0.7377282115938184,-0.7009964392108561,139.0,165.0,111.4203909411866,8.452834640084188,0.2632168361041971,-0.9747895775684383,101.0,123.0,0.20878507653061223,429.6000717874997,0.2851640545715721,0.7133072911755308,0.9710789766407119,1.0344827586206897,0.7525862068965518,115.49223987197392,1.429860775390227,118.29193354051374,113.38030137251634,0.7954023317042533,4.33643129817757,4.758196943773791,7.779476221173348,14.632986300469438,-10.738426007296729,-14.063537297697778,0.04868270332187863,0.040271704894154534,5.0,152.13544292817448,115.49223987197392,10476.0,429.6000717874997
87,False,mel,140.65511971472236,58.435089011692995,0.049333317552444744,-0.9893895263209793,62.0,224.0,89.39191713363898,56.74167937989977,0.7928302740584006,-0.2083923886637571,27.0,176.0,104.21166581762608,58.00820679982693,0.8192915433207859,-0.17106873493520114,41.0,192.0,146.64764815758193,53.171405038733,-2.2432256181795633,3.2984628040461734,6.0,176.0,107.40066225165563,42.917653339237006,-0.02031155097900561,-0.48565255566251997,49.0,165.0,141.13813890303956,58.30652969430407,0.0827871668879921,-0.9820572652038027,63.0,225.0,110.7178638138903,56.96674772647611,0.4505952504338352,-0.6357729426538357,42.0,195.0,151.72007131940907,7.204777541393079,-0.35168617130505136,-0.7146589251983024,141.0,161.0,128.930888096451,9.761695020234372,0.7621646069355809,0.29399178166604356,118.0,142.0,106.42452029206996,56.46501989376218,0.5913365138191649,-0.5278245408024085,41.0,192.0,152.44888775683478,10.539536262316826,-0.08220759852612665,-0.9038711085692861,137.0,166.0,126.74775004245203,8.188959416392613,-0.7532768441316391,0.3244615731097267,116.0,136.0,0.2188097895408163,425.10259710444143,0.7314550652180364,0.7634579689872967,0.9632391647657483,0.6883116883116883,0.6725679980396961,118.23238541807127,-0.23773724270941077,144.48035673249328,98.51965912033334,0.7592353920919979,2.3933797076459853,4.011260891526796,5.117315487726571,9.682206762962473,6.339549335553041,-10.9600928254397,0.07568995354768193,0.15346604475713443,5.0,154.39558807227408,118.23238541807127,10979.0,425.10259710444143
87,True,mel,140.65200781051024,58.44176067198791,0.049530940576576726,-0.9892896946367968,62.0,224.0,89.41242889888785,56.74566503335024,0.7927688764158969,-0.20878974344960044,27.0,176.0,104.20748790219884,58.02179309851464,0.8186186731944183,-0.17196355118171702,41.0,192.0,146.98344511418625,52.813495276146774,-2.26711167911617,3.413878665169877,6.0,176.0,107.34985992019696,42.90716698837628,-0.02151628911963693,-0.487044183980343,49.0,165.0,141.13897614398505,58.31493744633754,0.08297116413770524,-0.9813714505184015,63.0,225.0,110.72782069785211,56.96868262472265,0.45047333536712686,-0.636319830789708,42.0,195.0,151.7063417947194,7.228383768278639,-0.3591757902868912,-0.7019217389754191,141.0,161.0,128.94269462602938,9.749586963165996,0.7598994798218877,0.29921832646637014,118.0,142.0,106.43339842091858,56.46953090797044,0.5911208119502035,-0.5285035737320207,41.0,192.0,152.43959589099245,10.549716838956302,-0.08191267387790885,-0.8992739960355025,137.0,166.0,126.73987605059853,8.184367288868224,-0.7494504560845516,0.32355601367897613,116.0,136.0,0.2188097895408163,425.10259710444143,0.7314550652180364,0.7634579689872967,0.9632391647657483,0.6883116883116883,0.6725679980396961,118.23238541807127,-0.23773724270941105,144.48035673249322,98.51965912033332,0.7592353920919978,2.3933797076459857,4.011260891526753,5.117315487726717,9.682206762962677,6.33954933555322,-10.960092825437435,0.07568995354768193,0.15346604475713446,5.0,154.0355997108606,118.23238541807127,10979.0,425.10259710444143
87,True,mel,143.17623042090418,58.38537763815037,-0.00021599983630237558,-1.0142977960476889,63.0,226.0,92.85806547398114,58.30068339732838,0.7519803313626088,-0.3579530206814119,28.0,188.0,107.822433375399,59.609344410969925,0.7751126172179983,-0.341144377385473,43.0,204.0,148.22930740108382,50.87222204681894,-2.3956354974980045,4.0683865631852,7.0,176.0,104.10132878034295,43.374333884155554,-0.05618281798889968,-0.5229021363888142,39.0,162.0,143.6703288545765,58.34250373311597,0.034422141997786274,-1.0077057021194649,64.0,226.0,113.9158191670997,57.92463890064516,0.42116956793279103,-0.7178183955885151,43.0,203.0,151.3105188924356,7.391951011571621,-0.35661217725735017,-0.7508195590286553,141.0,161.0,128.65540791329522,9.561580895868227,0.8192107702117726,0.40660521452694276,118.0,142.0,109.62385865934229,57.55468562520083,0.5535322514690955,-0.631931511156425,42.0,200.0,151.96251206295005,10.62029852434384,-0.058004082687770596,-0.9378040671192571,137.0,166.0,126.98210971717022,8.050646455681612,-0.8025952373761985,0.42227510311759575,116.0,136.0,0.2430046237244898,470.1147904132612,0.720297914436969,0.6932862838554528,0.9578914290203472,0.6993865030674846,0.6561726401894307,124.59779199069236,-0.07017042873898656,150.9648760329697,104.71902703666208,0.7618735517471201,2.4349088247997255,4.0193172625024225,5.150232608974325,9.735032717545021,6.385607312298996,-11.702931247344578,0.07832362831132622,0.14772768610994338,5.0,152.58905966409046,124.59779199069236,12193.0,470.1147904132612
88,False,nv,113.24780266515452,39.042529210801085,0.2559987031936909,-1.210940529095919,65.0,171.0,57.71307059824213,40.254941837536805,0.6379032680325805,-1.0133778112788747,16.0,123.0,46.66543804933371,44.31222577625591,0.9050779621532392,-0.6077799783102473,7.0,122.0,20.30450808052169,48.57473279782185,2.8980182478821255,6.4209339547481665,2.0,9.0,169.76779132407145,58.03432795490863,-0.6040430843880396,-1.0616505217690562,75.0,230.0,113.24780266515452,39.042529210801085,0.2559987031936909,-1.210940529095919,65.0,171.0,79.07031471505529,41.184415732416184,0.48753940312033206,-1.1122751881059165,33.0,144.0,151.67933087609867,3.4763701996361833,-0.2800807680059863,-0.9058869095841633,146.0,156.0,146.2404309611568,7.041215182084246,-0.6089158941398543,-0.506207393049869,136.0,154.0,73.0680464984406,40.11415405436959,0.5772040390933861,-1.058296008269737,30.0,137.0,156.69634250070882,4.294112876042201,-0.40981139807549444,-0.8691323032980076,150.0,162.0,113.08023816274454,5.02825282874336,0.5239170543992029,-0.36803771411093233,107.0,120.0,0.06186224489795918,212.99494936611666,0.45018154297928215,0.8597911407765831,0.97,0.9545454545454546,0.7465127465127465,62.86601265276767,-0.5014250463672282,66.83422377135143,59.678754729372784,0.7914144654960554,3.4785370153618356,4.019569799600162,6.403212274211142,-11.866997007395053,-8.229871865368727,11.696049415783467,0.08182989690721654,0.06338573683188842,5.0,145.65158996353156,62.86601265276767,3104.0,212.99494936611666
88,True,nv,120.44726749760306,40.53655417122988,0.14724673295662635,-1.3520848796860683,69.0,177.0,59.97387344199425,43.191884269845936,0.5004848908373928,-1.2686765237854603,14.0,127.0,51.84923298178332,48.39116384368228,0.7165830048227696,-1.0192320441911986,7.0,131.0,29.997363374880152,61.33736645967386,1.957981158957148,1.8418617061556848,2.0,175.0,167.15124640460212,61.529692501495134,-0.44580959968464157,-1.352259349208709,73.0,233.0,120.44726749760306,40.53655417122988,0.14724673295662635,-1.3520848796860683,69.0,177.0,83.7732502396932,43.143469254246654,0.37006305862825545,-1.3125807001212408,34.0,148.0,153.84611697027805,3.8828484090571656,-0.26991750543378906,-1.041336138821827,148.0,159.0,145.75958772770852,7.781992798157068,-0.5986447713566069,-0.6509171292296441,134.0,155.0,77.13590604026845,42.75790827839921,0.4432737560004941,-1.296251265379491,30.0,142.0,158.9424736337488,4.6768076337775994,-0.33109480540710534,-1.0445553112865535,152.0,165.0,113.70997123681687,5.330744984455486,0.5831275380874456,-0.32853101292925446,107.0,121.0,0.06800063775510204,240.42135623730948,0.5499812880948245,0.7417760399157065,0.9570827489481066,0.9714285714285714,0.7168067226890756,65.9112534142416,-0.8750034353904107,72.4771254047336,60.53122649000285,0.7869120363123382,3.0720625150731746,3.9956346759324055,5.914772410739739,11.246973594738607,8.192485080207494,10.912064933494904,0.08323563892145369,0.0813947692051694,5.0,163.40361313239887,65.9112534142416,3412.0,240.42135623730948
88,True,nv,123.31596256008095,41.26022740466979,0.2754114238398202,-0.828535994495545,71.0,175.0,46.25398431570959,46.56517428885275,0.726875051144952,-0.6971117390131378,0.0,116.0,52.223880597014926,51.27357729108189,0.8034029047546801,-0.6450872474417717,4.0,133.0,126.22135087275487,79.09020252911046,-0.9584616747701253,-1.0746807439869863,0.0,179.0,180.12117379205665,64.30159726252464,-0.38429248003458855,-1.3762503779390423,84.0,255.0,123.31596256008095,41.26022740466979,0.2754114238398202,-0.828535994495545,71.0,175.0,79.25145459144953,43.232544280113515,0.5635922298948214,-0.7904412897700794,32.0,141.80000000000018,161.15557804199344,5.811120115847112,-0.16346555834572074,-0.7572653771353797,153.0,168.0,143.3007842145206,9.55894765576156,-0.4632138123275693,-0.6957895049678542,129.0,155.0,70.00050594485201,44.96883705797383,0.6464343041883742,-0.7799729769538972,24.0,136.0,166.0680495825955,8.11142823831526,-0.0400774500731034,-0.7651672394003279,154.0,176.0,117.95750063243106,5.524841219890016,0.6743424724523949,-0.08326951572457242,112.0,126.0,0.0653499681122449,222.65180361560903,0.44186069058661354,0.8311871981127672,0.9638447971781305,1.0303030303030303,0.7306149732620321,64.61387209560033,1.0151480018462853,68.55098296690736,61.495968113113314,0.791414778558085,3.5145265842804574,4.016820859572738,6.433852507123604,-11.920131243568429,-8.274801582473593,11.736853656574771,0.08203720646538581,0.06306838541544647,4.0,184.65202719630489,64.61387209560033,3279.0,222.65180361560903
89,False,vasc,184.1508978826052,8.845043896195278,0.24572614389293881,-0.8931269271415867,174.0,197.0,93.43741624229429,32.23530702840254,0.27542718017646345,-1.321278188587979,55.0,138.0,112.05467703028678,25.09835301391725,0.34423517574808654,-1.1829251770969467,83.0,148.0,174.04476011793085,1.1741343818252548,0.23711642567540128,-0.4805775756154058,173.0,176.0,127.30206378986867,38.48762649503526,-0.1785022074940291,-1.4032501430705515,75.0,175.0,184.1508978826052,8.845043896195278,0.24572614389293881,-0.8931269271415867,174.0,197.0,131.34387563655855,21.454518957388043,0.3774471813298837,-1.2228209776679682,107.0,162.0,166.02197802197801,10.615653191561783,-0.2774444188164544,-1.3754911837082182,151.0,178.0,135.47440364513534,2.9247832206382864,0.14693373634812784,-1.022964675153554,132.0,139.0,122.68614312516752,24.300602681814897,0.29343149750710334,-1.2863335787789778,94.0,157.0,171.83998927901368,11.439227669305946,-0.2394064123038009,-1.3420878676412338,156.0,186.0,122.00830876440632,1.1722172952899779,0.1985483273066088,-0.39244804897940355,121.0,124.0,0.06359614158163265,219.82337649086284,0.7022128022708819,0.8298295951612721,0.9719768504416693,0.7051282051282052,0.7438228438228438,63.74093964831319,-0.020856961647548102,75.97195126541398,54.08953136273286,0.7686566046570286,2.5076054779252366,3.9427665516965855,5.537350799273369,10.37806160795951,6.968504965020237,10.492760746927388,0.07928549044186772,0.13358162176045418,5.0,48.50680477305579,63.74093964831319,3191.0,219.82337649086284
89,True,vasc,184.6662007268661,9.134129941736626,0.17721628737361708,-1.0197375263821344,173.0,197.0,95.4355605255801,33.07725725265688,0.23492083977431102,-1.357014960044366,55.0,141.0,113.63069611406206,25.954311104427656,0.31179046740979727,-1.2440752945700249,83.0,151.0,174.07520268381325,1.139767163031618,0.18109649556141957,-0.5315579982750558,173.0,176.0,125.0,39.27330528091577,-0.14240795988958727,-1.4161262740972997,71.0,174.0,184.6662007268661,9.134129941736626,0.17721628737361708,-1.0197375263821344,173.0,197.0,132.6986301369863,22.151302746964188,0.3318745860693535,-1.2829195811286946,107.0,164.0,165.3768521107073,10.836652868322789,-0.24172565285840614,-1.3836487408585239,150.0,178.0,135.32792843164663,2.9700932170741257,0.08410392296152078,-1.099051054443596,132.0,139.0,124.1928990774392,24.985525021893615,0.2504141374492212,-1.3355623238257601,94.0,159.0,171.14397539837853,11.705462438543364,-0.20930883039466197,-1.3495396956146168,155.0,185.0,122.0497623707017,1.1619181380713888,0.296669101855261,-0.35399726329972525,121.0,124.0,0.058673469387755105,224.79393923933998,0.7137584345121798,0.732113599025538,0.9655624795014759,0.7466666666666667,0.700952380952381,61.224318858606495,0.30919061070187404,73.59316833282925,51.544063386552004,0.7660365596280386,2.4645605609120014,3.935871310488404,5.474014512242238,10.275601458795455,6.8799834183201005,10.401279828598769,0.08084239130434778,0.13951173576236228,5.0,49.54720238568402,61.224318858606495,2944.0,224.79393923933998
89,True,vasc,184.9555079067274,12.656425311481424,1.9014507728769758,6.230906684031188,172.0,197.0,95.22138836772983,33.11434642589553,0.2859271971184945,-1.2055049352162621,55.0,140.0,113.51728759045832,26.445189849740174,0.40596950254592507,-0.9190270389714574,83.0,150.0,174.0809434467971,1.1752786218319515,0.20845473748673865,-0.31032483867024396,173.0,176.0,125.61994103457518,38.30499797122726,-0.14344794884890066,-1.3947268662634382,74.0,174.0,184.9555079067274,12.656425311481424,1.9014507728769758,6.230906684031188,172.0,197.0,132.5915304207987,22.907055232074963,0.46328221575385736,-0.8711581034528555,107.0,164.0,165.59287054409006,10.487047956771281,-0.27211755353021566,-1.3707668191198845,151.0,178.0,135.33824711873493,2.8741648192550664,0.16842731216415066,-0.9484900176651991,132.0,139.0,124.14044492093272,25.695318094569014,0.3744587727770804,-0.9716515775821692,94.0,159.0,171.38059501474135,11.266460962090543,-0.23877306735160184,-1.3333282020991344,156.0,185.0,122.0144733315465,1.1738710812908222,0.266234138604695,-0.0523494870531942,121.0,124.0,0.06359614158163265,219.82337649086284,0.702212802270882,0.8298295951612721,0.9719768504416693,0.7051282051282052,0.7438228438228438,63.74093964831319,-0.02085696164754831,75.97195126541398,54.08953136273285,0.7686566046570283,2.507605477925229,3.9427665516966046,5.537350799273323,10.378061607959012,6.9685049650197675,10.49276074692807,0.07928549044186772,0.13358162176045416,5.0,52.13670190454063,63.74093964831319,3191.0,219.82337649086284
8,True,vasc,169.31132075471697,13.60487472437356,0.47589708986051565,-0.7678875992098066,154.0,189.0,107.04288164665523,27.135829104685293,0.43754442747391586,-0.9702994907416831,75.0,148.0,149.15866209262435,24.73240399703271,0.4871870669089183,-0.6771116189780981,120.0,186.0,158.80060034305316,4.935357397524872,-0.9990793233210983,0.4521040936026477,151.0,164.0,96.1573756432247,27.53557844404685,-0.18387280895714386,-1.1488244614212493,56.0,131.0,169.60291595197256,14.164106487703142,0.6079069437677252,-0.40079337053395125,154.0,189.9000000000001,135.78087478559178,21.894991742078677,0.47418365820240643,-0.9161906219069254,110.0,168.0,159.233704974271,6.450086453773994,-0.28928893461323796,-1.1104061811793837,150.0,167.0,115.69939965694682,2.8649025948555695,0.22633460713547843,-0.4614041400957012,112.0,120.0,130.4819897084048,22.646362563974105,0.460574785926336,-0.9107155475369613,104.0,164.0,155.72855917667238,6.991454535181512,-0.3923738636548802,-0.8966069579213221,145.0,164.0,138.5844768439108,2.6444834049979256,-0.2556204958622572,-0.5177055221348073,135.0,142.0,0.03549505739795918,174.23759005323592,0.6253307433385641,0.7372080559075458,0.96322336398053,0.8148148148148148,0.7495791245791246,47.61973991081141,-0.34662435306837097,53.96692719358685,42.113622032138814,0.7839828790950032,2.7966179195407688,4.875651445788943,6.795286421743888,-12.678755921721148,-8.258258949783862,-12.982067689396022,0.03761931499157778,0.09206497990176819,5.0,46.63504232927487,47.61973991081141,1781.0,174.23759005323592
8,True,vasc,169.3587545126354,16.413263300366957,1.228129664213624,1.9199978601356529,153.0,190.0,106.58303249097473,27.393284260434193,0.5736626518229089,-0.5130014475494691,75.5,147.0,148.389440433213,25.447643150695747,0.6377046825813785,-0.14270148938060245,119.0,186.0,159.2648916967509,4.650196444649406,-1.0500167988252067,0.9060817093830775,153.0,164.0,96.8903429602888,26.414670478521522,-0.19298255225124403,-1.060495080622769,58.0,130.0,169.5947653429603,16.767362617080295,1.2223665377625739,1.7527633206727726,153.0,190.5,135.40342960288808,22.722777320927392,0.6665038520552851,-0.2725294474475377,110.0,169.0,159.38763537906138,6.090251620883961,-0.33613656704680445,-1.0575365628362166,150.0,167.0,115.94314079422382,2.9705865345480778,0.23240110083490648,-0.4576111623566983,112.0,120.0,130.13853790613717,23.567979762051042,0.6750923690534528,-0.20483347202805469,104.0,165.0,156.01173285198556,6.557359210315421,-0.4499900519441279,-0.7649041962567593,146.0,164.0,138.3298736462094,2.7267115617009106,-0.21648123973933014,-0.5795853049977353,135.0,142.0,0.03573421556122449,160.95331880577402,0.7134668589714102,0.8697416767511724,0.9749864056552474,1.3902439024390243,0.7672229353872486,47.77989643888051,1.4382374072968513,57.12496293676355,40.02683178670744,0.7705809489977781,2.4746016006606664,4.927329319727425,6.572718978402383,-12.563287690165014,-8.030933840028135,12.409803545413423,0.03513664249860571,0.13234705905129873,5.0,47.83222954025122,47.77989643888051,1793.0,160.95331880577402
9,False,vasc,156.5066803699897,24.314392049796577,-0.2589737115438182,-0.8394814489869198,121.70000000000005,187.0,95.59780746831106,27.031840347804167,0.0006039061071013597,-1.040004177370547,59.0,132.0,135.59592326139088,18.955076545717105,-0.23903001588656256,-0.6024179760404769,109.0,159.30000000000018,160.3898595409387,4.336139228173147,0.05596921136788263,-1.0764403878386304,155.0,166.0,102.28811236724906,22.10576508785911,0.33696637193324736,-0.8282619622219358,74.0,135.0,156.5066803699897,24.314392049796577,-0.2589737115438182,-0.8394814489869198,121.70000000000005,187.0,123.56423432682425,25.006670614434363,-0.109406216279013,-0.9454611687072254,89.0,156.0,158.78965399109285,4.217447225499519,0.08411485915951022,-0.579475285147061,153.0,164.0,116.2237067488866,4.650509868018508,0.2436712828783519,-1.2291598754732447,110.0,123.0,118.3879753340185,25.10579272485426,-0.0812753261722013,-0.9635316869952595,84.0,151.0,155.22010962658445,3.0292668324099226,0.7382565802356912,0.3468682849243616,152.0,159.0,137.6985268927715,4.3303427501240845,-0.3156583642133748,-1.282007464204424,132.0,143.0,0.10542889030612244,284.5929291125633,0.5095164595677504,0.8207621584597086,0.9706422018348624,0.8695652173913043,0.71875,82.06970934302747,-0.42026228249668124,89.26078086322237,76.8054127180653,0.7856069689113295,3.2238757096955557,3.6560392281468,5.977341247380368,10.80487455126086,7.6041193765447535,11.45023156353996,0.1085066162570888,0.08587493159737981,5.0,50.75629636582883,82.06970934302747,5290.0,284.5929291125633
90,False,nv,132.25223214285714,27.985892668805818,-1.1272554762916227,0.5764980798166985,85.0,161.0,98.20535714285714,35.0478236348438,-0.5304919361676519,-0.658290801433485,43.0,140.0,84.04241071428571,45.837401734390276,0.05551752619037842,-1.3452359112607704,23.0,148.0,45.687127976190474,67.09541966679531,1.3097973661828262,-0.2595188711421672,4.0,172.0,106.67596726190476,59.299158227373844,0.14861209475277062,-1.3841108256234271,32.0,188.0,132.25223214285714,27.985892668805818,-1.1272554762916227,0.5764980798166985,85.0,161.0,113.69494047619048,34.754934190582134,-0.6884427161331164,-0.3497264398346891,58.0,154.0,140.5811011904762,3.712226417913612,0.5981590373975643,-0.4966557700380636,136.0,146.0,142.0718005952381,10.755935904165824,-0.08378204717981926,-1.184625829862943,127.0,156.0,106.7749255952381,33.781911886081694,-0.5565126615402964,-0.6105397048041707,54.0,147.0,146.19605654761904,6.073326678944854,-0.07553672690551465,-0.8922739435236076,137.0,155.0,115.16071428571429,9.155294042989851,0.09386260274436606,-1.1610919962971773,103.0,128.0,0.04538026147959184,210.06601717798213,0.8650075162519772,0.6484273011302992,0.8922413793103449,0.64,0.6325,53.84390813603676,0.267584451358127,79.74165754007045,40.01108661768593,0.660590733265342,1.7681454665590266,2.8489625797803537,3.936446067334963,-7.6627667169173845,-5.029362845186984,-7.3817606230603685,0.2498902064119456,0.29162262210567075,5.0,154.38047056297495,53.84390813603676,2277.0,210.06601717798213
90,True,nv,134.7398097826087,28.008300729362823,-1.174028267897047,0.7179906093137332,88.30000000000001,163.0,102.01664402173913,35.607920125920465,-0.5899957878354727,-0.6099076525178511,48.0,144.0,89.83865489130434,47.670996421525714,-0.05029764178297141,-1.3953026308549916,24.0,154.0,53.49320652173913,71.05387256940696,0.9888279671699357,-1.000530025174957,4.0,170.0,100.0618206521739,59.981005679609936,0.27246909171937295,-1.3699290592726159,29.30000000000001,186.0,134.74184782608697,28.010538852419995,-1.1737015132828705,0.7175311832975892,88.30000000000001,163.0,117.32710597826087,35.18542688764686,-0.737937583576189,-0.29451730936884557,63.0,157.0,140.21501358695653,3.631033977310129,0.6696022827461937,-0.39587529487388284,136.0,146.0,140.6610054347826,11.208735969438264,0.021264481088923006,-1.2581732615921895,125.0,156.0,110.40964673913044,34.34697457382829,-0.6145000042879682,-0.564340702209229,58.0,150.0,145.37126358695653,6.293036850799613,0.007109662688375681,-1.0157770322684632,137.0,154.0,116.38179347826087,9.583175363328447,-0.00623739746891294,-1.239175423249397,103.0,130.0,0.045599489795918366,221.20815280171308,0.8298226379871321,0.587575428205413,0.8773006134969326,0.8507462686567164,0.5991097145849699,53.973809188846886,0.5276194986800758,75.87511406518625,42.34037973198608,0.6856439675352549,1.9308134639473002,2.8829236064007935,4.0763145423247895,-7.585472237132107,-5.062069528380585,-8.003717583438293,0.2578671328671329,0.2732499689555675,5.0,159.0454171014369,53.973809188846886,2288.0,221.20815280171308
90,True,nv,112.63773069036228,28.43924821209894,-1.1685001885290442,0.6761048530457612,66.0,141.0,78.97265892002734,36.20188046569914,-0.5613618751349498,-0.6469290248737467,23.0,122.0,66.59603554340397,47.14732553963982,0.02422454771867637,-1.4204508212232887,2.0,131.0,51.50512645249487,70.65359698282037,1.055744127276836,-0.858919279623453,3.0,172.0,126.68899521531101,79.03315488646246,0.3102992038476297,-1.3544436384572631,35.0,247.0,112.64046479835953,28.442082802630683,-1.1681274674137938,0.6755246612484154,66.0,141.0,93.87252221462748,36.41745247027158,-0.713369478572111,-0.3403030598386456,36.0,136.0,141.3257006151743,4.299637052261751,0.650747456399483,-0.44683899536078364,136.0,148.0,141.17464114832535,11.58852164991235,0.11934744407651601,-1.270163710724978,126.0,158.0,87.6244019138756,34.71559193225555,-0.5802746520874572,-0.6187966836964351,34.0,129.0,145.85372522214627,6.445772388146704,-0.025991589061234294,-0.9851202535074353,137.0,155.0,116.12337662337663,9.61416385495155,-0.057137828776463395,-1.2243583970485006,103.0,129.0,0.04629703443877551,220.89444430272832,0.8384340053762066,0.5982593401179593,0.8896974339333589,0.8235294117647058,0.6100315126050421,54.38506653870879,0.5355216461052692,77.30580532770479,42.13190636148254,0.6807954831129225,1.8936144130780035,2.87285090699864,4.047770226861183,-7.583668580568919,-5.047224210956719,-7.773930814304305,0.24967714162720622,0.2745688276416499,5.0,178.12883467191352,54.38506653870879,2323.0,220.89444430272832
91,False,nv,170.00722673893407,29.18041564178021,-0.34803809131885044,-0.2881783607394768,133.0,209.0,127.76209833526907,38.77710929765311,0.043353356351454396,-0.8183799866855068,79.0,183.0,128.84062459672217,46.30588815991001,0.3481473896378831,-0.8330518244454779,76.0,199.0,85.1015614918054,82.09983494070339,0.05165859289702973,-1.969989197671576,2.0,177.0,75.86120789779326,33.09843917140478,0.2399415935311858,-0.6343439812486187,31.0,116.0,170.12666150471028,29.385404943790714,-0.31702619675086935,-0.2748810653892324,133.0,209.0,146.4745128403665,35.67002458365679,-0.06185733744380519,-0.6899114658682883,102.0,197.0,144.98154600593625,4.490441822454988,0.29711409411545364,-0.965512395976166,139.0,151.0,134.31429861917667,8.195090467494632,-0.19279975963402737,-0.830298053746128,122.0,145.0,140.52380952380952,36.5241093467729,0.01848297062077725,-0.7605031119082972,95.0,193.0,149.05562008001033,6.211161714364039,-0.4745854766205386,-0.7763590050105975,139.0,156.0,121.39624467673248,7.486063368470427,0.3159799965600425,-0.7986039411863493,112.0,133.0,0.2869897959183674,521.8721497261419,0.6736503748813509,0.6644221686081347,0.9010136403453886,1.263157894736842,0.644468313641246,135.4055000514615,1.5037785452894117,161.09792999960723,119.05945458499384,0.7590382416577046,2.582866886053489,3.4869727117650067,5.6085362174507285,10.254549535640875,7.407530592325775,10.37576198744038,0.15111111111111108,0.1477278423285576,5.0,144.58367905589887,135.4055000514615,14400.0,521.8721497261419
91,True,nv,172.67323290845886,29.635545029195995,-0.3098010799806774,-0.4082861901607622,135.0,212.0,131.33893395133256,39.76889876745901,0.013895437920472525,-0.8576580895141968,81.0,188.0,132.95283893395134,47.55091532998217,0.30597562590459787,-0.9120640635999653,78.0,206.0,86.59223638470452,81.71925988914369,0.0067669578909077,-1.9682279870285124,2.0,177.0,73.20086906141367,33.27166575334866,0.2922296631063715,-0.6344189427020406,29.0,114.0,172.8395712630359,29.904712298581178,-0.27432739797198497,-0.3982023325050399,135.0,212.0,149.73250289687138,36.41857213884667,-0.07634321546181301,-0.7498755987504353,104.0,201.0,144.63180764774043,4.58727102763301,0.3552718218525895,-0.945600743750421,139.0,151.0,133.83991888760139,8.26162124676136,-0.1713484369042257,-0.8803043198456679,122.0,144.0,143.89078794901508,37.3957811236101,-0.0011437110410182259,-0.8166498294904083,97.0,197.0,148.55498261877173,6.456579375805938,-0.43606693507736566,-0.8863235611103324,139.0,156.0,121.81680185399769,7.5980677220631545,0.29774961647848375,-0.8626482399625495,112.0,133.0,0.31058673469387754,586.1686142824235,0.672380650960402,0.569959086447524,0.8989386248269498,1.1369863013698631,0.6430103977554051,140.86222014845845,1.053563404222171,167.4648761960602,123.95843123871309,0.7592073612152204,2.587442084317142,3.4887773714781556,5.614714031221322,10.252287329483098,7.382811733510078,10.409525572297019,0.1513090349075975,0.1489676384272789,5.0,144.89563794107352,140.86222014845845,15584.0,586.1686142824235
91,True,nv,182.9056454512765,27.649280622431053,-0.291766218097494,-0.35324252905995923,148.0,220.0,157.91722402013664,36.507667151796916,-0.054871048298052894,-0.7031869346907333,112.0,209.0,150.90032362459547,42.83443103924105,0.19317426659491732,-0.9575481736144615,99.0,214.0,54.808701905789285,72.63626094424467,0.9202643532578445,-1.1200411222798794,3.0,174.0,50.71664868752247,28.169081103731646,0.12477127399330316,-0.9004418194650343,13.0,85.0,182.9190938511327,27.67268228563828,-0.2880438999506642,-0.35119642592271383,148.0,220.0,170.67831715210357,33.17622534695505,-0.1364611445623488,-0.6074548023624429,129.0,217.0,136.3903631787127,3.760093535008602,0.736172199585458,-0.16898687009539692,132.0,142.0,135.32010068320747,6.479876363676427,0.14136971892694306,-0.9035840966779873,127.0,144.0,164.59079467817332,34.42424325495463,-0.05913387442712421,-0.6944400403905004,121.0,213.0,141.0740021574973,5.3827460965318865,-0.3381553962617249,-0.9592656275055673,133.0,148.0,120.25587918015103,6.15634479386343,-0.032655172691644405,-0.9467387713158009,112.0,129.0,0.2507374043367347,524.6000717874997,0.7063114845622772,0.5744712978142947,0.8974249233183537,1.2301587301587302,0.6441884280593958,126.56471353546011,1.2811349279184774,153.8746277059127,108.92803119131163,0.7530845210198865,2.463017157696591,3.4792084892758313,5.415853079657793,10.036698254389249,7.3337206197502445,-9.9932674660105,0.1514982910738415,0.16023089246873504,5.0,128.4780243336146,126.56471353546011,12581.0,524.6000717874997
92,False,mel,147.9824725091636,55.97283305322913,-0.41001523829994974,-0.6576939951987835,66.0,220.0,94.48123958680439,44.81474917942649,0.3263389150191035,-0.5253658722863954,37.0,164.0,90.38227257580806,41.866502333342844,0.5656057782944323,0.18283561389206193,39.0,154.0,61.689670109963345,80.97758233184683,0.6832281962427491,-1.5264531541387552,1.0,177.0,106.84711762745751,24.434721210924575,-0.16134206980363336,1.2420418109981703,71.0,133.0,147.98713762079308,55.96406027523281,-0.40957109875247566,-0.6583256928327077,66.0,220.0,115.25434855048317,48.82263104493403,-0.1086368700751825,-0.5774678835841458,47.0,184.0,149.32935688103964,6.014595810637516,-0.847254322504087,0.36381402314774736,141.0,156.0,139.36917694101967,7.066964149825331,-0.05896051573958079,-0.9390725444490062,130.0,149.0,110.02855714761746,47.32651777234406,0.07381392558511138,-0.6057435587691997,46.0,179.0,155.11179606797734,8.958060533595242,-0.8251340462857969,-0.1659138961513862,141.0,165.0,116.90996334555149,6.693829614927823,0.008149812132990304,-0.9824148508759918,108.0,126.0,0.570930325255102,701.3107499061545,0.5759842243099756,0.7319274248278723,0.9473840862490905,1.164835164835165,0.7424580136844288,190.9829658321082,1.487157723367071,213.76192277598219,174.74199420753666,0.7790793401732421,2.9610345177637405,3.7205166778539476,5.598610317356806,-10.383795184450907,-7.352685490117023,-10.43681025692039,0.10357105456068694,0.11057993206122048,5.0,161.37636381800422,190.9829658321082,28647.0,701.3107499061545
92,True,mel,139.95134897360703,57.914990864213834,-0.41321261625693223,-0.6536951020257784,56.0,214.0,85.02460410557185,46.75888058646798,0.34585269535150687,-0.5694558527574838,26.0,158.0,81.05607038123168,44.123760495639665,0.6096952571581795,0.13555824458277055,28.0,150.0,61.82237536656891,81.1347131337509,0.6775536990489543,-1.5344049128503505,1.0,177.0,121.10026392961876,34.66959175279841,1.0077782944431974,3.8291456734904283,76.0,151.0,139.95451612903227,57.90881811671656,-0.4128848848804269,-0.6542291271094856,56.0,214.0,106.09633431085044,51.25061434201243,-0.08802044469132862,-0.6453288795977623,35.0,179.0,150.2458944281525,6.5429265498217175,-1.0101699633110344,0.8604909384653698,142.0,157.0,139.93319648093842,7.424706757015452,-0.04745751739875163,-0.9689972345561393,130.0,150.0,101.01155425219942,49.27493859198734,0.09079084889992899,-0.6375542625239885,35.0,174.0,155.81554252199413,9.23552328754681,-0.8297155385808807,-0.10584313719619187,142.0,166.0,116.73290322580645,6.863865352919602,-0.020311649554191423,-0.9823595207800802,108.0,126.0,0.6407445790816326,779.6366517139589,0.6004331838205506,0.6646704112325497,0.9451156774553899,1.15625,0.7542698948948949,202.3231360058347,1.4700207510363343,228.9804463014092,183.10992209493827,0.776998043992757,2.8695495851670567,3.7133757615587184,5.52488885508317,-10.303968949834141,-7.269069305034391,10.285496127253268,0.10603421461897355,0.11597207306164815,5.0,173.71312300326588,202.3231360058347,32150.0,779.6366517139589
92,True,mel,151.46150478243297,55.94257625039145,-0.42801002712674563,-0.6113643832095912,71.0,223.0,98.18530243836723,46.575219374107064,0.28049640391546204,-0.6121206011676938,40.0,170.0,94.44735955813013,44.30344062529492,0.5249732473990052,-0.018819711530997818,42.0,164.0,63.48572005927522,81.6538909422686,0.6345929951133131,-1.5913148957993684,1.0,177.0,105.0413242624276,27.361485565156695,0.23420114893029087,2.385898896517711,65.0,133.0,151.4632560959181,55.93916261015668,-0.42781903375878344,-0.6117029862032455,71.0,223.0,118.9132426242759,49.849221842079096,-0.12655037061329638,-0.5878890203066502,52.0,190.0,149.19860568503302,5.709359663180376,-0.8071545568710026,0.392672243054494,142.0,156.0,139.07682203960664,6.8717680827063905,-0.021775857583110615,-0.9303344012232873,130.0,148.0,113.70759800619696,48.62457643046597,0.05102913275848916,-0.6420399014632774,50.0,185.0,154.9689478647447,8.482056585082729,-0.80468279735247,-0.09923339645860318,142.0,164.0,117.12929408594908,6.496122222823061,-0.017838759349491726,-0.9689753555869394,109.0,126.0,0.5515186543367347,734.3473298326138,0.4054464713329008,0.6448564780172568,0.9442454021223599,1.0207253886010363,0.7278346177112648,187.7081722287449,-1.0166644337136772,198.67699125632817,181.61437048431273,0.7860999144764529,3.6680280534988756,3.7333798087311463,6.066015190937243,-10.96782751803974,-8.065818143361964,-11.972508953280633,0.10288006359989876,0.09049297729650063,5.0,164.954539117582,187.7081722287449,27673.0,734.3473298326138
93,False,mel,164.32780591842175,24.54184903378288,-0.7493173631072402,-0.03760653141523029,128.0,192.0,106.54028259130898,34.044274900573996,-0.30432800566713586,-0.8093895719169342,57.0,149.0,97.8237803252466,44.34614973981617,0.05143472120795188,-1.045302970562799,38.0,157.0,52.4336976806185,75.43427572955294,0.9867158714400835,-1.016723517374724,2.0,176.0,113.25993068515062,46.543124390623476,0.3515098945598609,-0.9490873927244192,57.0,179.60000000000218,164.32780591842175,24.54184903378288,-0.7493173631072402,-0.03760653141523029,128.0,192.0,130.0552386030392,30.931820840986873,-0.39066711275204313,-0.6794142001876051,85.0,168.0,150.6337509997334,4.695058495884198,0.2916606684103485,-0.8254392310572283,145.0,157.0,143.22426019728073,10.328826556958651,-0.12584366194127855,-1.053820055440836,129.0,157.0,122.84388163156491,32.09250399816369,-0.3321382992386451,-0.7680278081460195,76.0,163.0,157.625753132498,6.566413825052025,-0.270180885262948,-0.8588833646440963,149.0,166.0,113.87683284457478,8.472728165931283,0.24502922710270236,-0.9136633726768308,103.0,126.0,0.3451450892857143,685.2102448427661,0.6701167601032159,0.4635108492983891,0.8273061672956575,1.1446540880503144,0.598451862602806,148.49229756362297,1.1718326393880625,187.66209547601227,139.29326050195274,0.7052686102847942,2.4871272697913764,2.658633304331245,3.9362721029842573,-7.279407098217292,-5.189943570860041,-7.594668883793304,0.3329483774107864,0.23490993236528368,5.0,146.5192491539593,148.49229756362297,17318.0,685.2102448427661
93,True,mel,175.3212342079689,26.562378058396018,-0.3647333445807762,0.043792265567483835,138.0,205.0,130.4550048590865,29.218395611394563,-0.4740049956811408,0.008375695650682413,87.0,162.0,98.72623906705539,44.454184510033244,-0.09257015260730392,-0.9250204301476121,36.0,154.0,25.14416909620991,44.49513532461126,3.036956798182899,7.386942926299595,4.0,19.0,118.36695821185617,47.60128005174675,0.482381015910395,-0.7803623022021973,63.0,189.0,175.3212342079689,26.562378058396018,-0.3647333445807762,0.043792265567483835,138.0,205.0,148.25490767735667,28.229448912871486,-0.502719582163535,-0.026258715747365713,106.0,179.0,141.77079689018464,3.8350706900673233,0.021230149593113833,-0.6507329450812906,137.0,147.0,152.0098153547133,12.1780363105816,-0.12129858563581714,-1.0742596326735283,136.0,168.0,140.26802721088436,29.685254952730133,-0.4042348860061766,-0.21188477671761685,96.0,173.0,153.04037900874636,3.3649384453071516,0.12473241531945627,-0.1761834853302897,149.0,158.0,104.5466472303207,11.067954729664615,0.09568343692612635,-0.9810303836382048,90.0,119.0,0.3676259566326531,766.3056992722711,0.698533655597886,0.3947371100175546,0.8252136178589004,1.1851851851851851,0.5930426954732511,153.2520037134419,1.402534318150751,197.25451835899779,141.15083632573047,0.7004019040975531,2.3831871920598626,2.6511256412670776,3.9170444773770896,-7.202371744573503,-5.112563592058785,8.323030363414215,0.3324840073728722,0.24501584145736885,5.0,118.65879343475403,153.2520037134419,18446.0,766.3056992722711
93,True,mel,165.07853003964624,24.48285667505467,-0.7187138984951633,-0.12276491867107486,128.0,193.0,107.85122496696147,34.36137443169478,-0.2857723104348774,-0.8249060070111955,57.0,151.0,99.83734878519874,45.06880506517424,0.05667620904894068,-1.0590359195305017,39.0,160.0,56.03629155230253,76.97712380372374,0.8690595137506808,-1.2351584277605403,2.0,176.0,111.30954559316865,46.534666528801,0.3478125265229687,-0.9893040821915893,55.0,178.0,165.07853003964624,24.48285667505467,-0.7187138984951633,-0.12276491867107486,128.0,193.0,131.20626207176986,31.157025553794487,-0.36825667003360163,-0.710647705122895,86.0,170.0,150.4579648266748,4.697463713604967,0.2802762874337485,-0.8203410440890657,145.0,157.0,142.71063332316763,10.470572955337852,-0.12131324001208302,-1.0839857698726212,129.0,156.0,124.0650604859205,32.36214083033753,-0.31260055198796677,-0.7925132224142142,77.0,164.0,157.2920097590729,6.705003388884986,-0.28698969787919143,-0.8282261379564417,148.0,166.0,114.32535325810714,8.620069721433905,0.24866206742674543,-0.9513428567637643,103.0,126.0,0.35196109693877553,704.9087296526011,0.7037261200459908,0.4466165221885886,0.825619448340346,1.1835443037974684,0.5977120422392203,149.95135998057162,1.1738522015622639,193.64984078628376,137.58266500921206,0.6996063995736934,2.364538103013884,2.6508189965464197,3.912325591191255,-7.193904513580981,-5.102974559107509,-9.451570042497217,0.33137032842582104,0.23988860488316738,5.0,147.9946470075794,149.95135998057162,17660.0,704.9087296526011
94,False,nv,136.42793914246195,20.61535354293754,-0.10683769836349813,-0.8993085579164735,108.0,163.0,99.6390041493776,30.9188555648014,0.22333197474970684,-1.005442657577096,61.0,144.0,107.49764868603043,30.88874306501652,0.3050269882261985,-0.9053741315177986,69.0,152.0,165.26500691562933,34.27960905641734,-4.4434705715937675,18.351064081169802,162.0,178.0,73.33637621023513,31.032722508016796,-0.0357242171362423,-0.9599872078641112,31.0,112.0,136.45560165975104,20.668754350002423,-0.09478479186585607,-0.8796616713577032,108.0,163.0,117.57952973720609,28.336004520738687,0.136986928884929,-0.9994366018617153,81.0,157.0,144.40193637621024,5.4165615211507765,-0.2967784838262684,-0.9902367829300127,137.0,151.0,129.72448132780082,3.3118080958532654,-0.15418103813052922,-0.4604279645182081,125.0,134.0,111.54744121715076,27.693129775171133,0.16616562010521038,-0.990459919117491,76.0,151.0,145.7762102351314,5.785802102529298,-0.5538275331856273,-0.6757957977506579,137.0,152.0,125.72475795297372,2.894891487715144,0.2848750609795797,-0.28817611932008935,122.0,130.0,0.06387515943877552,216.06601717798213,0.5234729452301009,0.8627102636742204,0.9691563350468703,0.8333333333333334,0.7418981481481481,63.88061318487947,-0.031231465686697584,69.36950965883457,59.10575634069309,0.7905759956402797,3.17964457086977,4.644192880496892,6.992400435587275,12.95314586202608,8.788100701550539,-12.969589550152964,0.03962558502340097,0.0686959595641189,5.0,85.98108591443656,63.88061318487947,3205.0,216.06601717798213
94,True,nv,138.56849680170575,21.41220481433857,-0.1392894139005096,-0.9566140464618798,109.0,166.0,103.35314498933901,32.73351846421659,0.16940762522957958,-1.0865833490693086,62.0,148.0,111.2723880597015,32.72947369983473,0.24505676742205065,-1.022720314216198,70.0,158.0,165.50639658848615,31.944889605018712,-4.744688624314077,21.539901529465485,159.0,177.0,69.6998933901919,32.32344235012368,0.026503004310865576,-1.0538879364535099,26.0,111.0,138.61273987206823,21.497448099620403,-0.12045678297530552,-0.9253779192422944,109.0,166.0,120.88965884861408,29.856275830944217,0.0891172207264713,-1.0735026601042044,82.0,161.0,143.71934968017058,5.6950647099424305,-0.23418794459253836,-1.0950958734764193,136.0,151.0,129.41044776119404,3.2790407634389913,-0.07042625657509623,-0.5623489455799935,125.0,134.0,114.80383795309169,29.225666097300223,0.11659861110036888,-1.0685695908798551,77.0,155.0,144.97787846481876,6.210443348627255,-0.4792960448349617,-0.8508777498007207,136.0,152.0,126.01492537313433,2.8924007198291797,0.2428735828599488,-0.41774352735727094,122.0,130.0,0.06166294642857143,217.1370849898476,0.14086033258990943,0.824635765751856,0.9665729459543893,1.0,0.75537109375,62.76466483150048,-1.2407039927219163,63.224560969347046,62.594179073902524,0.7961687223100767,5.590582456938019,4.728934332296817,8.117122849416615,-14.879008686840912,11.700065432604422,14.591346695823864,0.03684550743374271,0.035834103284285206,5.0,85.76578005476279,62.76466483150048,3094.0,217.1370849898476
94,True,nv,157.97148966500356,20.96866944523633,-0.139972606934216,-0.9457436068097103,129.0,185.0,115.21810406272273,32.228970336926366,0.14979721380542232,-1.0822138663759864,75.0,160.0,124.68424803991446,32.68425796696756,0.28444390064057745,-0.9325447575006143,84.0,172.0,165.05725825611785,34.3863117659328,-4.4348478686419295,18.262658616203286,162.0,177.0,72.74055595153243,28.54211098661283,0.007932787705003382,-1.0334776794840135,34.0,108.0,158.00451413637444,21.02494255892134,-0.12971233275404442,-0.9345684450558851,129.0,185.0,135.07864100736518,28.637554365462517,0.08316661905971129,-1.05877108484243,98.0,174.0,146.57258256117842,5.610508333512093,-0.1772368374977573,-1.1348525670373353,139.0,154.0,129.77072938940367,3.7111095393444895,-0.37131660666815747,-0.15421639479514893,124.0,134.0,129.1023996198622,28.76236546814807,0.10969995780230309,-1.0574675060849206,92.0,169.0,148.62366357804703,6.230693785457704,-0.45917507155041676,-0.8177268392070856,139.0,156.0,125.5072463768116,3.392794517999206,0.5246674841277721,0.07757090057965321,121.0,130.0,0.07102997448979592,240.86500705120545,0.5370018869420988,0.7719694948994806,0.9611650485436893,1.203125,0.7232142857142857,67.363385733172,1.3311483045961374,73.52739323380366,62.02631495608389,0.7897497102617489,3.126415432235479,4.658369903164295,6.936075285936037,12.873014694944706,8.701110499868157,-12.895176256302753,0.039842873176206495,0.07137520226795954,5.0,83.95336531146697,67.363385733172,3564.0,240.86500705120545
95,False,nv,211.08836727649293,9.067372917872252,-2.09626710468894,6.189178195362453,201.0,219.0,139.5764584052468,15.574060757296072,-0.7238670058430714,0.28786109103023927,117.0,157.0,117.73006558508803,21.044956655967468,-0.6133025561379157,-0.4899874610382229,84.0,142.0,6.9285467725233,1.3708601571859915,-0.45166977432240907,-0.37655075916644654,5.0,9.0,113.43976527442182,21.463262550133347,0.47707576731084794,-0.7236285944010321,88.0,147.0,211.08836727649293,9.067372917872252,-2.09626710468894,6.189178195362453,201.0,219.0,165.45875043148084,12.583957886584123,-1.0396168239704242,1.228240345626979,148.0,179.0,152.84708318950638,3.8856301231906047,-0.09785695614531659,-0.7771123245915499,148.0,158.0,150.9882637210908,5.5000423937399345,0.478202866264326,-0.8407673731774188,145.0,159.0,158.48498446668967,13.833488764569932,-0.9819454066358164,0.9080963559595054,138.0,173.0,165.5681739730756,5.109933527548132,-0.07815380874090179,-0.8073368122341176,159.0,172.0,104.9979288919572,4.6305698653243414,-0.433157114774688,-0.836024443082299,98.0,110.0,0.05092075892857143,190.95331880577402,0.5228448166767024,0.8805344393348322,0.9778032912361271,1.0178571428571428,0.8004385964912281,57.036190588067335,-0.9386133582627938,62.0267424214174,52.87332480292802,0.7891528290559329,3.1792146542807074,4.175810622630548,6.07917407341499,11.446795017151258,7.9322161294999205,11.293932292173311,0.06144814090019568,0.07349740423622429,4.0,31.90149562519159,57.036190588067335,2555.0,190.95331880577402
95,True,nv,211.08836727649293,9.06737291787225,-2.0962671046889403,6.189178195362457,201.0,219.0,139.5764584052468,15.574060757296074,-0.7238670058430711,0.28786109103023794,117.0,157.0,117.73006558508803,21.044956655967468,-0.613302556137916,-0.489987461038222,84.0,142.0,6.9285467725233,1.3708601571859915,-0.45166977432240907,-0.37655075916644654,5.0,9.0,113.43976527442182,21.463262550133347,0.47707576731084816,-0.7236285944010321,88.0,147.0,211.08836727649293,9.06737291787225,-2.0962671046889403,6.189178195362457,201.0,219.0,165.45875043148084,12.583957886584122,-1.0396168239704244,1.2282403456269808,148.0,179.0,152.84708318950638,3.8856301231906047,-0.09785695614531663,-0.7771123245915508,148.0,158.0,150.9882637210908,5.5000423937399345,0.47820286626432584,-0.8407673731774192,145.0,159.0,158.48498446668967,13.833488764569932,-0.9819454066358164,0.9080963559595054,138.0,173.0,165.5681739730756,5.109933527548133,-0.0781538087409018,-0.8073368122341185,159.0,172.0,104.9979288919572,4.6305698653243414,-0.43315711477468805,-0.8360244430822981,98.0,110.0,0.05092075892857143,190.95331880577402,0.5228448166767028,0.8805344393348322,0.9778032912361271,1.0178571428571428,0.8004385964912281,57.036190588067335,0.9386133582627936,62.02674242141741,52.873324802928,0.7891528290559324,3.1792146542807127,4.175810622629863,6.0791740734170086,11.446795017150542,7.932216129499266,-11.293932292177681,0.06144814090019568,0.07349740423622429,4.0,31.901495625191586,57.036190588067335,2555.0,190.95331880577402
95,True,nv,211.26249094858798,8.795831538196092,-1.9928382390997672,5.559651031917882,201.0,219.0,140.45220854453294,15.471847217119109,-0.7488368505385864,0.22259034685663526,118.0,158.0,118.88052136133237,20.7677283701016,-0.6622393950626307,-0.4567204402427629,86.0,142.0,6.9265025343953655,1.295578177803905,-0.4268249327095631,-0.4182002937680145,5.0,8.0,112.15314989138305,21.183897208490198,0.5377725917524031,-0.6945015734225213,88.0,145.0,211.26249094858798,8.795831538196092,-1.9928382390997672,5.559651031917882,201.0,219.0,166.0923244026068,12.456113506127384,-1.0295028058967919,1.039917393557344,149.0,179.0,152.54851556842868,3.860530090913628,-0.09144582290842025,-0.7228924960772414,148.0,157.0,150.67052860246199,5.378510793820819,0.5180555444712235,-0.8349260870586259,145.0,159.0,159.183924692252,13.682768835956576,-0.9832726664689774,0.7754829635444849,139.0,174.0,165.2013034033309,5.080028455127505,-0.026584453063427427,-0.8052789646379885,159.0,172.0,105.25923244026067,4.5093992100519005,-0.4525923849341325,-0.8549689369591578,99.0,110.0,0.04603794642857143,187.68124086713186,0.5238249978531853,0.8241003747262101,0.9685534591194969,1.1372549019607843,0.7809330628803245,54.23267786434878,-1.2088449143253828,59.01076579044466,50.26689894630656,0.7889274740425191,3.174994043277182,4.176432921728369,6.101640078838452,11.55124320967433,8.05580457858064,11.300057924713876,0.06060606060606055,0.07488933095291542,5.0,31.275306924490195,54.23267786434878,2310.0,187.68124086713186
96,False,vasc,172.94723264540337,15.40294560887393,0.11267643930770756,-0.8892492279103981,154.0,194.0,60.775093808630395,34.334716085177355,0.6109712795953443,-0.9729813539500132,24.0,115.0,99.46857410881802,20.737310983403056,0.7475302715002443,-0.5014737785028824,77.0,132.0,170.0361163227017,2.4021389627215837,0.5633517123630284,-0.7417367399974868,167.0,174.0,168.6951219512195,42.15704707229471,-0.4946827400658581,-1.1178032931240105,104.0,215.0,172.94723264540337,15.40294560887393,0.11267643930770756,-0.8892492279103981,154.0,194.0,111.25703564727955,22.300661114571174,0.6497376517675348,-0.8177607356884748,88.0,146.70000000000027,175.55745778611632,8.827456990224267,-0.8150439285902275,-0.653046854252262,161.0,184.0,131.49484052532833,2.2403580403703067,0.16321402896963538,0.6779648115049519,129.0,134.0,98.7204502814259,26.742232380034967,0.5761813025508514,-0.9650208687753921,70.0,140.0,180.92542213883678,9.567503387480643,-0.6245810617377111,-0.8162302985381218,166.0,191.0,128.4172138836773,4.066023374712654,-0.32508026439363863,-1.1539029799283476,123.0,133.0,0.07603236607142858,235.86500705120545,0.5858950776691124,0.8617422353019649,0.9759529291378869,0.8481012658227848,0.7207632722463632,69.69511362473445,-0.2905207079107659,77.57945299567905,62.869373865829964,0.7868701596593554,2.940962800059243,4.591016540766746,6.747910338838331,-12.717814232944368,-8.578609388658231,-12.480040016950992,0.03958060288335519,0.08338097079266046,5.0,59.962131643890224,69.69511362473445,3815.0,235.86500705120545
96,True,vasc,166.94186792049584,16.900992685836442,0.37580606124640753,-0.22549194653932947,147.0,188.0,61.05578114981834,36.02032280347308,0.4875126802896695,-1.1135945478508265,21.0,116.0,128.50224406924556,17.37832998766996,0.7230582172076296,-0.14552397316349364,110.0,154.0,161.3145971361402,2.4062198120821736,0.41333809921371223,-1.004822320991749,159.0,165.0,165.68561658474033,45.6824683261929,-0.3471262529143308,-1.283087568104686,98.0,218.0,166.94186792049584,16.900992685836442,0.37580606124640753,-0.22549194653932947,147.0,188.0,111.508869416542,23.25373841036182,0.5777894848650754,-0.8493390970459802,86.0,146.0,176.8888651421244,9.573823240774171,-0.6691091626598736,-0.9347443811214049,162.0,187.0,113.49989313955973,4.593167704210448,0.3076859519629303,-1.1857123504925702,108.0,120.0,100.39730711690532,27.671887596018212,0.4787028439617468,-1.0281127847882927,69.0,141.0,175.45885873049798,9.445582440236873,-0.496123388384797,-1.0419419611606593,161.0,186.0,143.83799957255823,6.769259111590758,-0.23521515896570833,-1.452136114251077,134.0,152.0,0.07828443877551021,243.7645019878171,0.56659276815347,0.8306927477674027,0.9737233515121467,0.8860759493670886,0.7103074141048824,70.71976337431934,0.3934386669235991,78.0776459158763,64.33582081377466,0.7881944226970926,3.013391973010716,4.610993810059425,6.857105346998683,-12.978447550217837,-8.841638621470626,12.631103912238402,0.038187372708757605,0.07754381030675944,5.0,64.9896808241115,70.71976337431934,3928.0,243.7645019878171
96,True,vasc,173.23306358381504,15.586603644085097,0.08646477710871969,-0.9065336809160969,154.0,195.0,61.58867052023121,34.81053340304825,0.5756754741040967,-1.035377737429122,24.0,116.0,99.9593063583815,21.113285617749426,0.7050677951475816,-0.6025215214322319,77.0,133.0,170.07722543352602,2.412309794482344,0.5485291532769189,-0.7699145400915728,167.0,174.0,167.72300578034682,42.67716737604244,-0.45939916478139176,-1.171158353458409,103.0,215.0,173.23306358381504,15.586603644085097,0.08646477710871969,-0.9065336809160969,154.0,195.0,111.7757225433526,22.637002042500036,0.614718452105023,-0.8851950086877691,88.0,147.0,175.33271676300578,8.952362307519437,-0.7671803429868085,-0.7594467601296366,161.0,184.0,131.50820809248555,2.236065837735096,0.15779961254372638,0.6885139810694803,129.0,134.0,99.34265895953757,27.122808606174242,0.5426458312076184,-1.0232071096331035,70.0,141.0,180.68739884393062,9.700692582830788,-0.5797603156819181,-0.9035287218834758,166.0,191.0,128.3442774566474,4.060990820384728,-0.304815889808195,-1.169218240073832,123.0,133.0,0.07603236607142858,235.86500705120545,0.5858950776691125,0.8617422353019649,0.9759529291378869,1.1791044776119404,0.7207632722463632,69.69511362473445,1.2802756188841302,77.57945299567902,62.86937386582994,0.7868701596593554,2.940962800059233,4.591016540766664,6.747910338839979,-12.71781423294865,-8.578609388661329,-12.480040016952808,0.03958060288335519,0.08338097079266046,5.0,60.67608081460988,69.69511362473445,3815.0,235.86500705120545
97,False,mel,149.03131703131703,17.374921816584912,-0.33633502309688135,-0.6605855210150464,125.0,171.0,95.08122408122408,31.707514724773315,0.0705700422825649,-0.823334441972106,54.0,140.0,90.4115544115544,40.69834330155043,0.14207404187981254,-0.8633309307968253,36.0,150.0,53.905333905333904,77.02836482561777,0.8906326142131367,-1.1955017984146543,1.0,177.0,109.45502645502646,49.713881930526526,0.34914005652948776,-0.6315379335088571,46.0,182.0,149.03246103246104,17.37643401917909,-0.33607063578649865,-0.6605402721304592,125.0,171.0,117.97325897325898,27.27850754779627,0.04370319363615166,-0.8585803239158927,82.0,157.0,149.9856999857,6.404704874546527,-0.08300584610981429,-0.7046467471189444,141.0,159.0,140.74903474903476,9.540123192063193,0.032693817367720736,-0.758652129395172,127.0,154.0,110.6971256971257,28.244095754287056,0.0132733765265007,-0.8416583860708502,74.0,151.0,155.3839553839554,8.601810588573711,-0.3968251853302183,-0.5920571540704089,142.0,166.0,116.54969254969255,7.373888307887717,0.2931283337101123,-0.6860191955784942,107.0,128.0,0.12633529974489796,331.4629867976521,0.779902437862582,0.7250376125266208,0.9313840728768733,0.8333333333333334,0.6521604938271605,89.8391088228072,0.6765236526508367,115.61134585571496,72.361268583728,0.7365779080115219,2.1921185296013688,3.5980678287801346,4.632017156212225,8.919119375083932,6.128164335545122,-8.877975901026277,0.10790345480359675,0.19035653718249101,5.0,144.11868077532338,89.8391088228072,6339.0,331.4629867976521
97,True,mel,149.90061318344405,17.305930547726366,-0.3073746491103676,-0.7573043804392916,126.0,172.0,97.2079713847726,32.48985027351307,0.07879313393432104,-0.9036611260955736,55.0,144.0,93.28921819110884,41.802567825471975,0.1310603773163881,-0.9417670492991972,38.0,155.0,58.034236075625955,78.47986213967835,0.7581309540114023,-1.4129352533906248,1.7000000000000455,176.30000000000018,106.09414920797138,50.23483891566892,0.34779384789213,-0.69960640849132,41.0,181.0,149.90201839550332,17.308171368763198,-0.3068462053641769,-0.7568293072620542,126.0,172.0,119.74808380173735,27.87988237500064,0.05409055619254233,-0.9343883094148353,83.0,159.0,149.52989269289728,6.594775082912854,-0.08830722117500371,-0.8093316971236328,140.0,158.0,140.03372508942257,9.729826926018255,0.05697811405833501,-0.8308533682156312,126.0,154.0,112.53589678078691,28.834591872033666,0.02259891716534862,-0.91666828228183,75.0,153.0,154.6945579969341,8.96058684052874,-0.3765608382696684,-0.7316440801173254,141.0,166.0,117.13170669391927,7.594736451505706,0.2589264930390586,-0.8105982028684866,107.0,129.0,0.1359813456632653,358.84776310850236,0.7748067699199406,0.6658321302277541,0.9265344921238458,0.9615384615384616,0.6560576923076923,93.20575847944168,0.8522999349935848,119.35003741850058,75.45286987774375,0.7384231939898614,2.2121268429128427,3.6081073465099007,4.7306532166780695,9.260551519667207,6.873704740705669,-8.945815667623819,0.11094826322731932,0.18794510553673394,5.0,146.02287242411046,93.20575847944168,6823.0,358.84776310850236
97,True,mel,152.41500630517024,17.131636384973458,-0.30735246745176087,-0.7235993848459552,129.0,174.0,92.8858764186633,28.966684603487032,0.04470617498297124,-0.8075424578557056,55.0,134.0,84.5609079445145,42.140997763367636,0.20955543103611837,-0.8179090219999576,29.0,147.0,48.17805800756621,72.66216510219314,1.1067909915658383,-0.7612336462602665,2.0,174.0,123.69508196721311,50.74254268220926,0.3542251332316625,-0.6755147410249109,59.0,198.0,152.41677175283732,17.134633295716384,-0.3066039088376487,-0.723009870679296,129.0,174.0,117.4312736443884,25.317083845565698,0.03324214364621106,-0.851194554605478,85.0,153.0,152.0124842370744,5.08452842096717,0.12796204128383312,-0.6577061387596719,145.0,159.0,143.89482976040352,11.409992567634077,-0.21009438511893416,-0.7455526108999839,127.0,159.0,109.7484237074401,26.731906835065676,0.009738851458145164,-0.8355598320901123,74.0,147.0,158.4706179066835,7.663079086176184,-0.42545940361688106,-0.5061157179465168,147.0,168.0,113.78335435056746,9.093918001177524,0.4390243895339545,-0.5674853355313392,103.0,128.0,0.1372967155612245,366.47518010647184,0.7793966695870161,0.6445801317350435,0.928061430688401,0.6829268292682927,0.6667634533488193,93.65547086892754,0.28315328487021607,120.4626142326428,75.473536920116,0.7367636615417704,2.1941090167438237,3.599111138380167,4.642286495960745,8.947921329987128,6.174267246832508,-8.8837963233457,0.1095950065321527,0.1898543617705641,5.0,140.5393410801188,93.65547086892754,6889.0,366.47518010647184
98,False,nv,175.40374331550802,20.960074689720823,-2.045368781130951,4.646722698821547,153.0,193.0,137.03665058040954,31.43237745660145,-1.5287636419322537,2.244004569159266,95.0,166.0,123.64758053997652,35.32076229642193,-1.515697371811782,2.213481072624143,77.0,158.0,7.804095474109821,1.9221088928088634,-0.5290996811339684,-0.07098186983979327,5.0,10.0,79.83859397417504,40.57431989555341,1.9797111575578354,3.879725036142955,45.0,127.0,175.40374331550802,20.960074689720823,-2.045368781130951,4.646722698821547,153.0,193.0,153.90537367940524,28.00668334173844,-1.6925271623373188,2.927702181441915,119.0,179.0,141.0228250945611,5.750111352588288,1.0548890233966612,0.16667095953164868,135.0,151.0,141.18397026216252,5.633032617397175,1.4270736138256348,1.824578979949579,135.0,149.0,146.9947828355289,28.551763191392304,-1.6517943505528112,2.7777118956228586,111.0,173.0,148.29522629450892,6.508737946782794,0.7178343622694846,-0.45063572334847013,141.0,159.0,114.79698708751793,4.219976936882254,-0.9911437415690771,0.8008244269187599,108.0,120.0,0.28651147959183676,470.6761902332486,0.4391962921052678,0.8154615138584823,0.9667787491593813,0.875,0.7923280423280423,135.29261507973263,0.0682755162231028,143.83882124575726,129.22352071961592,0.7890220398653102,3.5213769722283548,4.110185670599868,6.089975147577774,-11.266835109280906,-7.857120952185259,11.45306971429176,0.0593350027824151,0.07300273302147908,5.0,63.45650347808309,135.29261507973263,14376.0,470.6761902332486
98,True,nv,175.7422373721723,20.65906486191365,-2.062339521052689,4.766298075441393,154.0,193.0,146.5425472575147,27.49449903152611,-1.6313157427353904,2.711098449341198,111.0,172.0,118.660613572978,34.43207612278008,-1.5145077531368247,2.2548371806436887,74.0,152.0,14.680260303687636,1.8795370749625933,-0.550949034612022,-0.05214695500219424,12.0,17.0,87.2969941121785,40.22945714832589,1.9891015774007892,3.995318936712188,53.0,133.0,175.7422373721723,20.65906486191365,-2.062339521052689,4.766298075441393,154.0,193.0,159.860613572978,25.481886261033413,-1.8026937018700928,3.449720035581514,129.0,183.0,135.17378370003098,3.8978966661395287,1.129140886060141,0.44977332109492485,131.0,142.0,147.1329408118996,6.192390353737162,1.0790633972650852,0.9368081415424148,140.0,156.0,152.0937093275488,26.047324468385856,-1.7315817007382357,3.167540034610334,120.0,176.0,144.89346141927487,4.924568034266919,0.7129980013243454,-0.506690491495565,140.0,153.0,109.1244499535172,5.26599032818675,-0.8696090160143973,0.48526966679130856,101.0,115.0,0.29235092474489793,507.6955262170047,0.6486795157974807,0.7151607970127338,0.9615233350812795,0.961038961038961,0.6436030186030186,136.66437312525932,0.7318749581547322,157.89286233230192,120.16620758739847,0.7753542665222978,2.699470255666988,4.0706260005848565,5.684458747831699,-10.58548315125499,-7.0913952089911225,11.056645687876108,0.060263139955007206,0.11259137491278204,5.0,62.76805908520213,136.66437312525932,14669.0,507.6955262170047
98,True,nv,181.1029078549849,22.09850570250291,-2.047281742697619,4.70239690354223,158.70000000000005,200.0,140.815332326284,33.31837609887968,-1.5303981363561543,2.2902169738103098,96.0,172.0,126.76428751258811,37.512057692858995,-1.5032818945127282,2.2348269432097005,79.0,163.0,7.793177240684794,2.3454545132922746,24.21032165132509,1785.2218158684555,5.0,10.0,81.43296827794562,42.57313963912135,2.021158359487161,4.109588860096352,45.0,129.0,181.1029078549849,22.09850570250291,-2.047281742697619,4.70239690354223,158.70000000000005,200.0,158.04714249748238,29.413552662051202,-1.689300813847541,2.9604048726671337,121.0,185.0,141.64016868076536,6.125696645072965,1.080262702802497,0.22596034018595423,136.0,152.0,141.79827542799597,6.00577973943607,1.4014909804569735,1.7870435490584171,136.0,150.0,151.27190332326285,30.241141639101066,-1.6514608831551594,2.82397524016595,113.0,179.0,149.3107376636455,6.9448395289046845,0.7250933366902025,-0.4236280604720344,142.0,161.0,114.14973564954683,4.521563383234638,-0.9350886127754907,0.7032599361796188,108.0,119.0,0.28872369260204084,501.2447327281724,0.2933170830802337,0.7245839006152877,0.9616329239960173,1.0144927536231885,0.7498447204968944,135.81392154185926,0.5485112808163914,139.9641739406479,133.80787965636546,0.7911306602806901,4.276779914448077,4.124511545453646,6.535421594511523,11.983132744364921,8.900166537710223,-12.054513425434651,0.05929453993235312,0.06495026742347089,5.0,67.01709985491654,135.81392154185926,14487.0,501.2447327281724
99,False,nv,174.35944428022466,15.562513185805319,-1.0583513176296326,0.8253425408208921,152.0,190.0,140.96423292935265,23.16363842094716,-0.7352425311063164,0.024983932927150843,107.0,168.0,131.60567543600354,26.999545496178,-0.6639894343619733,-0.2604459697448527,91.0,163.0,8.587939698492463,20.116477172698456,8.182658164518845,66.18194906643346,2.0,9.0,64.651197162282,25.014854662461367,0.7678413296951375,0.04274913043644002,37.0,103.0,174.35944428022466,15.562513185805319,-1.0583513176296326,0.8253425408208921,152.0,190.0,156.63050546851906,20.786004322923088,-0.8334694557122414,0.23003637059189996,126.0,180.0,139.35796630209873,3.3817817449777317,0.36728376858953055,-0.42961187302316217,135.0,144.0,137.8758498374224,4.379764857886842,0.5048635071468923,-0.5944572759719402,133.0,144.0,149.88471770617795,21.23141526972996,-0.8013513099390265,0.13977479157806005,119.0,174.0,145.47916050842448,4.447688549859197,0.10260151092451983,-0.7663231870117442,140.0,151.0,117.65770026603606,3.8042408662894363,-0.3420150259446486,-0.7459982483518388,112.0,122.0,0.05837452168367347,204.75230867899734,0.4682006088290344,0.8779537153479308,0.9747088186356073,1.0327868852459017,0.7621649752797294,61.068147397225765,-0.8457548332491139,65.06956974998998,57.496916285672846,0.7934712173161944,3.406439071790046,4.550386588167479,6.81985836805892,13.343214323589688,9.572124469757645,12.50960361233761,0.03994537384772956,0.052374022407846596,5.0,60.69384502096514,61.068147397225765,2929.0,204.75230867899734
99,True,nv,181.2228132387707,15.637950886383136,-1.0495073959738122,0.8049363299082501,158.0,197.0,137.09308510638297,26.25604556180508,-0.6870977669838193,-0.14575105706109825,99.0,167.0,136.22635933806146,28.054534704365373,-0.6502639962000462,-0.3130724605304276,94.0,168.70000000000027,72.37145390070921,85.95993225591634,0.4039013493353116,-1.8356470034214496,1.0,179.0,67.13563829787235,24.91697052651171,0.7624889642121577,0.001883263545071845,40.0,105.0,181.2228132387707,15.637950886383136,-1.0495073959738122,0.8049363299082501,158.0,197.0,156.29609929078015,22.56754576599562,-0.7727040871478779,0.026384227612652467,123.0,182.0,144.91400709219857,4.942816505499866,0.4185314636527392,-0.4583623807560322,139.0,152.0,135.26359338061465,3.903265692814573,0.5864428747903794,-0.3825265964453619,131.0,141.0,150.2115839243499,23.17339119909135,-0.758866892101502,-0.007666395366737522,116.0,176.0,150.153073286052,5.87278221400755,0.19854602754096368,-0.7910372058746682,143.0,158.0,120.10283687943263,3.3662476376209822,-0.3136272201077302,-0.7245088604486005,115.0,124.0,0.05837452168367347,204.75230867899734,0.4682006088290345,0.8779537153479308,0.9747088186356073,1.0327868852459017,0.7621649752797294,61.068147397225765,0.8457548332491156,65.06956974998998,57.496916285672846,0.7934712173161947,3.4064390717900466,4.5503865881677585,6.819858368057403,13.343214323549873,9.572124469713913,-12.509603612336287,0.03994537384772956,0.05237402240784659,5.0,126.5148536688112,61.068147397225765,2929.0,204.75230867899734
99,True,nv,174.55399883245767,15.610055119867429,-1.0676753027570713,0.8684736870009258,152.0,190.0,141.2991827203736,23.259810387239316,-0.7402856691023202,0.03325536530429929,107.0,168.0,132.02247518972564,27.11378625284724,-0.6650785761060334,-0.2595905766970348,91.0,163.0,8.834500875656742,21.211711579063977,7.746579586414007,58.99928458974845,2.0,9.0,64.266783420899,25.11601894127808,0.7653342111414743,0.03766191966992727,36.0,102.0,174.55399883245767,15.610055119867429,-1.0676753027570713,0.8684736870009258,152.0,190.0,156.92498540572095,20.867117181480445,-0.8390966410716826,0.2437933638760872,126.5,180.0,139.310274372446,3.39830914748879,0.3733783895695445,-0.43673549058165895,135.0,144.0,137.80560420315237,4.399508158551008,0.5029359347884829,-0.584943109994251,133.0,144.0,150.1885580852306,21.314700557572984,-0.8071616203900791,0.15384876616244636,119.0,174.0,145.40134267367193,4.488200584898199,0.10625437888932078,-0.7914280554761532,139.0,151.0,117.7215411558669,3.8290357745576227,-0.3422215381654119,-0.736940633298286,112.0,122.0,0.05837452168367347,204.75230867899734,0.46820060882903475,0.8779537153479308,0.9747088186356073,0.9682539682539683,0.7621649752797294,61.068147397225765,-0.7250414935457825,65.06956974998998,57.49691628567283,0.7934712173161944,3.4064390717900412,4.550386588167479,6.81985836805892,13.343214323589688,9.57212446975764,-12.50960361233761,0.03994537384772956,0.052374022407846596,5.0,61.93778564020948,61.068147397225765,2929.0,204.75230867899734
9,True,vasc,158.50780594258856,24.73169398627054,-0.30813372051339616,-0.8799214872649213,123.0,189.0,98.04263891220413,27.7070188524647,-0.05029307547662239,-1.1012087352336042,61.0,135.0,137.3495047842874,19.22107641591355,-0.25604667041098456,-0.6808301060377211,111.0,161.40000000000055,160.61440322309886,4.348069102390588,-0.04802730773579001,-1.1495027478626094,155.0,167.0,100.4055732751385,22.261551050860607,0.35077965768723596,-0.8582701938498056,73.0,133.0,158.50780594258856,24.73169398627054,-0.30813372051339616,-0.8799214872649213,123.0,189.0,125.77622964579486,25.547609047369598,-0.15751295174734212,-1.0013201964983298,91.0,159.0,158.43864361255666,4.286782278888854,0.04914629980688554,-0.6998685845523056,153.0,164.0,116.49504784287393,4.7262673937062925,0.12058411746113588,-1.3216614285931947,110.0,123.0,120.61356387443344,25.686591398623978,-0.1304215007047646,-1.0228657688353326,86.0,154.0,155.05791505791507,2.948754280275354,0.6852732367005705,0.1619391929446281,152.0,159.0,137.42319959711264,4.377635445759229,-0.1800917275048724,-1.3911895382235977,131.0,143.0,0.10088488520408163,293.32085117392114,0.44931610088245744,0.739343283088895,0.9596208530805688,0.9302325581395349,0.7357558139534883,80.28162040871743,-0.5984383675164463,85.6900788500624,76.55318959311155,0.7877635645752834,3.4749541512542272,3.6650481746921733,6.326696095303887,-11.332805228925922,-8.086700414658088,11.990957456846182,0.10766495456341363,0.07880264225887276,5.0,51.341314139521735,80.28162040871743,5062.0,293.32085117392114
9,True,vasc,128.29900616860863,22.515706323056893,-0.25994733881295473,-0.8322059222906764,96.0,156.0,72.0320424948595,24.9595801006919,0.003198189733938741,-1.0239063290150505,38.0,106.0,108.9840644276902,17.65919230864744,-0.22061664099846057,-0.5957318841467183,84.5,131.0,160.3384167237834,4.3353794810975055,-0.04252044045230587,-0.9891408421123469,155.0,166.0,116.21830020562028,27.453873975965905,0.4057011399185336,-0.7304729338924014,82.0,157.0,128.29900616860863,22.515706323056893,-0.25994733881295473,-0.8322059222906764,96.0,156.0,98.09612748457847,23.79120491273296,-0.1099195803030161,-0.9292372886015459,65.0,129.0,157.38450993831393,3.903636195657921,0.005327550242771296,-0.6151355881798768,152.0,162.0,117.02330363262509,4.359033200505059,0.1924160327171871,-1.1931132287573372,112.0,124.0,93.09115832762166,23.210311455836177,-0.08083611399256908,-0.9515383111788283,62.0,124.0,153.14599040438657,2.810121240651276,0.6618191909735299,0.1278238792853137,150.0,157.0,136.98646333104867,3.983170787294912,-0.26126451084068314,-1.3034547294563392,131.0,142.0,0.10542889030612244,284.5929291125633,0.5095164595677507,0.8207621584597086,0.9706422018348624,0.8695652173913043,0.71875,82.06970934302747,-0.4202622824966804,89.26078086322238,76.8054127180653,0.7856069689113301,3.2238757096955415,3.656039228146876,5.977341247380204,10.80487455126092,7.604119376544785,11.450231563534562,0.1085066162570888,0.08587493159737983,5.0,54.3049597801203,82.06970934302747,5290.0,284.5929291125633
