0,1,2,3,4,5,6,7,8,9,10,11,12,13,14,15,16,17,18,19,20,21,22,23,24,25,26,27,28,29,30,31,32,33,34,35,36,37,38,39,40,41,42,43,44,45,46,47,48,49,50,51,52,53,54,55,56,57,58,59,60,61,62,63,64,65,66,67,68,69,70,71,72,73,74,75,76,77,78,79,80,81,82,83,84,85,86,87,88,89,90,91,92,93,94,95,96,97,98,99,100,101,102,103,104,105,106,107,108,109,110,111,112,113,114,115,116,117,118,119,120,121,122,123,124,125,126,127,128,129,130,131,132,133,134,135,136,137,138,139,140,141,142,143,144,145,146,147,148,149,150,151,152,153,154,155,156,157,158,159,160,161,162,163,164,165,166,167,168,169,170,171,172,173,174,175,176,177,178,179,180,181,182,183,184,185,186,187,188,189,190,191,192,193,194,195,196,197,198,199,200,201,202,203,204,205,206,207,208,209,210,211,212,213,214,215,216,217,218,219,220,221,222,223,224,225,226,227,228,229,230,231,232,233,234,235,236,237,238,239,240,241,242,243,244,245,246,247,248,249,250,251,252,253,254,255,256,257,258,259,260,261,262,263,264,265,266,267,label
289.0,58.0,71.0,87.0,56.0,7.0,79.0,90.0,56.0,7.0,17.0,21.0,49.0,15.0,97.0,101.0,55.0,12.0,11.0,12.0,13.0,0.0,10.0,14.0,60.0,6.0,20.0,13.0,68.0,5.0,101.0,109.0,73.0,9.0,18.0,19.0,8.0,5.0,7.0,7.0,14.0,3.0,7.0,1.0,15.0,5.0,15.0,17.0,81.0,5.0,13.0,9.0,8.0,2.0,14.0,10.0,116.0,11.0,19.0,6.0,111.0,12.0,110.0,61.0,49.0,12.0,12.0,12.0,7.0,2.0,6.0,12.0,7.0,2.0,3.0,6.0,3.0,1.0,11.0,9.0,14.0,4.0,1.0,2.0,1.0,0.0,4.0,2.0,7.0,0.0,0.0,3.0,12.0,1.0,14.0,12.0,70.0,7.0,9.0,5.0,9.0,2.0,13.0,4.0,15.0,3.0,0.0,1.0,15.0,2.0,10.0,6.0,110.0,11.0,14.0,5.0,13.0,1.0,8.0,5.0,172.0,10.0,18.0,6.0,144.0,14.0,113.0,63.0,53.0,62.0,11.0,153.0,16.0,11.0,12.0,147.0,15.0,7.0,1.0,17.0,6.0,9.0,14.0,129.0,5.0,7.0,1.0,8.0,1.0,2.0,1.0,9.0,9.0,10.0,1.0,9.0,8.0,12.0,8.0,88.0,20.0,9.0,1.0,17.0,2.0,3.0,1.0,24.0,2.0,1.0,0.0,2.0,4.0,1.0,2.0,23.0,16.0,5.0,3.0,10.0,2.0,2.0,2.0,3.0,12.0,12.0,4.0,12.0,16.0,17.0,13.0,65.0,45.0,72.0,15.0,147.0,9.0,19.0,14.0,142.0,11.0,3.0,2.0,13.0,10.0,11.0,7.0,109.0,14.0,9.0,2.0,13.0,0.0,2.0,0.0,15.0,12.0,6.0,2.0,9.0,8.0,15.0,13.0,135.0,103.0,108.0,24.0,125.0,9.0,11.0,7.0,86.0,14.0,14.0,3.0,16.0,12.0,15.0,18.0,76.0,110.0,102.0,10.0,76.0,13.0,18.0,11.0,78.0,138.0,98.0,14.0,67.0,120.0,131.0,93.0,1021.0,1.559851206562172,0.08538130757816124,0.8254789266540453,0.8425780584870735,2.8269502581938077,18.25760488082938,3.022370360874303,0.06556715817758756,0.7456856995267364,0.7011891222418175,3.0627774518967597,17.20694915754165,nv
844.0,119.0,375.0,211.0,124.0,26.0,214.0,206.0,136.0,33.0,56.0,34.0,148.0,32.0,335.0,294.0,110.0,13.0,32.0,18.0,26.0,3.0,29.0,26.0,148.0,18.0,53.0,47.0,237.0,24.0,528.0,373.0,354.0,36.0,88.0,59.0,39.0,8.0,69.0,29.0,67.0,5.0,7.0,11.0,75.0,6.0,67.0,49.0,255.0,31.0,58.0,31.0,31.0,8.0,25.0,27.0,416.0,45.0,82.0,42.0,623.0,78.0,664.0,356.0,118.0,24.0,54.0,30.0,15.0,8.0,35.0,28.0,24.0,2.0,6.0,6.0,17.0,3.0,49.0,31.0,16.0,4.0,13.0,7.0,4.0,3.0,6.0,3.0,29.0,6.0,11.0,5.0,30.0,5.0,58.0,32.0,216.0,19.0,54.0,33.0,37.0,4.0,37.0,26.0,33.0,8.0,9.0,4.0,30.0,10.0,52.0,46.0,203.0,18.0,31.0,26.0,16.0,4.0,20.0,13.0,401.0,37.0,59.0,33.0,547.0,43.0,416.0,327.0,169.0,155.0,60.0,438.0,17.0,22.0,43.0,338.0,27.0,24.0,4.0,41.0,19.0,33.0,36.0,305.0,22.0,26.0,5.0,47.0,5.0,6.0,7.0,33.0,18.0,23.0,9.0,38.0,29.0,33.0,46.0,396.0,51.0,66.0,16.0,66.0,9.0,12.0,6.0,36.0,8.0,7.0,0.0,11.0,7.0,11.0,10.0,63.0,36.0,40.0,4.0,36.0,7.0,4.0,4.0,26.0,36.0,40.0,8.0,49.0,44.0,57.0,60.0,379.0,146.0,264.0,82.0,724.0,27.0,32.0,50.0,523.0,27.0,27.0,3.0,59.0,23.0,37.0,44.0,474.0,17.0,34.0,5.0,63.0,3.0,6.0,5.0,70.0,30.0,37.0,7.0,49.0,31.0,57.0,61.0,588.0,380.0,511.0,82.0,726.0,45.0,66.0,54.0,476.0,36.0,40.0,6.0,72.0,45.0,66.0,48.0,398.0,330.0,431.0,43.0,430.0,30.0,38.0,26.0,337.0,410.0,450.0,68.0,407.0,507.0,591.0,379.0,4080.0,0.7277539847596813,0.2069752460535469,0.9198493010199943,0.8855303590157274,2.12350186074397,11.987477381427054,1.5155661934631899,0.18286139870162324,0.8797590368430901,0.7734962901658455,2.2892848033240676,11.866697563478214,nv
1327.0,199.0,324.0,173.0,205.0,58.0,189.0,146.0,157.0,33.0,62.0,43.0,155.0,48.0,189.0,159.0,220.0,42.0,68.0,23.0,65.0,18.0,55.0,31.0,180.0,26.0,75.0,35.0,268.0,41.0,360.0,232.0,298.0,58.0,53.0,35.0,63.0,24.0,33.0,35.0,55.0,14.0,19.0,8.0,83.0,9.0,64.0,39.0,176.0,35.0,42.0,29.0,43.0,10.0,26.0,25.0,200.0,29.0,67.0,45.0,320.0,77.0,331.0,178.0,212.0,46.0,76.0,30.0,47.0,12.0,31.0,31.0,32.0,13.0,12.0,5.0,36.0,14.0,32.0,41.0,46.0,13.0,10.0,10.0,16.0,5.0,11.0,9.0,35.0,4.0,17.0,12.0,39.0,19.0,72.0,77.0,173.0,42.0,47.0,27.0,28.0,6.0,27.0,23.0,42.0,5.0,12.0,5.0,34.0,13.0,29.0,34.0,125.0,23.0,29.0,23.0,26.0,10.0,20.0,28.0,161.0,39.0,46.0,31.0,229.0,70.0,206.0,219.0,159.0,155.0,67.0,194.0,23.0,34.0,42.0,187.0,25.0,10.0,5.0,37.0,21.0,22.0,38.0,198.0,27.0,31.0,18.0,32.0,8.0,17.0,8.0,43.0,19.0,13.0,6.0,38.0,22.0,29.0,48.0,188.0,54.0,66.0,17.0,55.0,7.0,20.0,10.0,50.0,15.0,13.0,2.0,15.0,17.0,19.0,11.0,72.0,28.0,39.0,9.0,23.0,9.0,14.0,10.0,39.0,43.0,44.0,19.0,47.0,45.0,55.0,98.0,298.0,132.0,209.0,59.0,309.0,28.0,50.0,40.0,202.0,19.0,22.0,9.0,49.0,20.0,30.0,36.0,209.0,40.0,50.0,13.0,71.0,11.0,21.0,10.0,65.0,27.0,33.0,16.0,68.0,35.0,78.0,60.0,361.0,195.0,323.0,56.0,269.0,27.0,55.0,45.0,192.0,33.0,39.0,11.0,78.0,38.0,56.0,48.0,283.0,148.0,199.0,47.0,176.0,40.0,73.0,36.0,192.0,141.0,175.0,72.0,259.0,226.0,365.0,310.0,2695.0,1.2312467491349868,0.07010544424140924,0.7814995869670667,0.8389249615312616,3.033977652526212,14.05661859412174,2.302969825484483,0.05669470715918936,0.7134455340868895,0.7083925881101183,3.2457979863663384,13.492032164068108,mel
1388.0,216.0,146.0,153.0,210.0,52.0,139.0,173.0,371.0,62.0,56.0,73.0,159.0,49.0,178.0,306.0,239.0,37.0,28.0,25.0,50.0,10.0,45.0,53.0,191.0,28.0,25.0,32.0,118.0,31.0,135.0,164.0,152.0,29.0,26.0,17.0,31.0,6.0,20.0,24.0,63.0,17.0,10.0,13.0,41.0,3.0,34.0,32.0,149.0,21.0,18.0,9.0,44.0,15.0,34.0,31.0,197.0,32.0,37.0,39.0,136.0,31.0,119.0,189.0,217.0,58.0,32.0,35.0,45.0,11.0,20.0,49.0,77.0,26.0,12.0,17.0,30.0,10.0,27.0,62.0,59.0,9.0,12.0,25.0,15.0,6.0,12.0,18.0,47.0,14.0,7.0,17.0,26.0,11.0,45.0,62.0,149.0,50.0,13.0,28.0,34.0,15.0,27.0,35.0,93.0,24.0,13.0,29.0,32.0,11.0,45.0,78.0,246.0,39.0,20.0,31.0,43.0,18.0,42.0,83.0,294.0,71.0,56.0,78.0,207.0,64.0,222.0,422.0,361.0,187.0,66.0,176.0,77.0,41.0,81.0,271.0,64.0,35.0,26.0,47.0,51.0,29.0,56.0,255.0,80.0,29.0,16.0,32.0,20.0,12.0,17.0,86.0,38.0,25.0,14.0,28.0,38.0,26.0,41.0,157.0,58.0,50.0,7.0,35.0,11.0,7.0,17.0,51.0,21.0,10.0,3.0,17.0,8.0,8.0,19.0,69.0,84.0,37.0,11.0,32.0,18.0,8.0,23.0,83.0,66.0,36.0,14.0,46.0,41.0,29.0,83.0,255.0,183.0,150.0,30.0,169.0,31.0,30.0,35.0,199.0,42.0,33.0,12.0,53.0,23.0,20.0,36.0,180.0,42.0,34.0,6.0,36.0,13.0,11.0,11.0,58.0,32.0,17.0,8.0,31.0,20.0,28.0,31.0,185.0,177.0,147.0,41.0,183.0,31.0,30.0,35.0,183.0,70.0,37.0,10.0,71.0,34.0,37.0,46.0,259.0,322.0,210.0,52.0,215.0,80.0,65.0,82.0,400.0,276.0,194.0,82.0,301.0,209.0,209.0,288.0,2877.0,1.372441236974336,0.06807235173505105,0.7755762025902071,0.8312814510266691,3.0604552956844993,14.89656113799593,2.4812496475497667,0.055470196779590156,0.7092623635969791,0.7015385455116422,3.26293069642743,14.145685658406482,mel
1170.0,147.0,229.0,192.0,176.0,41.0,182.0,176.0,193.0,44.0,55.0,44.0,170.0,24.0,246.0,267.0,138.0,20.0,28.0,28.0,38.0,7.0,35.0,37.0,172.0,27.0,48.0,24.0,244.0,36.0,373.0,283.0,244.0,33.0,37.0,29.0,49.0,9.0,36.0,34.0,50.0,10.0,10.0,7.0,65.0,10.0,40.0,40.0,182.0,33.0,44.0,34.0,31.0,10.0,26.0,22.0,295.0,42.0,58.0,29.0,396.0,59.0,349.0,255.0,153.0,30.0,29.0,37.0,25.0,7.0,39.0,27.0,37.0,4.0,9.0,9.0,26.0,3.0,40.0,43.0,33.0,5.0,9.0,12.0,5.0,3.0,5.0,6.0,24.0,6.0,9.0,2.0,30.0,9.0,41.0,63.0,164.0,31.0,36.0,19.0,26.0,10.0,23.0,18.0,46.0,6.0,7.0,6.0,41.0,9.0,37.0,38.0,194.0,26.0,35.0,22.0,20.0,7.0,25.0,23.0,311.0,37.0,47.0,29.0,378.0,52.0,262.0,249.0,169.0,179.0,54.0,266.0,36.0,33.0,49.0,304.0,25.0,16.0,6.0,47.0,31.0,26.0,37.0,264.0,22.0,28.0,3.0,30.0,5.0,7.0,11.0,52.0,24.0,16.0,6.0,24.0,29.0,27.0,55.0,227.0,45.0,45.0,13.0,48.0,8.0,5.0,9.0,62.0,14.0,10.0,1.0,11.0,7.0,7.0,8.0,59.0,39.0,32.0,8.0,31.0,11.0,6.0,8.0,35.0,40.0,25.0,13.0,38.0,44.0,38.0,52.0,271.0,167.0,223.0,46.0,344.0,31.0,29.0,36.0,330.0,29.0,22.0,11.0,46.0,28.0,22.0,35.0,238.0,39.0,27.0,7.0,45.0,5.0,4.0,5.0,58.0,24.0,29.0,9.0,32.0,33.0,41.0,29.0,316.0,219.0,340.0,38.0,288.0,23.0,43.0,37.0,249.0,38.0,45.0,8.0,35.0,43.0,37.0,33.0,239.0,222.0,274.0,41.0,224.0,38.0,53.0,29.0,234.0,232.0,248.0,36.0,225.0,247.0,293.0,228.0,3192.0,1.3887493051695392,0.07743086162685033,0.8156325557064977,0.8495626635314062,2.926357609895139,17.07407831155657,2.519045649184397,0.06062394577591858,0.7392618523013369,0.7245884746533874,3.165579081676721,15.773911742588606,mel
234.0,41.0,90.0,49.0,38.0,7.0,71.0,45.0,29.0,3.0,11.0,7.0,40.0,11.0,103.0,82.0,32.0,11.0,19.0,6.0,4.0,2.0,13.0,5.0,29.0,4.0,20.0,11.0,89.0,9.0,206.0,106.0,79.0,12.0,27.0,5.0,10.0,3.0,18.0,5.0,7.0,2.0,2.0,2.0,12.0,0.0,16.0,11.0,23.0,2.0,10.0,7.0,2.0,1.0,5.0,2.0,37.0,8.0,8.0,3.0,96.0,13.0,125.0,64.0,26.0,6.0,8.0,7.0,5.0,2.0,6.0,6.0,3.0,1.0,1.0,1.0,2.0,1.0,6.0,10.0,7.0,0.0,3.0,1.0,2.0,1.0,0.0,0.0,7.0,1.0,1.0,3.0,3.0,2.0,14.0,13.0,33.0,9.0,5.0,5.0,10.0,1.0,2.0,4.0,7.0,0.0,1.0,1.0,10.0,1.0,7.0,5.0,36.0,4.0,7.0,0.0,2.0,2.0,1.0,1.0,31.0,1.0,3.0,3.0,39.0,7.0,56.0,50.0,27.0,29.0,11.0,50.0,3.0,7.0,7.0,48.0,2.0,2.0,1.0,9.0,0.0,7.0,7.0,58.0,8.0,3.0,2.0,5.0,0.0,1.0,1.0,12.0,4.0,2.0,3.0,4.0,5.0,10.0,17.0,88.0,13.0,15.0,1.0,15.0,1.0,1.0,3.0,9.0,1.0,2.0,0.0,0.0,1.0,2.0,3.0,19.0,6.0,11.0,1.0,7.0,1.0,2.0,1.0,7.0,4.0,6.0,0.0,9.0,17.0,8.0,14.0,65.0,26.0,57.0,7.0,79.0,2.0,6.0,3.0,42.0,4.0,7.0,0.0,4.0,2.0,9.0,11.0,63.0,5.0,4.0,1.0,10.0,0.0,2.0,1.0,19.0,6.0,3.0,1.0,9.0,4.0,10.0,16.0,90.0,69.0,163.0,10.0,88.0,3.0,11.0,3.0,40.0,3.0,6.0,1.0,13.0,4.0,15.0,3.0,51.0,107.0,87.0,3.0,33.0,8.0,8.0,6.0,28.0,51.0,58.0,9.0,46.0,49.0,55.0,43.0,807.0,1.480459770114943,0.0713182712104197,0.7946244597599669,0.8267264163715514,3.000358264888749,15.607658789139911,2.7806045949214018,0.05477203978775572,0.6964866081394453,0.6733756950618172,3.2752542502580706,14.24571312168368,nv
235.0,23.0,80.0,40.0,34.0,9.0,19.0,27.0,30.0,5.0,7.0,6.0,26.0,1.0,33.0,26.0,39.0,5.0,13.0,8.0,4.0,0.0,1.0,3.0,36.0,3.0,9.0,8.0,88.0,5.0,103.0,43.0,96.0,6.0,32.0,7.0,15.0,2.0,12.0,5.0,11.0,1.0,1.0,1.0,23.0,3.0,11.0,5.0,70.0,7.0,10.0,6.0,12.0,2.0,5.0,1.0,92.0,6.0,17.0,6.0,205.0,16.0,114.0,50.0,41.0,4.0,13.0,8.0,9.0,0.0,4.0,4.0,4.0,0.0,1.0,0.0,3.0,1.0,9.0,8.0,7.0,2.0,2.0,2.0,2.0,1.0,3.0,2.0,9.0,4.0,2.0,1.0,13.0,1.0,10.0,6.0,55.0,8.0,9.0,5.0,5.0,2.0,9.0,4.0,7.0,1.0,2.0,3.0,13.0,1.0,5.0,4.0,41.0,4.0,3.0,5.0,7.0,1.0,6.0,0.0,74.0,12.0,16.0,6.0,107.0,20.0,68.0,39.0,19.0,26.0,12.0,65.0,5.0,8.0,9.0,106.0,3.0,1.0,0.0,7.0,4.0,9.0,6.0,48.0,2.0,2.0,2.0,7.0,1.0,2.0,1.0,6.0,0.0,6.0,2.0,5.0,1.0,5.0,8.0,39.0,6.0,8.0,1.0,10.0,1.0,2.0,3.0,5.0,0.0,2.0,1.0,0.0,5.0,1.0,1.0,6.0,6.0,6.0,1.0,2.0,2.0,2.0,2.0,3.0,10.0,11.0,4.0,5.0,15.0,12.0,13.0,42.0,22.0,58.0,19.0,150.0,1.0,3.0,12.0,96.0,1.0,12.0,1.0,8.0,3.0,4.0,9.0,60.0,6.0,7.0,2.0,13.0,2.0,1.0,3.0,7.0,3.0,11.0,3.0,11.0,7.0,12.0,13.0,68.0,46.0,78.0,16.0,88.0,5.0,13.0,3.0,31.0,6.0,5.0,0.0,8.0,3.0,9.0,7.0,39.0,44.0,46.0,12.0,43.0,9.0,10.0,8.0,31.0,48.0,63.0,15.0,59.0,77.0,104.0,79.0,824.0,1.2438697318007663,0.08349593921110963,0.8087924835315622,0.8312233336965716,2.8822164600332423,13.49596082705774,2.335622732769046,0.06532344848661197,0.7156554876266144,0.6805991631330792,3.145809367084176,12.28940302282839,nv
169.0,22.0,79.0,54.0,21.0,6.0,34.0,61.0,22.0,5.0,3.0,4.0,26.0,2.0,55.0,60.0,13.0,3.0,7.0,4.0,0.0,0.0,0.0,0.0,14.0,1.0,10.0,1.0,55.0,1.0,123.0,63.0,80.0,14.0,26.0,4.0,7.0,1.0,7.0,2.0,6.0,2.0,0.0,2.0,20.0,0.0,10.0,6.0,28.0,4.0,5.0,1.0,3.0,0.0,5.0,3.0,76.0,3.0,2.0,4.0,205.0,4.0,95.0,45.0,22.0,3.0,22.0,6.0,5.0,0.0,9.0,2.0,1.0,0.0,1.0,0.0,3.0,1.0,1.0,6.0,1.0,1.0,0.0,1.0,0.0,0.0,0.0,1.0,2.0,0.0,0.0,0.0,5.0,1.0,6.0,8.0,24.0,2.0,7.0,5.0,6.0,0.0,8.0,3.0,5.0,0.0,1.0,0.0,7.0,1.0,3.0,2.0,29.0,0.0,3.0,3.0,1.0,1.0,3.0,0.0,125.0,4.0,6.0,2.0,105.0,6.0,37.0,16.0,21.0,33.0,4.0,107.0,1.0,2.0,1.0,91.0,3.0,3.0,0.0,7.0,4.0,2.0,3.0,55.0,0.0,1.0,3.0,8.0,1.0,0.0,1.0,5.0,2.0,0.0,0.0,5.0,2.0,5.0,4.0,60.0,5.0,11.0,0.0,14.0,0.0,2.0,0.0,4.0,0.0,1.0,1.0,1.0,1.0,0.0,0.0,10.0,4.0,5.0,0.0,2.0,1.0,0.0,0.0,3.0,0.0,4.0,0.0,4.0,6.0,4.0,3.0,36.0,19.0,77.0,22.0,267.0,6.0,9.0,5.0,129.0,0.0,3.0,0.0,5.0,4.0,2.0,4.0,85.0,0.0,1.0,4.0,11.0,0.0,1.0,0.0,3.0,3.0,8.0,0.0,10.0,3.0,9.0,7.0,97.0,47.0,148.0,12.0,157.0,0.0,11.0,2.0,62.0,0.0,9.0,1.0,7.0,5.0,5.0,5.0,49.0,29.0,58.0,3.0,43.0,3.0,3.0,5.0,30.0,48.0,56.0,2.0,33.0,53.0,53.0,20.0,964.0,1.7488982321057696,0.07655877825838121,0.8177047607036452,0.8154026718894201,2.921072602649961,17.1993525362707,3.3358067652627814,0.056341300593359386,0.7062911510092227,0.6447100881002287,3.2367233382815996,15.442135717966678,nv
472.0,61.0,154.0,111.0,83.0,16.0,95.0,110.0,75.0,12.0,23.0,13.0,78.0,14.0,107.0,126.0,64.0,10.0,19.0,16.0,13.0,1.0,17.0,10.0,80.0,11.0,20.0,22.0,79.0,9.0,134.0,126.0,139.0,25.0,27.0,13.0,31.0,9.0,15.0,15.0,25.0,1.0,3.0,4.0,41.0,11.0,19.0,21.0,99.0,14.0,21.0,12.0,17.0,1.0,11.0,6.0,160.0,18.0,22.0,13.0,220.0,37.0,139.0,119.0,82.0,13.0,24.0,15.0,24.0,0.0,18.0,10.0,13.0,0.0,6.0,3.0,15.0,0.0,10.0,13.0,13.0,0.0,6.0,5.0,4.0,0.0,4.0,3.0,15.0,1.0,3.0,1.0,11.0,3.0,18.0,19.0,79.0,10.0,18.0,11.0,10.0,1.0,14.0,3.0,21.0,1.0,2.0,3.0,28.0,4.0,16.0,9.0,99.0,6.0,10.0,13.0,15.0,3.0,10.0,5.0,182.0,20.0,21.0,20.0,207.0,28.0,104.0,96.0,57.0,60.0,36.0,189.0,7.0,20.0,22.0,199.0,8.0,10.0,2.0,10.0,20.0,11.0,13.0,135.0,15.0,8.0,4.0,20.0,2.0,1.0,2.0,19.0,7.0,7.0,3.0,13.0,12.0,20.0,22.0,129.0,16.0,22.0,6.0,25.0,6.0,5.0,1.0,16.0,2.0,3.0,0.0,6.0,3.0,9.0,5.0,29.0,10.0,20.0,5.0,12.0,1.0,1.0,3.0,14.0,13.0,11.0,6.0,17.0,21.0,30.0,18.0,124.0,63.0,82.0,36.0,225.0,11.0,16.0,29.0,239.0,8.0,12.0,5.0,15.0,15.0,20.0,18.0,169.0,13.0,9.0,10.0,35.0,2.0,0.0,2.0,19.0,15.0,13.0,10.0,28.0,10.0,17.0,26.0,205.0,96.0,112.0,23.0,130.0,7.0,17.0,13.0,116.0,11.0,10.0,4.0,12.0,25.0,16.0,22.0,114.0,70.0,102.0,15.0,103.0,14.0,14.0,9.0,88.0,139.0,110.0,21.0,103.0,140.0,178.0,116.0,1681.0,1.054803055126105,0.08146916723810235,0.8464338178456626,0.8594217436454826,2.796479511607207,13.95182858876123,1.9610257123646566,0.06455764961901947,0.7775956652523734,0.7408462606539015,3.0123700109186347,13.173046574709069,nv
525.0,81.0,57.0,54.0,88.0,13.0,58.0,70.0,171.0,27.0,15.0,30.0,75.0,17.0,78.0,105.0,64.0,7.0,11.0,8.0,18.0,1.0,13.0,13.0,102.0,13.0,15.0,15.0,78.0,8.0,75.0,83.0,71.0,11.0,6.0,12.0,14.0,2.0,11.0,9.0,26.0,4.0,3.0,4.0,14.0,5.0,20.0,9.0,82.0,11.0,7.0,7.0,20.0,0.0,18.0,15.0,155.0,17.0,16.0,14.0,157.0,21.0,114.0,111.0,80.0,24.0,13.0,18.0,30.0,1.0,14.0,19.0,41.0,9.0,4.0,11.0,7.0,0.0,10.0,25.0,15.0,2.0,3.0,3.0,5.0,0.0,2.0,3.0,14.0,1.0,4.0,6.0,17.0,3.0,12.0,16.0,79.0,12.0,20.0,18.0,15.0,2.0,9.0,15.0,47.0,9.0,6.0,12.0,23.0,4.0,26.0,26.0,72.0,15.0,9.0,14.0,14.0,2.0,7.0,24.0,209.0,39.0,22.0,28.0,170.0,30.0,134.0,217.0,170.0,100.0,35.0,174.0,40.0,24.0,31.0,205.0,36.0,24.0,7.0,29.0,18.0,9.0,22.0,120.0,20.0,13.0,4.0,16.0,6.0,6.0,9.0,46.0,20.0,12.0,3.0,18.0,14.0,10.0,25.0,85.0,21.0,14.0,3.0,11.0,3.0,0.0,4.0,19.0,3.0,2.0,0.0,6.0,6.0,3.0,3.0,18.0,25.0,20.0,2.0,12.0,9.0,4.0,11.0,29.0,27.0,11.0,2.0,20.0,21.0,21.0,24.0,91.0,92.0,92.0,18.0,191.0,24.0,10.0,35.0,184.0,17.0,18.0,1.0,28.0,6.0,10.0,6.0,115.0,17.0,11.0,4.0,18.0,4.0,4.0,2.0,32.0,12.0,3.0,1.0,9.0,10.0,7.0,7.0,79.0,87.0,111.0,19.0,111.0,4.0,14.0,20.0,159.0,22.0,24.0,10.0,26.0,15.0,12.0,23.0,114.0,133.0,111.0,27.0,124.0,24.0,29.0,36.0,221.0,115.0,118.0,23.0,140.0,105.0,87.0,125.0,1757.0,1.1869465473732508,0.07802310877058805,0.8364878057388759,0.846085824383172,2.833900101770281,14.236539205208434,2.09458368880998,0.06293233948539419,0.7713373489903541,0.729667121790054,3.0333098108482783,13.401745893293482,nv
358.0,42.0,89.0,93.0,39.0,6.0,73.0,165.0,94.0,17.0,17.0,25.0,74.0,11.0,153.0,385.0,49.0,5.0,8.0,12.0,3.0,1.0,8.0,8.0,77.0,8.0,18.0,16.0,116.0,11.0,175.0,235.0,74.0,12.0,13.0,15.0,8.0,2.0,14.0,21.0,20.0,2.0,2.0,3.0,12.0,0.0,17.0,20.0,96.0,13.0,16.0,8.0,7.0,1.0,4.0,13.0,179.0,7.0,13.0,12.0,214.0,7.0,227.0,130.0,32.0,2.0,6.0,8.0,6.0,0.0,10.0,10.0,10.0,2.0,1.0,2.0,14.0,1.0,7.0,22.0,14.0,2.0,2.0,0.0,3.0,0.0,1.0,0.0,11.0,2.0,4.0,2.0,12.0,1.0,19.0,16.0,56.0,4.0,14.0,17.0,5.0,0.0,9.0,8.0,15.0,2.0,1.0,0.0,11.0,1.0,11.0,19.0,175.0,5.0,10.0,16.0,7.0,1.0,10.0,12.0,324.0,11.0,21.0,16.0,222.0,17.0,169.0,146.0,105.0,81.0,20.0,157.0,15.0,10.0,12.0,295.0,45.0,16.0,8.0,16.0,16.0,5.0,16.0,331.0,14.0,7.0,0.0,11.0,3.0,0.0,1.0,11.0,19.0,12.0,0.0,10.0,14.0,10.0,16.0,163.0,20.0,19.0,4.0,15.0,0.0,1.0,3.0,22.0,1.0,6.0,0.0,4.0,0.0,2.0,5.0,16.0,29.0,15.0,0.0,8.0,1.0,2.0,3.0,14.0,28.0,16.0,1.0,11.0,14.0,12.0,19.0,81.0,71.0,83.0,8.0,129.0,5.0,6.0,13.0,171.0,15.0,9.0,4.0,11.0,9.0,8.0,11.0,185.0,14.0,7.0,2.0,8.0,2.0,0.0,4.0,6.0,14.0,12.0,3.0,10.0,10.0,13.0,7.0,123.0,139.0,137.0,16.0,143.0,18.0,15.0,5.0,148.0,16.0,8.0,0.0,13.0,14.0,8.0,13.0,105.0,425.0,211.0,16.0,118.0,22.0,12.0,12.0,137.0,392.0,134.0,14.0,71.0,182.0,115.0,118.0,2043.0,1.163056445030452,0.09136539785094268,0.8765805290578227,0.8588001458838385,2.694250270816632,15.310847898718137,2.0843533402153076,0.06955972853114718,0.8002258364102973,0.744993086323457,2.942291230622966,14.263072775918559,nv
1043.0,164.0,257.0,133.0,192.0,54.0,117.0,96.0,134.0,26.0,51.0,30.0,120.0,33.0,157.0,99.0,180.0,29.0,38.0,30.0,53.0,9.0,27.0,26.0,129.0,28.0,37.0,29.0,181.0,37.0,235.0,143.0,263.0,32.0,70.0,30.0,53.0,9.0,41.0,29.0,60.0,14.0,11.0,16.0,63.0,13.0,38.0,45.0,108.0,23.0,41.0,18.0,31.0,7.0,25.0,20.0,167.0,29.0,38.0,26.0,238.0,61.0,247.0,158.0,219.0,56.0,64.0,48.0,28.0,10.0,27.0,28.0,31.0,10.0,5.0,9.0,21.0,7.0,25.0,36.0,53.0,14.0,19.0,10.0,10.0,4.0,8.0,6.0,34.0,9.0,24.0,9.0,37.0,17.0,53.0,44.0,131.0,35.0,31.0,27.0,20.0,10.0,21.0,28.0,36.0,11.0,20.0,12.0,22.0,20.0,33.0,31.0,104.0,25.0,19.0,18.0,30.0,9.0,15.0,34.0,113.0,32.0,37.0,45.0,175.0,37.0,203.0,194.0,135.0,131.0,57.0,200.0,27.0,35.0,28.0,155.0,31.0,17.0,12.0,30.0,25.0,22.0,25.0,113.0,25.0,15.0,8.0,27.0,4.0,8.0,14.0,33.0,13.0,21.0,12.0,27.0,15.0,20.0,49.0,173.0,36.0,44.0,16.0,57.0,13.0,22.0,14.0,49.0,6.0,12.0,2.0,13.0,11.0,12.0,20.0,56.0,22.0,33.0,12.0,23.0,12.0,14.0,6.0,39.0,33.0,22.0,16.0,36.0,36.0,62.0,66.0,240.0,114.0,184.0,53.0,299.0,16.0,37.0,37.0,225.0,16.0,31.0,11.0,35.0,19.0,23.0,23.0,191.0,22.0,39.0,12.0,61.0,5.0,17.0,15.0,52.0,18.0,28.0,14.0,59.0,19.0,40.0,60.0,323.0,126.0,192.0,43.0,272.0,23.0,67.0,32.0,179.0,29.0,47.0,14.0,74.0,33.0,57.0,35.0,268.0,74.0,121.0,49.0,160.0,31.0,56.0,27.0,186.0,109.0,168.0,65.0,212.0,178.0,305.0,239.0,2847.0,1.393284106891702,0.12654453492728562,0.8466576093009512,0.8020270504317304,2.4793230975118363,12.682215701845957,2.6945975295235516,0.10531845750263083,0.791192835429192,0.6396010105703475,2.6550475103749265,12.258815818210154,mel
1541.0,184.0,151.0,80.0,167.0,69.0,68.0,114.0,157.0,45.0,36.0,36.0,91.0,37.0,121.0,189.0,185.0,47.0,46.0,21.0,58.0,29.0,50.0,35.0,84.0,22.0,40.0,30.0,110.0,40.0,185.0,221.0,153.0,29.0,29.0,17.0,31.0,13.0,22.0,38.0,36.0,20.0,9.0,13.0,30.0,11.0,33.0,61.0,72.0,21.0,22.0,9.0,32.0,14.0,24.0,30.0,86.0,22.0,28.0,22.0,90.0,43.0,168.0,187.0,187.0,53.0,37.0,22.0,27.0,21.0,19.0,26.0,31.0,22.0,15.0,19.0,20.0,12.0,34.0,66.0,45.0,25.0,15.0,8.0,24.0,8.0,14.0,13.0,23.0,8.0,18.0,18.0,41.0,17.0,57.0,63.0,66.0,47.0,15.0,12.0,23.0,15.0,12.0,21.0,38.0,19.0,13.0,16.0,20.0,11.0,25.0,62.0,124.0,32.0,27.0,29.0,39.0,22.0,28.0,40.0,115.0,31.0,48.0,50.0,97.0,50.0,131.0,198.0,191.0,87.0,45.0,62.0,50.0,31.0,20.0,81.0,32.0,29.0,16.0,38.0,28.0,26.0,35.0,139.0,40.0,23.0,11.0,23.0,17.0,16.0,16.0,44.0,18.0,16.0,11.0,32.0,31.0,22.0,68.0,135.0,46.0,36.0,15.0,39.0,11.0,13.0,13.0,40.0,26.0,17.0,10.0,20.0,13.0,9.0,18.0,112.0,44.0,33.0,21.0,31.0,21.0,13.0,11.0,36.0,40.0,20.0,24.0,39.0,33.0,30.0,105.0,295.0,89.0,108.0,28.0,102.0,23.0,23.0,20.0,82.0,28.0,27.0,12.0,35.0,11.0,9.0,33.0,157.0,41.0,24.0,21.0,26.0,14.0,19.0,9.0,49.0,24.0,19.0,17.0,35.0,21.0,32.0,37.0,204.0,100.0,152.0,31.0,158.0,30.0,56.0,25.0,129.0,40.0,47.0,25.0,80.0,18.0,40.0,32.0,243.0,187.0,181.0,47.0,166.0,55.0,62.0,56.0,196.0,176.0,148.0,83.0,284.0,161.0,183.0,258.0,3067.0,3.2247332344003943,0.07696329853881581,0.736562097706745,0.7452018713467966,3.119997225333903,22.087330487931478,4.901700757791577,0.0633666015906286,0.6845456923181321,0.6089391142000713,3.284906486512719,20.1670337323121,mel
886.0,99.0,240.0,149.0,130.0,14.0,184.0,157.0,142.0,15.0,37.0,20.0,171.0,21.0,225.0,182.0,100.0,10.0,38.0,19.0,18.0,1.0,30.0,28.0,135.0,11.0,40.0,30.0,216.0,26.0,349.0,241.0,242.0,28.0,62.0,25.0,44.0,4.0,51.0,21.0,52.0,4.0,6.0,6.0,55.0,9.0,35.0,37.0,155.0,23.0,37.0,20.0,27.0,6.0,23.0,21.0,330.0,28.0,40.0,28.0,506.0,58.0,415.0,280.0,118.0,22.0,39.0,20.0,18.0,3.0,27.0,28.0,22.0,6.0,5.0,4.0,21.0,2.0,31.0,10.0,13.0,2.0,3.0,4.0,5.0,3.0,3.0,2.0,24.0,5.0,3.0,4.0,19.0,4.0,44.0,32.0,173.0,24.0,25.0,18.0,29.0,8.0,20.0,21.0,28.0,3.0,6.0,8.0,41.0,3.0,34.0,25.0,147.0,15.0,36.0,28.0,15.0,5.0,12.0,28.0,251.0,23.0,30.0,32.0,339.0,39.0,256.0,214.0,150.0,140.0,50.0,313.0,20.0,19.0,41.0,271.0,24.0,23.0,3.0,24.0,28.0,26.0,22.0,224.0,13.0,20.0,7.0,33.0,3.0,2.0,4.0,30.0,15.0,12.0,5.0,32.0,24.0,36.0,38.0,240.0,38.0,40.0,10.0,26.0,4.0,6.0,2.0,27.0,6.0,5.0,3.0,9.0,7.0,9.0,5.0,39.0,27.0,20.0,4.0,32.0,6.0,4.0,8.0,20.0,28.0,24.0,7.0,33.0,33.0,45.0,37.0,223.0,148.0,198.0,52.0,441.0,27.0,31.0,42.0,356.0,16.0,23.0,9.0,36.0,16.0,31.0,31.0,250.0,23.0,21.0,9.0,42.0,2.0,2.0,7.0,35.0,22.0,34.0,6.0,34.0,25.0,45.0,42.0,319.0,204.0,304.0,36.0,326.0,25.0,40.0,26.0,231.0,34.0,31.0,7.0,47.0,35.0,46.0,21.0,173.0,199.0,201.0,33.0,228.0,13.0,40.0,23.0,214.0,189.0,233.0,42.0,185.0,242.0,328.0,203.0,3397.0,2.08237609150166,0.1361479811107504,0.8702366108707829,0.8244025704800347,2.400720816976574,21.635238650289306,3.8067369097175043,0.10956709118543606,0.807268731514842,0.6880653571139322,2.6048631573612955,20.600535552853362,mel
1280.0,163.0,291.0,168.0,171.0,39.0,163.0,166.0,143.0,25.0,43.0,40.0,166.0,28.0,231.0,212.0,183.0,39.0,31.0,29.0,49.0,10.0,42.0,36.0,173.0,22.0,32.0,35.0,237.0,52.0,272.0,220.0,337.0,46.0,59.0,29.0,46.0,12.0,34.0,26.0,72.0,10.0,18.0,10.0,52.0,9.0,59.0,31.0,233.0,17.0,29.0,13.0,42.0,6.0,28.0,19.0,288.0,51.0,51.0,31.0,312.0,45.0,245.0,180.0,201.0,48.0,46.0,45.0,26.0,6.0,27.0,35.0,22.0,6.0,9.0,12.0,27.0,8.0,27.0,46.0,49.0,6.0,13.0,10.0,15.0,2.0,10.0,9.0,36.0,9.0,13.0,5.0,53.0,16.0,55.0,55.0,221.0,38.0,32.0,31.0,22.0,13.0,18.0,26.0,36.0,7.0,5.0,10.0,51.0,8.0,25.0,33.0,210.0,34.0,21.0,11.0,36.0,10.0,19.0,30.0,226.0,54.0,41.0,31.0,252.0,62.0,194.0,200.0,160.0,168.0,62.0,254.0,32.0,36.0,38.0,221.0,25.0,14.0,2.0,35.0,18.0,25.0,35.0,211.0,22.0,23.0,7.0,41.0,4.0,9.0,8.0,34.0,28.0,21.0,5.0,31.0,25.0,37.0,38.0,206.0,53.0,51.0,16.0,57.0,9.0,7.0,10.0,29.0,7.0,7.0,9.0,18.0,8.0,5.0,16.0,54.0,24.0,28.0,8.0,39.0,6.0,13.0,4.0,35.0,39.0,36.0,8.0,40.0,42.0,57.0,70.0,249.0,165.0,250.0,59.0,320.0,27.0,54.0,38.0,249.0,11.0,20.0,9.0,38.0,23.0,28.0,29.0,211.0,41.0,57.0,11.0,65.0,13.0,18.0,10.0,62.0,26.0,40.0,10.0,47.0,39.0,55.0,44.0,279.0,261.0,259.0,52.0,251.0,31.0,49.0,31.0,204.0,35.0,43.0,12.0,65.0,39.0,60.0,40.0,249.0,183.0,220.0,40.0,182.0,39.0,60.0,35.0,219.0,200.0,239.0,59.0,287.0,231.0,305.0,267.0,2376.0,1.9474073205068052,0.0649703597962063,0.7076753745539219,0.7432999038665067,3.2537827328012634,13.225219023147393,3.3600103691658725,0.050692175487040796,0.6198986526132978,0.5748066344330673,3.4809826597391718,12.444612380230952,mel
1017.0,151.0,278.0,228.0,93.0,15.0,235.0,231.0,194.0,19.0,49.0,39.0,228.0,32.0,437.0,428.0,135.0,11.0,29.0,41.0,26.0,3.0,24.0,28.0,244.0,18.0,51.0,36.0,274.0,33.0,424.0,444.0,291.0,38.0,34.0,19.0,16.0,8.0,28.0,25.0,39.0,5.0,5.0,5.0,40.0,5.0,32.0,41.0,275.0,28.0,35.0,17.0,38.0,5.0,25.0,23.0,408.0,35.0,37.0,38.0,378.0,37.0,322.0,243.0,119.0,15.0,24.0,21.0,17.0,8.0,25.0,30.0,13.0,3.0,4.0,4.0,18.0,4.0,28.0,49.0,17.0,1.0,2.0,5.0,4.0,1.0,8.0,7.0,31.0,4.0,8.0,6.0,37.0,6.0,74.0,57.0,225.0,27.0,25.0,24.0,19.0,4.0,22.0,15.0,36.0,2.0,4.0,5.0,29.0,5.0,35.0,36.0,277.0,30.0,26.0,23.0,35.0,2.0,29.0,17.0,323.0,36.0,27.0,24.0,336.0,40.0,278.0,239.0,189.0,212.0,31.0,356.0,18.0,33.0,20.0,341.0,14.0,23.0,6.0,35.0,19.0,19.0,42.0,329.0,30.0,26.0,4.0,29.0,2.0,4.0,0.0,43.0,14.0,21.0,1.0,32.0,27.0,36.0,31.0,276.0,54.0,50.0,7.0,38.0,3.0,5.0,4.0,38.0,6.0,4.0,0.0,5.0,1.0,5.0,7.0,35.0,33.0,44.0,2.0,28.0,6.0,4.0,4.0,32.0,34.0,30.0,6.0,33.0,24.0,33.0,41.0,207.0,189.0,274.0,36.0,343.0,30.0,38.0,32.0,317.0,28.0,23.0,3.0,21.0,27.0,26.0,33.0,262.0,33.0,37.0,2.0,46.0,3.0,6.0,4.0,39.0,24.0,26.0,7.0,34.0,23.0,39.0,52.0,250.0,420.0,482.0,38.0,313.0,65.0,60.0,32.0,231.0,30.0,31.0,6.0,24.0,41.0,36.0,28.0,241.0,447.0,383.0,43.0,251.0,51.0,49.0,36.0,232.0,301.0,279.0,33.0,214.0,300.0,271.0,264.0,2919.0,1.6835005408615604,0.07609569739766145,0.7566667950837371,0.813210633237901,3.049797232783776,16.34215659416929,3.084053702162172,0.05702985378557579,0.6569594195216436,0.6546443243576987,3.3291473169718007,14.776105662101214,mel
1024.0,110.0,254.0,174.0,175.0,22.0,299.0,321.0,259.0,25.0,35.0,41.0,304.0,34.0,385.0,340.0,99.0,11.0,20.0,28.0,27.0,6.0,30.0,34.0,205.0,26.0,22.0,27.0,317.0,47.0,359.0,297.0,218.0,16.0,19.0,22.0,23.0,1.0,28.0,24.0,60.0,12.0,4.0,6.0,55.0,6.0,47.0,40.0,159.0,18.0,15.0,24.0,27.0,4.0,34.0,33.0,445.0,38.0,37.0,38.0,495.0,61.0,377.0,300.0,156.0,22.0,24.0,28.0,23.0,4.0,35.0,26.0,34.0,4.0,3.0,7.0,32.0,3.0,23.0,47.0,25.0,5.0,4.0,4.0,6.0,0.0,6.0,10.0,26.0,4.0,6.0,8.0,37.0,11.0,38.0,45.0,256.0,24.0,25.0,32.0,35.0,7.0,23.0,30.0,50.0,7.0,2.0,0.0,36.0,4.0,33.0,36.0,280.0,44.0,19.0,36.0,41.0,8.0,26.0,30.0,461.0,74.0,28.0,37.0,385.0,58.0,267.0,250.0,234.0,209.0,60.0,422.0,26.0,25.0,54.0,498.0,19.0,30.0,5.0,45.0,30.0,42.0,37.0,293.0,27.0,24.0,8.0,49.0,5.0,7.0,8.0,69.0,27.0,13.0,4.0,46.0,33.0,26.0,45.0,310.0,38.0,27.0,13.0,29.0,5.0,9.0,6.0,22.0,5.0,4.0,1.0,5.0,3.0,0.0,5.0,37.0,23.0,31.0,9.0,41.0,5.0,4.0,3.0,48.0,40.0,38.0,4.0,38.0,37.0,49.0,29.0,276.0,261.0,306.0,45.0,547.0,29.0,37.0,38.0,406.0,31.0,19.0,5.0,36.0,18.0,17.0,42.0,255.0,38.0,33.0,7.0,63.0,2.0,8.0,9.0,67.0,21.0,35.0,6.0,40.0,21.0,33.0,35.0,245.0,343.0,340.0,39.0,338.0,30.0,45.0,36.0,275.0,41.0,24.0,6.0,32.0,31.0,28.0,22.0,217.0,305.0,326.0,24.0,287.0,30.0,50.0,35.0,240.0,320.0,268.0,39.0,280.0,239.0,263.0,232.0,3020.0,1.6902700725477044,0.077129979857521,0.7598005858533317,0.8145654504300291,3.0452586379237303,16.54009828618044,3.1317413606359725,0.05749537266563709,0.6596217892376631,0.6542438639543028,3.327311669144555,14.983577698934159,mel
175.0,34.0,58.0,34.0,39.0,3.0,46.0,30.0,22.0,7.0,13.0,10.0,36.0,3.0,66.0,62.0,35.0,5.0,8.0,11.0,3.0,0.0,10.0,5.0,30.0,3.0,15.0,5.0,55.0,3.0,74.0,82.0,56.0,10.0,11.0,10.0,12.0,2.0,8.0,5.0,14.0,1.0,2.0,2.0,16.0,2.0,10.0,10.0,48.0,4.0,9.0,4.0,8.0,1.0,5.0,6.0,57.0,4.0,14.0,4.0,68.0,9.0,65.0,40.0,28.0,8.0,14.0,6.0,7.0,1.0,4.0,7.0,7.0,0.0,2.0,1.0,4.0,1.0,6.0,3.0,2.0,1.0,1.0,1.0,3.0,1.0,1.0,1.0,6.0,1.0,2.0,0.0,9.0,1.0,14.0,7.0,44.0,4.0,5.0,2.0,5.0,0.0,3.0,2.0,6.0,0.0,2.0,0.0,8.0,1.0,6.0,1.0,33.0,5.0,1.0,9.0,1.0,1.0,3.0,1.0,46.0,6.0,7.0,3.0,56.0,7.0,50.0,28.0,33.0,30.0,7.0,62.0,6.0,5.0,2.0,50.0,5.0,3.0,0.0,12.0,3.0,5.0,12.0,48.0,0.0,5.0,1.0,4.0,1.0,0.0,1.0,6.0,4.0,6.0,0.0,4.0,2.0,11.0,5.0,54.0,8.0,12.0,3.0,8.0,1.0,1.0,0.0,6.0,1.0,0.0,0.0,4.0,0.0,3.0,0.0,6.0,4.0,6.0,2.0,4.0,0.0,3.0,1.0,5.0,3.0,5.0,1.0,3.0,5.0,8.0,5.0,36.0,44.0,46.0,10.0,73.0,4.0,9.0,10.0,61.0,3.0,2.0,1.0,8.0,5.0,1.0,9.0,44.0,5.0,6.0,1.0,8.0,0.0,0.0,1.0,8.0,2.0,5.0,1.0,9.0,5.0,8.0,7.0,79.0,53.0,74.0,5.0,55.0,5.0,12.0,8.0,51.0,6.0,9.0,0.0,7.0,11.0,9.0,7.0,50.0,41.0,48.0,6.0,46.0,5.0,5.0,5.0,29.0,37.0,47.0,8.0,27.0,57.0,67.0,28.0,711.0,1.9554280934456598,0.07350368789112348,0.7761742293317014,0.7981067347916524,2.8942760269137193,17.415481495120517,3.7594623915139826,0.05473689801477446,0.6776325141084644,0.6276739164056385,3.163155410180792,16.43499916874463,mel
253.0,38.0,52.0,34.0,34.0,5.0,31.0,32.0,33.0,4.0,12.0,5.0,33.0,7.0,42.0,33.0,44.0,7.0,14.0,10.0,10.0,3.0,4.0,4.0,31.0,4.0,9.0,7.0,36.0,8.0,57.0,39.0,49.0,7.0,12.0,12.0,13.0,2.0,7.0,2.0,10.0,2.0,4.0,5.0,14.0,2.0,6.0,6.0,27.0,9.0,3.0,8.0,12.0,0.0,3.0,3.0,58.0,4.0,6.0,6.0,72.0,11.0,54.0,35.0,42.0,6.0,13.0,7.0,9.0,2.0,7.0,3.0,10.0,0.0,1.0,2.0,4.0,2.0,9.0,5.0,9.0,2.0,2.0,0.0,2.0,0.0,1.0,2.0,6.0,2.0,1.0,3.0,6.0,1.0,15.0,10.0,40.0,9.0,5.0,6.0,9.0,1.0,3.0,5.0,10.0,2.0,1.0,1.0,8.0,1.0,9.0,6.0,34.0,7.0,6.0,5.0,4.0,2.0,4.0,3.0,34.0,7.0,2.0,8.0,56.0,14.0,52.0,38.0,28.0,28.0,7.0,46.0,9.0,11.0,9.0,38.0,3.0,5.0,2.0,9.0,6.0,1.0,5.0,31.0,4.0,6.0,3.0,7.0,2.0,1.0,0.0,10.0,4.0,4.0,0.0,6.0,3.0,9.0,12.0,34.0,11.0,8.0,1.0,11.0,1.0,4.0,2.0,2.0,0.0,0.0,1.0,2.0,3.0,2.0,1.0,10.0,6.0,8.0,4.0,0.0,2.0,1.0,1.0,5.0,7.0,5.0,5.0,6.0,10.0,11.0,11.0,48.0,28.0,55.0,13.0,58.0,3.0,8.0,6.0,43.0,0.0,7.0,3.0,8.0,5.0,3.0,5.0,52.0,6.0,4.0,4.0,8.0,2.0,1.0,1.0,7.0,1.0,13.0,3.0,13.0,3.0,7.0,7.0,59.0,52.0,60.0,12.0,54.0,7.0,10.0,6.0,46.0,9.0,5.0,2.0,11.0,8.0,10.0,9.0,49.0,55.0,66.0,6.0,35.0,4.0,11.0,2.0,35.0,37.0,45.0,9.0,47.0,45.0,66.0,50.0,721.0,2.095995218170951,0.0658625459952717,0.7530992175939731,0.7828880617496365,3.05360234160027,17.211973151158887,3.8491465106459977,0.049951088221360254,0.6625902209381335,0.6157810708959613,3.282425275213602,16.18706836102539,mel
156.0,17.0,24.0,34.0,23.0,2.0,39.0,49.0,26.0,0.0,3.0,5.0,46.0,2.0,57.0,67.0,23.0,1.0,4.0,5.0,1.0,1.0,7.0,3.0,37.0,2.0,7.0,2.0,49.0,6.0,88.0,69.0,51.0,4.0,9.0,6.0,4.0,2.0,2.0,2.0,7.0,1.0,0.0,0.0,4.0,1.0,5.0,5.0,42.0,5.0,4.0,9.0,3.0,0.0,3.0,6.0,81.0,9.0,6.0,5.0,90.0,1.0,74.0,41.0,21.0,2.0,5.0,2.0,3.0,2.0,2.0,4.0,6.0,0.0,1.0,0.0,8.0,0.0,7.0,8.0,5.0,0.0,0.0,1.0,0.0,0.0,0.0,2.0,1.0,0.0,0.0,1.0,6.0,0.0,10.0,1.0,44.0,1.0,6.0,3.0,3.0,0.0,5.0,2.0,8.0,2.0,2.0,1.0,6.0,0.0,4.0,3.0,56.0,6.0,6.0,2.0,5.0,1.0,6.0,4.0,103.0,7.0,4.0,3.0,89.0,3.0,51.0,42.0,26.0,28.0,14.0,81.0,3.0,2.0,7.0,89.0,4.0,6.0,1.0,5.0,7.0,3.0,13.0,55.0,5.0,1.0,0.0,9.0,0.0,0.0,0.0,3.0,6.0,1.0,0.0,3.0,2.0,4.0,5.0,48.0,7.0,8.0,0.0,8.0,1.0,1.0,0.0,8.0,1.0,1.0,1.0,1.0,0.0,1.0,1.0,6.0,5.0,5.0,3.0,3.0,1.0,1.0,1.0,3.0,8.0,8.0,1.0,9.0,5.0,2.0,5.0,35.0,32.0,61.0,10.0,111.0,5.0,6.0,11.0,62.0,5.0,3.0,0.0,3.0,4.0,6.0,4.0,41.0,2.0,3.0,0.0,4.0,0.0,1.0,0.0,13.0,5.0,2.0,2.0,6.0,2.0,4.0,5.0,36.0,69.0,71.0,5.0,65.0,3.0,3.0,6.0,39.0,8.0,2.0,3.0,4.0,4.0,4.0,2.0,23.0,92.0,73.0,3.0,49.0,4.0,8.0,4.0,36.0,77.0,47.0,6.0,32.0,57.0,58.0,35.0,945.0,2.2146830455440956,0.08120178990656159,0.8108022964577574,0.8260183585174197,2.7935539498765816,23.244130041534845,4.168877670814745,0.058865935311166,0.7061309468537782,0.6684846488464874,3.088708924663046,20.981557482846014,mel
1144.0,170.0,195.0,135.0,163.0,41.0,154.0,208.0,300.0,71.0,51.0,80.0,162.0,32.0,205.0,371.0,155.0,45.0,26.0,20.0,51.0,15.0,24.0,24.0,157.0,32.0,29.0,37.0,159.0,35.0,225.0,273.0,201.0,25.0,46.0,26.0,37.0,8.0,15.0,24.0,41.0,13.0,10.0,16.0,48.0,19.0,36.0,54.0,135.0,18.0,20.0,16.0,36.0,11.0,25.0,32.0,184.0,29.0,39.0,29.0,181.0,40.0,194.0,200.0,181.0,51.0,43.0,38.0,28.0,12.0,26.0,48.0,48.0,12.0,9.0,14.0,24.0,8.0,28.0,58.0,50.0,9.0,15.0,7.0,17.0,4.0,12.0,12.0,45.0,9.0,11.0,12.0,36.0,9.0,30.0,58.0,149.0,34.0,36.0,25.0,29.0,12.0,27.0,28.0,50.0,8.0,12.0,16.0,32.0,8.0,35.0,64.0,218.0,28.0,34.0,32.0,45.0,10.0,36.0,45.0,264.0,48.0,38.0,49.0,242.0,69.0,240.0,341.0,286.0,141.0,62.0,232.0,45.0,30.0,42.0,308.0,87.0,38.0,16.0,45.0,35.0,26.0,34.0,221.0,75.0,40.0,6.0,27.0,14.0,4.0,12.0,56.0,44.0,18.0,7.0,32.0,33.0,19.0,53.0,213.0,41.0,29.0,5.0,30.0,9.0,7.0,15.0,35.0,17.0,16.0,7.0,16.0,4.0,12.0,13.0,72.0,72.0,22.0,12.0,30.0,17.0,13.0,11.0,58.0,50.0,28.0,13.0,38.0,42.0,38.0,65.0,273.0,149.0,169.0,33.0,219.0,23.0,42.0,30.0,225.0,22.0,34.0,13.0,47.0,21.0,26.0,38.0,195.0,49.0,37.0,8.0,40.0,10.0,13.0,7.0,62.0,26.0,28.0,8.0,33.0,22.0,19.0,28.0,262.0,183.0,207.0,42.0,193.0,22.0,28.0,32.0,209.0,39.0,37.0,13.0,55.0,26.0,32.0,40.0,257.0,284.0,203.0,49.0,201.0,48.0,51.0,60.0,351.0,240.0,210.0,66.0,256.0,240.0,228.0,250.0,2725.0,1.189719373671166,0.06875694345071914,0.8128536691988202,0.900827335492072,3.0619869832678073,22.803169787354868,2.213553765786588,0.05602027966434956,0.750140995612684,0.8185862645944672,3.2507801656024493,22.189821875406263,mel
852.0,106.0,212.0,175.0,105.0,19.0,156.0,248.0,238.0,28.0,34.0,52.0,189.0,33.0,329.0,395.0,98.0,11.0,30.0,19.0,20.0,2.0,27.0,33.0,157.0,22.0,33.0,28.0,241.0,25.0,365.0,390.0,215.0,23.0,40.0,35.0,29.0,4.0,32.0,27.0,40.0,7.0,8.0,7.0,38.0,5.0,35.0,54.0,165.0,15.0,29.0,26.0,19.0,3.0,24.0,28.0,330.0,23.0,39.0,27.0,394.0,37.0,334.0,291.0,103.0,17.0,24.0,16.0,15.0,3.0,24.0,20.0,17.0,4.0,1.0,5.0,18.0,2.0,39.0,42.0,26.0,5.0,1.0,6.0,2.0,2.0,2.0,6.0,32.0,4.0,5.0,3.0,25.0,5.0,28.0,46.0,188.0,26.0,26.0,19.0,20.0,1.0,23.0,20.0,38.0,4.0,8.0,5.0,31.0,4.0,33.0,31.0,266.0,30.0,29.0,31.0,37.0,5.0,27.0,32.0,447.0,34.0,36.0,31.0,370.0,35.0,307.0,294.0,247.0,172.0,49.0,326.0,21.0,16.0,49.0,384.0,64.0,35.0,3.0,44.0,23.0,20.0,50.0,357.0,27.0,13.0,3.0,17.0,4.0,3.0,6.0,37.0,37.0,24.0,5.0,23.0,26.0,25.0,39.0,304.0,44.0,40.0,13.0,36.0,4.0,6.0,9.0,36.0,7.0,4.0,2.0,5.0,3.0,5.0,5.0,34.0,57.0,30.0,3.0,35.0,11.0,6.0,3.0,32.0,44.0,28.0,3.0,23.0,39.0,26.0,39.0,207.0,167.0,252.0,33.0,365.0,21.0,29.0,21.0,361.0,39.0,28.0,3.0,38.0,24.0,43.0,19.0,304.0,22.0,29.0,0.0,30.0,3.0,9.0,5.0,37.0,25.0,24.0,7.0,22.0,35.0,31.0,36.0,268.0,322.0,466.0,31.0,371.0,20.0,38.0,18.0,281.0,31.0,30.0,6.0,40.0,25.0,30.0,19.0,205.0,396.0,395.0,30.0,280.0,37.0,33.0,38.0,275.0,382.0,265.0,47.0,196.0,283.0,279.0,203.0,3095.0,1.1687565081568903,0.0783403705046542,0.8532637319517424,0.9096674718001947,2.9114043281678383,24.708001985123392,2.1518596506540684,0.06138282076520003,0.7810314436361071,0.8328567625853193,3.1430799643801834,23.596829724260083,mel
764.0,94.0,195.0,169.0,108.0,18.0,159.0,236.0,264.0,44.0,23.0,39.0,158.0,22.0,297.0,489.0,99.0,13.0,12.0,17.0,17.0,5.0,16.0,27.0,159.0,24.0,21.0,23.0,181.0,18.0,322.0,352.0,165.0,16.0,31.0,23.0,21.0,5.0,26.0,24.0,42.0,8.0,6.0,4.0,38.0,3.0,31.0,20.0,168.0,15.0,18.0,19.0,27.0,1.0,18.0,20.0,285.0,30.0,29.0,23.0,332.0,31.0,303.0,261.0,104.0,13.0,24.0,16.0,14.0,1.0,16.0,30.0,24.0,5.0,5.0,2.0,15.0,5.0,31.0,30.0,11.0,0.0,2.0,3.0,2.0,0.0,5.0,2.0,29.0,3.0,3.0,3.0,25.0,6.0,28.0,32.0,167.0,21.0,33.0,26.0,19.0,2.0,21.0,34.0,36.0,7.0,10.0,3.0,25.0,7.0,27.0,29.0,241.0,21.0,28.0,16.0,26.0,8.0,21.0,29.0,389.0,50.0,36.0,39.0,358.0,44.0,254.0,306.0,264.0,156.0,29.0,329.0,30.0,20.0,33.0,371.0,56.0,27.0,7.0,42.0,37.0,23.0,39.0,401.0,34.0,24.0,7.0,31.0,7.0,1.0,8.0,44.0,36.0,26.0,3.0,23.0,27.0,26.0,30.0,228.0,40.0,25.0,4.0,23.0,5.0,8.0,5.0,27.0,12.0,5.0,2.0,3.0,6.0,8.0,2.0,34.0,42.0,29.0,3.0,24.0,7.0,3.0,10.0,31.0,40.0,21.0,4.0,18.0,33.0,18.0,30.0,209.0,178.0,200.0,47.0,373.0,17.0,23.0,34.0,381.0,36.0,27.0,6.0,34.0,17.0,13.0,23.0,241.0,26.0,22.0,8.0,32.0,2.0,4.0,6.0,41.0,16.0,21.0,3.0,35.0,20.0,15.0,27.0,220.0,311.0,272.0,46.0,247.0,24.0,28.0,31.0,258.0,35.0,33.0,5.0,32.0,20.0,17.0,27.0,186.0,366.0,322.0,26.0,267.0,30.0,39.0,39.0,302.0,346.0,230.0,28.0,213.0,252.0,230.0,198.0,3074.0,1.3201805302186738,0.07643493580643494,0.8478808397647329,0.9035028036261283,2.9384821027023573,26.041868935005727,2.5066457240090902,0.05959755968552327,0.773416653681626,0.8175210633826018,3.172133484733545,24.966615250376673,mel
705.0,108.0,233.0,153.0,78.0,8.0,155.0,117.0,100.0,17.0,33.0,23.0,103.0,18.0,184.0,151.0,99.0,12.0,36.0,24.0,15.0,5.0,16.0,17.0,103.0,12.0,50.0,21.0,162.0,18.0,289.0,184.0,192.0,27.0,61.0,29.0,36.0,7.0,27.0,21.0,43.0,5.0,8.0,4.0,41.0,3.0,35.0,41.0,119.0,21.0,26.0,11.0,25.0,3.0,24.0,15.0,171.0,28.0,29.0,19.0,233.0,54.0,244.0,148.0,100.0,21.0,31.0,22.0,14.0,1.0,19.0,18.0,11.0,1.0,3.0,6.0,15.0,4.0,31.0,22.0,20.0,5.0,5.0,5.0,5.0,1.0,8.0,4.0,14.0,3.0,7.0,4.0,28.0,3.0,44.0,40.0,128.0,25.0,22.0,22.0,19.0,2.0,31.0,15.0,15.0,4.0,3.0,5.0,13.0,7.0,18.0,24.0,92.0,16.0,17.0,12.0,10.0,6.0,13.0,12.0,104.0,21.0,23.0,20.0,161.0,27.0,180.0,146.0,117.0,121.0,28.0,213.0,14.0,18.0,22.0,167.0,9.0,21.0,3.0,33.0,14.0,16.0,23.0,140.0,18.0,15.0,3.0,24.0,6.0,4.0,3.0,13.0,18.0,17.0,4.0,33.0,19.0,26.0,26.0,176.0,45.0,48.0,11.0,48.0,2.0,5.0,3.0,33.0,3.0,5.0,2.0,7.0,6.0,8.0,7.0,42.0,12.0,28.0,7.0,26.0,3.0,10.0,5.0,16.0,22.0,24.0,5.0,21.0,38.0,38.0,35.0,152.0,117.0,188.0,53.0,326.0,16.0,21.0,18.0,203.0,11.0,17.0,4.0,33.0,21.0,15.0,20.0,203.0,15.0,17.0,10.0,40.0,4.0,3.0,7.0,36.0,20.0,24.0,7.0,38.0,24.0,28.0,45.0,301.0,189.0,334.0,49.0,266.0,20.0,51.0,23.0,175.0,18.0,27.0,5.0,35.0,22.0,46.0,26.0,177.0,145.0,212.0,24.0,175.0,17.0,40.0,23.0,167.0,134.0,163.0,32.0,167.0,166.0,282.0,168.0,2133.0,1.050007259118259,0.11190686602446072,0.8484576836491413,0.841406341878195,2.6332740817637093,12.191471265979096,1.9085717993640916,0.08962192400865689,0.7836328668828446,0.7210097682590142,2.852664491433241,11.773425505373138,nv
468.0,56.0,188.0,148.0,48.0,4.0,133.0,105.0,63.0,11.0,31.0,8.0,98.0,11.0,242.0,184.0,52.0,5.0,20.0,15.0,4.0,1.0,19.0,19.0,94.0,16.0,27.0,22.0,171.0,21.0,433.0,277.0,237.0,17.0,63.0,29.0,24.0,4.0,36.0,14.0,25.0,2.0,12.0,2.0,44.0,5.0,34.0,23.0,162.0,17.0,28.0,19.0,11.0,0.0,20.0,12.0,265.0,24.0,35.0,21.0,455.0,34.0,374.0,188.0,57.0,14.0,18.0,9.0,10.0,1.0,13.0,8.0,9.0,0.0,6.0,1.0,9.0,1.0,22.0,20.0,4.0,1.0,1.0,5.0,4.0,0.0,3.0,0.0,14.0,2.0,2.0,2.0,15.0,4.0,34.0,18.0,164.0,10.0,34.0,21.0,15.0,0.0,17.0,9.0,17.0,1.0,3.0,0.0,19.0,4.0,25.0,14.0,145.0,18.0,21.0,13.0,13.0,1.0,5.0,6.0,179.0,13.0,23.0,13.0,265.0,19.0,189.0,149.0,80.0,119.0,31.0,248.0,11.0,10.0,17.0,169.0,7.0,7.0,2.0,11.0,8.0,10.0,16.0,186.0,12.0,14.0,4.0,22.0,1.0,3.0,6.0,18.0,7.0,17.0,4.0,23.0,11.0,18.0,17.0,201.0,31.0,41.0,4.0,30.0,2.0,2.0,3.0,17.0,0.0,3.0,1.0,3.0,3.0,6.0,1.0,16.0,21.0,21.0,5.0,19.0,1.0,1.0,0.0,8.0,11.0,29.0,0.0,17.0,25.0,33.0,23.0,149.0,110.0,225.0,45.0,484.0,9.0,19.0,22.0,272.0,9.0,14.0,3.0,19.0,21.0,17.0,17.0,214.0,10.0,19.0,5.0,36.0,1.0,2.0,3.0,16.0,7.0,16.0,6.0,27.0,22.0,26.0,27.0,279.0,316.0,567.0,35.0,461.0,23.0,32.0,24.0,200.0,16.0,25.0,6.0,26.0,16.0,29.0,23.0,133.0,247.0,315.0,18.0,224.0,19.0,26.0,15.0,129.0,202.0,248.0,25.0,151.0,234.0,332.0,149.0,2611.0,1.1458428860916765,0.11585673164721762,0.8728767737653962,0.8695431481552058,2.5916205404635075,16.42077580642283,2.150207938944952,0.08999587178613583,0.8004530622830645,0.7528538146559183,2.8411952878574933,15.250084409904302,nv
714.0,78.0,229.0,165.0,106.0,8.0,162.0,109.0,109.0,12.0,29.0,21.0,134.0,20.0,223.0,168.0,99.0,17.0,32.0,20.0,24.0,1.0,25.0,14.0,129.0,15.0,54.0,21.0,183.0,20.0,327.0,198.0,194.0,30.0,53.0,29.0,31.0,9.0,29.0,20.0,34.0,2.0,12.0,3.0,44.0,6.0,46.0,33.0,135.0,18.0,28.0,25.0,29.0,5.0,21.0,16.0,191.0,20.0,45.0,23.0,325.0,51.0,258.0,180.0,97.0,19.0,30.0,20.0,11.0,5.0,25.0,16.0,18.0,3.0,3.0,2.0,16.0,4.0,22.0,11.0,20.0,6.0,5.0,8.0,5.0,1.0,5.0,5.0,17.0,7.0,8.0,5.0,18.0,4.0,39.0,35.0,118.0,27.0,28.0,24.0,21.0,2.0,12.0,17.0,17.0,4.0,8.0,5.0,28.0,8.0,28.0,16.0,87.0,14.0,19.0,14.0,16.0,6.0,10.0,8.0,149.0,19.0,24.0,20.0,211.0,39.0,176.0,181.0,101.0,105.0,32.0,170.0,14.0,19.0,24.0,151.0,10.0,14.0,3.0,22.0,17.0,17.0,27.0,135.0,10.0,13.0,3.0,30.0,1.0,5.0,7.0,21.0,9.0,17.0,4.0,20.0,16.0,15.0,36.0,200.0,41.0,39.0,11.0,35.0,4.0,2.0,6.0,41.0,6.0,7.0,2.0,8.0,4.0,8.0,9.0,35.0,12.0,15.0,4.0,18.0,4.0,7.0,5.0,28.0,15.0,21.0,3.0,29.0,32.0,43.0,35.0,179.0,104.0,165.0,49.0,286.0,8.0,17.0,23.0,182.0,15.0,15.0,5.0,29.0,15.0,29.0,36.0,176.0,15.0,26.0,7.0,49.0,3.0,3.0,5.0,42.0,17.0,21.0,9.0,44.0,24.0,29.0,40.0,298.0,163.0,235.0,31.0,247.0,27.0,48.0,18.0,148.0,29.0,36.0,6.0,32.0,25.0,44.0,21.0,152.0,106.0,155.0,22.0,184.0,20.0,34.0,20.0,142.0,134.0,165.0,28.0,176.0,163.0,283.0,161.0,2128.0,1.0489965152297367,0.11166486771887311,0.8475709854779275,0.8413834550949191,2.6352312335514583,12.177826901677742,1.9080260233301436,0.08955926548468868,0.7830437703942632,0.7208009094885126,2.8539004654884255,11.759826689475446,nv
252.0,35.0,68.0,44.0,34.0,5.0,64.0,67.0,34.0,9.0,8.0,7.0,43.0,5.0,92.0,70.0,40.0,3.0,9.0,6.0,8.0,0.0,4.0,7.0,36.0,8.0,17.0,7.0,94.0,8.0,136.0,98.0,65.0,16.0,24.0,13.0,11.0,0.0,14.0,8.0,11.0,2.0,0.0,1.0,13.0,0.0,13.0,7.0,48.0,3.0,6.0,4.0,7.0,1.0,8.0,2.0,115.0,6.0,10.0,7.0,160.0,10.0,135.0,72.0,36.0,5.0,14.0,3.0,9.0,4.0,5.0,1.0,7.0,1.0,0.0,1.0,5.0,2.0,4.0,6.0,3.0,3.0,0.0,0.0,0.0,0.0,0.0,0.0,5.0,1.0,4.0,0.0,5.0,0.0,12.0,9.0,56.0,4.0,9.0,4.0,9.0,1.0,4.0,4.0,5.0,2.0,0.0,1.0,8.0,2.0,1.0,8.0,64.0,6.0,5.0,6.0,3.0,2.0,2.0,1.0,111.0,8.0,10.0,4.0,102.0,10.0,70.0,55.0,20.0,36.0,13.0,85.0,1.0,5.0,10.0,90.0,8.0,9.0,0.0,8.0,6.0,7.0,8.0,82.0,3.0,5.0,0.0,4.0,1.0,0.0,2.0,3.0,8.0,4.0,1.0,6.0,5.0,3.0,15.0,77.0,12.0,18.0,5.0,10.0,1.0,2.0,0.0,12.0,1.0,1.0,0.0,2.0,0.0,0.0,1.0,13.0,7.0,10.0,1.0,7.0,0.0,1.0,0.0,8.0,8.0,4.0,0.0,4.0,7.0,18.0,5.0,34.0,41.0,90.0,16.0,157.0,2.0,5.0,14.0,82.0,3.0,2.0,1.0,9.0,3.0,7.0,4.0,68.0,7.0,6.0,0.0,15.0,2.0,1.0,1.0,9.0,3.0,2.0,0.0,14.0,4.0,8.0,6.0,98.0,75.0,134.0,10.0,130.0,7.0,12.0,5.0,66.0,7.0,9.0,0.0,11.0,6.0,10.0,8.0,49.0,104.0,96.0,6.0,51.0,4.0,8.0,3.0,34.0,81.0,73.0,12.0,54.0,92.0,79.0,60.0,815.0,1.5958660918082677,0.09821682297477695,0.8128548866710702,0.8119182738496302,2.763601077269243,15.374055702001622,3.2892181911088403,0.07640269219636478,0.714630810099876,0.6204182886708234,3.042465918690848,14.041533491268192,nv
469.0,43.0,46.0,40.0,44.0,14.0,28.0,50.0,39.0,9.0,12.0,9.0,35.0,9.0,34.0,75.0,53.0,9.0,15.0,5.0,12.0,7.0,12.0,15.0,25.0,4.0,14.0,7.0,48.0,17.0,88.0,70.0,52.0,11.0,9.0,6.0,12.0,2.0,2.0,5.0,11.0,3.0,3.0,1.0,12.0,2.0,20.0,13.0,32.0,11.0,7.0,4.0,6.0,3.0,8.0,4.0,35.0,4.0,14.0,5.0,73.0,20.0,80.0,67.0,48.0,12.0,11.0,8.0,10.0,2.0,4.0,11.0,6.0,7.0,3.0,1.0,4.0,3.0,10.0,18.0,19.0,1.0,3.0,2.0,1.0,1.0,1.0,1.0,9.0,1.0,2.0,1.0,14.0,3.0,19.0,25.0,27.0,8.0,5.0,6.0,5.0,2.0,2.0,4.0,10.0,1.0,3.0,3.0,5.0,1.0,6.0,10.0,51.0,13.0,10.0,3.0,8.0,1.0,3.0,3.0,75.0,12.0,19.0,13.0,80.0,14.0,65.0,45.0,38.0,35.0,16.0,69.0,10.0,6.0,11.0,94.0,13.0,4.0,3.0,14.0,6.0,4.0,11.0,89.0,12.0,4.0,1.0,9.0,3.0,1.0,2.0,21.0,5.0,4.0,2.0,6.0,12.0,10.0,23.0,59.0,13.0,9.0,2.0,8.0,3.0,3.0,2.0,12.0,1.0,1.0,1.0,6.0,1.0,2.0,3.0,19.0,1.0,7.0,1.0,4.0,4.0,0.0,1.0,15.0,8.0,8.0,4.0,6.0,20.0,10.0,31.0,74.0,31.0,73.0,10.0,74.0,6.0,10.0,10.0,87.0,7.0,12.0,5.0,10.0,1.0,3.0,8.0,69.0,13.0,14.0,3.0,13.0,1.0,3.0,2.0,13.0,1.0,5.0,1.0,7.0,5.0,7.0,12.0,43.0,64.0,118.0,11.0,94.0,8.0,11.0,6.0,82.0,18.0,13.0,8.0,33.0,11.0,5.0,6.0,58.0,86.0,81.0,12.0,75.0,16.0,16.0,7.0,55.0,98.0,75.0,23.0,85.0,53.0,47.0,79.0,1121.0,4.125490682203216,0.07545529572473123,0.7158939538063986,0.7272073087334664,3.249918246462855,26.12085252478818,6.414662561371394,0.059333250080956225,0.6335755643636184,0.5799472879150708,3.4760448989175434,24.12751644055557,nv
172.0,30.0,43.0,46.0,22.0,3.0,29.0,65.0,29.0,5.0,7.0,10.0,36.0,3.0,101.0,122.0,20.0,4.0,3.0,6.0,4.0,0.0,3.0,4.0,32.0,4.0,6.0,6.0,81.0,2.0,145.0,119.0,46.0,1.0,10.0,7.0,6.0,0.0,8.0,2.0,9.0,0.0,2.0,2.0,13.0,1.0,7.0,5.0,33.0,2.0,7.0,5.0,9.0,0.0,5.0,1.0,87.0,1.0,10.0,4.0,168.0,11.0,138.0,59.0,22.0,2.0,7.0,3.0,3.0,0.0,5.0,6.0,3.0,0.0,1.0,1.0,2.0,0.0,6.0,7.0,0.0,0.0,0.0,0.0,0.0,0.0,0.0,0.0,2.0,0.0,0.0,0.0,3.0,1.0,7.0,6.0,50.0,6.0,6.0,6.0,7.0,0.0,3.0,0.0,7.0,0.0,1.0,0.0,11.0,0.0,7.0,1.0,60.0,3.0,4.0,2.0,3.0,0.0,2.0,3.0,108.0,3.0,3.0,3.0,111.0,6.0,46.0,33.0,25.0,26.0,9.0,89.0,1.0,1.0,10.0,123.0,9.0,6.0,2.0,2.0,2.0,3.0,7.0,116.0,3.0,2.0,0.0,9.0,2.0,0.0,0.0,7.0,2.0,3.0,0.0,5.0,9.0,6.0,8.0,77.0,5.0,14.0,0.0,5.0,0.0,0.0,0.0,6.0,3.0,2.0,0.0,0.0,0.0,0.0,1.0,4.0,8.0,4.0,0.0,2.0,0.0,1.0,0.0,4.0,5.0,2.0,1.0,3.0,4.0,3.0,4.0,35.0,33.0,63.0,11.0,139.0,3.0,5.0,9.0,101.0,4.0,5.0,0.0,6.0,6.0,6.0,6.0,74.0,4.0,4.0,2.0,4.0,1.0,1.0,0.0,1.0,1.0,6.0,1.0,2.0,2.0,3.0,3.0,59.0,88.0,153.0,10.0,128.0,3.0,7.0,7.0,46.0,9.0,5.0,3.0,2.0,2.0,4.0,1.0,23.0,124.0,107.0,5.0,60.0,2.0,6.0,4.0,45.0,113.0,65.0,1.0,28.0,63.0,51.0,29.0,984.0,2.078006247960087,0.10326508829549465,0.8298841886454461,0.8116541769458226,2.7212838632042895,19.987853395365818,4.104275680007543,0.07757730459936882,0.7205931398478833,0.6214863000901361,3.0301865993917145,17.58199713381614,nv
388.0,83.0,90.0,64.0,103.0,26.0,67.0,74.0,50.0,12.0,26.0,11.0,55.0,9.0,83.0,94.0,69.0,10.0,17.0,7.0,19.0,2.0,18.0,10.0,48.0,7.0,11.0,14.0,106.0,15.0,133.0,92.0,63.0,17.0,9.0,10.0,13.0,3.0,13.0,11.0,20.0,4.0,5.0,3.0,13.0,3.0,21.0,10.0,60.0,11.0,14.0,9.0,15.0,3.0,8.0,7.0,81.0,8.0,23.0,8.0,142.0,24.0,124.0,76.0,69.0,24.0,20.0,12.0,9.0,2.0,6.0,16.0,11.0,3.0,2.0,3.0,9.0,5.0,9.0,11.0,24.0,4.0,4.0,1.0,4.0,3.0,3.0,4.0,7.0,3.0,4.0,5.0,14.0,5.0,21.0,24.0,55.0,15.0,9.0,9.0,8.0,2.0,5.0,12.0,6.0,7.0,4.0,2.0,13.0,4.0,11.0,11.0,62.0,13.0,5.0,3.0,10.0,1.0,6.0,11.0,85.0,13.0,12.0,9.0,75.0,13.0,79.0,64.0,68.0,53.0,20.0,93.0,14.0,21.0,12.0,89.0,3.0,7.0,5.0,12.0,4.0,4.0,9.0,101.0,7.0,5.0,9.0,11.0,3.0,3.0,3.0,17.0,2.0,9.0,3.0,4.0,7.0,11.0,16.0,71.0,15.0,19.0,7.0,18.0,2.0,5.0,6.0,21.0,3.0,3.0,0.0,1.0,2.0,7.0,10.0,30.0,18.0,14.0,5.0,14.0,2.0,1.0,2.0,11.0,6.0,8.0,5.0,13.0,13.0,23.0,25.0,99.0,64.0,107.0,13.0,148.0,11.0,15.0,9.0,87.0,9.0,7.0,3.0,14.0,7.0,4.0,8.0,87.0,11.0,18.0,5.0,17.0,3.0,7.0,2.0,17.0,3.0,7.0,4.0,32.0,8.0,15.0,18.0,92.0,88.0,113.0,23.0,125.0,14.0,17.0,8.0,61.0,14.0,11.0,4.0,24.0,8.0,17.0,15.0,88.0,54.0,59.0,7.0,64.0,16.0,17.0,11.0,61.0,53.0,59.0,20.0,103.0,64.0,105.0,95.0,1014.0,1.8093057214921013,0.055763893151297185,0.7737921936011461,0.8539485743500758,3.2362610372375578,22.966977199961747,3.559942641811451,0.04247790565293693,0.6843239533095616,0.7220322342929025,3.5016701903822565,22.054125469687943,mel
410.0,71.0,74.0,48.0,67.0,25.0,58.0,53.0,47.0,8.0,16.0,5.0,47.0,11.0,71.0,86.0,92.0,10.0,13.0,6.0,17.0,2.0,13.0,9.0,57.0,10.0,20.0,12.0,101.0,13.0,130.0,83.0,102.0,17.0,16.0,10.0,16.0,1.0,16.0,4.0,26.0,1.0,3.0,5.0,18.0,5.0,22.0,14.0,67.0,9.0,11.0,3.0,17.0,5.0,5.0,5.0,84.0,11.0,21.0,14.0,119.0,17.0,126.0,73.0,72.0,23.0,15.0,15.0,10.0,5.0,14.0,11.0,14.0,3.0,5.0,3.0,11.0,4.0,9.0,15.0,24.0,0.0,3.0,1.0,1.0,3.0,5.0,6.0,11.0,3.0,4.0,9.0,17.0,7.0,26.0,17.0,60.0,14.0,18.0,8.0,7.0,3.0,5.0,6.0,17.0,5.0,2.0,3.0,13.0,4.0,11.0,4.0,75.0,11.0,8.0,14.0,11.0,6.0,6.0,5.0,84.0,14.0,13.0,11.0,89.0,25.0,71.0,66.0,50.0,72.0,18.0,83.0,14.0,10.0,18.0,63.0,5.0,8.0,2.0,11.0,3.0,3.0,8.0,64.0,14.0,10.0,1.0,18.0,4.0,4.0,4.0,13.0,7.0,2.0,5.0,7.0,10.0,7.0,17.0,53.0,23.0,16.0,6.0,23.0,7.0,3.0,5.0,5.0,1.0,2.0,0.0,5.0,4.0,5.0,5.0,22.0,14.0,8.0,4.0,8.0,3.0,3.0,1.0,12.0,12.0,12.0,10.0,17.0,19.0,20.0,25.0,100.0,55.0,101.0,19.0,121.0,4.0,16.0,9.0,56.0,11.0,7.0,3.0,13.0,4.0,9.0,10.0,55.0,19.0,13.0,3.0,16.0,5.0,5.0,1.0,24.0,8.0,6.0,9.0,14.0,6.0,18.0,15.0,101.0,87.0,139.0,16.0,118.0,10.0,17.0,18.0,66.0,11.0,14.0,2.0,26.0,7.0,25.0,12.0,111.0,90.0,96.0,20.0,65.0,17.0,17.0,13.0,60.0,96.0,82.0,24.0,86.0,72.0,87.0,101.0,1035.0,2.056584362139919,0.06029812358522188,0.7765280328955386,0.8476832237075671,3.187059725047784,24.947458294218293,4.08436989362057,0.04669366852246393,0.6914389377787635,0.7103457429572763,3.4428470840060337,24.117320876062326,mel
573.0,77.0,64.0,36.0,86.0,28.0,42.0,40.0,62.0,16.0,20.0,13.0,52.0,19.0,45.0,79.0,96.0,16.0,14.0,12.0,16.0,7.0,21.0,13.0,44.0,13.0,20.0,14.0,61.0,17.0,116.0,59.0,74.0,19.0,17.0,10.0,21.0,5.0,11.0,7.0,27.0,6.0,7.0,5.0,14.0,3.0,22.0,12.0,59.0,7.0,7.0,3.0,15.0,5.0,9.0,7.0,52.0,9.0,22.0,12.0,86.0,24.0,97.0,72.0,82.0,25.0,11.0,15.0,16.0,11.0,5.0,7.0,6.0,4.0,5.0,11.0,13.0,9.0,7.0,25.0,35.0,7.0,5.0,4.0,8.0,8.0,5.0,8.0,16.0,5.0,4.0,6.0,18.0,8.0,29.0,17.0,63.0,20.0,15.0,10.0,9.0,6.0,9.0,7.0,22.0,4.0,4.0,6.0,11.0,5.0,12.0,10.0,46.0,13.0,6.0,8.0,9.0,9.0,8.0,14.0,71.0,22.0,17.0,13.0,73.0,29.0,73.0,65.0,56.0,43.0,15.0,59.0,10.0,12.0,10.0,39.0,10.0,8.0,4.0,9.0,11.0,5.0,13.0,42.0,15.0,12.0,4.0,17.0,2.0,7.0,4.0,19.0,7.0,4.0,4.0,6.0,17.0,12.0,20.0,55.0,20.0,14.0,8.0,20.0,10.0,5.0,8.0,15.0,7.0,6.0,1.0,10.0,2.0,6.0,9.0,30.0,14.0,17.0,6.0,5.0,3.0,12.0,9.0,15.0,15.0,8.0,7.0,19.0,21.0,17.0,39.0,102.0,55.0,88.0,13.0,94.0,9.0,16.0,10.0,52.0,9.0,8.0,4.0,20.0,4.0,5.0,8.0,50.0,16.0,19.0,6.0,15.0,6.0,11.0,3.0,24.0,7.0,8.0,5.0,14.0,12.0,16.0,21.0,83.0,56.0,108.0,17.0,104.0,12.0,23.0,6.0,60.0,11.0,19.0,13.0,43.0,5.0,17.0,20.0,110.0,81.0,67.0,25.0,58.0,22.0,20.0,17.0,60.0,68.0,77.0,37.0,119.0,73.0,88.0,111.0,1057.0,3.0034846674631615,0.04729687516438359,0.713670185746757,0.7758556532241923,3.517668723419906,23.79607294500069,4.791576349751558,0.03725869331563004,0.6392199428520488,0.6551950793367511,3.739579771847985,23.001393312831713,mel
553.0,81.0,274.0,211.0,75.0,11.0,183.0,194.0,108.0,14.0,34.0,22.0,148.0,11.0,381.0,325.0,84.0,9.0,33.0,12.0,12.0,2.0,27.0,12.0,128.0,19.0,39.0,20.0,252.0,14.0,673.0,512.0,286.0,34.0,80.0,40.0,29.0,0.0,50.0,27.0,47.0,2.0,4.0,5.0,54.0,7.0,64.0,40.0,185.0,12.0,38.0,22.0,26.0,5.0,25.0,17.0,495.0,37.0,74.0,36.0,963.0,50.0,1004.0,470.0,65.0,11.0,44.0,17.0,11.0,3.0,26.0,9.0,14.0,3.0,4.0,4.0,20.0,0.0,37.0,25.0,13.0,2.0,5.0,6.0,4.0,0.0,3.0,5.0,20.0,2.0,1.0,5.0,20.0,1.0,53.0,24.0,196.0,32.0,38.0,21.0,27.0,4.0,21.0,16.0,21.0,2.0,5.0,5.0,34.0,4.0,46.0,20.0,184.0,15.0,24.0,13.0,18.0,1.0,21.0,14.0,476.0,25.0,34.0,22.0,700.0,29.0,481.0,303.0,126.0,118.0,46.0,503.0,15.0,16.0,25.0,547.0,17.0,14.0,9.0,35.0,12.0,15.0,41.0,529.0,11.0,19.0,2.0,34.0,3.0,3.0,1.0,19.0,12.0,20.0,3.0,44.0,21.0,20.0,48.0,455.0,49.0,38.0,5.0,57.0,2.0,9.0,5.0,39.0,8.0,4.0,4.0,6.0,5.0,0.0,3.0,44.0,20.0,27.0,11.0,46.0,3.0,3.0,4.0,33.0,36.0,45.0,8.0,47.0,42.0,42.0,58.0,408.0,128.0,228.0,48.0,831.0,18.0,23.0,35.0,737.0,12.0,27.0,3.0,40.0,25.0,30.0,40.0,510.0,15.0,20.0,4.0,48.0,4.0,2.0,7.0,34.0,15.0,27.0,8.0,39.0,31.0,38.0,45.0,520.0,397.0,666.0,78.0,902.0,33.0,45.0,45.0,505.0,36.0,33.0,5.0,54.0,36.0,44.0,57.0,399.0,304.0,416.0,35.0,454.0,31.0,30.0,26.0,260.0,440.0,435.0,40.0,401.0,483.0,556.0,392.0,4512.0,0.8118260476528705,0.2122035071320771,0.9313184254408414,0.8950365654125915,2.0619076282332944,14.656914106363702,1.5830146551374171,0.18565740191245989,0.8886016165521449,0.7940527624197905,2.242293590850635,13.789997129212331,nv
1419.0,144.0,385.0,227.0,161.0,34.0,178.0,208.0,242.0,31.0,42.0,36.0,184.0,31.0,309.0,313.0,125.0,16.0,54.0,29.0,31.0,7.0,41.0,38.0,170.0,23.0,62.0,36.0,260.0,33.0,460.0,368.0,382.0,47.0,77.0,56.0,62.0,14.0,59.0,58.0,72.0,13.0,11.0,9.0,79.0,18.0,68.0,57.0,213.0,30.0,47.0,41.0,33.0,12.0,38.0,41.0,381.0,47.0,75.0,50.0,662.0,84.0,574.0,410.0,157.0,34.0,62.0,39.0,15.0,6.0,37.0,37.0,36.0,11.0,7.0,11.0,34.0,8.0,40.0,47.0,39.0,11.0,17.0,5.0,11.0,3.0,9.0,27.0,40.0,2.0,17.0,14.0,47.0,14.0,69.0,58.0,226.0,36.0,49.0,37.0,25.0,12.0,51.0,31.0,52.0,7.0,12.0,11.0,54.0,9.0,36.0,60.0,239.0,25.0,44.0,36.0,33.0,16.0,34.0,36.0,474.0,73.0,59.0,45.0,545.0,82.0,454.0,367.0,213.0,195.0,77.0,473.0,30.0,33.0,43.0,513.0,50.0,24.0,10.0,70.0,29.0,39.0,49.0,426.0,37.0,30.0,7.0,52.0,6.0,13.0,11.0,49.0,35.0,36.0,13.0,59.0,40.0,46.0,59.0,375.0,45.0,62.0,10.0,74.0,13.0,16.0,6.0,60.0,15.0,9.0,7.0,9.0,10.0,16.0,15.0,88.0,36.0,42.0,5.0,43.0,8.0,13.0,5.0,54.0,64.0,55.0,9.0,59.0,58.0,85.0,90.0,462.0,187.0,270.0,69.0,565.0,35.0,43.0,57.0,560.0,39.0,48.0,14.0,63.0,31.0,45.0,52.0,492.0,25.0,27.0,8.0,79.0,5.0,12.0,11.0,86.0,39.0,42.0,22.0,77.0,32.0,56.0,68.0,542.0,308.0,431.0,66.0,582.0,46.0,52.0,48.0,467.0,42.0,58.0,18.0,86.0,50.0,85.0,49.0,489.0,276.0,336.0,62.0,437.0,51.0,61.0,51.0,397.0,438.0,428.0,92.0,492.0,478.0,562.0,509.0,5140.0,0.9972190955439318,0.19028590462200415,0.911617234875285,0.880541001688658,2.21272417897173,15.698368673322381,1.8150195058517564,0.17075716621028086,0.875391288565429,0.7857240170007791,2.355861874802983,15.125931882604569,nv
244.0,18.0,59.0,37.0,53.0,11.0,41.0,37.0,47.0,7.0,10.0,2.0,29.0,10.0,47.0,50.0,44.0,11.0,12.0,6.0,14.0,2.0,4.0,7.0,28.0,7.0,15.0,11.0,43.0,12.0,49.0,56.0,60.0,10.0,28.0,7.0,11.0,7.0,11.0,9.0,15.0,3.0,8.0,3.0,13.0,5.0,9.0,15.0,40.0,8.0,6.0,7.0,12.0,2.0,9.0,1.0,40.0,11.0,8.0,6.0,51.0,10.0,61.0,48.0,40.0,6.0,14.0,7.0,8.0,2.0,3.0,3.0,11.0,1.0,2.0,4.0,7.0,5.0,6.0,7.0,16.0,6.0,3.0,3.0,2.0,0.0,2.0,0.0,5.0,0.0,6.0,3.0,4.0,2.0,17.0,11.0,39.0,8.0,14.0,5.0,7.0,0.0,4.0,4.0,13.0,2.0,2.0,1.0,10.0,2.0,6.0,8.0,36.0,9.0,7.0,5.0,7.0,2.0,5.0,9.0,45.0,9.0,12.0,11.0,51.0,10.0,45.0,49.0,42.0,25.0,16.0,42.0,12.0,4.0,5.0,40.0,7.0,6.0,3.0,4.0,6.0,5.0,8.0,44.0,8.0,6.0,3.0,7.0,2.0,2.0,2.0,8.0,8.0,2.0,2.0,4.0,8.0,7.0,12.0,50.0,8.0,10.0,3.0,7.0,5.0,6.0,4.0,8.0,6.0,3.0,1.0,3.0,4.0,5.0,4.0,13.0,9.0,5.0,1.0,5.0,0.0,1.0,5.0,6.0,8.0,11.0,5.0,10.0,9.0,14.0,25.0,67.0,28.0,33.0,12.0,60.0,3.0,5.0,11.0,44.0,10.0,5.0,1.0,7.0,4.0,10.0,9.0,43.0,6.0,9.0,4.0,11.0,3.0,2.0,3.0,15.0,11.0,7.0,4.0,9.0,4.0,6.0,13.0,76.0,45.0,59.0,14.0,62.0,7.0,7.0,12.0,40.0,6.0,8.0,2.0,9.0,2.0,12.0,6.0,43.0,65.0,67.0,8.0,44.0,9.0,15.0,11.0,42.0,43.0,62.0,22.0,67.0,59.0,79.0,65.0,878.0,1.181565396498455,0.13578569981576957,0.8375086319240947,0.8631562235861528,2.5714035896094765,16.08725643029949,2.2918287937743194,0.11335922791328325,0.7703407124952716,0.7458455555811156,2.7816641948082843,15.743101101034416,nv
786.0,130.0,228.0,143.0,143.0,32.0,156.0,163.0,114.0,18.0,35.0,24.0,146.0,26.0,190.0,167.0,115.0,17.0,31.0,20.0,28.0,8.0,30.0,27.0,126.0,19.0,40.0,18.0,174.0,38.0,254.0,165.0,207.0,32.0,61.0,23.0,43.0,12.0,29.0,21.0,54.0,5.0,13.0,5.0,49.0,8.0,42.0,36.0,151.0,12.0,26.0,9.0,29.0,10.0,22.0,16.0,217.0,18.0,49.0,22.0,375.0,36.0,290.0,192.0,141.0,49.0,42.0,28.0,25.0,5.0,29.0,21.0,22.0,3.0,4.0,3.0,15.0,5.0,36.0,28.0,33.0,9.0,14.0,5.0,5.0,0.0,8.0,5.0,35.0,11.0,11.0,12.0,36.0,10.0,38.0,34.0,154.0,35.0,27.0,27.0,19.0,6.0,11.0,12.0,39.0,6.0,10.0,6.0,34.0,6.0,32.0,19.0,144.0,22.0,13.0,20.0,20.0,6.0,14.0,7.0,228.0,23.0,37.0,29.0,240.0,49.0,174.0,175.0,121.0,125.0,49.0,240.0,23.0,25.0,39.0,221.0,13.0,16.0,6.0,33.0,16.0,21.0,21.0,187.0,18.0,14.0,11.0,33.0,4.0,2.0,11.0,36.0,16.0,14.0,7.0,20.0,25.0,31.0,33.0,202.0,32.0,43.0,11.0,54.0,7.0,9.0,6.0,34.0,5.0,11.0,4.0,10.0,5.0,6.0,6.0,42.0,17.0,19.0,7.0,23.0,5.0,5.0,4.0,30.0,26.0,38.0,7.0,29.0,29.0,39.0,50.0,236.0,142.0,242.0,69.0,357.0,17.0,33.0,35.0,267.0,13.0,21.0,5.0,37.0,23.0,19.0,23.0,188.0,25.0,33.0,9.0,53.0,8.0,9.0,9.0,42.0,25.0,19.0,5.0,40.0,20.0,30.0,43.0,296.0,191.0,273.0,32.0,284.0,24.0,39.0,30.0,201.0,27.0,33.0,12.0,61.0,19.0,41.0,32.0,195.0,143.0,160.0,27.0,234.0,18.0,29.0,26.0,161.0,153.0,205.0,42.0,231.0,197.0,292.0,182.0,2199.0,1.1092334274516416,0.09897145044085358,0.8323892828663435,0.8362034618982696,2.654976682059416,12.434806517552818,2.1003036937636836,0.07710118145506971,0.7589952551983715,0.6991200156225678,2.883138743480703,11.86076917792994,mel
513.0,74.0,246.0,134.0,88.0,14.0,159.0,161.0,90.0,12.0,24.0,21.0,152.0,12.0,276.0,262.0,67.0,4.0,29.0,19.0,18.0,2.0,19.0,15.0,100.0,14.0,29.0,24.0,215.0,22.0,423.0,312.0,205.0,23.0,44.0,30.0,31.0,7.0,26.0,12.0,25.0,3.0,7.0,1.0,47.0,2.0,41.0,18.0,143.0,8.0,20.0,13.0,13.0,0.0,17.0,9.0,321.0,29.0,38.0,21.0,521.0,45.0,418.0,200.0,83.0,13.0,26.0,24.0,16.0,1.0,18.0,13.0,7.0,2.0,6.0,0.0,15.0,4.0,16.0,15.0,7.0,4.0,3.0,6.0,3.0,0.0,1.0,4.0,20.0,3.0,3.0,3.0,18.0,2.0,40.0,25.0,177.0,13.0,24.0,17.0,22.0,3.0,20.0,17.0,32.0,3.0,3.0,1.0,23.0,2.0,22.0,24.0,172.0,11.0,18.0,12.0,12.0,2.0,15.0,10.0,316.0,18.0,12.0,10.0,325.0,29.0,200.0,132.0,76.0,119.0,32.0,330.0,10.0,17.0,26.0,319.0,9.0,11.0,1.0,21.0,10.0,14.0,25.0,252.0,8.0,14.0,5.0,20.0,0.0,1.0,5.0,16.0,10.0,14.0,6.0,26.0,11.0,15.0,26.0,241.0,14.0,42.0,7.0,43.0,1.0,6.0,5.0,14.0,1.0,5.0,0.0,4.0,6.0,5.0,2.0,29.0,18.0,14.0,3.0,13.0,2.0,4.0,0.0,16.0,21.0,16.0,5.0,19.0,22.0,31.0,19.0,152.0,134.0,234.0,48.0,550.0,9.0,19.0,32.0,361.0,14.0,12.0,4.0,31.0,14.0,15.0,28.0,272.0,13.0,14.0,4.0,43.0,4.0,3.0,5.0,23.0,13.0,14.0,2.0,25.0,15.0,22.0,27.0,266.0,292.0,465.0,34.0,410.0,22.0,42.0,21.0,222.0,18.0,28.0,4.0,32.0,26.0,26.0,17.0,153.0,223.0,287.0,17.0,259.0,11.0,28.0,18.0,145.0,227.0,264.0,23.0,182.0,236.0,292.0,163.0,2659.0,1.3401351296238395,0.10841554954773368,0.8613523634435711,0.8486335183899316,2.571017257916003,16.367023223651888,2.5402989569359655,0.08148817172726469,0.7801211434077069,0.7103442725826735,2.8329045256231247,14.999826899273955,mel
594.0,75.0,249.0,144.0,68.0,12.0,140.0,125.0,74.0,11.0,25.0,12.0,95.0,11.0,245.0,198.0,73.0,9.0,38.0,33.0,10.0,1.0,18.0,11.0,112.0,13.0,49.0,18.0,213.0,18.0,428.0,251.0,281.0,21.0,60.0,34.0,32.0,2.0,38.0,16.0,25.0,3.0,7.0,3.0,41.0,8.0,38.0,18.0,169.0,20.0,40.0,15.0,18.0,1.0,21.0,12.0,248.0,27.0,47.0,21.0,420.0,44.0,340.0,190.0,88.0,15.0,30.0,18.0,7.0,3.0,13.0,10.0,12.0,0.0,2.0,1.0,5.0,2.0,28.0,19.0,16.0,3.0,6.0,3.0,1.0,1.0,2.0,1.0,13.0,0.0,5.0,4.0,12.0,1.0,39.0,21.0,165.0,23.0,28.0,18.0,26.0,3.0,13.0,15.0,13.0,1.0,5.0,4.0,26.0,2.0,25.0,17.0,128.0,16.0,19.0,4.0,11.0,3.0,7.0,6.0,181.0,22.0,30.0,14.0,278.0,27.0,185.0,117.0,78.0,114.0,33.0,274.0,12.0,22.0,16.0,164.0,7.0,9.0,2.0,10.0,9.0,6.0,23.0,159.0,5.0,6.0,3.0,21.0,0.0,2.0,3.0,10.0,7.0,13.0,0.0,21.0,17.0,14.0,18.0,226.0,31.0,46.0,7.0,41.0,6.0,4.0,6.0,20.0,6.0,3.0,1.0,1.0,4.0,6.0,5.0,30.0,13.0,18.0,5.0,21.0,4.0,6.0,0.0,15.0,9.0,22.0,6.0,24.0,26.0,33.0,15.0,145.0,98.0,208.0,42.0,489.0,16.0,24.0,30.0,282.0,11.0,15.0,7.0,30.0,14.0,17.0,19.0,231.0,5.0,20.0,4.0,38.0,1.0,1.0,0.0,28.0,14.0,17.0,6.0,33.0,25.0,26.0,31.0,339.0,234.0,442.0,51.0,415.0,28.0,33.0,22.0,200.0,15.0,28.0,5.0,27.0,18.0,23.0,23.0,169.0,150.0,288.0,20.0,215.0,22.0,33.0,14.0,121.0,166.0,230.0,31.0,160.0,224.0,341.0,156.0,2453.0,1.3025927286081518,0.1177849178843893,0.8625279926245156,0.8317652213045603,2.496072731892541,14.182822816369956,2.355499364149882,0.09120093523962165,0.7895478345771617,0.6963588722777593,2.736380991017866,13.159522476400012,mel
322.0,54.0,111.0,71.0,49.0,12.0,93.0,105.0,41.0,3.0,21.0,7.0,65.0,6.0,117.0,141.0,75.0,10.0,17.0,8.0,11.0,3.0,16.0,3.0,75.0,7.0,28.0,17.0,133.0,12.0,224.0,129.0,124.0,14.0,29.0,10.0,24.0,0.0,16.0,10.0,19.0,2.0,3.0,1.0,29.0,4.0,34.0,9.0,89.0,9.0,10.0,6.0,8.0,0.0,11.0,3.0,173.0,15.0,29.0,17.0,362.0,16.0,240.0,125.0,63.0,16.0,20.0,18.0,7.0,1.0,13.0,6.0,6.0,2.0,5.0,0.0,3.0,0.0,15.0,5.0,19.0,2.0,4.0,2.0,3.0,1.0,2.0,0.0,12.0,3.0,2.0,0.0,14.0,3.0,26.0,15.0,83.0,14.0,13.0,13.0,13.0,1.0,11.0,4.0,14.0,0.0,3.0,3.0,12.0,1.0,16.0,10.0,109.0,8.0,12.0,7.0,8.0,1.0,6.0,3.0,209.0,11.0,14.0,5.0,222.0,23.0,163.0,63.0,47.0,81.0,14.0,184.0,8.0,6.0,10.0,158.0,3.0,6.0,2.0,9.0,9.0,7.0,10.0,129.0,9.0,6.0,1.0,17.0,1.0,2.0,0.0,9.0,4.0,1.0,3.0,13.0,3.0,10.0,14.0,126.0,12.0,29.0,3.0,21.0,1.0,3.0,1.0,10.0,0.0,0.0,0.0,0.0,3.0,4.0,5.0,17.0,10.0,7.0,2.0,11.0,1.0,2.0,2.0,5.0,13.0,11.0,1.0,16.0,26.0,19.0,22.0,97.0,56.0,132.0,42.0,309.0,10.0,8.0,19.0,220.0,7.0,7.0,1.0,19.0,4.0,10.0,15.0,134.0,10.0,16.0,7.0,29.0,1.0,5.0,3.0,15.0,8.0,9.0,5.0,19.0,7.0,8.0,22.0,131.0,120.0,238.0,22.0,242.0,13.0,22.0,8.0,126.0,13.0,17.0,5.0,20.0,14.0,12.0,7.0,78.0,133.0,132.0,17.0,114.0,18.0,17.0,7.0,63.0,154.0,123.0,29.0,110.0,187.0,174.0,123.0,1282.0,1.0499426221669694,0.0771281992414936,0.8497275764001635,0.8762034951761727,2.845209915987105,15.912452619300089,2.0075137270012524,0.05772294390902456,0.7654330532056961,0.7639398757418863,3.095354872537624,15.000981318999747,mel
858.0,76.0,100.0,35.0,123.0,32.0,38.0,51.0,79.0,22.0,16.0,14.0,47.0,11.0,49.0,54.0,89.0,14.0,17.0,13.0,43.0,10.0,26.0,22.0,37.0,13.0,12.0,8.0,134.0,19.0,122.0,93.0,91.0,24.0,26.0,13.0,24.0,6.0,13.0,11.0,23.0,6.0,8.0,7.0,24.0,11.0,24.0,32.0,36.0,8.0,10.0,6.0,23.0,8.0,13.0,13.0,64.0,19.0,21.0,14.0,171.0,44.0,213.0,126.0,110.0,29.0,21.0,21.0,15.0,17.0,10.0,16.0,25.0,4.0,6.0,3.0,14.0,10.0,13.0,13.0,37.0,10.0,9.0,8.0,13.0,5.0,7.0,7.0,16.0,4.0,6.0,5.0,27.0,7.0,26.0,25.0,45.0,17.0,12.0,18.0,9.0,8.0,5.0,13.0,14.0,10.0,6.0,4.0,12.0,8.0,10.0,17.0,42.0,21.0,18.0,7.0,15.0,9.0,11.0,11.0,95.0,24.0,30.0,17.0,124.0,46.0,141.0,101.0,73.0,38.0,25.0,83.0,18.0,17.0,28.0,103.0,8.0,6.0,1.0,19.0,12.0,14.0,11.0,82.0,9.0,9.0,8.0,21.0,9.0,6.0,8.0,33.0,12.0,9.0,8.0,10.0,31.0,13.0,31.0,100.0,10.0,12.0,12.0,16.0,5.0,8.0,8.0,28.0,7.0,5.0,7.0,12.0,3.0,8.0,13.0,55.0,11.0,9.0,5.0,9.0,12.0,4.0,10.0,16.0,18.0,15.0,16.0,12.0,30.0,28.0,91.0,186.0,40.0,106.0,28.0,188.0,15.0,27.0,13.0,121.0,12.0,20.0,6.0,40.0,3.0,11.0,6.0,98.0,26.0,25.0,6.0,38.0,5.0,14.0,3.0,40.0,10.0,9.0,8.0,28.0,13.0,22.0,19.0,91.0,50.0,107.0,27.0,172.0,19.0,24.0,16.0,134.0,13.0,35.0,13.0,67.0,14.0,12.0,16.0,150.0,65.0,81.0,24.0,107.0,21.0,23.0,15.0,92.0,79.0,83.0,63.0,146.0,95.0,90.0,159.0,1776.0,5.515116471171319,0.048647952525321586,0.6954894744818069,0.6034137288354026,3.5219906080271186,22.297830532646422,6.695574632011981,0.03733296104825716,0.6316974706432986,0.5175270112840432,3.7427376575854603,21.059656390688126,mel
571.0,75.0,54.0,49.0,84.0,23.0,42.0,58.0,67.0,15.0,16.0,16.0,54.0,13.0,50.0,77.0,65.0,9.0,8.0,6.0,41.0,9.0,17.0,18.0,57.0,7.0,16.0,11.0,99.0,22.0,94.0,77.0,46.0,13.0,9.0,7.0,15.0,7.0,13.0,15.0,17.0,3.0,5.0,3.0,15.0,3.0,16.0,21.0,41.0,8.0,5.0,4.0,30.0,7.0,14.0,3.0,120.0,6.0,16.0,9.0,164.0,30.0,148.0,105.0,91.0,41.0,19.0,22.0,18.0,8.0,6.0,21.0,16.0,9.0,6.0,3.0,8.0,2.0,7.0,22.0,27.0,9.0,7.0,2.0,16.0,3.0,4.0,5.0,16.0,6.0,7.0,2.0,20.0,7.0,18.0,24.0,45.0,13.0,6.0,9.0,7.0,4.0,9.0,5.0,23.0,4.0,6.0,2.0,18.0,6.0,9.0,16.0,85.0,15.0,10.0,5.0,16.0,6.0,10.0,7.0,138.0,26.0,24.0,23.0,169.0,39.0,109.0,93.0,54.0,63.0,17.0,108.0,17.0,30.0,28.0,167.0,8.0,10.0,8.0,19.0,10.0,9.0,10.0,102.0,14.0,10.0,4.0,20.0,9.0,7.0,3.0,30.0,11.0,3.0,9.0,9.0,10.0,7.0,27.0,85.0,18.0,14.0,7.0,22.0,6.0,4.0,5.0,21.0,6.0,4.0,6.0,10.0,8.0,7.0,14.0,42.0,13.0,5.0,3.0,12.0,6.0,3.0,6.0,17.0,18.0,10.0,11.0,15.0,34.0,19.0,68.0,133.0,42.0,92.0,21.0,151.0,11.0,20.0,15.0,148.0,8.0,16.0,4.0,29.0,9.0,8.0,9.0,105.0,14.0,15.0,4.0,15.0,4.0,4.0,7.0,36.0,7.0,5.0,4.0,16.0,5.0,2.0,8.0,68.0,57.0,85.0,19.0,119.0,11.0,12.0,13.0,99.0,16.0,20.0,14.0,50.0,11.0,12.0,17.0,138.0,71.0,78.0,12.0,87.0,19.0,19.0,12.0,89.0,117.0,75.0,44.0,122.0,90.0,69.0,145.0,1583.0,1.5877252221832032,0.07186988458527743,0.8058397840938054,0.8311478150747543,3.0259496537785853,17.21837104344848,2.7406731659495667,0.05573779865144376,0.733116892943249,0.7069359324444745,3.2139065026813776,15.962903760486856,mel
573.0,79.0,162.0,118.0,101.0,25.0,117.0,131.0,89.0,16.0,21.0,18.0,107.0,23.0,160.0,177.0,86.0,12.0,30.0,15.0,21.0,3.0,25.0,15.0,93.0,7.0,23.0,24.0,163.0,20.0,263.0,169.0,203.0,26.0,54.0,27.0,21.0,5.0,26.0,15.0,23.0,8.0,11.0,4.0,50.0,6.0,28.0,31.0,127.0,17.0,24.0,16.0,27.0,1.0,23.0,17.0,227.0,27.0,44.0,23.0,392.0,33.0,319.0,162.0,105.0,20.0,32.0,17.0,11.0,4.0,13.0,19.0,18.0,3.0,9.0,2.0,15.0,3.0,21.0,16.0,27.0,8.0,7.0,3.0,3.0,2.0,5.0,4.0,20.0,1.0,4.0,7.0,32.0,3.0,24.0,28.0,147.0,22.0,33.0,23.0,19.0,8.0,13.0,10.0,32.0,4.0,7.0,4.0,18.0,5.0,18.0,19.0,152.0,16.0,19.0,15.0,15.0,1.0,16.0,13.0,196.0,21.0,44.0,23.0,240.0,35.0,192.0,133.0,90.0,101.0,44.0,207.0,18.0,23.0,21.0,241.0,10.0,11.0,10.0,17.0,15.0,20.0,24.0,200.0,15.0,12.0,2.0,15.0,3.0,4.0,3.0,24.0,11.0,12.0,2.0,27.0,14.0,18.0,18.0,179.0,41.0,28.0,7.0,38.0,4.0,4.0,3.0,18.0,1.0,8.0,2.0,11.0,5.0,5.0,9.0,37.0,20.0,13.0,6.0,26.0,3.0,4.0,3.0,17.0,30.0,30.0,10.0,20.0,27.0,38.0,32.0,153.0,95.0,175.0,37.0,392.0,9.0,23.0,13.0,279.0,12.0,14.0,8.0,20.0,16.0,22.0,15.0,190.0,14.0,20.0,6.0,48.0,4.0,2.0,3.0,27.0,23.0,20.0,7.0,42.0,19.0,36.0,32.0,256.0,259.0,375.0,48.0,371.0,23.0,27.0,28.0,192.0,29.0,25.0,9.0,46.0,20.0,23.0,24.0,161.0,210.0,255.0,38.0,241.0,26.0,28.0,15.0,136.0,250.0,264.0,27.0,206.0,227.0,334.0,174.0,1977.0,1.207308664674788,0.0989711284913549,0.8753777912380959,0.8856605474127677,2.7054335405100955,19.91066308271843,2.288339494762786,0.08038309176391893,0.8142955107870614,0.7872976849991188,2.9219152030746973,19.22848785855781,nv
574.0,100.0,170.0,112.0,71.0,25.0,113.0,137.0,93.0,20.0,35.0,26.0,98.0,23.0,222.0,236.0,101.0,11.0,32.0,16.0,24.0,4.0,19.0,19.0,87.0,11.0,37.0,19.0,179.0,25.0,389.0,269.0,207.0,22.0,50.0,26.0,28.0,8.0,30.0,16.0,32.0,2.0,6.0,2.0,34.0,6.0,42.0,21.0,143.0,18.0,32.0,13.0,19.0,6.0,26.0,8.0,260.0,22.0,46.0,24.0,368.0,35.0,381.0,186.0,81.0,25.0,32.0,26.0,11.0,3.0,14.0,11.0,16.0,3.0,2.0,2.0,11.0,3.0,16.0,23.0,23.0,3.0,6.0,6.0,6.0,2.0,3.0,3.0,16.0,1.0,5.0,1.0,15.0,3.0,51.0,28.0,139.0,18.0,22.0,24.0,17.0,0.0,16.0,16.0,18.0,3.0,3.0,5.0,16.0,4.0,25.0,18.0,152.0,15.0,25.0,16.0,20.0,3.0,13.0,16.0,219.0,26.0,36.0,15.0,256.0,29.0,241.0,135.0,92.0,95.0,20.0,161.0,17.0,27.0,15.0,188.0,12.0,18.0,11.0,24.0,11.0,21.0,15.0,195.0,18.0,16.0,7.0,17.0,1.0,1.0,3.0,17.0,12.0,16.0,7.0,13.0,14.0,21.0,17.0,195.0,21.0,44.0,9.0,21.0,5.0,5.0,4.0,34.0,5.0,7.0,1.0,9.0,6.0,8.0,10.0,30.0,32.0,19.0,9.0,20.0,4.0,3.0,2.0,21.0,27.0,19.0,8.0,25.0,25.0,28.0,41.0,172.0,88.0,167.0,25.0,276.0,10.0,20.0,28.0,154.0,10.0,13.0,2.0,19.0,13.0,15.0,28.0,179.0,23.0,33.0,3.0,30.0,3.0,3.0,8.0,34.0,19.0,20.0,8.0,34.0,20.0,32.0,41.0,263.0,210.0,413.0,50.0,316.0,28.0,30.0,26.0,162.0,32.0,22.0,10.0,32.0,34.0,34.0,19.0,152.0,204.0,245.0,41.0,202.0,18.0,29.0,20.0,126.0,248.0,216.0,31.0,175.0,258.0,342.0,210.0,1958.0,1.2064781049857507,0.09935213054823502,0.8756540027808275,0.8857948465725294,2.703195272998642,19.921782201620463,2.2816740861689166,0.08068963145907504,0.8145865380942661,0.7879983593861378,2.919688154581042,19.243386564892095,nv
433.0,64.0,120.0,141.0,58.0,12.0,89.0,157.0,110.0,14.0,42.0,35.0,90.0,13.0,290.0,386.0,83.0,9.0,17.0,11.0,11.0,3.0,20.0,9.0,144.0,12.0,52.0,46.0,168.0,16.0,615.0,431.0,136.0,19.0,17.0,14.0,10.0,2.0,15.0,19.0,25.0,3.0,5.0,8.0,23.0,5.0,24.0,18.0,166.0,22.0,18.0,16.0,18.0,3.0,15.0,10.0,285.0,16.0,35.0,28.0,309.0,18.0,469.0,220.0,67.0,12.0,21.0,13.0,12.0,3.0,11.0,14.0,16.0,1.0,2.0,2.0,15.0,4.0,23.0,17.0,17.0,4.0,4.0,1.0,3.0,0.0,5.0,1.0,13.0,4.0,5.0,2.0,14.0,7.0,34.0,28.0,117.0,10.0,28.0,6.0,8.0,2.0,8.0,15.0,17.0,6.0,6.0,7.0,19.0,3.0,20.0,26.0,179.0,18.0,21.0,12.0,20.0,3.0,14.0,19.0,333.0,24.0,26.0,27.0,341.0,21.0,289.0,211.0,88.0,127.0,30.0,223.0,12.0,18.0,26.0,285.0,16.0,17.0,6.0,28.0,11.0,12.0,13.0,274.0,20.0,16.0,4.0,12.0,2.0,4.0,3.0,21.0,23.0,20.0,4.0,14.0,17.0,17.0,21.0,224.0,27.0,50.0,6.0,30.0,3.0,1.0,8.0,18.0,8.0,2.0,3.0,10.0,1.0,6.0,4.0,26.0,40.0,37.0,4.0,37.0,0.0,0.0,7.0,17.0,38.0,18.0,3.0,27.0,26.0,20.0,29.0,138.0,85.0,178.0,24.0,328.0,19.0,20.0,18.0,296.0,11.0,16.0,6.0,27.0,17.0,11.0,23.0,251.0,19.0,20.0,2.0,20.0,1.0,2.0,4.0,17.0,12.0,23.0,2.0,19.0,17.0,7.0,21.0,212.0,362.0,593.0,37.0,421.0,28.0,30.0,23.0,258.0,25.0,19.0,6.0,29.0,27.0,23.0,27.0,199.0,485.0,511.0,23.0,250.0,33.0,29.0,28.0,191.0,437.0,294.0,28.0,193.0,329.0,255.0,248.0,2624.0,1.6665969899665554,0.09891896621168689,0.8956049235391763,0.8758120852163546,2.6442554485786753,25.17332528218081,3.0712672060523274,0.07864616323997022,0.8308331147216002,0.7704704705090086,2.878292971169629,23.69014526112109,nv
78.0,10.0,10.0,5.0,13.0,1.0,7.0,7.0,1.0,2.0,1.0,2.0,8.0,2.0,11.0,17.0,13.0,2.0,2.0,0.0,0.0,0.0,1.0,2.0,6.0,1.0,6.0,1.0,18.0,2.0,16.0,19.0,12.0,4.0,5.0,1.0,2.0,0.0,1.0,1.0,4.0,1.0,2.0,1.0,1.0,0.0,7.0,3.0,5.0,0.0,1.0,0.0,3.0,0.0,1.0,1.0,7.0,0.0,1.0,4.0,18.0,2.0,20.0,11.0,9.0,2.0,1.0,1.0,5.0,1.0,0.0,1.0,2.0,0.0,0.0,0.0,1.0,0.0,1.0,2.0,6.0,1.0,0.0,0.0,0.0,0.0,0.0,0.0,3.0,0.0,0.0,2.0,4.0,0.0,1.0,0.0,4.0,2.0,1.0,0.0,2.0,1.0,2.0,1.0,5.0,0.0,0.0,0.0,0.0,0.0,0.0,0.0,9.0,2.0,3.0,2.0,0.0,0.0,0.0,0.0,6.0,0.0,1.0,1.0,11.0,1.0,6.0,5.0,7.0,3.0,1.0,6.0,2.0,0.0,2.0,12.0,2.0,0.0,2.0,2.0,0.0,0.0,2.0,19.0,0.0,1.0,0.0,2.0,0.0,1.0,1.0,1.0,1.0,0.0,0.0,0.0,1.0,1.0,3.0,11.0,0.0,2.0,0.0,3.0,0.0,0.0,1.0,2.0,0.0,1.0,0.0,0.0,0.0,0.0,2.0,1.0,4.0,1.0,1.0,0.0,3.0,0.0,0.0,2.0,1.0,2.0,1.0,0.0,0.0,0.0,0.0,8.0,7.0,9.0,3.0,15.0,1.0,0.0,2.0,10.0,0.0,3.0,1.0,2.0,2.0,0.0,0.0,6.0,1.0,0.0,0.0,3.0,0.0,0.0,0.0,0.0,1.0,2.0,0.0,0.0,0.0,3.0,1.0,14.0,8.0,25.0,3.0,11.0,0.0,2.0,2.0,5.0,2.0,1.0,1.0,3.0,2.0,2.0,2.0,8.0,24.0,10.0,1.0,12.0,1.0,3.0,1.0,4.0,17.0,9.0,3.0,10.0,4.0,13.0,7.0,305.0,3.683734939759036,0.06948539640489672,0.750608844743007,0.7888790305819515,3.068006767192394,31.213177005209594,7.669885641677256,0.04893515820133068,0.6208826171978493,0.5774983363554093,3.378518809722163,28.63712236162931,vasc
60.0,7.0,14.0,4.0,2.0,2.0,9.0,8.0,6.0,0.0,0.0,0.0,5.0,2.0,7.0,20.0,7.0,2.0,1.0,0.0,1.0,0.0,0.0,2.0,7.0,0.0,2.0,2.0,9.0,0.0,14.0,12.0,8.0,2.0,2.0,2.0,3.0,0.0,2.0,0.0,2.0,0.0,0.0,0.0,0.0,1.0,2.0,1.0,7.0,1.0,1.0,0.0,2.0,0.0,1.0,0.0,12.0,0.0,5.0,1.0,26.0,0.0,14.0,6.0,8.0,0.0,0.0,1.0,0.0,0.0,1.0,1.0,1.0,0.0,1.0,0.0,2.0,0.0,1.0,1.0,2.0,0.0,0.0,0.0,1.0,0.0,0.0,0.0,0.0,0.0,1.0,0.0,3.0,0.0,1.0,0.0,2.0,1.0,1.0,1.0,1.0,0.0,2.0,2.0,1.0,1.0,0.0,1.0,0.0,1.0,0.0,1.0,13.0,0.0,3.0,0.0,0.0,0.0,0.0,0.0,18.0,1.0,2.0,1.0,20.0,1.0,6.0,8.0,7.0,4.0,4.0,8.0,1.0,0.0,2.0,22.0,2.0,3.0,1.0,4.0,1.0,0.0,2.0,20.0,0.0,2.0,0.0,2.0,1.0,0.0,0.0,3.0,2.0,1.0,0.0,0.0,1.0,2.0,1.0,5.0,2.0,1.0,1.0,0.0,0.0,0.0,0.0,2.0,0.0,0.0,0.0,0.0,0.0,0.0,0.0,3.0,0.0,3.0,1.0,0.0,0.0,0.0,0.0,1.0,4.0,0.0,1.0,0.0,2.0,1.0,0.0,6.0,6.0,9.0,0.0,19.0,0.0,1.0,1.0,17.0,0.0,2.0,0.0,2.0,0.0,0.0,0.0,4.0,1.0,0.0,0.0,0.0,0.0,0.0,1.0,1.0,0.0,2.0,0.0,1.0,1.0,0.0,0.0,6.0,4.0,11.0,0.0,17.0,1.0,0.0,1.0,9.0,0.0,0.0,0.0,0.0,1.0,0.0,1.0,5.0,16.0,13.0,2.0,2.0,0.0,2.0,2.0,6.0,20.0,4.0,1.0,8.0,10.0,9.0,13.0,416.0,4.147896195515243,0.09052352126054275,0.7809342622477244,0.8200875356156061,2.8802285699441,41.962263094538244,8.414367516918272,0.06513239921186717,0.6480307838140378,0.6255873626852402,3.2306518148632266,36.532659791054286,vasc
78.0,15.0,12.0,7.0,13.0,4.0,9.0,8.0,10.0,0.0,1.0,3.0,7.0,2.0,8.0,16.0,13.0,1.0,6.0,0.0,3.0,0.0,0.0,2.0,2.0,2.0,4.0,0.0,9.0,1.0,15.0,6.0,7.0,3.0,6.0,0.0,2.0,0.0,0.0,1.0,2.0,0.0,0.0,0.0,3.0,1.0,3.0,2.0,4.0,0.0,1.0,0.0,0.0,2.0,1.0,1.0,5.0,0.0,3.0,2.0,16.0,0.0,13.0,13.0,14.0,0.0,4.0,0.0,2.0,0.0,1.0,1.0,1.0,0.0,1.0,2.0,2.0,0.0,0.0,2.0,2.0,0.0,0.0,0.0,0.0,0.0,0.0,1.0,1.0,2.0,1.0,0.0,3.0,0.0,4.0,2.0,8.0,3.0,1.0,0.0,1.0,0.0,2.0,0.0,3.0,0.0,1.0,0.0,1.0,0.0,2.0,3.0,7.0,2.0,1.0,1.0,1.0,1.0,0.0,0.0,14.0,1.0,2.0,1.0,8.0,1.0,4.0,5.0,5.0,5.0,3.0,8.0,0.0,1.0,4.0,11.0,1.0,1.0,0.0,2.0,0.0,1.0,3.0,11.0,1.0,1.0,0.0,0.0,0.0,0.0,0.0,1.0,0.0,0.0,1.0,1.0,1.0,2.0,3.0,12.0,0.0,7.0,3.0,0.0,0.0,0.0,0.0,3.0,1.0,0.0,0.0,1.0,0.0,0.0,1.0,4.0,1.0,1.0,2.0,3.0,0.0,1.0,0.0,1.0,2.0,0.0,0.0,0.0,0.0,4.0,2.0,10.0,7.0,14.0,1.0,14.0,0.0,3.0,2.0,10.0,2.0,0.0,0.0,0.0,0.0,0.0,1.0,6.0,3.0,1.0,1.0,2.0,0.0,0.0,0.0,5.0,0.0,1.0,0.0,3.0,1.0,4.0,1.0,7.0,13.0,23.0,4.0,19.0,2.0,1.0,0.0,5.0,2.0,2.0,0.0,2.0,3.0,2.0,2.0,11.0,21.0,14.0,3.0,11.0,0.0,1.0,1.0,3.0,10.0,14.0,2.0,12.0,7.0,13.0,7.0,303.0,3.7226405622489946,0.06750810974822989,0.7407237159927117,0.7880712907187497,3.103097626731168,31.408423793063786,7.701143583227449,0.04878787927713528,0.6166427948874434,0.5785866082114937,3.398356743913723,28.847972953118404,vasc
1077.0,194.0,262.0,129.0,189.0,38.0,140.0,81.0,143.0,35.0,58.0,38.0,111.0,36.0,161.0,106.0,197.0,41.0,72.0,30.0,50.0,20.0,37.0,25.0,142.0,25.0,68.0,46.0,193.0,43.0,241.0,156.0,256.0,62.0,50.0,34.0,53.0,17.0,34.0,20.0,44.0,9.0,20.0,14.0,59.0,13.0,64.0,38.0,149.0,29.0,29.0,23.0,53.0,7.0,31.0,30.0,129.0,30.0,61.0,34.0,193.0,52.0,224.0,194.0,184.0,57.0,44.0,32.0,33.0,18.0,27.0,24.0,26.0,7.0,18.0,16.0,21.0,8.0,38.0,24.0,44.0,15.0,25.0,12.0,18.0,5.0,12.0,11.0,31.0,12.0,21.0,12.0,43.0,24.0,77.0,76.0,93.0,41.0,27.0,30.0,14.0,18.0,19.0,21.0,34.0,16.0,7.0,15.0,42.0,8.0,31.0,33.0,84.0,33.0,20.0,24.0,32.0,11.0,21.0,16.0,84.0,30.0,20.0,33.0,134.0,57.0,208.0,217.0,126.0,125.0,48.0,162.0,38.0,27.0,43.0,100.0,20.0,24.0,10.0,29.0,20.0,19.0,31.0,95.0,35.0,29.0,11.0,35.0,9.0,10.0,6.0,26.0,21.0,20.0,15.0,31.0,21.0,41.0,34.0,173.0,58.0,70.0,23.0,50.0,18.0,14.0,9.0,41.0,8.0,12.0,5.0,12.0,17.0,23.0,18.0,59.0,37.0,42.0,13.0,35.0,15.0,15.0,4.0,37.0,25.0,40.0,20.0,44.0,37.0,72.0,76.0,238.0,100.0,164.0,45.0,197.0,24.0,39.0,34.0,178.0,14.0,16.0,16.0,36.0,14.0,28.0,36.0,182.0,34.0,39.0,10.0,36.0,6.0,20.0,13.0,53.0,17.0,17.0,23.0,49.0,30.0,46.0,67.0,337.0,155.0,207.0,45.0,194.0,33.0,59.0,38.0,190.0,16.0,35.0,17.0,55.0,29.0,68.0,45.0,296.0,110.0,150.0,41.0,154.0,36.0,63.0,24.0,140.0,91.0,122.0,48.0,224.0,164.0,322.0,269.0,2650.0,1.2282621865029686,0.17898514163382045,0.8414849172806143,0.810607193330826,2.2058638351472717,11.742264076920128,2.3061864166340165,0.15541925141476937,0.7940271731773599,0.6687910802989037,2.352560159600398,11.619685016510129,mel
1424.0,188.0,156.0,129.0,189.0,75.0,115.0,158.0,217.0,54.0,44.0,53.0,102.0,36.0,92.0,144.0,153.0,35.0,29.0,25.0,64.0,24.0,33.0,38.0,98.0,26.0,30.0,24.0,88.0,29.0,87.0,110.0,143.0,24.0,17.0,13.0,30.0,10.0,26.0,29.0,55.0,15.0,11.0,17.0,32.0,20.0,42.0,49.0,100.0,20.0,17.0,7.0,39.0,11.0,23.0,23.0,164.0,39.0,26.0,33.0,107.0,48.0,101.0,129.0,171.0,55.0,31.0,34.0,48.0,27.0,18.0,65.0,43.0,24.0,7.0,15.0,33.0,20.0,31.0,57.0,64.0,30.0,14.0,15.0,20.0,17.0,15.0,25.0,42.0,14.0,9.0,16.0,30.0,9.0,33.0,73.0,99.0,28.0,17.0,21.0,35.0,17.0,23.0,41.0,55.0,15.0,13.0,15.0,33.0,19.0,34.0,67.0,133.0,36.0,22.0,18.0,41.0,21.0,31.0,48.0,196.0,63.0,42.0,67.0,194.0,70.0,142.0,306.0,219.0,106.0,55.0,151.0,57.0,51.0,52.0,239.0,43.0,31.0,24.0,55.0,30.0,25.0,58.0,218.0,56.0,24.0,19.0,45.0,29.0,11.0,23.0,71.0,46.0,27.0,12.0,37.0,31.0,25.0,42.0,158.0,44.0,28.0,17.0,33.0,12.0,16.0,9.0,51.0,21.0,15.0,12.0,29.0,18.0,15.0,28.0,119.0,43.0,19.0,14.0,27.0,17.0,13.0,19.0,75.0,42.0,35.0,22.0,46.0,42.0,39.0,79.0,341.0,99.0,70.0,36.0,126.0,17.0,33.0,36.0,192.0,37.0,26.0,20.0,45.0,26.0,21.0,38.0,197.0,31.0,24.0,19.0,31.0,17.0,14.0,14.0,67.0,37.0,24.0,14.0,47.0,15.0,21.0,43.0,217.0,105.0,75.0,32.0,102.0,24.0,26.0,38.0,167.0,48.0,27.0,21.0,76.0,23.0,39.0,53.0,295.0,140.0,124.0,44.0,143.0,50.0,57.0,59.0,294.0,194.0,154.0,111.0,257.0,152.0,174.0,286.0,3325.0,1.427362882529693,0.1720552848942282,0.8185875322873476,0.7941744512729315,2.3648396421904003,12.44227469509117,2.2757032982711,0.15311065424222164,0.7777408825513237,0.6695508690083328,2.481365586387083,11.497692270612925,mel
783.0,103.0,161.0,130.0,109.0,31.0,124.0,195.0,180.0,27.0,43.0,40.0,145.0,22.0,230.0,280.0,90.0,15.0,19.0,15.0,15.0,3.0,25.0,27.0,146.0,16.0,30.0,34.0,113.0,18.0,200.0,282.0,154.0,19.0,20.0,17.0,24.0,7.0,21.0,19.0,40.0,2.0,4.0,4.0,29.0,5.0,30.0,36.0,102.0,21.0,17.0,31.0,12.0,4.0,14.0,27.0,179.0,32.0,19.0,35.0,124.0,31.0,165.0,205.0,110.0,21.0,23.0,10.0,11.0,6.0,18.0,12.0,22.0,6.0,6.0,7.0,23.0,4.0,25.0,43.0,18.0,2.0,4.0,3.0,2.0,0.0,3.0,8.0,22.0,5.0,5.0,4.0,19.0,5.0,27.0,38.0,125.0,20.0,15.0,19.0,20.0,3.0,19.0,19.0,52.0,4.0,3.0,10.0,22.0,4.0,25.0,33.0,136.0,31.0,26.0,24.0,13.0,2.0,23.0,37.0,220.0,38.0,25.0,40.0,175.0,24.0,195.0,256.0,192.0,138.0,39.0,212.0,33.0,22.0,41.0,259.0,49.0,36.0,13.0,36.0,43.0,27.0,43.0,269.0,24.0,36.0,7.0,26.0,3.0,3.0,8.0,43.0,29.0,22.0,8.0,27.0,16.0,20.0,22.0,209.0,35.0,26.0,9.0,24.0,5.0,4.0,5.0,36.0,7.0,6.0,2.0,7.0,7.0,8.0,6.0,24.0,41.0,25.0,3.0,39.0,5.0,5.0,5.0,36.0,27.0,21.0,5.0,21.0,21.0,28.0,19.0,159.0,141.0,135.0,21.0,170.0,24.0,15.0,28.0,220.0,29.0,25.0,3.0,30.0,24.0,22.0,26.0,217.0,17.0,18.0,3.0,19.0,1.0,4.0,3.0,38.0,29.0,11.0,5.0,23.0,19.0,22.0,37.0,228.0,207.0,216.0,28.0,216.0,33.0,36.0,27.0,168.0,45.0,36.0,7.0,22.0,20.0,21.0,27.0,156.0,235.0,242.0,24.0,202.0,33.0,43.0,39.0,297.0,246.0,185.0,19.0,162.0,164.0,203.0,135.0,2669.0,1.545466726217061,0.19864066184186127,0.870571087732214,0.8410027323770315,2.15478827891469,17.89470038258935,2.8312129557564516,0.16898981345614178,0.8144653494737504,0.7099527709934892,2.333887378804088,16.691214239663513,mel
263.0,35.0,79.0,30.0,37.0,8.0,35.0,26.0,16.0,1.0,7.0,11.0,40.0,5.0,42.0,24.0,42.0,4.0,14.0,8.0,9.0,0.0,12.0,7.0,36.0,4.0,14.0,5.0,82.0,5.0,131.0,55.0,88.0,19.0,37.0,11.0,10.0,2.0,6.0,8.0,10.0,1.0,4.0,1.0,18.0,1.0,9.0,11.0,32.0,3.0,5.0,3.0,11.0,1.0,10.0,0.0,35.0,4.0,13.0,5.0,107.0,13.0,127.0,49.0,34.0,12.0,20.0,9.0,5.0,0.0,4.0,2.0,4.0,0.0,2.0,1.0,7.0,1.0,3.0,9.0,8.0,1.0,2.0,1.0,2.0,1.0,0.0,4.0,6.0,1.0,3.0,2.0,12.0,1.0,12.0,13.0,40.0,6.0,6.0,3.0,1.0,0.0,4.0,5.0,9.0,1.0,1.0,0.0,6.0,3.0,1.0,5.0,24.0,7.0,6.0,6.0,3.0,2.0,2.0,2.0,35.0,5.0,12.0,1.0,50.0,14.0,56.0,45.0,20.0,36.0,7.0,58.0,2.0,5.0,11.0,43.0,0.0,5.0,3.0,6.0,8.0,2.0,3.0,46.0,3.0,4.0,3.0,6.0,1.0,1.0,3.0,4.0,6.0,5.0,2.0,2.0,5.0,5.0,13.0,55.0,9.0,8.0,1.0,17.0,5.0,2.0,1.0,8.0,3.0,2.0,0.0,3.0,1.0,1.0,2.0,10.0,6.0,5.0,2.0,2.0,1.0,1.0,1.0,6.0,6.0,5.0,1.0,6.0,15.0,13.0,14.0,44.0,31.0,88.0,20.0,125.0,4.0,9.0,5.0,71.0,0.0,9.0,2.0,7.0,3.0,8.0,5.0,52.0,8.0,9.0,5.0,9.0,1.0,1.0,0.0,7.0,4.0,9.0,5.0,6.0,5.0,13.0,6.0,74.0,47.0,122.0,11.0,114.0,7.0,11.0,3.0,53.0,4.0,7.0,3.0,13.0,6.0,6.0,6.0,45.0,44.0,61.0,7.0,61.0,2.0,12.0,5.0,28.0,47.0,49.0,5.0,56.0,52.0,76.0,52.0,812.0,1.325494415411415,0.06519198712120203,0.7727018077506552,0.8257001611401354,3.012769992515926,13.883864630262753,2.622178504866431,0.050202374993680104,0.6726248322751722,0.653045988014435,3.2782832719000425,12.493245524157494,nv
275.0,42.0,82.0,32.0,34.0,9.0,30.0,22.0,28.0,4.0,7.0,4.0,38.0,11.0,43.0,52.0,36.0,8.0,14.0,4.0,12.0,1.0,9.0,7.0,41.0,5.0,16.0,7.0,70.0,4.0,115.0,61.0,73.0,13.0,36.0,9.0,26.0,4.0,8.0,7.0,8.0,3.0,2.0,3.0,19.0,4.0,10.0,4.0,39.0,9.0,9.0,3.0,11.0,0.0,8.0,4.0,46.0,8.0,17.0,2.0,114.0,12.0,103.0,57.0,41.0,10.0,12.0,11.0,6.0,3.0,2.0,6.0,1.0,2.0,4.0,1.0,3.0,1.0,5.0,1.0,8.0,2.0,3.0,2.0,0.0,0.0,0.0,1.0,6.0,0.0,3.0,0.0,8.0,4.0,13.0,11.0,31.0,10.0,10.0,10.0,5.0,0.0,7.0,3.0,8.0,1.0,2.0,1.0,7.0,1.0,3.0,6.0,23.0,6.0,5.0,0.0,4.0,4.0,2.0,2.0,41.0,5.0,7.0,9.0,61.0,4.0,53.0,25.0,21.0,27.0,9.0,37.0,3.0,5.0,10.0,23.0,2.0,5.0,3.0,8.0,2.0,2.0,6.0,45.0,2.0,3.0,3.0,4.0,1.0,1.0,1.0,7.0,3.0,4.0,0.0,10.0,11.0,9.0,9.0,43.0,12.0,16.0,4.0,13.0,0.0,6.0,2.0,11.0,1.0,0.0,0.0,3.0,1.0,4.0,4.0,8.0,10.0,6.0,1.0,3.0,1.0,1.0,3.0,3.0,5.0,4.0,1.0,5.0,9.0,10.0,14.0,52.0,32.0,82.0,17.0,97.0,9.0,16.0,8.0,44.0,6.0,7.0,2.0,11.0,2.0,8.0,8.0,56.0,6.0,4.0,4.0,13.0,0.0,0.0,3.0,13.0,2.0,8.0,0.0,13.0,6.0,13.0,9.0,75.0,38.0,115.0,11.0,120.0,8.0,12.0,2.0,51.0,6.0,11.0,3.0,14.0,5.0,14.0,5.0,44.0,23.0,54.0,8.0,49.0,10.0,11.0,4.0,48.0,39.0,56.0,10.0,46.0,51.0,85.0,46.0,860.0,1.1618588922477837,0.07439682158214223,0.7844077081049978,0.8211015511059192,2.883945245017569,11.827173706192225,2.2713198363796407,0.05833490345203655,0.6896827552666199,0.6480600465857455,3.1315107920641627,10.636108344734895,nv
150.0,23.0,59.0,27.0,24.0,4.0,33.0,23.0,15.0,1.0,11.0,5.0,25.0,1.0,54.0,63.0,14.0,5.0,19.0,4.0,6.0,1.0,5.0,2.0,26.0,4.0,18.0,9.0,65.0,3.0,219.0,80.0,70.0,14.0,11.0,8.0,9.0,3.0,7.0,4.0,3.0,0.0,1.0,0.0,13.0,1.0,11.0,5.0,32.0,5.0,6.0,5.0,4.0,1.0,5.0,4.0,39.0,2.0,16.0,2.0,84.0,6.0,117.0,41.0,12.0,1.0,5.0,0.0,1.0,0.0,4.0,8.0,3.0,0.0,1.0,0.0,4.0,0.0,3.0,7.0,1.0,0.0,1.0,0.0,1.0,0.0,2.0,0.0,3.0,0.0,1.0,1.0,6.0,1.0,9.0,8.0,39.0,5.0,6.0,3.0,3.0,0.0,4.0,2.0,3.0,1.0,0.0,0.0,3.0,0.0,3.0,3.0,33.0,6.0,2.0,3.0,2.0,2.0,1.0,1.0,51.0,3.0,2.0,5.0,54.0,8.0,30.0,14.0,12.0,29.0,4.0,62.0,2.0,7.0,4.0,43.0,1.0,0.0,2.0,7.0,3.0,4.0,4.0,45.0,0.0,4.0,0.0,6.0,2.0,0.0,0.0,2.0,6.0,5.0,0.0,4.0,1.0,3.0,10.0,42.0,6.0,17.0,1.0,11.0,0.0,1.0,0.0,3.0,0.0,0.0,0.0,0.0,1.0,0.0,1.0,3.0,3.0,10.0,1.0,4.0,0.0,1.0,1.0,1.0,6.0,7.0,0.0,0.0,4.0,6.0,6.0,34.0,32.0,77.0,9.0,101.0,3.0,4.0,7.0,68.0,1.0,3.0,1.0,5.0,6.0,5.0,4.0,48.0,2.0,3.0,1.0,13.0,0.0,1.0,0.0,1.0,4.0,5.0,0.0,5.0,2.0,8.0,4.0,50.0,78.0,183.0,8.0,113.0,0.0,8.0,5.0,50.0,2.0,6.0,2.0,4.0,3.0,11.0,5.0,38.0,54.0,95.0,5.0,41.0,3.0,7.0,3.0,26.0,53.0,45.0,7.0,28.0,66.0,63.0,25.0,944.0,1.284457478005865,0.07125630764894551,0.7975271746049738,0.8119697093469912,2.909575349163421,12.377782510509672,2.3863649584084703,0.052698599641232934,0.6839219096181186,0.6434961109497553,3.219122293246492,11.001230698771812,nv
478.0,71.0,141.0,93.0,58.0,11.0,78.0,68.0,64.0,3.0,28.0,12.0,60.0,10.0,105.0,88.0,78.0,10.0,21.0,15.0,21.0,1.0,17.0,3.0,78.0,7.0,21.0,11.0,123.0,20.0,219.0,123.0,134.0,23.0,33.0,20.0,22.0,4.0,11.0,12.0,23.0,1.0,9.0,5.0,22.0,4.0,21.0,12.0,74.0,10.0,16.0,12.0,20.0,1.0,10.0,10.0,121.0,12.0,32.0,14.0,184.0,34.0,188.0,99.0,69.0,29.0,11.0,14.0,7.0,3.0,7.0,6.0,10.0,2.0,5.0,6.0,5.0,2.0,14.0,19.0,10.0,4.0,6.0,2.0,3.0,0.0,5.0,2.0,12.0,1.0,1.0,4.0,24.0,3.0,39.0,25.0,63.0,13.0,14.0,7.0,8.0,3.0,11.0,10.0,9.0,1.0,1.0,2.0,11.0,3.0,11.0,16.0,61.0,14.0,9.0,10.0,11.0,6.0,4.0,6.0,66.0,12.0,17.0,11.0,123.0,17.0,116.0,79.0,70.0,65.0,19.0,87.0,9.0,14.0,15.0,68.0,8.0,10.0,3.0,12.0,7.0,14.0,10.0,86.0,6.0,10.0,2.0,10.0,1.0,8.0,0.0,12.0,7.0,12.0,5.0,9.0,15.0,3.0,17.0,108.0,29.0,34.0,5.0,24.0,1.0,2.0,1.0,17.0,3.0,6.0,0.0,3.0,2.0,2.0,10.0,11.0,17.0,11.0,3.0,8.0,1.0,3.0,5.0,14.0,12.0,13.0,6.0,13.0,12.0,21.0,22.0,92.0,67.0,133.0,18.0,168.0,10.0,19.0,7.0,73.0,9.0,10.0,1.0,11.0,9.0,13.0,15.0,97.0,14.0,14.0,5.0,31.0,1.0,6.0,4.0,22.0,11.0,11.0,3.0,18.0,12.0,23.0,26.0,154.0,117.0,249.0,21.0,200.0,18.0,47.0,8.0,98.0,8.0,20.0,2.0,22.0,12.0,22.0,20.0,115.0,80.0,136.0,12.0,106.0,9.0,17.0,8.0,75.0,76.0,96.0,15.0,105.0,113.0,141.0,121.0,1228.0,1.4562899216933483,0.06486994025891078,0.815821458815737,0.8806718638269702,3.039874047652121,22.951866752800797,2.9182691014711017,0.04935960787888669,0.7318799416054523,0.7646969387503387,3.284899286428173,21.88607544018162,mel
373.0,51.0,107.0,62.0,54.0,9.0,96.0,125.0,48.0,8.0,16.0,15.0,73.0,8.0,113.0,109.0,31.0,5.0,6.0,5.0,6.0,1.0,9.0,10.0,55.0,4.0,14.0,12.0,129.0,11.0,167.0,110.0,114.0,11.0,23.0,14.0,7.0,3.0,10.0,8.0,21.0,2.0,0.0,2.0,33.0,0.0,17.0,13.0,79.0,5.0,10.0,10.0,13.0,0.0,5.0,10.0,201.0,20.0,15.0,17.0,408.0,24.0,247.0,132.0,56.0,10.0,20.0,13.0,6.0,2.0,19.0,16.0,8.0,2.0,1.0,3.0,13.0,0.0,7.0,17.0,10.0,1.0,3.0,2.0,1.0,0.0,1.0,0.0,10.0,1.0,3.0,1.0,12.0,1.0,13.0,11.0,97.0,5.0,15.0,12.0,15.0,2.0,14.0,11.0,12.0,0.0,2.0,0.0,27.0,2.0,14.0,5.0,89.0,9.0,4.0,9.0,10.0,1.0,8.0,8.0,220.0,23.0,7.0,6.0,258.0,16.0,132.0,88.0,56.0,97.0,26.0,202.0,10.0,12.0,13.0,257.0,10.0,5.0,3.0,18.0,9.0,7.0,11.0,167.0,4.0,8.0,3.0,16.0,0.0,1.0,1.0,15.0,10.0,4.0,0.0,8.0,6.0,11.0,20.0,119.0,18.0,20.0,3.0,16.0,1.0,2.0,4.0,14.0,3.0,1.0,1.0,3.0,3.0,3.0,2.0,17.0,11.0,13.0,3.0,15.0,1.0,3.0,1.0,9.0,14.0,10.0,4.0,13.0,14.0,19.0,11.0,107.0,81.0,108.0,36.0,342.0,7.0,7.0,19.0,253.0,9.0,13.0,5.0,11.0,6.0,18.0,13.0,144.0,13.0,18.0,3.0,25.0,0.0,1.0,3.0,22.0,5.0,12.0,2.0,22.0,7.0,8.0,15.0,141.0,137.0,163.0,18.0,183.0,17.0,17.0,18.0,126.0,17.0,9.0,3.0,18.0,10.0,14.0,13.0,108.0,105.0,116.0,15.0,133.0,7.0,12.0,2.0,115.0,101.0,137.0,12.0,113.0,128.0,148.0,78.0,1685.0,1.6301254051007468,0.0730747105401696,0.8508961223399066,0.8758245053571643,2.906780730166923,24.625061413996676,3.001134939588112,0.05467874104879072,0.7651836823758359,0.7711536290949841,3.171497874939202,23.22724637770837,mel
703.0,65.0,102.0,45.0,73.0,24.0,62.0,44.0,77.0,13.0,25.0,15.0,53.0,14.0,81.0,55.0,84.0,6.0,17.0,8.0,17.0,6.0,12.0,24.0,65.0,6.0,16.0,12.0,122.0,15.0,135.0,101.0,81.0,17.0,36.0,12.0,21.0,7.0,13.0,17.0,27.0,3.0,13.0,5.0,14.0,5.0,25.0,13.0,64.0,12.0,15.0,5.0,14.0,2.0,8.0,15.0,106.0,11.0,31.0,13.0,195.0,34.0,184.0,101.0,77.0,29.0,18.0,16.0,14.0,9.0,13.0,12.0,8.0,5.0,8.0,7.0,12.0,7.0,16.0,20.0,18.0,10.0,5.0,8.0,4.0,4.0,9.0,7.0,13.0,3.0,3.0,6.0,30.0,8.0,26.0,20.0,52.0,24.0,7.0,14.0,14.0,1.0,11.0,7.0,12.0,4.0,10.0,5.0,13.0,2.0,12.0,20.0,55.0,12.0,10.0,10.0,25.0,2.0,12.0,8.0,103.0,21.0,19.0,13.0,142.0,31.0,103.0,84.0,54.0,61.0,22.0,90.0,13.0,9.0,14.0,88.0,9.0,7.0,8.0,16.0,10.0,6.0,8.0,79.0,15.0,9.0,8.0,2.0,4.0,2.0,3.0,19.0,8.0,5.0,2.0,16.0,14.0,15.0,26.0,70.0,18.0,14.0,10.0,21.0,2.0,3.0,3.0,14.0,2.0,3.0,2.0,7.0,3.0,9.0,11.0,22.0,12.0,8.0,8.0,13.0,1.0,4.0,5.0,14.0,20.0,14.0,9.0,16.0,31.0,22.0,52.0,119.0,60.0,130.0,29.0,211.0,9.0,22.0,11.0,129.0,8.0,14.0,3.0,29.0,5.0,15.0,10.0,71.0,13.0,23.0,7.0,29.0,6.0,8.0,3.0,25.0,9.0,14.0,8.0,21.0,8.0,26.0,28.0,129.0,73.0,140.0,22.0,202.0,12.0,20.0,11.0,108.0,14.0,22.0,3.0,53.0,13.0,17.0,16.0,125.0,55.0,84.0,16.0,91.0,17.0,26.0,4.0,77.0,70.0,87.0,18.0,121.0,101.0,107.0,150.0,1690.0,2.0275295511318276,0.05770015746317041,0.7890635158514021,0.8582117538972246,3.201338132882993,26.57187282333827,3.6467426583231624,0.045645883795693155,0.7151785842139042,0.7429406949318038,3.390903439099246,24.726030366607446,mel
938.0,124.0,333.0,186.0,118.0,39.0,190.0,181.0,158.0,26.0,51.0,46.0,137.0,31.0,228.0,273.0,149.0,8.0,42.0,26.0,28.0,4.0,30.0,27.0,159.0,24.0,55.0,36.0,160.0,32.0,294.0,312.0,318.0,38.0,82.0,41.0,41.0,6.0,50.0,45.0,45.0,8.0,6.0,15.0,66.0,18.0,41.0,32.0,160.0,35.0,47.0,25.0,27.0,7.0,36.0,23.0,276.0,41.0,50.0,30.0,316.0,42.0,379.0,259.0,127.0,33.0,50.0,27.0,17.0,4.0,37.0,19.0,29.0,4.0,10.0,2.0,25.0,3.0,48.0,33.0,22.0,6.0,12.0,3.0,11.0,2.0,4.0,2.0,37.0,6.0,11.0,9.0,37.0,3.0,45.0,43.0,174.0,33.0,30.0,32.0,26.0,6.0,30.0,20.0,23.0,5.0,6.0,17.0,34.0,7.0,40.0,33.0,174.0,23.0,40.0,35.0,26.0,5.0,20.0,16.0,252.0,40.0,65.0,38.0,293.0,53.0,299.0,243.0,166.0,180.0,52.0,269.0,35.0,19.0,39.0,286.0,35.0,34.0,6.0,34.0,29.0,24.0,35.0,318.0,27.0,14.0,6.0,30.0,7.0,6.0,6.0,29.0,32.0,19.0,5.0,50.0,35.0,34.0,32.0,286.0,40.0,75.0,14.0,53.0,7.0,15.0,7.0,48.0,10.0,12.0,0.0,9.0,7.0,12.0,10.0,57.0,36.0,32.0,6.0,32.0,4.0,7.0,11.0,29.0,36.0,27.0,12.0,41.0,41.0,69.0,37.0,250.0,139.0,218.0,56.0,374.0,16.0,36.0,32.0,319.0,22.0,31.0,15.0,39.0,26.0,33.0,32.0,306.0,35.0,30.0,10.0,51.0,5.0,5.0,7.0,33.0,34.0,31.0,14.0,67.0,30.0,39.0,49.0,489.0,237.0,406.0,64.0,427.0,30.0,53.0,42.0,282.0,36.0,44.0,13.0,50.0,33.0,54.0,46.0,280.0,239.0,304.0,46.0,296.0,40.0,45.0,23.0,258.0,278.0,286.0,50.0,237.0,328.0,470.0,303.0,3314.0,0.8357964747505874,0.13029572218786803,0.8883077700630355,0.8662192693697839,2.448416260207559,11.659223859094254,1.601377428090151,0.11130414606116376,0.8416093787130602,0.7515340514854374,2.6189072843318844,11.288738401977342,nv
938.0,127.0,318.0,174.0,149.0,22.0,160.0,174.0,158.0,29.0,45.0,23.0,159.0,37.0,276.0,252.0,118.0,17.0,41.0,26.0,28.0,11.0,27.0,26.0,137.0,25.0,66.0,34.0,160.0,37.0,316.0,293.0,333.0,50.0,82.0,30.0,42.0,12.0,47.0,40.0,51.0,10.0,6.0,6.0,55.0,11.0,50.0,65.0,190.0,37.0,50.0,30.0,30.0,4.0,36.0,20.0,228.0,48.0,41.0,40.0,294.0,45.0,379.0,299.0,124.0,33.0,38.0,33.0,8.0,6.0,35.0,23.0,26.0,4.0,8.0,5.0,24.0,6.0,41.0,40.0,39.0,4.0,6.0,6.0,4.0,2.0,7.0,5.0,31.0,3.0,18.0,7.0,32.0,3.0,42.0,53.0,186.0,27.0,41.0,32.0,26.0,3.0,25.0,35.0,46.0,2.0,15.0,17.0,36.0,9.0,30.0,38.0,181.0,19.0,45.0,20.0,27.0,2.0,23.0,16.0,273.0,33.0,32.0,33.0,312.0,43.0,259.0,243.0,166.0,139.0,40.0,237.0,27.0,35.0,36.0,239.0,35.0,22.0,10.0,36.0,32.0,34.0,36.0,278.0,35.0,16.0,7.0,30.0,7.0,5.0,4.0,40.0,29.0,26.0,7.0,33.0,35.0,30.0,41.0,328.0,52.0,56.0,14.0,64.0,6.0,10.0,6.0,46.0,6.0,15.0,0.0,13.0,5.0,14.0,12.0,50.0,39.0,32.0,7.0,42.0,6.0,7.0,11.0,23.0,35.0,32.0,10.0,46.0,32.0,49.0,37.0,303.0,180.0,218.0,75.0,406.0,14.0,30.0,32.0,304.0,34.0,31.0,12.0,44.0,19.0,31.0,27.0,286.0,19.0,36.0,15.0,53.0,6.0,5.0,7.0,45.0,24.0,33.0,12.0,54.0,34.0,39.0,69.0,470.0,269.0,374.0,53.0,427.0,30.0,51.0,32.0,296.0,34.0,39.0,9.0,50.0,50.0,67.0,41.0,237.0,286.0,319.0,48.0,282.0,29.0,33.0,29.0,258.0,318.0,306.0,57.0,280.0,286.0,489.0,250.0,3314.0,0.8357964747505874,0.13029572218786803,0.8883077700630355,0.8662192693697839,2.448416260207559,11.659223859094254,1.601377428090151,0.11130414606116376,0.8416093787130602,0.7515340514854374,2.6189072843318844,11.288738401977342,nv
972.0,127.0,301.0,181.0,102.0,30.0,221.0,198.0,186.0,22.0,61.0,41.0,166.0,20.0,271.0,264.0,127.0,15.0,41.0,31.0,27.0,3.0,24.0,17.0,148.0,20.0,62.0,45.0,216.0,27.0,386.0,347.0,273.0,43.0,76.0,54.0,41.0,3.0,33.0,37.0,40.0,11.0,16.0,4.0,56.0,14.0,63.0,49.0,173.0,28.0,39.0,40.0,33.0,4.0,34.0,20.0,266.0,25.0,49.0,30.0,426.0,57.0,462.0,301.0,143.0,20.0,41.0,31.0,15.0,4.0,24.0,24.0,23.0,2.0,9.0,4.0,24.0,6.0,37.0,32.0,21.0,11.0,13.0,7.0,7.0,2.0,2.0,3.0,25.0,3.0,8.0,6.0,30.0,6.0,45.0,35.0,192.0,22.0,49.0,30.0,34.0,3.0,33.0,24.0,40.0,4.0,5.0,12.0,25.0,7.0,30.0,27.0,189.0,17.0,38.0,30.0,23.0,8.0,26.0,16.0,266.0,35.0,49.0,30.0,318.0,44.0,287.0,266.0,166.0,155.0,41.0,245.0,18.0,32.0,45.0,310.0,25.0,26.0,5.0,38.0,32.0,26.0,40.0,326.0,29.0,21.0,8.0,34.0,5.0,2.0,2.0,37.0,19.0,21.0,11.0,36.0,37.0,29.0,32.0,299.0,49.0,56.0,9.0,38.0,5.0,14.0,13.0,40.0,8.0,9.0,2.0,10.0,11.0,13.0,9.0,42.0,22.0,48.0,5.0,37.0,11.0,9.0,8.0,39.0,31.0,43.0,12.0,35.0,34.0,65.0,42.0,273.0,169.0,173.0,54.0,326.0,17.0,34.0,28.0,313.0,29.0,26.0,2.0,31.0,25.0,29.0,43.0,315.0,34.0,20.0,9.0,54.0,4.0,8.0,6.0,37.0,25.0,39.0,11.0,49.0,36.0,36.0,64.0,474.0,266.0,337.0,42.0,353.0,34.0,49.0,22.0,274.0,41.0,40.0,14.0,39.0,35.0,63.0,36.0,240.0,285.0,340.0,44.0,302.0,29.0,36.0,50.0,239.0,304.0,305.0,48.0,291.0,298.0,442.0,237.0,3180.0,0.8174033149171274,0.12315997295230709,0.8838953567970655,0.8758788871655028,2.5320018049681603,12.353656728784713,1.5554228813288276,0.10439652636438608,0.8330486184067318,0.769867463699084,2.7144517494117966,11.962204016025613,nv
951.0,123.0,307.0,176.0,129.0,27.0,183.0,136.0,174.0,18.0,45.0,29.0,171.0,27.0,284.0,185.0,132.0,23.0,29.0,27.0,32.0,5.0,39.0,33.0,163.0,19.0,37.0,36.0,234.0,30.0,386.0,254.0,281.0,48.0,65.0,36.0,45.0,9.0,26.0,28.0,46.0,4.0,9.0,4.0,59.0,13.0,42.0,27.0,209.0,22.0,39.0,19.0,30.0,5.0,31.0,19.0,276.0,24.0,53.0,29.0,441.0,57.0,314.0,221.0,163.0,27.0,42.0,23.0,25.0,4.0,30.0,26.0,22.0,10.0,5.0,9.0,29.0,7.0,44.0,34.0,23.0,1.0,10.0,3.0,6.0,4.0,8.0,5.0,22.0,6.0,15.0,8.0,25.0,8.0,59.0,44.0,241.0,44.0,30.0,25.0,21.0,5.0,26.0,25.0,47.0,9.0,1.0,7.0,37.0,3.0,29.0,33.0,180.0,25.0,21.0,27.0,16.0,7.0,25.0,17.0,261.0,44.0,36.0,38.0,243.0,60.0,231.0,213.0,186.0,147.0,55.0,259.0,23.0,28.0,32.0,178.0,22.0,18.0,7.0,34.0,14.0,28.0,37.0,158.0,20.0,21.0,9.0,42.0,3.0,4.0,7.0,26.0,22.0,20.0,8.0,27.0,27.0,28.0,43.0,209.0,44.0,44.0,7.0,40.0,4.0,8.0,7.0,21.0,7.0,0.0,3.0,9.0,5.0,11.0,7.0,35.0,28.0,31.0,8.0,42.0,1.0,2.0,4.0,35.0,31.0,33.0,8.0,42.0,34.0,59.0,28.0,249.0,188.0,217.0,52.0,316.0,21.0,32.0,33.0,198.0,29.0,26.0,5.0,38.0,18.0,28.0,34.0,174.0,29.0,44.0,10.0,64.0,4.0,8.0,10.0,55.0,15.0,32.0,13.0,59.0,40.0,39.0,57.0,370.0,304.0,370.0,43.0,317.0,37.0,52.0,25.0,197.0,26.0,43.0,7.0,39.0,36.0,81.0,26.0,223.0,216.0,258.0,36.0,247.0,36.0,54.0,36.0,213.0,206.0,280.0,42.0,286.0,234.0,406.0,225.0,2345.0,1.1956192627481137,0.06308360218991721,0.828502275631011,0.9018189084032934,3.050839613418475,23.159768181084797,2.292165187186415,0.04950312509787037,0.7579151871724147,0.8148793185952564,3.2693216438245374,22.4718446445933,nv
645.0,89.0,145.0,162.0,72.0,10.0,152.0,260.0,230.0,23.0,37.0,45.0,156.0,17.0,400.0,549.0,76.0,9.0,9.0,20.0,2.0,1.0,21.0,17.0,155.0,15.0,29.0,37.0,173.0,16.0,403.0,416.0,135.0,22.0,21.0,19.0,15.0,4.0,13.0,17.0,36.0,4.0,3.0,1.0,27.0,1.0,21.0,21.0,139.0,12.0,24.0,26.0,17.0,1.0,20.0,21.0,312.0,34.0,29.0,30.0,298.0,15.0,286.0,302.0,82.0,9.0,21.0,13.0,10.0,0.0,18.0,18.0,21.0,4.0,3.0,5.0,18.0,0.0,32.0,43.0,12.0,0.0,2.0,0.0,3.0,0.0,1.0,4.0,11.0,0.0,0.0,0.0,18.0,1.0,29.0,24.0,168.0,11.0,22.0,21.0,15.0,1.0,26.0,13.0,50.0,6.0,4.0,10.0,28.0,3.0,35.0,37.0,243.0,25.0,22.0,29.0,16.0,3.0,23.0,25.0,433.0,43.0,25.0,38.0,273.0,34.0,243.0,274.0,246.0,218.0,26.0,390.0,30.0,19.0,44.0,489.0,29.0,33.0,1.0,48.0,28.0,18.0,32.0,483.0,26.0,21.0,5.0,29.0,5.0,4.0,2.0,36.0,19.0,20.0,3.0,33.0,26.0,18.0,22.0,314.0,45.0,29.0,9.0,32.0,1.0,2.0,2.0,28.0,3.0,4.0,1.0,4.0,3.0,3.0,4.0,22.0,23.0,32.0,3.0,27.0,7.0,6.0,6.0,32.0,32.0,13.0,2.0,30.0,24.0,17.0,21.0,199.0,210.0,245.0,19.0,356.0,16.0,17.0,30.0,373.0,33.0,20.0,4.0,26.0,23.0,25.0,34.0,291.0,19.0,15.0,6.0,29.0,2.0,0.0,4.0,33.0,20.0,15.0,1.0,18.0,17.0,21.0,22.0,221.0,437.0,389.0,32.0,382.0,33.0,32.0,33.0,335.0,37.0,30.0,3.0,18.0,31.0,23.0,17.0,192.0,548.0,450.0,28.0,338.0,34.0,34.0,20.0,308.0,432.0,316.0,21.0,207.0,298.0,222.0,189.0,2885.0,1.1349512568206201,0.07533130096729841,0.8660975393677587,0.8998960661004871,2.8729010738757923,21.540506392224692,2.097750487776885,0.057804573082255825,0.7915442993253238,0.8140427796746115,3.1150673277893737,20.463895509149015,nv
1687.0,184.0,215.0,114.0,164.0,52.0,100.0,120.0,154.0,47.0,58.0,39.0,109.0,38.0,166.0,173.0,196.0,37.0,39.0,27.0,62.0,19.0,40.0,35.0,108.0,24.0,43.0,30.0,184.0,64.0,301.0,242.0,193.0,54.0,31.0,36.0,39.0,13.0,25.0,29.0,38.0,17.0,20.0,16.0,33.0,13.0,43.0,60.0,96.0,22.0,25.0,14.0,42.0,24.0,25.0,27.0,130.0,37.0,47.0,24.0,199.0,57.0,321.0,180.0,184.0,57.0,38.0,31.0,27.0,18.0,27.0,39.0,24.0,13.0,10.0,9.0,20.0,14.0,41.0,56.0,60.0,24.0,12.0,11.0,13.0,3.0,13.0,16.0,31.0,19.0,14.0,13.0,43.0,17.0,90.0,97.0,101.0,40.0,17.0,21.0,30.0,14.0,19.0,24.0,24.0,8.0,16.0,14.0,17.0,13.0,39.0,36.0,108.0,27.0,24.0,18.0,31.0,19.0,29.0,21.0,98.0,46.0,45.0,37.0,133.0,61.0,210.0,197.0,153.0,114.0,46.0,134.0,31.0,40.0,30.0,145.0,22.0,24.0,12.0,44.0,14.0,23.0,37.0,179.0,38.0,28.0,8.0,26.0,10.0,11.0,10.0,55.0,18.0,8.0,16.0,27.0,32.0,23.0,70.0,180.0,51.0,40.0,21.0,55.0,12.0,8.0,11.0,51.0,15.0,15.0,6.0,18.0,10.0,8.0,26.0,62.0,40.0,33.0,13.0,43.0,15.0,15.0,11.0,36.0,37.0,25.0,16.0,52.0,59.0,48.0,116.0,304.0,104.0,205.0,29.0,234.0,18.0,56.0,33.0,166.0,12.0,40.0,12.0,73.0,21.0,34.0,16.0,197.0,25.0,62.0,17.0,65.0,7.0,29.0,13.0,63.0,15.0,28.0,10.0,40.0,25.0,42.0,50.0,259.0,140.0,295.0,40.0,303.0,36.0,83.0,26.0,233.0,41.0,53.0,29.0,111.0,29.0,51.0,48.0,363.0,144.0,198.0,47.0,208.0,56.0,78.0,34.0,216.0,146.0,155.0,72.0,287.0,155.0,241.0,317.0,2854.0,3.317187557249115,0.04556764711979831,0.7232622900422839,0.7847627760921344,3.566545529734601,27.50636142765208,4.650488775359827,0.035791914767801386,0.6631448390775538,0.6973509991128995,3.758707333678905,26.081406996499226,nv
481.0,64.0,106.0,74.0,79.0,21.0,61.0,61.0,68.0,5.0,23.0,8.0,51.0,9.0,89.0,70.0,68.0,8.0,26.0,13.0,15.0,5.0,15.0,10.0,55.0,9.0,14.0,17.0,66.0,19.0,91.0,71.0,107.0,24.0,28.0,12.0,21.0,7.0,16.0,11.0,24.0,4.0,5.0,4.0,19.0,7.0,20.0,10.0,55.0,9.0,14.0,9.0,16.0,1.0,8.0,9.0,63.0,10.0,10.0,8.0,106.0,23.0,86.0,55.0,79.0,22.0,24.0,12.0,9.0,3.0,8.0,14.0,9.0,1.0,0.0,5.0,9.0,4.0,10.0,8.0,20.0,5.0,4.0,5.0,3.0,1.0,3.0,3.0,10.0,1.0,2.0,5.0,17.0,2.0,14.0,19.0,67.0,11.0,12.0,7.0,15.0,3.0,10.0,6.0,17.0,2.0,4.0,0.0,11.0,1.0,6.0,13.0,58.0,6.0,15.0,9.0,13.0,4.0,7.0,7.0,73.0,16.0,17.0,13.0,89.0,31.0,66.0,57.0,71.0,50.0,21.0,80.0,13.0,17.0,12.0,76.0,15.0,8.0,5.0,11.0,12.0,7.0,12.0,58.0,10.0,10.0,5.0,12.0,2.0,2.0,4.0,20.0,16.0,2.0,5.0,5.0,11.0,8.0,13.0,65.0,13.0,18.0,5.0,21.0,2.0,5.0,4.0,14.0,9.0,3.0,0.0,6.0,1.0,7.0,7.0,26.0,11.0,5.0,1.0,11.0,2.0,5.0,5.0,12.0,13.0,8.0,6.0,23.0,16.0,19.0,17.0,81.0,58.0,71.0,18.0,134.0,6.0,11.0,8.0,78.0,9.0,9.0,0.0,16.0,7.0,15.0,13.0,75.0,17.0,13.0,4.0,27.0,3.0,3.0,7.0,25.0,8.0,11.0,3.0,13.0,11.0,20.0,15.0,142.0,55.0,77.0,18.0,77.0,11.0,23.0,7.0,66.0,9.0,13.0,6.0,12.0,11.0,19.0,13.0,80.0,75.0,66.0,13.0,60.0,13.0,12.0,7.0,51.0,64.0,95.0,27.0,95.0,69.0,108.0,74.0,938.0,3.0592572364827952,0.026653714899781106,0.6541876757362457,0.8757473447568852,3.9053028726424714,46.183267689797404,5.6754907690720975,0.02058213290274531,0.5629162534307147,0.7698283287343767,4.155303722620177,43.63979410386482,mel
481.0,79.0,107.0,67.0,68.0,20.0,55.0,58.0,68.0,9.0,24.0,17.0,55.0,10.0,63.0,73.0,79.0,9.0,21.0,15.0,15.0,3.0,16.0,13.0,51.0,9.0,19.0,11.0,66.0,17.0,106.0,89.0,106.0,24.0,28.0,12.0,26.0,4.0,14.0,15.0,23.0,0.0,5.0,4.0,14.0,2.0,10.0,17.0,61.0,8.0,16.0,10.0,15.0,3.0,8.0,7.0,89.0,10.0,20.0,6.0,91.0,14.0,86.0,66.0,64.0,22.0,24.0,11.0,8.0,5.0,9.0,6.0,5.0,1.0,4.0,2.0,9.0,1.0,10.0,16.0,21.0,3.0,7.0,3.0,5.0,1.0,1.0,4.0,9.0,4.0,7.0,1.0,19.0,2.0,23.0,31.0,74.0,12.0,12.0,7.0,13.0,5.0,9.0,9.0,8.0,5.0,4.0,0.0,17.0,5.0,8.0,13.0,61.0,14.0,11.0,6.0,10.0,3.0,9.0,7.0,70.0,8.0,10.0,13.0,71.0,19.0,55.0,57.0,71.0,58.0,13.0,55.0,10.0,17.0,11.0,75.0,15.0,9.0,9.0,9.0,16.0,8.0,13.0,64.0,13.0,6.0,2.0,11.0,2.0,3.0,2.0,13.0,12.0,7.0,1.0,11.0,11.0,11.0,16.0,69.0,21.0,18.0,5.0,18.0,5.0,4.0,1.0,13.0,5.0,0.0,0.0,6.0,5.0,3.0,6.0,27.0,12.0,8.0,4.0,7.0,4.0,7.0,5.0,7.0,12.0,13.0,7.0,13.0,13.0,15.0,17.0,74.0,50.0,71.0,18.0,77.0,10.0,13.0,5.0,66.0,8.0,9.0,3.0,13.0,2.0,11.0,8.0,95.0,17.0,11.0,5.0,23.0,2.0,3.0,5.0,12.0,7.0,15.0,7.0,19.0,8.0,20.0,19.0,108.0,80.0,134.0,21.0,77.0,12.0,27.0,11.0,60.0,11.0,16.0,6.0,12.0,5.0,13.0,23.0,95.0,76.0,78.0,14.0,66.0,20.0,25.0,12.0,51.0,58.0,75.0,26.0,80.0,65.0,142.0,81.0,938.0,3.0592572364827952,0.026653714899781106,0.6541876757362457,0.8757473447568852,3.9053028726424714,46.183267689797404,5.6754907690720975,0.02058213290274531,0.5629162534307147,0.7698283287343767,4.155303722620177,43.63979410386482,mel
557.0,70.0,58.0,32.0,84.0,11.0,36.0,47.0,77.0,11.0,16.0,15.0,30.0,14.0,56.0,63.0,57.0,16.0,18.0,8.0,17.0,3.0,9.0,17.0,35.0,13.0,11.0,10.0,47.0,13.0,72.0,76.0,72.0,12.0,8.0,7.0,10.0,3.0,11.0,20.0,21.0,2.0,5.0,3.0,14.0,5.0,18.0,16.0,28.0,11.0,13.0,10.0,16.0,2.0,8.0,9.0,57.0,11.0,17.0,5.0,60.0,25.0,69.0,70.0,70.0,16.0,16.0,22.0,13.0,1.0,9.0,8.0,9.0,3.0,2.0,5.0,4.0,4.0,11.0,19.0,12.0,3.0,5.0,4.0,5.0,2.0,5.0,6.0,10.0,5.0,2.0,3.0,15.0,2.0,16.0,36.0,28.0,12.0,9.0,11.0,8.0,3.0,5.0,10.0,16.0,1.0,3.0,2.0,9.0,3.0,10.0,10.0,51.0,9.0,13.0,6.0,19.0,1.0,13.0,7.0,55.0,14.0,11.0,14.0,72.0,16.0,73.0,55.0,66.0,38.0,23.0,44.0,16.0,15.0,14.0,60.0,11.0,8.0,4.0,20.0,9.0,11.0,17.0,60.0,17.0,10.0,2.0,17.0,2.0,4.0,6.0,14.0,11.0,5.0,5.0,5.0,9.0,14.0,17.0,56.0,16.0,13.0,4.0,17.0,4.0,2.0,2.0,18.0,3.0,5.0,0.0,4.0,3.0,1.0,3.0,23.0,14.0,12.0,3.0,11.0,2.0,3.0,3.0,12.0,10.0,8.0,6.0,12.0,21.0,11.0,36.0,69.0,43.0,43.0,10.0,54.0,4.0,11.0,4.0,61.0,4.0,9.0,6.0,24.0,4.0,5.0,11.0,79.0,9.0,13.0,3.0,22.0,1.0,5.0,3.0,11.0,10.0,14.0,7.0,6.0,5.0,9.0,14.0,92.0,48.0,83.0,16.0,72.0,16.0,12.0,7.0,72.0,13.0,21.0,4.0,27.0,9.0,17.0,12.0,71.0,66.0,90.0,23.0,67.0,19.0,13.0,7.0,59.0,73.0,58.0,23.0,57.0,60.0,68.0,91.0,1084.0,5.4978702365558725,0.02150513415859072,0.606515228399719,0.8173780143892682,4.187131332831959,54.71251700865607,8.940774574905,0.016685143308394244,0.517459807380949,0.7012198000048742,4.396066397505474,50.90773329175315,mel
186.0,23.0,42.0,35.0,22.0,4.0,33.0,48.0,33.0,3.0,8.0,12.0,29.0,4.0,44.0,62.0,20.0,8.0,4.0,3.0,1.0,0.0,2.0,6.0,29.0,3.0,12.0,11.0,41.0,4.0,65.0,53.0,42.0,5.0,12.0,6.0,3.0,2.0,6.0,12.0,12.0,1.0,5.0,0.0,7.0,2.0,7.0,5.0,50.0,4.0,9.0,2.0,9.0,0.0,6.0,5.0,56.0,5.0,5.0,5.0,67.0,8.0,58.0,47.0,26.0,1.0,5.0,6.0,8.0,1.0,5.0,7.0,4.0,3.0,0.0,2.0,4.0,1.0,3.0,7.0,8.0,0.0,2.0,1.0,2.0,0.0,2.0,0.0,9.0,0.0,2.0,1.0,7.0,0.0,9.0,9.0,27.0,2.0,10.0,8.0,9.0,1.0,0.0,5.0,4.0,1.0,0.0,2.0,11.0,1.0,9.0,11.0,57.0,6.0,5.0,2.0,3.0,1.0,6.0,6.0,84.0,9.0,9.0,8.0,82.0,12.0,48.0,31.0,43.0,41.0,12.0,67.0,6.0,5.0,7.0,94.0,8.0,10.0,1.0,5.0,5.0,6.0,5.0,80.0,3.0,1.0,0.0,14.0,2.0,3.0,0.0,4.0,4.0,2.0,4.0,3.0,2.0,9.0,6.0,46.0,6.0,10.0,3.0,10.0,1.0,2.0,0.0,5.0,3.0,3.0,0.0,2.0,0.0,1.0,1.0,11.0,5.0,6.0,1.0,6.0,1.0,1.0,4.0,2.0,8.0,7.0,4.0,8.0,4.0,12.0,9.0,42.0,35.0,40.0,11.0,80.0,5.0,8.0,7.0,83.0,5.0,3.0,0.0,12.0,2.0,8.0,2.0,56.0,4.0,5.0,1.0,9.0,1.0,3.0,3.0,11.0,10.0,4.0,1.0,18.0,3.0,4.0,4.0,66.0,62.0,60.0,12.0,65.0,7.0,9.0,10.0,65.0,8.0,14.0,3.0,9.0,8.0,8.0,13.0,70.0,93.0,66.0,6.0,53.0,10.0,6.0,10.0,48.0,95.0,69.0,8.0,59.0,54.0,68.0,44.0,1077.0,1.4565566550955906,0.1378058929225678,0.8640134363779417,0.8713068467247542,2.5020997000191607,21.17956062117227,2.8331056227009976,0.11273238952021161,0.7861076784144599,0.7446589306038477,2.748253187488443,19.357649898147375,nv
190.0,20.0,43.0,27.0,26.0,4.0,28.0,35.0,46.0,8.0,7.0,9.0,37.0,5.0,67.0,75.0,20.0,6.0,9.0,4.0,7.0,0.0,4.0,6.0,41.0,6.0,9.0,6.0,40.0,6.0,104.0,93.0,32.0,2.0,16.0,9.0,13.0,0.0,10.0,4.0,7.0,1.0,5.0,0.0,11.0,2.0,9.0,10.0,37.0,5.0,6.0,5.0,8.0,1.0,8.0,3.0,61.0,9.0,11.0,8.0,97.0,5.0,86.0,54.0,28.0,4.0,7.0,3.0,3.0,0.0,4.0,3.0,7.0,2.0,1.0,0.0,9.0,0.0,6.0,4.0,5.0,1.0,0.0,0.0,0.0,0.0,1.0,0.0,4.0,1.0,3.0,1.0,4.0,0.0,9.0,7.0,36.0,8.0,8.0,8.0,4.0,0.0,3.0,0.0,6.0,1.0,0.0,0.0,6.0,0.0,6.0,5.0,46.0,4.0,4.0,4.0,3.0,1.0,5.0,7.0,75.0,6.0,7.0,10.0,81.0,10.0,57.0,67.0,52.0,16.0,13.0,53.0,9.0,5.0,10.0,89.0,7.0,2.0,1.0,5.0,5.0,6.0,6.0,57.0,8.0,2.0,3.0,2.0,2.0,1.0,0.0,9.0,9.0,7.0,2.0,8.0,6.0,2.0,12.0,65.0,6.0,6.0,3.0,9.0,1.0,0.0,1.0,7.0,3.0,2.0,0.0,1.0,2.0,1.0,2.0,3.0,10.0,8.0,2.0,2.0,6.0,0.0,2.0,8.0,8.0,8.0,1.0,4.0,11.0,9.0,11.0,47.0,36.0,41.0,9.0,82.0,3.0,4.0,7.0,84.0,2.0,7.0,0.0,4.0,6.0,6.0,2.0,42.0,4.0,4.0,1.0,8.0,1.0,1.0,0.0,8.0,8.0,6.0,0.0,9.0,7.0,3.0,8.0,61.0,72.0,73.0,8.0,81.0,2.0,5.0,7.0,54.0,13.0,7.0,4.0,7.0,5.0,6.0,10.0,36.0,111.0,95.0,4.0,70.0,10.0,5.0,6.0,69.0,84.0,64.0,5.0,52.0,68.0,63.0,66.0,1043.0,1.4557671327977788,0.13923922049980306,0.8651680794851745,0.867046371104498,2.4925372997035264,20.44310309573848,2.774723618090451,0.11428811646170552,0.7885433468748337,0.7432053181387318,2.7357430462317365,18.835720943915554,nv
223.0,32.0,76.0,53.0,27.0,4.0,45.0,45.0,31.0,4.0,11.0,10.0,26.0,7.0,63.0,110.0,30.0,5.0,19.0,4.0,5.0,2.0,10.0,3.0,39.0,8.0,28.0,11.0,51.0,4.0,146.0,81.0,81.0,14.0,23.0,9.0,7.0,2.0,4.0,10.0,14.0,2.0,2.0,2.0,20.0,0.0,13.0,7.0,47.0,6.0,9.0,3.0,8.0,2.0,8.0,5.0,82.0,8.0,11.0,9.0,183.0,6.0,100.0,54.0,27.0,12.0,12.0,6.0,2.0,1.0,7.0,4.0,7.0,0.0,2.0,1.0,6.0,1.0,11.0,10.0,5.0,1.0,2.0,1.0,1.0,1.0,1.0,2.0,8.0,1.0,1.0,2.0,4.0,3.0,14.0,9.0,56.0,12.0,11.0,13.0,5.0,2.0,6.0,7.0,5.0,2.0,0.0,1.0,17.0,1.0,11.0,6.0,73.0,6.0,8.0,7.0,7.0,0.0,7.0,3.0,122.0,13.0,14.0,9.0,97.0,11.0,61.0,64.0,42.0,53.0,12.0,124.0,4.0,3.0,5.0,118.0,9.0,2.0,0.0,3.0,2.0,3.0,7.0,73.0,4.0,5.0,1.0,8.0,1.0,0.0,1.0,4.0,5.0,4.0,3.0,11.0,7.0,6.0,5.0,69.0,10.0,20.0,2.0,14.0,2.0,6.0,3.0,8.0,3.0,4.0,0.0,2.0,1.0,2.0,0.0,17.0,4.0,8.0,0.0,8.0,0.0,1.0,0.0,7.0,11.0,6.0,3.0,12.0,17.0,16.0,8.0,69.0,57.0,113.0,24.0,336.0,11.0,6.0,10.0,165.0,7.0,11.0,0.0,14.0,2.0,8.0,7.0,98.0,6.0,12.0,2.0,15.0,0.0,0.0,0.0,20.0,3.0,11.0,7.0,16.0,5.0,9.0,15.0,80.0,107.0,298.0,21.0,268.0,10.0,13.0,6.0,106.0,15.0,11.0,3.0,24.0,9.0,20.0,14.0,78.0,113.0,130.0,6.0,114.0,13.0,10.0,7.0,67.0,94.0,93.0,17.0,102.0,75.0,105.0,70.0,1230.0,0.6777210604314176,0.12809866531653458,0.8660845719946269,0.9390426277306879,2.7212924704331245,21.558180363836662,1.2942405252163536,0.10682025416931011,0.7914392647669809,0.8833200914190926,2.9888554181687037,20.8902219234993,vasc
243.0,38.0,70.0,91.0,50.0,6.0,65.0,68.0,32.0,5.0,11.0,7.0,45.0,3.0,115.0,124.0,34.0,1.0,4.0,4.0,2.0,0.0,5.0,6.0,62.0,6.0,9.0,3.0,111.0,5.0,205.0,128.0,67.0,10.0,17.0,8.0,5.0,3.0,7.0,5.0,14.0,2.0,1.0,0.0,15.0,0.0,13.0,8.0,76.0,9.0,5.0,4.0,4.0,1.0,3.0,4.0,113.0,10.0,12.0,11.0,214.0,17.0,159.0,66.0,36.0,7.0,9.0,9.0,7.0,0.0,11.0,4.0,3.0,0.0,3.0,2.0,6.0,0.0,4.0,9.0,6.0,2.0,2.0,1.0,0.0,0.0,0.0,0.0,8.0,0.0,1.0,0.0,3.0,2.0,11.0,4.0,57.0,7.0,13.0,3.0,8.0,1.0,6.0,2.0,10.0,2.0,1.0,1.0,9.0,1.0,14.0,6.0,87.0,4.0,4.0,2.0,10.0,0.0,4.0,1.0,95.0,8.0,6.0,5.0,108.0,7.0,72.0,29.0,28.0,51.0,24.0,148.0,4.0,4.0,9.0,113.0,7.0,4.0,0.0,5.0,6.0,8.0,5.0,89.0,2.0,1.0,1.0,7.0,0.0,2.0,1.0,7.0,2.0,4.0,1.0,7.0,2.0,4.0,5.0,83.0,10.0,10.0,3.0,11.0,2.0,2.0,2.0,5.0,1.0,3.0,0.0,2.0,0.0,1.0,2.0,7.0,3.0,6.0,2.0,11.0,1.0,0.0,0.0,8.0,5.0,13.0,1.0,7.0,8.0,7.0,3.0,49.0,58.0,116.0,25.0,271.0,2.0,9.0,8.0,157.0,5.0,5.0,1.0,14.0,3.0,5.0,7.0,106.0,3.0,11.0,0.0,26.0,0.0,1.0,2.0,11.0,4.0,7.0,4.0,10.0,3.0,10.0,5.0,95.0,114.0,184.0,15.0,165.0,6.0,23.0,12.0,83.0,7.0,8.0,1.0,14.0,6.0,12.0,5.0,58.0,112.0,98.0,7.0,83.0,12.0,6.0,5.0,41.0,81.0,82.0,7.0,78.0,91.0,93.0,44.0,788.0,2.3518094198945265,0.039971012269882866,0.7742325637668954,0.9087493038459906,3.5853694281634336,49.19430516371887,4.803416297056558,0.026863563932801066,0.6509894007468479,0.8145078137945088,3.9471971225498654,46.9876202454235,nv
289.0,45.0,67.0,70.0,50.0,9.0,65.0,64.0,36.0,7.0,3.0,9.0,44.0,6.0,87.0,92.0,30.0,1.0,9.0,1.0,10.0,1.0,3.0,8.0,45.0,3.0,16.0,5.0,105.0,8.0,160.0,134.0,50.0,15.0,14.0,5.0,8.0,4.0,9.0,6.0,11.0,1.0,3.0,0.0,15.0,4.0,20.0,11.0,59.0,7.0,7.0,3.0,4.0,1.0,3.0,2.0,118.0,10.0,12.0,5.0,238.0,9.0,174.0,69.0,48.0,8.0,12.0,11.0,11.0,3.0,6.0,8.0,5.0,1.0,1.0,3.0,5.0,2.0,6.0,6.0,3.0,3.0,2.0,0.0,0.0,1.0,3.0,1.0,4.0,0.0,1.0,1.0,15.0,1.0,12.0,8.0,49.0,9.0,9.0,9.0,8.0,2.0,6.0,2.0,8.0,1.0,2.0,2.0,4.0,3.0,4.0,6.0,78.0,8.0,7.0,6.0,8.0,1.0,3.0,3.0,114.0,8.0,3.0,5.0,135.0,16.0,74.0,24.0,36.0,57.0,15.0,128.0,3.0,10.0,3.0,129.0,6.0,4.0,4.0,7.0,4.0,4.0,13.0,104.0,5.0,4.0,1.0,14.0,1.0,1.0,0.0,12.0,3.0,4.0,3.0,6.0,5.0,3.0,15.0,87.0,16.0,23.0,5.0,22.0,0.0,0.0,1.0,15.0,1.0,1.0,1.0,0.0,3.0,2.0,2.0,14.0,6.0,7.0,0.0,4.0,2.0,2.0,1.0,7.0,4.0,2.0,2.0,9.0,7.0,7.0,15.0,55.0,35.0,116.0,19.0,271.0,5.0,10.0,15.0,185.0,6.0,10.0,2.0,14.0,4.0,7.0,7.0,83.0,5.0,5.0,0.0,23.0,0.0,2.0,1.0,21.0,3.0,8.0,0.0,10.0,6.0,6.0,10.0,84.0,102.0,168.0,13.0,180.0,7.0,12.0,7.0,99.0,11.0,8.0,1.0,12.0,5.0,15.0,7.0,67.0,103.0,97.0,5.0,84.0,1.0,11.0,3.0,47.0,78.0,88.0,5.0,67.0,83.0,66.0,38.0,1183.0,3.26535293504327,0.0440629208050815,0.7788899456323468,0.8848407541192609,3.5194801631312664,53.44486446990424,6.220877192982458,0.031032802092951683,0.6620978315339104,0.779135964568127,3.8482839088578453,50.111310895660225,nv
206.0,25.0,68.0,45.0,27.0,0.0,67.0,96.0,28.0,3.0,9.0,9.0,49.0,7.0,142.0,123.0,27.0,2.0,5.0,5.0,6.0,1.0,5.0,6.0,30.0,5.0,6.0,9.0,121.0,4.0,225.0,151.0,59.0,6.0,18.0,8.0,6.0,1.0,6.0,6.0,15.0,1.0,2.0,3.0,13.0,1.0,13.0,9.0,58.0,4.0,9.0,4.0,5.0,0.0,2.0,1.0,160.0,6.0,11.0,8.0,401.0,14.0,203.0,79.0,39.0,8.0,8.0,8.0,4.0,1.0,4.0,5.0,5.0,1.0,1.0,0.0,6.0,0.0,5.0,3.0,5.0,1.0,0.0,0.0,0.0,0.0,1.0,0.0,4.0,0.0,1.0,0.0,3.0,1.0,8.0,1.0,75.0,10.0,4.0,2.0,9.0,0.0,9.0,4.0,8.0,1.0,1.0,0.0,8.0,1.0,8.0,1.0,95.0,5.0,3.0,2.0,2.0,0.0,4.0,0.0,197.0,7.0,7.0,0.0,194.0,9.0,54.0,36.0,26.0,40.0,12.0,174.0,3.0,5.0,9.0,188.0,2.0,6.0,3.0,6.0,8.0,2.0,7.0,105.0,3.0,3.0,0.0,10.0,0.0,0.0,1.0,6.0,0.0,3.0,0.0,4.0,3.0,6.0,2.0,110.0,10.0,14.0,1.0,17.0,0.0,0.0,2.0,7.0,1.0,1.0,1.0,3.0,2.0,0.0,0.0,9.0,8.0,8.0,1.0,3.0,0.0,0.0,0.0,4.0,6.0,3.0,0.0,6.0,3.0,4.0,2.0,39.0,59.0,164.0,14.0,393.0,4.0,9.0,10.0,216.0,4.0,4.0,1.0,7.0,3.0,2.0,2.0,103.0,5.0,6.0,1.0,11.0,0.0,0.0,0.0,7.0,5.0,6.0,1.0,6.0,6.0,9.0,4.0,79.0,151.0,330.0,18.0,293.0,5.0,9.0,2.0,75.0,4.0,7.0,1.0,10.0,1.0,6.0,4.0,63.0,135.0,145.0,3.0,110.0,4.0,9.0,1.0,42.0,150.0,97.0,11.0,54.0,95.0,91.0,33.0,1293.0,2.763025670696427,0.044060069065973165,0.8137139103601722,0.8931198061379005,3.394984978211382,48.940205224662655,5.240910489080284,0.029827237692569054,0.6901769485418714,0.7947344104234348,3.766809488194901,45.82376625378314,nv
194.0,36.0,47.0,25.0,30.0,3.0,24.0,25.0,23.0,2.0,8.0,5.0,18.0,3.0,44.0,30.0,22.0,1.0,9.0,2.0,4.0,0.0,11.0,5.0,37.0,1.0,12.0,6.0,33.0,7.0,93.0,42.0,61.0,13.0,16.0,5.0,4.0,2.0,8.0,5.0,10.0,1.0,1.0,0.0,10.0,1.0,8.0,6.0,39.0,5.0,5.0,5.0,4.0,0.0,4.0,0.0,46.0,4.0,7.0,4.0,66.0,11.0,68.0,38.0,35.0,3.0,5.0,3.0,4.0,2.0,4.0,2.0,2.0,0.0,0.0,1.0,2.0,0.0,6.0,7.0,3.0,0.0,1.0,1.0,0.0,0.0,0.0,3.0,5.0,2.0,1.0,1.0,3.0,1.0,8.0,10.0,45.0,3.0,10.0,6.0,6.0,0.0,4.0,2.0,4.0,1.0,2.0,0.0,6.0,0.0,5.0,3.0,31.0,2.0,2.0,7.0,6.0,0.0,1.0,0.0,49.0,5.0,11.0,2.0,47.0,8.0,38.0,24.0,32.0,25.0,4.0,41.0,4.0,5.0,8.0,50.0,9.0,4.0,0.0,3.0,1.0,2.0,6.0,25.0,3.0,2.0,0.0,2.0,1.0,0.0,0.0,6.0,0.0,4.0,0.0,5.0,6.0,3.0,7.0,45.0,9.0,12.0,4.0,11.0,1.0,0.0,0.0,4.0,0.0,0.0,0.0,2.0,1.0,3.0,2.0,6.0,5.0,6.0,2.0,9.0,0.0,1.0,1.0,5.0,4.0,6.0,0.0,8.0,9.0,8.0,4.0,36.0,31.0,42.0,10.0,57.0,5.0,3.0,4.0,48.0,5.0,4.0,1.0,6.0,2.0,4.0,5.0,31.0,2.0,4.0,2.0,6.0,1.0,0.0,2.0,3.0,6.0,5.0,1.0,5.0,6.0,9.0,7.0,71.0,51.0,66.0,10.0,46.0,5.0,4.0,3.0,33.0,5.0,5.0,0.0,5.0,6.0,5.0,10.0,24.0,38.0,59.0,10.0,48.0,6.0,7.0,1.0,26.0,38.0,38.0,3.0,25.0,45.0,66.0,31.0,557.0,2.4627870711652964,0.08066772646333373,0.7966263861951992,0.7903342136168948,2.827695430721613,21.02971605631441,5.3455144740613365,0.061951653051834435,0.7027293554751202,0.5563252570306887,3.0834288287917153,18.75103174034004,nv
162.0,39.0,32.0,32.0,18.0,7.0,33.0,44.0,24.0,6.0,7.0,13.0,22.0,6.0,60.0,90.0,28.0,3.0,5.0,5.0,7.0,0.0,3.0,4.0,35.0,2.0,9.0,12.0,31.0,2.0,75.0,73.0,28.0,6.0,5.0,8.0,4.0,1.0,7.0,1.0,10.0,1.0,0.0,1.0,4.0,2.0,8.0,4.0,37.0,4.0,2.0,6.0,1.0,1.0,3.0,2.0,48.0,8.0,6.0,5.0,47.0,0.0,47.0,29.0,21.0,2.0,4.0,4.0,4.0,0.0,2.0,4.0,3.0,0.0,3.0,2.0,4.0,1.0,6.0,7.0,2.0,0.0,0.0,0.0,1.0,0.0,1.0,0.0,3.0,0.0,3.0,0.0,4.0,2.0,12.0,11.0,26.0,3.0,8.0,5.0,6.0,1.0,1.0,4.0,4.0,0.0,1.0,1.0,3.0,0.0,5.0,5.0,41.0,5.0,1.0,3.0,3.0,1.0,3.0,1.0,50.0,4.0,1.0,5.0,49.0,1.0,36.0,34.0,28.0,33.0,6.0,42.0,3.0,4.0,4.0,39.0,3.0,5.0,1.0,5.0,2.0,4.0,5.0,58.0,3.0,4.0,1.0,2.0,1.0,1.0,0.0,3.0,6.0,5.0,1.0,6.0,7.0,3.0,1.0,37.0,9.0,15.0,0.0,8.0,0.0,1.0,0.0,3.0,3.0,1.0,0.0,2.0,1.0,1.0,0.0,7.0,9.0,10.0,2.0,3.0,0.0,1.0,1.0,3.0,6.0,3.0,2.0,8.0,6.0,7.0,6.0,14.0,29.0,41.0,6.0,57.0,2.0,4.0,4.0,51.0,2.0,4.0,2.0,5.0,1.0,4.0,3.0,66.0,6.0,2.0,1.0,5.0,0.0,1.0,1.0,3.0,4.0,0.0,3.0,3.0,3.0,3.0,3.0,38.0,59.0,97.0,8.0,66.0,6.0,6.0,6.0,46.0,4.0,2.0,0.0,6.0,3.0,8.0,5.0,41.0,108.0,83.0,4.0,39.0,4.0,8.0,3.0,34.0,52.0,41.0,2.0,15.0,42.0,34.0,37.0,754.0,4.0559782608695665,0.075233871950319,0.8082356545460287,0.7855198627643613,2.8460344346989324,33.76550314198369,7.362201482294814,0.055465375804104,0.7035749915141996,0.6130025622171087,3.1254587256650725,30.685603301493295,nv
153.0,12.0,48.0,41.0,17.0,4.0,42.0,35.0,27.0,4.0,4.0,6.0,35.0,8.0,67.0,54.0,16.0,2.0,6.0,2.0,2.0,1.0,8.0,5.0,21.0,4.0,5.0,3.0,54.0,3.0,95.0,80.0,33.0,7.0,14.0,7.0,6.0,1.0,8.0,5.0,9.0,0.0,0.0,3.0,14.0,1.0,9.0,6.0,35.0,4.0,8.0,3.0,1.0,0.0,2.0,3.0,56.0,7.0,14.0,5.0,86.0,10.0,89.0,47.0,20.0,3.0,8.0,3.0,4.0,1.0,7.0,2.0,3.0,0.0,2.0,0.0,2.0,0.0,8.0,3.0,0.0,1.0,1.0,1.0,0.0,0.0,0.0,0.0,5.0,0.0,0.0,1.0,5.0,0.0,4.0,3.0,49.0,6.0,12.0,3.0,3.0,0.0,1.0,1.0,4.0,0.0,2.0,0.0,5.0,0.0,2.0,2.0,41.0,1.0,2.0,0.0,3.0,0.0,0.0,2.0,81.0,4.0,1.0,2.0,72.0,2.0,41.0,25.0,32.0,27.0,8.0,65.0,5.0,3.0,9.0,76.0,9.0,2.0,2.0,8.0,5.0,1.0,4.0,65.0,3.0,1.0,0.0,5.0,1.0,0.0,0.0,2.0,1.0,2.0,0.0,5.0,5.0,3.0,4.0,56.0,1.0,2.0,2.0,10.0,0.0,0.0,2.0,6.0,0.0,1.0,0.0,0.0,0.0,0.0,3.0,1.0,4.0,9.0,0.0,6.0,2.0,1.0,0.0,2.0,3.0,7.0,2.0,6.0,4.0,3.0,4.0,29.0,23.0,41.0,6.0,118.0,3.0,2.0,8.0,81.0,6.0,3.0,1.0,2.0,4.0,2.0,1.0,59.0,3.0,2.0,0.0,5.0,0.0,0.0,0.0,6.0,3.0,2.0,0.0,1.0,5.0,4.0,6.0,73.0,46.0,106.0,11.0,87.0,5.0,4.0,3.0,47.0,6.0,2.0,0.0,5.0,10.0,5.0,6.0,27.0,53.0,80.0,2.0,49.0,3.0,4.0,2.0,22.0,52.0,61.0,2.0,25.0,42.0,60.0,21.0,869.0,3.046415301212158,0.09045462655727465,0.8341895452064515,0.8186140900173152,2.6856080299386313,30.544014093253736,5.968348963474828,0.06790846966362268,0.7354003507941091,0.6394450015124922,2.966042074971122,27.138106298615302,nv
1170.0,207.0,324.0,187.0,223.0,53.0,246.0,192.0,167.0,27.0,48.0,41.0,168.0,40.0,277.0,234.0,183.0,35.0,34.0,30.0,56.0,13.0,36.0,37.0,172.0,23.0,68.0,38.0,307.0,48.0,368.0,255.0,335.0,52.0,60.0,49.0,77.0,13.0,33.0,25.0,56.0,13.0,15.0,7.0,83.0,16.0,63.0,47.0,205.0,26.0,35.0,26.0,43.0,9.0,32.0,17.0,334.0,37.0,49.0,32.0,496.0,96.0,400.0,247.0,221.0,38.0,73.0,40.0,30.0,21.0,33.0,36.0,31.0,9.0,5.0,7.0,27.0,9.0,29.0,31.0,41.0,11.0,15.0,10.0,14.0,6.0,10.0,8.0,39.0,6.0,18.0,7.0,46.0,23.0,50.0,63.0,268.0,40.0,42.0,34.0,34.0,11.0,22.0,24.0,43.0,9.0,8.0,11.0,44.0,12.0,39.0,31.0,215.0,32.0,33.0,33.0,36.0,11.0,19.0,19.0,326.0,59.0,53.0,27.0,362.0,76.0,256.0,214.0,153.0,146.0,48.0,274.0,28.0,44.0,49.0,277.0,27.0,24.0,9.0,44.0,20.0,31.0,46.0,242.0,27.0,21.0,4.0,43.0,4.0,8.0,8.0,43.0,18.0,17.0,11.0,35.0,34.0,32.0,49.0,263.0,61.0,47.0,12.0,63.0,15.0,10.0,8.0,47.0,7.0,10.0,5.0,14.0,7.0,13.0,13.0,66.0,39.0,26.0,13.0,23.0,10.0,6.0,10.0,29.0,27.0,42.0,14.0,45.0,55.0,57.0,64.0,335.0,181.0,263.0,84.0,479.0,33.0,44.0,30.0,296.0,14.0,29.0,12.0,49.0,14.0,28.0,32.0,249.0,49.0,44.0,21.0,64.0,8.0,14.0,8.0,54.0,21.0,44.0,10.0,69.0,32.0,52.0,56.0,391.0,291.0,387.0,73.0,355.0,25.0,55.0,29.0,222.0,32.0,60.0,12.0,69.0,31.0,63.0,33.0,266.0,244.0,305.0,49.0,260.0,26.0,56.0,41.0,191.0,296.0,299.0,73.0,329.0,298.0,425.0,258.0,2784.0,1.1206353347246747,0.054539768763920145,0.7993375342929309,0.8973218895966295,3.2201675769939295,20.707490062641146,2.0697997383516147,0.04224201307930006,0.719719686024821,0.8102242631377367,3.4610736818091468,19.743312649707242,mel
1287.0,211.0,137.0,145.0,235.0,40.0,182.0,243.0,388.0,59.0,49.0,68.0,260.0,34.0,261.0,402.0,189.0,33.0,25.0,26.0,47.0,8.0,42.0,50.0,194.0,24.0,42.0,24.0,220.0,30.0,234.0,273.0,145.0,28.0,18.0,19.0,35.0,10.0,15.0,24.0,58.0,6.0,12.0,10.0,30.0,12.0,43.0,46.0,171.0,28.0,18.0,16.0,42.0,5.0,26.0,36.0,299.0,28.0,34.0,37.0,287.0,45.0,283.0,308.0,221.0,57.0,26.0,45.0,33.0,17.0,26.0,55.0,84.0,16.0,14.0,22.0,30.0,13.0,27.0,52.0,52.0,9.0,10.0,8.0,8.0,0.0,7.0,14.0,42.0,13.0,9.0,5.0,29.0,9.0,37.0,54.0,180.0,54.0,28.0,40.0,14.0,6.0,20.0,31.0,85.0,17.0,17.0,24.0,50.0,13.0,28.0,73.0,273.0,37.0,30.0,28.0,48.0,13.0,34.0,64.0,437.0,97.0,50.0,79.0,337.0,83.0,280.0,455.0,345.0,194.0,67.0,244.0,73.0,37.0,79.0,425.0,74.0,41.0,14.0,61.0,57.0,33.0,67.0,314.0,53.0,29.0,8.0,43.0,13.0,7.0,20.0,95.0,39.0,24.0,11.0,25.0,39.0,25.0,63.0,271.0,55.0,41.0,9.0,36.0,5.0,8.0,8.0,56.0,12.0,11.0,3.0,14.0,7.0,11.0,15.0,59.0,73.0,38.0,9.0,40.0,18.0,6.0,21.0,82.0,50.0,36.0,16.0,41.0,44.0,31.0,72.0,337.0,230.0,191.0,55.0,264.0,29.0,43.0,38.0,267.0,36.0,35.0,12.0,37.0,28.0,15.0,32.0,229.0,43.0,40.0,3.0,41.0,13.0,12.0,16.0,70.0,36.0,30.0,6.0,26.0,22.0,19.0,34.0,178.0,256.0,241.0,37.0,238.0,31.0,26.0,35.0,237.0,63.0,43.0,14.0,81.0,31.0,37.0,32.0,262.0,352.0,265.0,46.0,271.0,52.0,56.0,72.0,428.0,372.0,235.0,62.0,315.0,265.0,196.0,259.0,2964.0,1.2098728406909787,0.04829545011647134,0.7874451810807103,0.8967004131216967,3.3018530074180177,22.214670804702696,2.1326399614867713,0.037509895716277115,0.7103179523346126,0.81762634757805,3.5378523779045157,21.254948466611097,mel
2238.0,229.0,249.0,157.0,224.0,79.0,122.0,174.0,185.0,49.0,70.0,58.0,119.0,49.0,194.0,239.0,224.0,45.0,61.0,31.0,88.0,30.0,61.0,54.0,139.0,25.0,64.0,35.0,219.0,80.0,394.0,369.0,264.0,59.0,53.0,34.0,52.0,12.0,37.0,51.0,54.0,13.0,25.0,21.0,44.0,19.0,62.0,58.0,140.0,34.0,31.0,18.0,60.0,13.0,33.0,25.0,165.0,34.0,72.0,37.0,257.0,74.0,388.0,266.0,253.0,84.0,46.0,57.0,45.0,17.0,28.0,42.0,36.0,16.0,20.0,18.0,26.0,16.0,56.0,78.0,72.0,28.0,15.0,12.0,21.0,21.0,15.0,23.0,48.0,22.0,14.0,10.0,61.0,29.0,125.0,99.0,123.0,56.0,42.0,35.0,32.0,11.0,19.0,23.0,46.0,13.0,10.0,18.0,24.0,13.0,22.0,52.0,171.0,42.0,41.0,33.0,44.0,19.0,25.0,30.0,216.0,48.0,58.0,39.0,244.0,77.0,288.0,248.0,208.0,140.0,57.0,177.0,42.0,48.0,38.0,220.0,36.0,31.0,5.0,50.0,24.0,25.0,49.0,266.0,45.0,38.0,15.0,47.0,18.0,17.0,15.0,70.0,21.0,14.0,14.0,29.0,54.0,29.0,110.0,272.0,67.0,50.0,25.0,64.0,12.0,16.0,10.0,77.0,12.0,15.0,4.0,30.0,13.0,19.0,23.0,145.0,46.0,32.0,29.0,39.0,18.0,13.0,17.0,43.0,54.0,25.0,34.0,55.0,80.0,44.0,168.0,380.0,129.0,250.0,47.0,295.0,23.0,77.0,28.0,283.0,27.0,47.0,18.0,93.0,17.0,29.0,41.0,296.0,45.0,59.0,21.0,89.0,26.0,28.0,8.0,92.0,28.0,33.0,22.0,45.0,31.0,50.0,64.0,344.0,223.0,442.0,79.0,420.0,43.0,114.0,34.0,309.0,47.0,100.0,36.0,154.0,43.0,56.0,55.0,393.0,238.0,334.0,55.0,314.0,60.0,107.0,43.0,260.0,236.0,270.0,120.0,371.0,272.0,326.0,357.0,3609.0,3.618897609119216,0.04167514051499473,0.7058501794728201,0.7325298922699224,3.6893892048365804,23.441304667924047,4.604637559294773,0.0320196824923211,0.6382258157312078,0.658036650799765,3.9140700869835374,22.325953511729892,mel
647.0,104.0,173.0,119.0,128.0,30.0,115.0,101.0,88.0,12.0,40.0,18.0,91.0,20.0,138.0,91.0,102.0,12.0,38.0,13.0,37.0,10.0,20.0,15.0,97.0,8.0,35.0,24.0,174.0,32.0,239.0,140.0,180.0,32.0,51.0,28.0,31.0,5.0,20.0,14.0,29.0,8.0,15.0,2.0,41.0,8.0,39.0,17.0,125.0,12.0,21.0,7.0,27.0,6.0,18.0,16.0,152.0,16.0,29.0,11.0,240.0,41.0,245.0,133.0,110.0,36.0,35.0,25.0,20.0,9.0,22.0,20.0,13.0,3.0,3.0,6.0,9.0,2.0,24.0,12.0,28.0,7.0,3.0,9.0,6.0,1.0,4.0,11.0,27.0,5.0,7.0,6.0,18.0,11.0,34.0,31.0,112.0,22.0,22.0,18.0,10.0,2.0,19.0,11.0,18.0,4.0,9.0,3.0,19.0,4.0,21.0,13.0,115.0,16.0,15.0,13.0,16.0,3.0,10.0,10.0,139.0,12.0,18.0,13.0,142.0,22.0,128.0,129.0,81.0,106.0,41.0,153.0,12.0,20.0,18.0,115.0,9.0,16.0,5.0,21.0,9.0,18.0,13.0,104.0,16.0,14.0,3.0,24.0,4.0,4.0,5.0,9.0,8.0,13.0,5.0,20.0,19.0,18.0,28.0,140.0,20.0,28.0,6.0,38.0,2.0,6.0,4.0,21.0,6.0,7.0,0.0,16.0,8.0,6.0,12.0,39.0,9.0,21.0,7.0,18.0,7.0,4.0,5.0,17.0,22.0,20.0,6.0,18.0,29.0,33.0,34.0,132.0,96.0,152.0,33.0,283.0,11.0,26.0,20.0,161.0,7.0,14.0,10.0,42.0,8.0,15.0,14.0,131.0,22.0,22.0,7.0,43.0,7.0,3.0,3.0,25.0,19.0,16.0,11.0,35.0,21.0,38.0,24.0,231.0,116.0,202.0,38.0,221.0,17.0,35.0,23.0,146.0,10.0,27.0,10.0,33.0,21.0,34.0,19.0,142.0,116.0,152.0,25.0,110.0,20.0,35.0,18.0,91.0,124.0,119.0,43.0,151.0,141.0,204.0,143.0,1579.0,1.6176079798193757,0.08454558880314463,0.7956385868488846,0.8345626550544308,2.9285406384790384,17.937928049262595,3.059602392613096,0.06636396928176647,0.7163478767969719,0.6995545734202231,3.1757983900964164,17.3075067189692,mel
543.0,89.0,167.0,149.0,75.0,7.0,122.0,131.0,91.0,12.0,28.0,17.0,102.0,13.0,283.0,343.0,75.0,6.0,28.0,17.0,9.0,3.0,19.0,12.0,126.0,17.0,41.0,41.0,157.0,26.0,540.0,374.0,186.0,38.0,24.0,17.0,24.0,3.0,25.0,16.0,22.0,4.0,5.0,2.0,24.0,0.0,35.0,26.0,139.0,23.0,17.0,18.0,10.0,2.0,13.0,11.0,228.0,17.0,38.0,13.0,251.0,19.0,292.0,173.0,61.0,12.0,35.0,11.0,10.0,0.0,12.0,14.0,9.0,4.0,5.0,4.0,15.0,0.0,15.0,17.0,11.0,2.0,1.0,1.0,2.0,0.0,2.0,1.0,15.0,0.0,1.0,5.0,13.0,3.0,47.0,30.0,105.0,14.0,7.0,19.0,7.0,5.0,23.0,17.0,11.0,2.0,2.0,4.0,10.0,1.0,26.0,13.0,151.0,13.0,21.0,15.0,10.0,2.0,11.0,5.0,220.0,13.0,17.0,14.0,242.0,17.0,196.0,134.0,112.0,101.0,19.0,220.0,10.0,12.0,21.0,214.0,8.0,14.0,4.0,26.0,12.0,15.0,14.0,222.0,12.0,15.0,5.0,23.0,2.0,0.0,2.0,12.0,14.0,18.0,3.0,20.0,17.0,16.0,20.0,194.0,34.0,54.0,6.0,29.0,3.0,5.0,0.0,24.0,3.0,2.0,1.0,4.0,3.0,6.0,3.0,16.0,33.0,23.0,3.0,18.0,1.0,3.0,1.0,8.0,18.0,28.0,3.0,14.0,17.0,26.0,19.0,126.0,96.0,216.0,13.0,303.0,3.0,22.0,17.0,237.0,13.0,18.0,5.0,19.0,13.0,20.0,21.0,207.0,6.0,19.0,2.0,24.0,1.0,7.0,4.0,23.0,13.0,17.0,5.0,16.0,12.0,25.0,26.0,215.0,292.0,544.0,35.0,331.0,22.0,48.0,14.0,210.0,12.0,20.0,6.0,23.0,23.0,37.0,23.0,158.0,299.0,328.0,21.0,182.0,29.0,23.0,12.0,112.0,253.0,191.0,22.0,104.0,198.0,217.0,135.0,2181.0,1.7421890905673971,0.09852753994384097,0.8426186755872904,0.8626573999556808,2.7785800588768357,23.627784828743973,3.2523476397554685,0.0744573138518704,0.7556258196888929,0.7416712931763968,3.0620052877419357,21.927568907237536,mel
479.0,79.0,152.0,112.0,67.0,8.0,123.0,125.0,97.0,13.0,32.0,16.0,92.0,13.0,220.0,209.0,65.0,12.0,27.0,15.0,13.0,1.0,9.0,8.0,110.0,8.0,29.0,13.0,190.0,17.0,387.0,267.0,140.0,19.0,32.0,27.0,19.0,2.0,19.0,18.0,25.0,3.0,5.0,5.0,19.0,1.0,33.0,17.0,108.0,16.0,20.0,17.0,11.0,0.0,9.0,9.0,207.0,18.0,18.0,14.0,271.0,23.0,338.0,145.0,68.0,9.0,17.0,19.0,7.0,3.0,11.0,16.0,13.0,1.0,0.0,0.0,9.0,2.0,15.0,27.0,9.0,5.0,0.0,0.0,1.0,1.0,1.0,1.0,10.0,1.0,7.0,2.0,20.0,0.0,19.0,20.0,106.0,16.0,32.0,14.0,10.0,3.0,8.0,8.0,24.0,2.0,2.0,3.0,8.0,2.0,16.0,12.0,140.0,10.0,16.0,6.0,12.0,2.0,9.0,8.0,229.0,10.0,12.0,5.0,228.0,11.0,171.0,128.0,92.0,111.0,22.0,218.0,10.0,10.0,16.0,191.0,9.0,18.0,3.0,15.0,9.0,16.0,15.0,175.0,10.0,7.0,0.0,20.0,1.0,4.0,3.0,16.0,19.0,15.0,3.0,15.0,11.0,14.0,19.0,184.0,30.0,33.0,4.0,25.0,3.0,4.0,1.0,17.0,3.0,2.0,0.0,4.0,3.0,1.0,3.0,13.0,18.0,20.0,2.0,20.0,3.0,0.0,3.0,14.0,27.0,12.0,1.0,13.0,18.0,26.0,28.0,84.0,94.0,165.0,35.0,329.0,11.0,14.0,23.0,228.0,15.0,11.0,2.0,20.0,7.0,15.0,17.0,190.0,14.0,19.0,0.0,25.0,2.0,1.0,2.0,18.0,16.0,14.0,2.0,23.0,15.0,18.0,20.0,183.0,213.0,361.0,22.0,293.0,18.0,31.0,14.0,156.0,20.0,18.0,0.0,22.0,12.0,27.0,10.0,114.0,207.0,224.0,20.0,155.0,15.0,18.0,10.0,122.0,209.0,163.0,19.0,97.0,181.0,192.0,104.0,1960.0,1.9731200407658158,0.09173305389159746,0.8337943106792772,0.8569052820674866,2.8451483070070522,25.604697914700463,3.644814251415796,0.0680264013820125,0.7411420544308275,0.734476096154118,3.142885486079578,23.808941878438,mel
85.0,9.0,18.0,10.0,11.0,0.0,13.0,11.0,10.0,3.0,0.0,0.0,8.0,2.0,10.0,16.0,10.0,1.0,3.0,1.0,3.0,0.0,0.0,2.0,7.0,0.0,3.0,0.0,24.0,0.0,31.0,15.0,10.0,2.0,6.0,2.0,2.0,0.0,1.0,1.0,3.0,0.0,0.0,1.0,3.0,0.0,0.0,2.0,13.0,0.0,2.0,0.0,1.0,0.0,1.0,1.0,26.0,3.0,2.0,1.0,31.0,3.0,26.0,9.0,10.0,2.0,3.0,0.0,3.0,0.0,0.0,2.0,2.0,0.0,0.0,0.0,1.0,0.0,0.0,0.0,0.0,1.0,1.0,0.0,0.0,0.0,0.0,0.0,4.0,0.0,0.0,0.0,1.0,0.0,2.0,1.0,13.0,1.0,0.0,1.0,0.0,0.0,0.0,0.0,6.0,0.0,0.0,0.0,1.0,0.0,1.0,0.0,28.0,1.0,1.0,1.0,1.0,0.0,2.0,0.0,33.0,3.0,3.0,2.0,28.0,1.0,5.0,10.0,13.0,4.0,4.0,19.0,3.0,1.0,4.0,55.0,3.0,0.0,0.0,3.0,2.0,0.0,5.0,19.0,0.0,0.0,0.0,2.0,1.0,0.0,0.0,1.0,0.0,2.0,0.0,0.0,0.0,1.0,0.0,8.0,4.0,1.0,0.0,1.0,0.0,0.0,1.0,1.0,1.0,0.0,0.0,0.0,0.0,0.0,0.0,1.0,3.0,4.0,0.0,0.0,0.0,0.0,0.0,1.0,0.0,1.0,0.0,0.0,1.0,1.0,2.0,8.0,7.0,12.0,5.0,25.0,1.0,3.0,2.0,21.0,0.0,0.0,0.0,2.0,2.0,4.0,2.0,12.0,0.0,1.0,0.0,3.0,0.0,0.0,0.0,1.0,0.0,2.0,0.0,1.0,1.0,2.0,1.0,10.0,13.0,17.0,0.0,17.0,0.0,1.0,1.0,10.0,0.0,0.0,0.0,2.0,2.0,4.0,0.0,7.0,24.0,11.0,0.0,14.0,1.0,6.0,0.0,14.0,26.0,18.0,4.0,6.0,21.0,16.0,11.0,339.0,4.521183981427743,0.040677153234412594,0.6740252307073419,0.7873652129155784,3.71648917628215,38.004162349910985,9.14374756525127,0.031476549243803276,0.5415889732724264,0.5658937978302284,4.053775249127764,32.983029336569196,mel
86.0,9.0,21.0,10.0,11.0,0.0,13.0,11.0,11.0,3.0,0.0,0.0,7.0,0.0,13.0,14.0,8.0,1.0,4.0,1.0,2.0,0.0,0.0,0.0,6.0,0.0,3.0,0.0,27.0,0.0,30.0,18.0,11.0,2.0,7.0,4.0,3.0,0.0,0.0,1.0,5.0,0.0,0.0,0.0,3.0,0.0,0.0,1.0,8.0,0.0,3.0,0.0,1.0,0.0,0.0,2.0,30.0,3.0,0.0,1.0,31.0,2.0,29.0,8.0,8.0,3.0,4.0,0.0,5.0,0.0,0.0,3.0,1.0,0.0,0.0,0.0,1.0,0.0,0.0,0.0,1.0,0.0,1.0,0.0,1.0,0.0,0.0,1.0,5.0,0.0,0.0,0.0,0.0,0.0,2.0,1.0,11.0,1.0,2.0,0.0,1.0,0.0,0.0,0.0,4.0,0.0,0.0,0.0,1.0,0.0,1.0,0.0,31.0,1.0,1.0,1.0,1.0,0.0,1.0,0.0,38.0,3.0,3.0,2.0,24.0,1.0,7.0,10.0,14.0,5.0,2.0,15.0,3.0,1.0,2.0,58.0,4.0,0.0,0.0,1.0,2.0,1.0,3.0,20.0,0.0,0.0,0.0,3.0,1.0,0.0,0.0,0.0,0.0,1.0,0.0,0.0,0.0,1.0,0.0,6.0,4.0,3.0,0.0,2.0,0.0,0.0,1.0,1.0,0.0,0.0,0.0,1.0,0.0,0.0,0.0,1.0,2.0,5.0,0.0,0.0,0.0,0.0,0.0,1.0,0.0,1.0,0.0,0.0,0.0,1.0,1.0,9.0,9.0,10.0,7.0,25.0,1.0,3.0,3.0,17.0,0.0,0.0,0.0,1.0,2.0,3.0,2.0,11.0,0.0,0.0,0.0,2.0,0.0,0.0,0.0,1.0,0.0,1.0,0.0,2.0,1.0,2.0,1.0,16.0,12.0,19.0,0.0,17.0,0.0,1.0,0.0,8.0,0.0,0.0,0.0,2.0,0.0,4.0,0.0,6.0,25.0,14.0,0.0,18.0,3.0,3.0,0.0,14.0,29.0,11.0,4.0,8.0,20.0,15.0,12.0,332.0,4.6428709615012576,0.03735814963987021,0.6623150034903174,0.7927217774964493,3.7852693353185303,40.15557342328429,9.453058044409817,0.028840551976033305,0.528288330289067,0.5719176076039515,4.1233895548787824,34.711608441868556,mel
66.0,3.0,15.0,5.0,8.0,0.0,6.0,8.0,7.0,0.0,0.0,0.0,8.0,2.0,11.0,15.0,7.0,1.0,6.0,1.0,0.0,0.0,0.0,0.0,8.0,0.0,8.0,0.0,15.0,0.0,43.0,20.0,12.0,4.0,1.0,1.0,1.0,0.0,1.0,0.0,5.0,0.0,0.0,0.0,0.0,0.0,0.0,0.0,8.0,1.0,1.0,2.0,1.0,0.0,2.0,0.0,24.0,0.0,1.0,1.0,33.0,4.0,26.0,7.0,10.0,1.0,2.0,4.0,4.0,0.0,0.0,0.0,2.0,0.0,1.0,0.0,0.0,0.0,1.0,0.0,0.0,0.0,0.0,0.0,0.0,0.0,0.0,0.0,0.0,0.0,0.0,0.0,0.0,0.0,1.0,0.0,12.0,0.0,1.0,0.0,0.0,0.0,1.0,0.0,4.0,0.0,0.0,0.0,2.0,0.0,1.0,0.0,23.0,2.0,0.0,0.0,0.0,0.0,1.0,1.0,48.0,0.0,2.0,1.0,34.0,0.0,10.0,6.0,10.0,7.0,3.0,31.0,1.0,0.0,4.0,44.0,3.0,0.0,0.0,0.0,1.0,1.0,0.0,9.0,1.0,1.0,0.0,1.0,0.0,0.0,0.0,0.0,0.0,0.0,1.0,0.0,1.0,0.0,0.0,11.0,1.0,2.0,0.0,1.0,0.0,0.0,0.0,1.0,0.0,0.0,0.0,0.0,0.0,0.0,0.0,0.0,4.0,0.0,0.0,1.0,0.0,0.0,0.0,0.0,2.0,0.0,0.0,0.0,1.0,1.0,2.0,2.0,7.0,17.0,4.0,32.0,4.0,0.0,2.0,37.0,1.0,1.0,0.0,1.0,1.0,0.0,3.0,7.0,0.0,0.0,0.0,0.0,0.0,0.0,0.0,1.0,0.0,0.0,0.0,2.0,0.0,1.0,1.0,6.0,7.0,30.0,1.0,29.0,1.0,3.0,1.0,8.0,2.0,1.0,0.0,1.0,1.0,3.0,1.0,3.0,20.0,17.0,0.0,15.0,0.0,2.0,1.0,9.0,35.0,10.0,1.0,6.0,13.0,9.0,2.0,461.0,4.434281322059954,0.06020874086686698,0.7257601487870975,0.7916267969018216,3.3982702484023317,38.12667427231815,8.68066232998226,0.04456888816148421,0.5864300505188722,0.5803075610441613,3.784526681771556,32.68611736030266,mel
467.0,38.0,121.0,83.0,86.0,18.0,112.0,164.0,89.0,20.0,17.0,14.0,95.0,17.0,140.0,172.0,40.0,6.0,16.0,11.0,10.0,1.0,14.0,17.0,73.0,9.0,14.0,9.0,118.0,11.0,156.0,174.0,142.0,17.0,28.0,20.0,13.0,4.0,9.0,16.0,16.0,2.0,3.0,2.0,26.0,5.0,17.0,24.0,94.0,13.0,18.0,12.0,12.0,3.0,13.0,13.0,161.0,12.0,17.0,12.0,241.0,28.0,160.0,149.0,47.0,10.0,25.0,8.0,10.0,3.0,14.0,14.0,22.0,0.0,2.0,3.0,6.0,4.0,10.0,16.0,12.0,1.0,4.0,3.0,1.0,1.0,3.0,4.0,12.0,5.0,9.0,2.0,9.0,2.0,19.0,20.0,108.0,12.0,20.0,9.0,14.0,2.0,8.0,9.0,19.0,0.0,1.0,3.0,18.0,3.0,15.0,13.0,157.0,9.0,13.0,5.0,9.0,3.0,17.0,11.0,323.0,21.0,21.0,15.0,179.0,30.0,104.0,120.0,81.0,64.0,27.0,185.0,22.0,16.0,30.0,312.0,33.0,12.0,4.0,17.0,18.0,10.0,27.0,219.0,11.0,7.0,1.0,19.0,1.0,1.0,2.0,30.0,3.0,16.0,2.0,12.0,14.0,17.0,16.0,171.0,15.0,15.0,3.0,12.0,2.0,3.0,2.0,23.0,4.0,5.0,2.0,2.0,5.0,3.0,2.0,37.0,7.0,10.0,4.0,15.0,1.0,7.0,1.0,21.0,16.0,12.0,5.0,17.0,6.0,26.0,24.0,165.0,82.0,110.0,22.0,220.0,12.0,14.0,26.0,196.0,19.0,13.0,2.0,20.0,8.0,10.0,14.0,143.0,12.0,6.0,1.0,30.0,0.0,1.0,2.0,21.0,10.0,14.0,3.0,26.0,12.0,9.0,19.0,174.0,148.0,154.0,17.0,138.0,7.0,16.0,12.0,140.0,19.0,13.0,1.0,17.0,11.0,12.0,9.0,117.0,203.0,151.0,12.0,135.0,12.0,17.0,18.0,112.0,252.0,155.0,29.0,118.0,156.0,173.0,110.0,1604.0,1.2187275720859543,0.09099143285152118,0.8466032863559583,0.8908726292963092,2.866290957922446,21.117145898101725,2.373621245545563,0.07564518613935627,0.7655937229076523,0.7862582280038494,3.0991950859474198,19.836555299526893,nv
922.0,98.0,96.0,69.0,108.0,27.0,72.0,112.0,109.0,18.0,26.0,25.0,47.0,17.0,82.0,124.0,106.0,19.0,24.0,9.0,25.0,7.0,22.0,22.0,56.0,10.0,14.0,16.0,68.0,23.0,75.0,81.0,96.0,21.0,24.0,19.0,26.0,5.0,16.0,21.0,39.0,1.0,7.0,6.0,18.0,8.0,36.0,26.0,69.0,10.0,15.0,16.0,22.0,4.0,15.0,11.0,95.0,21.0,24.0,18.0,107.0,33.0,78.0,114.0,120.0,29.0,29.0,20.0,20.0,13.0,18.0,24.0,24.0,5.0,10.0,4.0,22.0,8.0,18.0,33.0,50.0,11.0,6.0,7.0,14.0,4.0,11.0,16.0,23.0,6.0,7.0,5.0,27.0,13.0,20.0,37.0,70.0,38.0,18.0,13.0,13.0,7.0,10.0,18.0,32.0,12.0,6.0,8.0,22.0,8.0,13.0,16.0,99.0,27.0,25.0,17.0,27.0,15.0,10.0,18.0,161.0,41.0,45.0,24.0,122.0,50.0,115.0,116.0,98.0,67.0,27.0,94.0,25.0,24.0,17.0,146.0,21.0,15.0,10.0,23.0,17.0,19.0,34.0,179.0,25.0,7.0,3.0,21.0,9.0,6.0,8.0,38.0,14.0,9.0,10.0,17.0,20.0,19.0,25.0,116.0,26.0,21.0,10.0,19.0,7.0,8.0,10.0,44.0,15.0,7.0,3.0,7.0,3.0,7.0,13.0,51.0,17.0,10.0,6.0,15.0,9.0,4.0,13.0,28.0,18.0,16.0,17.0,19.0,33.0,27.0,56.0,179.0,52.0,81.0,23.0,117.0,7.0,19.0,22.0,117.0,23.0,19.0,7.0,27.0,9.0,9.0,17.0,127.0,33.0,24.0,7.0,40.0,5.0,14.0,4.0,44.0,17.0,14.0,9.0,26.0,10.0,22.0,19.0,127.0,66.0,70.0,33.0,105.0,14.0,31.0,16.0,115.0,27.0,23.0,17.0,47.0,21.0,20.0,13.0,159.0,103.0,89.0,43.0,101.0,21.0,38.0,23.0,127.0,147.0,118.0,65.0,208.0,124.0,163.0,174.0,1721.0,3.7645704873722434,0.06393822252015222,0.7440616435802369,0.6965087586814771,3.3383326827627395,21.043858718142868,4.751517080415871,0.054128249445162716,0.6835463166423755,0.61541478746987,3.5236854522496075,19.958310159983384,nv
480.0,64.0,138.0,102.0,47.0,13.0,101.0,135.0,102.0,22.0,15.0,20.0,67.0,20.0,163.0,284.0,79.0,9.0,18.0,17.0,8.0,4.0,9.0,14.0,102.0,13.0,29.0,15.0,109.0,18.0,207.0,179.0,127.0,20.0,32.0,10.0,16.0,5.0,13.0,14.0,25.0,4.0,7.0,3.0,11.0,2.0,19.0,30.0,118.0,12.0,19.0,11.0,13.0,2.0,18.0,15.0,147.0,10.0,23.0,15.0,131.0,18.0,157.0,136.0,42.0,12.0,18.0,16.0,10.0,0.0,14.0,19.0,19.0,1.0,2.0,5.0,13.0,1.0,12.0,19.0,23.0,3.0,5.0,2.0,0.0,1.0,2.0,3.0,14.0,2.0,6.0,4.0,10.0,3.0,25.0,24.0,84.0,12.0,16.0,11.0,19.0,2.0,11.0,6.0,13.0,4.0,3.0,3.0,5.0,1.0,16.0,15.0,171.0,13.0,11.0,11.0,22.0,0.0,15.0,13.0,153.0,16.0,25.0,14.0,145.0,20.0,134.0,128.0,85.0,83.0,15.0,158.0,6.0,11.0,12.0,187.0,32.0,11.0,5.0,22.0,10.0,7.0,16.0,220.0,22.0,8.0,2.0,5.0,6.0,2.0,1.0,21.0,20.0,11.0,5.0,13.0,13.0,14.0,14.0,151.0,32.0,20.0,1.0,16.0,2.0,4.0,4.0,20.0,2.0,1.0,1.0,1.0,1.0,2.0,2.0,26.0,38.0,26.0,2.0,9.0,5.0,2.0,2.0,18.0,26.0,17.0,1.0,13.0,20.0,22.0,19.0,98.0,53.0,97.0,17.0,131.0,8.0,9.0,14.0,127.0,16.0,9.0,1.0,13.0,7.0,11.0,11.0,168.0,16.0,16.0,3.0,16.0,0.0,1.0,4.0,23.0,12.0,17.0,6.0,22.0,15.0,14.0,29.0,183.0,190.0,221.0,16.0,133.0,16.0,38.0,12.0,136.0,12.0,14.0,2.0,16.0,20.0,21.0,19.0,125.0,279.0,214.0,19.0,136.0,35.0,27.0,24.0,105.0,215.0,156.0,49.0,118.0,199.0,167.0,157.0,1608.0,1.1798454848651159,0.0807519204299424,0.8517738738660323,0.885177410920946,2.855705617644423,19.370910151777156,2.2889020872221275,0.0644491128976966,0.7772092815627887,0.7777517123088717,3.07758117134496,18.308800698260328,nv
90.0,16.0,20.0,29.0,5.0,5.0,24.0,55.0,11.0,1.0,0.0,2.0,16.0,2.0,41.0,54.0,12.0,1.0,1.0,2.0,3.0,1.0,0.0,1.0,15.0,1.0,4.0,2.0,36.0,4.0,75.0,44.0,20.0,2.0,3.0,2.0,2.0,0.0,1.0,3.0,0.0,0.0,0.0,0.0,1.0,1.0,2.0,3.0,18.0,4.0,3.0,0.0,0.0,0.0,1.0,4.0,37.0,3.0,3.0,1.0,84.0,3.0,47.0,24.0,11.0,0.0,1.0,2.0,3.0,0.0,1.0,3.0,3.0,0.0,1.0,0.0,2.0,0.0,1.0,1.0,3.0,0.0,0.0,0.0,0.0,0.0,0.0,0.0,0.0,1.0,0.0,0.0,3.0,1.0,2.0,3.0,23.0,4.0,4.0,1.0,1.0,0.0,0.0,0.0,1.0,0.0,0.0,0.0,4.0,0.0,1.0,3.0,30.0,0.0,2.0,0.0,4.0,0.0,0.0,0.0,32.0,2.0,2.0,3.0,39.0,4.0,29.0,13.0,14.0,15.0,7.0,35.0,3.0,2.0,5.0,57.0,2.0,1.0,3.0,2.0,1.0,2.0,4.0,56.0,4.0,0.0,0.0,0.0,0.0,1.0,0.0,2.0,0.0,3.0,0.0,2.0,0.0,1.0,1.0,26.0,5.0,6.0,0.0,3.0,0.0,0.0,1.0,2.0,3.0,0.0,1.0,1.0,0.0,0.0,0.0,4.0,7.0,2.0,0.0,2.0,0.0,0.0,1.0,0.0,7.0,1.0,1.0,1.0,3.0,2.0,7.0,15.0,18.0,29.0,3.0,43.0,4.0,1.0,3.0,32.0,2.0,0.0,0.0,3.0,0.0,3.0,2.0,32.0,4.0,4.0,1.0,0.0,0.0,1.0,0.0,1.0,3.0,3.0,0.0,0.0,1.0,1.0,2.0,26.0,74.0,104.0,4.0,40.0,5.0,1.0,4.0,16.0,2.0,1.0,1.0,4.0,2.0,1.0,3.0,15.0,84.0,72.0,1.0,31.0,4.0,4.0,1.0,15.0,35.0,35.0,1.0,22.0,26.0,19.0,14.0,404.0,2.09682702149437,0.05572902970994072,0.7646395000296389,0.8197884695248898,3.1922365311400243,21.173903946344222,4.152496626180836,0.039291946977698264,0.6300300689653789,0.640673251437017,3.545662932323359,18.960153032033972,nv
67.0,10.0,18.0,14.0,3.0,0.0,6.0,33.0,13.0,2.0,1.0,3.0,17.0,1.0,50.0,93.0,11.0,1.0,1.0,0.0,1.0,0.0,0.0,0.0,23.0,1.0,2.0,1.0,50.0,1.0,77.0,49.0,25.0,3.0,4.0,2.0,3.0,0.0,2.0,1.0,4.0,0.0,0.0,1.0,2.0,0.0,3.0,0.0,19.0,0.0,1.0,6.0,2.0,0.0,1.0,1.0,53.0,2.0,5.0,1.0,121.0,1.0,81.0,22.0,12.0,0.0,1.0,0.0,1.0,0.0,0.0,2.0,1.0,0.0,1.0,0.0,0.0,0.0,2.0,3.0,0.0,0.0,0.0,0.0,0.0,0.0,1.0,0.0,1.0,0.0,0.0,0.0,0.0,0.0,4.0,2.0,16.0,4.0,3.0,2.0,3.0,0.0,0.0,1.0,1.0,0.0,0.0,0.0,5.0,0.0,1.0,2.0,16.0,1.0,4.0,1.0,0.0,0.0,0.0,0.0,32.0,2.0,2.0,1.0,61.0,2.0,37.0,17.0,16.0,16.0,1.0,42.0,0.0,0.0,0.0,90.0,1.0,0.0,0.0,2.0,0.0,1.0,1.0,61.0,2.0,2.0,0.0,1.0,0.0,0.0,0.0,3.0,1.0,0.0,0.0,3.0,3.0,1.0,3.0,24.0,4.0,8.0,1.0,3.0,0.0,0.0,0.0,1.0,0.0,0.0,0.0,0.0,0.0,0.0,0.0,0.0,4.0,2.0,0.0,4.0,0.0,0.0,0.0,2.0,4.0,2.0,0.0,2.0,3.0,0.0,1.0,11.0,20.0,54.0,2.0,53.0,3.0,0.0,4.0,43.0,1.0,4.0,1.0,1.0,0.0,1.0,4.0,33.0,3.0,2.0,0.0,4.0,0.0,0.0,0.0,4.0,2.0,4.0,0.0,1.0,2.0,2.0,2.0,5.0,76.0,157.0,4.0,85.0,3.0,2.0,1.0,25.0,4.0,1.0,0.0,2.0,3.0,1.0,2.0,17.0,71.0,96.0,1.0,29.0,4.0,6.0,0.0,21.0,36.0,23.0,1.0,4.0,19.0,10.0,11.0,614.0,1.943880326382593,0.06241515145786364,0.7979410590061364,0.831165826778082,3.075154739156919,21.083215305821348,3.776090557702927,0.042996623967573915,0.6577204974443673,0.6664153503515492,3.4441187452309423,18.863383780713864,nv
136.0,19.0,18.0,22.0,12.0,2.0,23.0,43.0,14.0,2.0,5.0,5.0,19.0,0.0,39.0,75.0,17.0,3.0,1.0,2.0,2.0,3.0,5.0,4.0,7.0,1.0,3.0,5.0,39.0,5.0,64.0,43.0,17.0,4.0,4.0,2.0,3.0,0.0,4.0,5.0,4.0,0.0,0.0,0.0,3.0,0.0,3.0,6.0,20.0,1.0,4.0,1.0,4.0,0.0,3.0,1.0,44.0,2.0,4.0,3.0,94.0,5.0,61.0,30.0,13.0,4.0,2.0,0.0,1.0,0.0,2.0,2.0,2.0,0.0,0.0,1.0,1.0,0.0,3.0,9.0,4.0,1.0,0.0,0.0,1.0,0.0,1.0,1.0,2.0,0.0,0.0,0.0,3.0,1.0,6.0,3.0,21.0,2.0,2.0,2.0,2.0,1.0,0.0,1.0,2.0,0.0,0.0,0.0,3.0,1.0,0.0,5.0,34.0,4.0,3.0,0.0,2.0,0.0,1.0,0.0,32.0,9.0,5.0,5.0,46.0,4.0,22.0,13.0,12.0,11.0,4.0,34.0,4.0,2.0,3.0,66.0,4.0,0.0,0.0,2.0,2.0,1.0,3.0,69.0,4.0,4.0,0.0,1.0,0.0,1.0,1.0,5.0,1.0,3.0,0.0,1.0,2.0,1.0,8.0,29.0,3.0,4.0,2.0,3.0,1.0,0.0,1.0,6.0,0.0,0.0,0.0,3.0,0.0,0.0,0.0,3.0,3.0,4.0,0.0,3.0,0.0,0.0,1.0,3.0,7.0,1.0,0.0,5.0,4.0,2.0,10.0,26.0,18.0,47.0,7.0,35.0,4.0,8.0,3.0,28.0,2.0,1.0,0.0,3.0,1.0,1.0,2.0,30.0,4.0,7.0,0.0,5.0,0.0,0.0,1.0,1.0,2.0,1.0,2.0,0.0,0.0,2.0,4.0,25.0,67.0,120.0,3.0,60.0,2.0,5.0,2.0,19.0,7.0,7.0,3.0,10.0,2.0,1.0,5.0,22.0,96.0,78.0,5.0,31.0,6.0,10.0,4.0,15.0,41.0,31.0,15.0,30.0,20.0,16.0,20.0,617.0,2.5978614200171095,0.05520939789734961,0.7622112552567256,0.8023909048558181,3.3002688288708955,23.695072294614,4.772265183769224,0.03910172986523838,0.6347838577571241,0.6301755669651101,3.609235732208103,21.036008999775554,nv
349.0,55.0,84.0,42.0,64.0,8.0,51.0,38.0,40.0,8.0,18.0,12.0,36.0,8.0,45.0,52.0,49.0,9.0,24.0,7.0,15.0,2.0,18.0,10.0,38.0,6.0,22.0,9.0,50.0,11.0,109.0,53.0,75.0,22.0,19.0,9.0,11.0,8.0,6.0,11.0,11.0,1.0,3.0,1.0,21.0,1.0,11.0,16.0,30.0,6.0,6.0,4.0,11.0,3.0,7.0,8.0,54.0,6.0,16.0,9.0,80.0,13.0,63.0,34.0,64.0,19.0,16.0,19.0,9.0,1.0,9.0,8.0,14.0,1.0,0.0,4.0,5.0,4.0,5.0,13.0,12.0,3.0,2.0,2.0,2.0,1.0,3.0,1.0,7.0,3.0,1.0,1.0,7.0,3.0,18.0,17.0,39.0,14.0,5.0,8.0,11.0,3.0,2.0,6.0,21.0,1.0,2.0,0.0,16.0,4.0,8.0,10.0,35.0,9.0,5.0,7.0,5.0,7.0,1.0,8.0,91.0,15.0,7.0,14.0,51.0,18.0,37.0,41.0,45.0,47.0,19.0,79.0,16.0,7.0,26.0,96.0,6.0,12.0,3.0,12.0,4.0,7.0,11.0,67.0,7.0,10.0,0.0,4.0,1.0,2.0,5.0,15.0,4.0,4.0,2.0,9.0,3.0,3.0,12.0,44.0,17.0,24.0,4.0,12.0,0.0,5.0,4.0,12.0,2.0,1.0,1.0,4.0,0.0,3.0,4.0,25.0,12.0,16.0,2.0,7.0,1.0,2.0,2.0,14.0,5.0,1.0,4.0,11.0,13.0,12.0,11.0,76.0,43.0,71.0,11.0,90.0,9.0,7.0,9.0,80.0,1.0,11.0,2.0,19.0,5.0,14.0,8.0,53.0,4.0,14.0,5.0,10.0,1.0,3.0,2.0,15.0,7.0,9.0,4.0,14.0,12.0,24.0,21.0,107.0,59.0,127.0,18.0,101.0,5.0,21.0,9.0,53.0,11.0,10.0,5.0,21.0,6.0,17.0,5.0,81.0,71.0,57.0,13.0,57.0,9.0,20.0,12.0,54.0,51.0,51.0,17.0,83.0,40.0,72.0,64.0,930.0,1.859755344124552,0.06389681435797143,0.7323925455403886,0.7236404927416529,3.190456777123994,11.599201523865577,3.2415683668383477,0.0485599208793906,0.6402003108837607,0.5246786089858279,3.4258353210166823,10.397911901120784,vasc
272.0,27.0,56.0,37.0,31.0,8.0,58.0,66.0,87.0,14.0,10.0,17.0,55.0,10.0,81.0,129.0,30.0,5.0,7.0,6.0,2.0,0.0,8.0,6.0,48.0,4.0,11.0,8.0,67.0,15.0,108.0,90.0,62.0,1.0,7.0,2.0,15.0,0.0,2.0,4.0,14.0,0.0,2.0,0.0,25.0,0.0,10.0,7.0,50.0,2.0,5.0,4.0,6.0,1.0,6.0,9.0,131.0,6.0,7.0,10.0,185.0,13.0,124.0,68.0,46.0,5.0,8.0,10.0,5.0,1.0,6.0,4.0,12.0,2.0,3.0,2.0,3.0,0.0,3.0,18.0,7.0,1.0,0.0,2.0,1.0,0.0,0.0,0.0,6.0,1.0,3.0,1.0,8.0,1.0,9.0,6.0,66.0,8.0,4.0,3.0,11.0,1.0,7.0,5.0,15.0,0.0,2.0,2.0,10.0,1.0,8.0,17.0,79.0,5.0,7.0,11.0,11.0,0.0,6.0,21.0,170.0,17.0,11.0,13.0,114.0,8.0,85.0,94.0,77.0,35.0,11.0,75.0,7.0,3.0,20.0,141.0,19.0,11.0,1.0,16.0,12.0,2.0,17.0,112.0,12.0,8.0,1.0,8.0,1.0,3.0,2.0,8.0,13.0,4.0,1.0,12.0,10.0,6.0,5.0,69.0,8.0,6.0,3.0,6.0,1.0,1.0,2.0,4.0,3.0,0.0,0.0,4.0,0.0,1.0,0.0,4.0,20.0,8.0,0.0,6.0,1.0,1.0,1.0,5.0,19.0,7.0,1.0,4.0,11.0,20.0,11.0,73.0,44.0,54.0,23.0,180.0,11.0,3.0,3.0,82.0,3.0,5.0,0.0,12.0,4.0,4.0,2.0,50.0,6.0,4.0,2.0,18.0,2.0,1.0,0.0,7.0,11.0,7.0,2.0,11.0,7.0,3.0,8.0,55.0,75.0,96.0,11.0,67.0,10.0,8.0,10.0,44.0,11.0,8.0,3.0,7.0,5.0,4.0,8.0,41.0,163.0,88.0,12.0,58.0,12.0,6.0,9.0,81.0,149.0,74.0,9.0,55.0,56.0,83.0,68.0,1233.0,1.5646098404059725,0.07295027214346046,0.7779520411072206,0.8006200451107017,3.0079472610149818,14.13014584628971,3.034623368920522,0.05391335961586697,0.6783366913564497,0.612489475245894,3.290958148822451,12.627523463587519,vasc
364.0,62.0,72.0,44.0,52.0,17.0,49.0,35.0,46.0,17.0,21.0,24.0,42.0,9.0,70.0,84.0,71.0,9.0,22.0,4.0,17.0,4.0,9.0,8.0,46.0,8.0,11.0,10.0,65.0,9.0,86.0,66.0,88.0,16.0,16.0,4.0,28.0,12.0,10.0,12.0,14.0,2.0,7.0,3.0,19.0,3.0,12.0,13.0,25.0,6.0,10.0,7.0,18.0,1.0,10.0,7.0,53.0,10.0,22.0,5.0,118.0,24.0,98.0,58.0,48.0,12.0,30.0,17.0,12.0,2.0,8.0,7.0,8.0,1.0,3.0,3.0,10.0,1.0,10.0,19.0,16.0,3.0,1.0,4.0,2.0,2.0,1.0,3.0,5.0,5.0,3.0,6.0,5.0,2.0,20.0,16.0,33.0,8.0,9.0,8.0,5.0,4.0,4.0,9.0,14.0,4.0,2.0,1.0,10.0,1.0,5.0,21.0,34.0,8.0,6.0,4.0,6.0,4.0,8.0,8.0,54.0,9.0,6.0,13.0,56.0,13.0,57.0,54.0,46.0,31.0,15.0,49.0,10.0,9.0,13.0,48.0,6.0,4.0,2.0,13.0,6.0,8.0,14.0,59.0,12.0,8.0,0.0,7.0,4.0,2.0,3.0,12.0,7.0,5.0,2.0,12.0,10.0,14.0,15.0,51.0,13.0,19.0,7.0,14.0,1.0,4.0,6.0,15.0,3.0,1.0,0.0,3.0,2.0,5.0,0.0,17.0,22.0,15.0,1.0,7.0,3.0,3.0,1.0,17.0,10.0,4.0,4.0,8.0,14.0,16.0,28.0,75.0,38.0,44.0,22.0,94.0,8.0,9.0,9.0,57.0,5.0,7.0,1.0,10.0,4.0,4.0,6.0,43.0,6.0,5.0,3.0,15.0,3.0,6.0,3.0,16.0,8.0,9.0,4.0,28.0,9.0,25.0,15.0,107.0,45.0,69.0,17.0,62.0,5.0,15.0,8.0,32.0,5.0,15.0,4.0,8.0,7.0,16.0,18.0,85.0,82.0,50.0,7.0,38.0,18.0,18.0,12.0,50.0,50.0,38.0,13.0,68.0,49.0,73.0,82.0,951.0,1.7311637487126665,0.07549370975593976,0.7478420655204006,0.7130213605730946,3.021518783206075,10.333593072002593,3.005568715455264,0.059401138358482306,0.6659834313433745,0.5102397961071214,3.236498318962449,9.268065163187307,vasc
1407.0,261.0,346.0,205.0,250.0,48.0,236.0,204.0,197.0,43.0,83.0,46.0,246.0,49.0,295.0,285.0,267.0,33.0,61.0,35.0,74.0,13.0,65.0,40.0,205.0,26.0,75.0,32.0,349.0,53.0,543.0,361.0,365.0,74.0,70.0,51.0,73.0,17.0,54.0,42.0,74.0,14.0,27.0,18.0,78.0,14.0,89.0,46.0,220.0,38.0,53.0,34.0,55.0,21.0,48.0,24.0,334.0,39.0,76.0,48.0,626.0,107.0,592.0,346.0,266.0,79.0,72.0,48.0,29.0,21.0,48.0,43.0,34.0,14.0,17.0,12.0,29.0,10.0,40.0,49.0,63.0,18.0,24.0,16.0,18.0,10.0,13.0,12.0,46.0,13.0,17.0,12.0,42.0,11.0,67.0,80.0,266.0,60.0,60.0,37.0,38.0,16.0,40.0,28.0,55.0,9.0,22.0,18.0,36.0,10.0,39.0,51.0,210.0,33.0,49.0,31.0,39.0,8.0,33.0,35.0,264.0,53.0,52.0,39.0,382.0,84.0,350.0,326.0,224.0,195.0,79.0,313.0,40.0,38.0,37.0,282.0,34.0,36.0,13.0,52.0,21.0,28.0,55.0,267.0,37.0,33.0,12.0,53.0,9.0,7.0,16.0,56.0,29.0,26.0,13.0,39.0,34.0,41.0,73.0,355.0,90.0,79.0,20.0,62.0,10.0,20.0,14.0,60.0,16.0,23.0,5.0,16.0,13.0,14.0,20.0,81.0,39.0,39.0,17.0,47.0,19.0,11.0,16.0,51.0,53.0,43.0,19.0,77.0,66.0,84.0,103.0,407.0,233.0,398.0,82.0,557.0,27.0,47.0,46.0,351.0,30.0,45.0,23.0,55.0,29.0,43.0,45.0,309.0,49.0,65.0,20.0,106.0,7.0,20.0,11.0,68.0,35.0,43.0,13.0,90.0,46.0,73.0,71.0,483.0,348.0,597.0,97.0,577.0,38.0,82.0,42.0,339.0,51.0,71.0,22.0,105.0,43.0,66.0,56.0,365.0,280.0,397.0,69.0,352.0,53.0,87.0,45.0,281.0,280.0,352.0,99.0,432.0,355.0,560.0,368.0,3573.0,1.0588566355406885,0.10586810828832767,0.8417432510343115,0.8731848609325643,2.7365786502053306,15.64035835294158,2.1065374917475994,0.08591074662353108,0.7798505594164339,0.7564972137109612,2.942037913957902,15.195420517448493,mel
1580.0,267.0,208.0,226.0,248.0,64.0,195.0,358.0,418.0,83.0,81.0,95.0,201.0,75.0,316.0,556.0,282.0,34.0,33.0,20.0,67.0,14.0,51.0,50.0,262.0,46.0,42.0,40.0,189.0,46.0,261.0,316.0,218.0,35.0,35.0,32.0,35.0,13.0,30.0,36.0,79.0,13.0,18.0,13.0,40.0,8.0,55.0,64.0,229.0,22.0,21.0,24.0,64.0,7.0,59.0,45.0,329.0,29.0,44.0,43.0,255.0,54.0,241.0,326.0,279.0,67.0,48.0,45.0,38.0,11.0,21.0,44.0,72.0,29.0,9.0,21.0,35.0,19.0,37.0,115.0,80.0,24.0,19.0,14.0,17.0,9.0,10.0,22.0,60.0,18.0,15.0,13.0,36.0,10.0,45.0,85.0,187.0,42.0,33.0,35.0,30.0,18.0,36.0,44.0,89.0,32.0,17.0,24.0,41.0,21.0,50.0,101.0,357.0,41.0,40.0,33.0,51.0,9.0,40.0,86.0,539.0,80.0,72.0,75.0,367.0,92.0,320.0,636.0,413.0,210.0,83.0,285.0,66.0,68.0,78.0,492.0,94.0,73.0,34.0,84.0,57.0,49.0,66.0,508.0,91.0,55.0,11.0,48.0,26.0,19.0,15.0,84.0,76.0,38.0,18.0,46.0,42.0,40.0,60.0,308.0,64.0,37.0,12.0,57.0,16.0,13.0,13.0,84.0,18.0,18.0,7.0,19.0,18.0,11.0,21.0,103.0,105.0,42.0,13.0,49.0,36.0,10.0,30.0,82.0,83.0,46.0,28.0,50.0,76.0,53.0,112.0,401.0,188.0,202.0,49.0,265.0,30.0,44.0,36.0,305.0,64.0,54.0,9.0,55.0,27.0,30.0,40.0,357.0,50.0,43.0,4.0,43.0,13.0,8.0,11.0,70.0,42.0,42.0,14.0,43.0,30.0,29.0,50.0,350.0,285.0,249.0,41.0,262.0,50.0,44.0,41.0,336.0,66.0,66.0,16.0,81.0,53.0,48.0,61.0,402.0,531.0,306.0,76.0,302.0,106.0,87.0,103.0,535.0,558.0,310.0,121.0,365.0,349.0,283.0,432.0,3760.0,1.215048835224579,0.1025152145816411,0.8345360878196606,0.8608687668427686,2.767412755718982,16.251177944372177,2.2536223263781485,0.08416566298648462,0.7755211557192142,0.7497802510339463,2.9596303522680354,15.759522804575415,mel
979.0,154.0,321.0,318.0,140.0,21.0,301.0,318.0,217.0,21.0,59.0,43.0,244.0,21.0,497.0,425.0,145.0,17.0,38.0,28.0,28.0,3.0,34.0,20.0,228.0,24.0,68.0,33.0,426.0,37.0,730.0,557.0,303.0,44.0,71.0,51.0,50.0,7.0,59.0,47.0,62.0,7.0,14.0,5.0,93.0,6.0,78.0,37.0,267.0,24.0,45.0,37.0,30.0,6.0,37.0,39.0,583.0,49.0,81.0,36.0,1085.0,76.0,862.0,510.0,155.0,30.0,50.0,30.0,14.0,5.0,39.0,24.0,25.0,2.0,7.0,4.0,30.0,4.0,47.0,35.0,33.0,5.0,3.0,3.0,3.0,0.0,2.0,2.0,24.0,7.0,13.0,3.0,40.0,2.0,54.0,49.0,287.0,35.0,46.0,38.0,17.0,4.0,40.0,26.0,47.0,5.0,5.0,8.0,42.0,2.0,44.0,43.0,333.0,21.0,39.0,35.0,23.0,3.0,31.0,23.0,677.0,38.0,41.0,35.0,849.0,62.0,500.0,347.0,217.0,246.0,47.0,688.0,24.0,32.0,57.0,682.0,29.0,26.0,9.0,39.0,31.0,27.0,47.0,530.0,19.0,17.0,10.0,40.0,2.0,1.0,10.0,51.0,32.0,31.0,11.0,41.0,39.0,34.0,56.0,565.0,59.0,47.0,14.0,75.0,6.0,9.0,5.0,61.0,11.0,2.0,0.0,10.0,9.0,6.0,8.0,61.0,32.0,38.0,3.0,48.0,6.0,8.0,10.0,43.0,39.0,48.0,7.0,36.0,59.0,57.0,54.0,341.0,231.0,400.0,77.0,1146.0,32.0,44.0,40.0,861.0,28.0,42.0,10.0,52.0,39.0,32.0,52.0,567.0,27.0,24.0,6.0,67.0,6.0,4.0,5.0,47.0,22.0,36.0,8.0,52.0,40.0,59.0,51.0,510.0,453.0,619.0,67.0,803.0,34.0,60.0,39.0,497.0,50.0,55.0,9.0,39.0,41.0,48.0,41.0,355.0,457.0,529.0,36.0,477.0,38.0,46.0,28.0,356.0,557.0,474.0,64.0,334.0,505.0,540.0,293.0,3821.0,1.0243101636806018,0.11893289131250734,0.8773030869341367,0.883413932094587,2.601088657709016,16.54743201929842,1.8579308236830583,0.09437465697654811,0.8099113485167351,0.7889285836445342,2.836478540733183,15.74682926902524,mel
1218.0,160.0,404.0,246.0,201.0,40.0,213.0,175.0,170.0,16.0,43.0,30.0,146.0,30.0,187.0,168.0,155.0,17.0,50.0,26.0,43.0,3.0,28.0,16.0,158.0,20.0,43.0,33.0,213.0,35.0,281.0,208.0,343.0,84.0,101.0,52.0,59.0,17.0,53.0,45.0,68.0,12.0,17.0,5.0,85.0,22.0,49.0,43.0,201.0,20.0,45.0,34.0,33.0,6.0,32.0,23.0,306.0,36.0,48.0,45.0,550.0,119.0,332.0,220.0,206.0,42.0,70.0,56.0,36.0,14.0,41.0,30.0,38.0,6.0,5.0,13.0,29.0,7.0,35.0,33.0,36.0,6.0,14.0,10.0,11.0,3.0,9.0,10.0,36.0,6.0,14.0,9.0,38.0,16.0,58.0,49.0,175.0,30.0,54.0,25.0,42.0,9.0,31.0,31.0,49.0,11.0,15.0,9.0,61.0,14.0,33.0,34.0,217.0,21.0,43.0,18.0,23.0,7.0,20.0,14.0,382.0,51.0,50.0,35.0,407.0,73.0,287.0,215.0,159.0,168.0,66.0,348.0,31.0,38.0,32.0,280.0,32.0,26.0,12.0,28.0,24.0,32.0,31.0,208.0,20.0,20.0,10.0,29.0,1.0,7.0,11.0,65.0,20.0,14.0,13.0,35.0,19.0,39.0,34.0,273.0,42.0,62.0,13.0,62.0,12.0,15.0,9.0,59.0,10.0,14.0,4.0,14.0,6.0,23.0,10.0,68.0,23.0,28.0,11.0,44.0,8.0,13.0,7.0,43.0,44.0,32.0,13.0,45.0,49.0,74.0,56.0,272.0,142.0,239.0,86.0,518.0,33.0,48.0,62.0,366.0,23.0,32.0,4.0,61.0,34.0,48.0,42.0,330.0,31.0,27.0,20.0,93.0,5.0,7.0,14.0,72.0,30.0,38.0,14.0,99.0,38.0,71.0,60.0,499.0,164.0,263.0,52.0,341.0,27.0,61.0,32.0,283.0,30.0,59.0,18.0,44.0,55.0,67.0,53.0,302.0,174.0,173.0,44.0,214.0,28.0,34.0,34.0,248.0,272.0,234.0,66.0,303.0,300.0,480.0,275.0,3161.0,1.2380105858366726,0.07388551463461039,0.8580335112415616,0.8837945216384113,2.9596554833441058,20.069256563556014,2.3192838493099583,0.060350391642205375,0.8022172473115234,0.7853506446224403,3.1411781583163534,19.290693457450896,nv
814.0,111.0,169.0,154.0,105.0,14.0,167.0,309.0,296.0,41.0,52.0,53.0,183.0,22.0,442.0,858.0,132.0,16.0,25.0,20.0,14.0,2.0,17.0,26.0,176.0,14.0,35.0,40.0,194.0,17.0,412.0,572.0,172.0,21.0,22.0,22.0,15.0,7.0,24.0,27.0,40.0,4.0,10.0,5.0,21.0,2.0,32.0,38.0,182.0,17.0,20.0,27.0,14.0,2.0,25.0,23.0,346.0,34.0,30.0,28.0,274.0,28.0,322.0,378.0,110.0,22.0,22.0,20.0,4.0,6.0,10.0,25.0,42.0,5.0,11.0,5.0,18.0,0.0,49.0,58.0,18.0,4.0,2.0,4.0,4.0,1.0,3.0,2.0,28.0,2.0,4.0,2.0,19.0,0.0,35.0,32.0,235.0,13.0,21.0,25.0,17.0,4.0,20.0,33.0,72.0,7.0,5.0,6.0,31.0,5.0,42.0,46.0,365.0,32.0,11.0,33.0,28.0,0.0,31.0,51.0,625.0,70.0,43.0,52.0,404.0,29.0,309.0,433.0,322.0,167.0,48.0,356.0,27.0,27.0,47.0,599.0,79.0,56.0,11.0,50.0,43.0,26.0,54.0,753.0,40.0,14.0,3.0,33.0,5.0,0.0,3.0,42.0,41.0,38.0,8.0,42.0,27.0,21.0,30.0,373.0,51.0,39.0,4.0,26.0,3.0,6.0,5.0,38.0,6.0,6.0,4.0,10.0,10.0,10.0,7.0,41.0,60.0,40.0,7.0,37.0,4.0,1.0,3.0,38.0,59.0,37.0,4.0,42.0,25.0,31.0,42.0,248.0,229.0,202.0,39.0,338.0,32.0,12.0,45.0,397.0,34.0,26.0,6.0,35.0,27.0,27.0,41.0,351.0,32.0,22.0,4.0,32.0,3.0,0.0,4.0,36.0,42.0,16.0,2.0,23.0,18.0,20.0,29.0,270.0,478.0,328.0,43.0,332.0,32.0,25.0,49.0,302.0,61.0,35.0,8.0,26.0,30.0,18.0,41.0,240.0,823.0,546.0,44.0,383.0,81.0,35.0,67.0,462.0,749.0,434.0,37.0,309.0,358.0,280.0,252.0,3685.0,1.2582387849708687,0.08294957207927638,0.8892932249127393,0.8916324677999757,2.838246373732376,21.96345427062839,2.346400376620556,0.06610741246041764,0.8286078728864471,0.798279964453879,3.054453469029909,20.917529458292464,nv
835.0,104.0,323.0,200.0,131.0,21.0,194.0,228.0,116.0,17.0,32.0,24.0,134.0,13.0,243.0,265.0,102.0,12.0,31.0,17.0,23.0,2.0,22.0,19.0,163.0,16.0,28.0,27.0,233.0,20.0,371.0,266.0,386.0,33.0,72.0,41.0,46.0,7.0,43.0,28.0,65.0,4.0,11.0,5.0,80.0,8.0,52.0,32.0,233.0,21.0,42.0,21.0,31.0,4.0,39.0,22.0,497.0,45.0,55.0,29.0,792.0,73.0,516.0,261.0,136.0,17.0,65.0,28.0,24.0,3.0,35.0,23.0,21.0,1.0,3.0,6.0,22.0,4.0,24.0,29.0,26.0,0.0,11.0,5.0,6.0,1.0,8.0,3.0,33.0,2.0,0.0,2.0,33.0,4.0,47.0,22.0,202.0,25.0,48.0,31.0,31.0,4.0,38.0,14.0,40.0,1.0,5.0,1.0,51.0,6.0,36.0,14.0,179.0,17.0,43.0,23.0,26.0,1.0,17.0,17.0,469.0,51.0,39.0,38.0,683.0,56.0,319.0,222.0,109.0,133.0,54.0,454.0,27.0,21.0,36.0,611.0,23.0,15.0,1.0,28.0,21.0,17.0,23.0,422.0,19.0,14.0,6.0,23.0,6.0,0.0,2.0,44.0,23.0,15.0,1.0,30.0,23.0,29.0,35.0,319.0,35.0,29.0,11.0,58.0,8.0,5.0,2.0,36.0,3.0,4.0,1.0,4.0,9.0,7.0,11.0,44.0,24.0,18.0,5.0,42.0,3.0,5.0,5.0,30.0,27.0,38.0,6.0,35.0,41.0,49.0,46.0,279.0,136.0,220.0,75.0,765.0,22.0,33.0,41.0,574.0,16.0,13.0,1.0,27.0,22.0,25.0,39.0,356.0,16.0,23.0,6.0,99.0,1.0,2.0,5.0,48.0,18.0,36.0,9.0,66.0,44.0,38.0,46.0,468.0,261.0,352.0,58.0,472.0,30.0,31.0,40.0,306.0,28.0,29.0,8.0,47.0,37.0,44.0,33.0,230.0,248.0,286.0,35.0,284.0,24.0,23.0,24.0,171.0,341.0,352.0,55.0,271.0,427.0,498.0,257.0,3554.0,1.3535209090206384,0.08115555494886777,0.8841758298520186,0.8850059439999309,2.859652019375526,22.187189908585893,2.579587996818808,0.0647057757231796,0.8225934224471708,0.7819643623036158,3.073973392707254,21.08248875423875,nv
172.0,26.0,63.0,49.0,20.0,2.0,41.0,81.0,35.0,3.0,11.0,8.0,47.0,7.0,86.0,161.0,14.0,3.0,6.0,5.0,3.0,1.0,4.0,7.0,25.0,5.0,6.0,6.0,64.0,6.0,165.0,105.0,39.0,8.0,14.0,10.0,24.0,0.0,5.0,9.0,12.0,0.0,3.0,1.0,22.0,0.0,10.0,16.0,19.0,7.0,6.0,6.0,3.0,0.0,5.0,4.0,77.0,5.0,7.0,11.0,143.0,9.0,114.0,69.0,19.0,4.0,7.0,5.0,4.0,0.0,8.0,6.0,6.0,1.0,0.0,2.0,3.0,1.0,5.0,6.0,3.0,0.0,0.0,1.0,1.0,1.0,1.0,0.0,6.0,0.0,2.0,1.0,4.0,1.0,6.0,9.0,48.0,3.0,11.0,6.0,5.0,1.0,7.0,5.0,12.0,0.0,0.0,0.0,6.0,0.0,8.0,4.0,41.0,1.0,3.0,5.0,7.0,0.0,7.0,1.0,137.0,16.0,3.0,6.0,79.0,10.0,62.0,64.0,40.0,52.0,8.0,142.0,7.0,5.0,11.0,215.0,9.0,5.0,1.0,12.0,1.0,9.0,9.0,151.0,10.0,4.0,1.0,3.0,0.0,0.0,0.0,11.0,9.0,3.0,2.0,7.0,4.0,8.0,10.0,83.0,4.0,9.0,3.0,23.0,1.0,1.0,1.0,13.0,1.0,0.0,0.0,1.0,1.0,2.0,1.0,11.0,11.0,5.0,2.0,7.0,0.0,0.0,0.0,6.0,10.0,8.0,2.0,5.0,12.0,6.0,10.0,73.0,43.0,97.0,11.0,330.0,6.0,4.0,5.0,228.0,3.0,10.0,2.0,13.0,3.0,4.0,7.0,126.0,1.0,7.0,1.0,8.0,1.0,0.0,1.0,7.0,5.0,2.0,2.0,7.0,5.0,8.0,9.0,78.0,102.0,285.0,17.0,224.0,8.0,7.0,6.0,112.0,13.0,11.0,2.0,15.0,4.0,16.0,7.0,97.0,99.0,120.0,8.0,85.0,5.0,5.0,5.0,66.0,96.0,78.0,14.0,77.0,75.0,61.0,60.0,1484.0,0.7293174854372199,0.1328335625398557,0.8731962992451067,0.9323249662122302,2.6761971195399865,20.82419921392274,1.3731687466087905,0.10971584604414529,0.7940722094070215,0.8722489066090959,2.9632548427531074,20.124396716992244,vasc
152.0,27.0,43.0,44.0,20.0,4.0,25.0,29.0,29.0,12.0,11.0,14.0,20.0,8.0,80.0,116.0,35.0,3.0,13.0,4.0,7.0,1.0,5.0,7.0,39.0,6.0,22.0,13.0,53.0,1.0,188.0,87.0,46.0,7.0,17.0,5.0,5.0,1.0,4.0,3.0,8.0,1.0,0.0,2.0,6.0,3.0,7.0,8.0,54.0,3.0,9.0,2.0,3.0,1.0,7.0,4.0,76.0,4.0,15.0,7.0,121.0,8.0,119.0,54.0,30.0,4.0,6.0,3.0,2.0,0.0,2.0,5.0,5.0,1.0,0.0,1.0,2.0,0.0,7.0,10.0,7.0,2.0,1.0,1.0,1.0,0.0,0.0,1.0,3.0,0.0,1.0,0.0,4.0,2.0,13.0,7.0,57.0,9.0,3.0,5.0,6.0,0.0,2.0,5.0,8.0,0.0,1.0,1.0,5.0,0.0,9.0,6.0,70.0,8.0,5.0,1.0,4.0,1.0,4.0,2.0,121.0,9.0,12.0,6.0,92.0,8.0,64.0,52.0,30.0,25.0,2.0,83.0,5.0,1.0,8.0,80.0,8.0,9.0,1.0,5.0,3.0,5.0,7.0,77.0,8.0,4.0,0.0,9.0,0.0,0.0,2.0,2.0,5.0,5.0,0.0,1.0,5.0,2.0,4.0,41.0,14.0,13.0,1.0,12.0,0.0,1.0,1.0,5.0,3.0,2.0,0.0,1.0,1.0,1.0,1.0,10.0,9.0,10.0,3.0,9.0,3.0,0.0,2.0,5.0,8.0,4.0,1.0,5.0,14.0,6.0,14.0,59.0,43.0,96.0,14.0,174.0,6.0,5.0,5.0,78.0,4.0,5.0,0.0,6.0,2.0,6.0,4.0,63.0,7.0,5.0,2.0,10.0,0.0,1.0,1.0,12.0,10.0,6.0,2.0,6.0,2.0,8.0,9.0,67.0,154.0,374.0,16.0,231.0,6.0,11.0,8.0,74.0,6.0,4.0,1.0,19.0,9.0,11.0,10.0,78.0,205.0,216.0,13.0,103.0,9.0,19.0,11.0,58.0,150.0,108.0,9.0,83.0,70.0,84.0,81.0,1333.0,0.8624282138123985,0.1104366647360261,0.8713500678110844,0.9212481449833723,2.732088083431293,21.03999462131454,1.602171254955723,0.0906795448249672,0.7937421002028593,0.8534937109444865,3.0116776271110277,20.26953493983612,vasc
1715.0,296.0,368.0,230.0,280.0,79.0,244.0,240.0,289.0,52.0,89.0,60.0,232.0,55.0,246.0,239.0,312.0,52.0,74.0,46.0,86.0,14.0,51.0,43.0,231.0,50.0,87.0,41.0,262.0,49.0,347.0,260.0,344.0,65.0,76.0,68.0,69.0,17.0,62.0,44.0,85.0,23.0,35.0,15.0,79.0,18.0,72.0,67.0,200.0,47.0,49.0,33.0,56.0,17.0,41.0,51.0,272.0,39.0,70.0,50.0,366.0,76.0,322.0,300.0,259.0,94.0,70.0,62.0,47.0,26.0,47.0,49.0,45.0,18.0,20.0,16.0,34.0,18.0,34.0,83.0,68.0,16.0,19.0,12.0,31.0,11.0,19.0,23.0,60.0,10.0,32.0,20.0,53.0,25.0,78.0,89.0,179.0,65.0,42.0,42.0,53.0,14.0,25.0,43.0,54.0,24.0,17.0,17.0,47.0,25.0,47.0,74.0,201.0,57.0,43.0,39.0,44.0,19.0,58.0,43.0,245.0,64.0,62.0,58.0,288.0,93.0,260.0,406.0,281.0,232.0,91.0,285.0,48.0,44.0,67.0,218.0,57.0,35.0,31.0,60.0,49.0,48.0,64.0,248.0,64.0,30.0,19.0,44.0,23.0,11.0,16.0,68.0,43.0,22.0,18.0,56.0,47.0,41.0,69.0,284.0,97.0,75.0,28.0,85.0,9.0,36.0,19.0,61.0,24.0,22.0,13.0,25.0,23.0,18.0,30.0,93.0,56.0,36.0,14.0,37.0,16.0,19.0,20.0,66.0,78.0,42.0,24.0,56.0,78.0,82.0,88.0,414.0,210.0,286.0,74.0,395.0,25.0,45.0,45.0,281.0,42.0,55.0,22.0,79.0,23.0,49.0,50.0,299.0,53.0,70.0,18.0,76.0,19.0,30.0,17.0,99.0,46.0,47.0,16.0,85.0,51.0,78.0,75.0,477.0,248.0,355.0,64.0,351.0,45.0,89.0,33.0,284.0,46.0,69.0,22.0,117.0,47.0,83.0,65.0,411.0,239.0,246.0,50.0,287.0,74.0,89.0,53.0,356.0,245.0,222.0,101.0,349.0,295.0,433.0,398.0,3590.0,1.2038661428347868,0.10821574617723924,0.8117522760270284,0.8020759777244658,2.6048419229337516,10.961065925480368,2.1630083925112973,0.09073760557115552,0.7576370151981429,0.6564832776153463,2.769744566559356,10.430313862637975,mel
744.0,100.0,258.0,153.0,138.0,34.0,168.0,211.0,140.0,20.0,45.0,37.0,111.0,18.0,282.0,323.0,156.0,26.0,38.0,23.0,17.0,2.0,29.0,19.0,124.0,17.0,66.0,32.0,222.0,33.0,532.0,374.0,250.0,35.0,76.0,23.0,50.0,5.0,38.0,24.0,39.0,4.0,8.0,2.0,69.0,6.0,53.0,31.0,143.0,28.0,39.0,19.0,31.0,4.0,28.0,12.0,312.0,29.0,35.0,20.0,537.0,44.0,437.0,248.0,112.0,20.0,39.0,21.0,20.0,5.0,22.0,19.0,22.0,0.0,4.0,8.0,14.0,1.0,33.0,30.0,19.0,0.0,6.0,5.0,3.0,0.0,6.0,5.0,21.0,6.0,12.0,3.0,31.0,7.0,39.0,33.0,159.0,22.0,27.0,15.0,29.0,1.0,20.0,8.0,28.0,5.0,10.0,5.0,31.0,0.0,19.0,16.0,192.0,16.0,22.0,13.0,21.0,5.0,17.0,13.0,469.0,18.0,41.0,22.0,416.0,39.0,245.0,151.0,120.0,121.0,36.0,297.0,17.0,23.0,29.0,422.0,33.0,13.0,8.0,33.0,11.0,20.0,21.0,330.0,21.0,11.0,2.0,29.0,4.0,3.0,4.0,21.0,22.0,24.0,4.0,20.0,24.0,25.0,27.0,281.0,46.0,49.0,5.0,30.0,3.0,4.0,3.0,28.0,4.0,6.0,2.0,8.0,4.0,11.0,8.0,52.0,47.0,35.0,6.0,14.0,3.0,4.0,7.0,19.0,19.0,23.0,7.0,29.0,32.0,39.0,43.0,204.0,107.0,220.0,50.0,805.0,18.0,30.0,33.0,454.0,11.0,10.0,3.0,37.0,24.0,13.0,26.0,289.0,17.0,18.0,8.0,42.0,2.0,4.0,3.0,46.0,15.0,19.0,8.0,39.0,25.0,40.0,31.0,346.0,254.0,595.0,35.0,632.0,29.0,56.0,28.0,273.0,17.0,26.0,8.0,23.0,25.0,30.0,33.0,239.0,443.0,431.0,34.0,279.0,18.0,30.0,14.0,156.0,359.0,267.0,38.0,225.0,282.0,340.0,209.0,2468.0,1.2056619668351514,0.12246686425969922,0.855400803631981,0.8435792016215037,2.6101204404980787,14.209960243681543,2.4314839312115786,0.09836570403346076,0.7801851188387541,0.6908539749687234,2.8402776509320007,13.298842415152308,nv
532.0,83.0,128.0,105.0,100.0,13.0,120.0,247.0,103.0,11.0,30.0,25.0,127.0,14.0,258.0,442.0,67.0,12.0,17.0,6.0,13.0,1.0,12.0,11.0,89.0,7.0,24.0,9.0,158.0,10.0,420.0,343.0,138.0,14.0,28.0,19.0,22.0,1.0,25.0,15.0,39.0,0.0,2.0,1.0,50.0,5.0,40.0,19.0,110.0,13.0,14.0,15.0,14.0,0.0,19.0,10.0,292.0,26.0,24.0,18.0,676.0,29.0,460.0,282.0,112.0,16.0,25.0,15.0,20.0,4.0,21.0,22.0,12.0,0.0,3.0,0.0,23.0,0.0,20.0,16.0,16.0,3.0,3.0,4.0,1.0,1.0,4.0,1.0,16.0,2.0,2.0,2.0,9.0,1.0,14.0,11.0,121.0,15.0,21.0,10.0,18.0,2.0,9.0,12.0,36.0,2.0,0.0,2.0,43.0,3.0,22.0,15.0,223.0,20.0,11.0,16.0,10.0,2.0,13.0,7.0,732.0,38.0,19.0,13.0,542.0,27.0,191.0,168.0,125.0,113.0,42.0,340.0,22.0,14.0,51.0,601.0,27.0,10.0,5.0,27.0,15.0,15.0,27.0,402.0,8.0,16.0,0.0,21.0,0.0,1.0,2.0,23.0,14.0,9.0,1.0,20.0,6.0,15.0,21.0,290.0,24.0,20.0,7.0,26.0,0.0,2.0,5.0,27.0,0.0,4.0,0.0,4.0,5.0,4.0,2.0,28.0,15.0,12.0,3.0,13.0,0.0,3.0,2.0,17.0,23.0,28.0,3.0,19.0,23.0,22.0,18.0,187.0,120.0,198.0,50.0,674.0,18.0,17.0,32.0,485.0,16.0,16.0,6.0,21.0,15.0,11.0,27.0,215.0,9.0,19.0,5.0,39.0,1.0,5.0,7.0,31.0,17.0,6.0,3.0,25.0,9.0,18.0,20.0,212.0,288.0,413.0,28.0,411.0,28.0,24.0,22.0,191.0,29.0,24.0,4.0,25.0,18.0,19.0,20.0,128.0,398.0,289.0,20.0,248.0,15.0,21.0,20.0,153.0,478.0,279.0,28.0,187.0,212.0,204.0,147.0,2381.0,1.4182631552342921,0.1104060552949305,0.8539018673982111,0.8370161662948811,2.6556739839734345,15.985464846406643,2.6806756842573183,0.08434089519991268,0.7648040030701647,0.688903323696211,2.919022426159172,14.553039031740582,nv
590.0,84.0,86.0,121.0,73.0,13.0,108.0,191.0,187.0,39.0,32.0,50.0,141.0,9.0,322.0,734.0,78.0,8.0,21.0,16.0,12.0,2.0,19.0,22.0,159.0,12.0,27.0,29.0,218.0,17.0,545.0,580.0,119.0,20.0,19.0,17.0,12.0,2.0,16.0,11.0,29.0,4.0,5.0,2.0,29.0,0.0,23.0,25.0,153.0,16.0,8.0,21.0,15.0,2.0,14.0,8.0,290.0,17.0,24.0,21.0,340.0,21.0,409.0,278.0,70.0,10.0,13.0,7.0,9.0,2.0,17.0,24.0,23.0,3.0,4.0,7.0,13.0,1.0,24.0,27.0,13.0,6.0,0.0,2.0,0.0,0.0,2.0,0.0,17.0,3.0,3.0,0.0,14.0,1.0,16.0,26.0,127.0,13.0,17.0,8.0,13.0,4.0,11.0,14.0,30.0,3.0,3.0,3.0,19.0,0.0,21.0,23.0,217.0,13.0,16.0,10.0,21.0,1.0,14.0,17.0,534.0,41.0,25.0,25.0,415.0,23.0,280.0,241.0,196.0,145.0,22.0,274.0,19.0,16.0,35.0,519.0,40.0,32.0,6.0,29.0,18.0,11.0,36.0,573.0,37.0,23.0,0.0,13.0,1.0,3.0,3.0,22.0,23.0,17.0,3.0,21.0,17.0,5.0,28.0,250.0,35.0,39.0,0.0,28.0,2.0,0.0,3.0,17.0,5.0,1.0,2.0,3.0,2.0,3.0,2.0,31.0,50.0,35.0,2.0,21.0,3.0,2.0,4.0,22.0,49.0,32.0,3.0,23.0,29.0,16.0,27.0,176.0,139.0,202.0,25.0,439.0,16.0,9.0,26.0,452.0,24.0,21.0,2.0,21.0,20.0,9.0,23.0,241.0,11.0,15.0,1.0,19.0,3.0,0.0,4.0,23.0,21.0,12.0,3.0,26.0,12.0,6.0,14.0,169.0,351.0,500.0,28.0,451.0,32.0,25.0,30.0,271.0,33.0,20.0,5.0,31.0,32.0,12.0,24.0,202.0,582.0,488.0,30.0,284.0,32.0,35.0,25.0,243.0,487.0,260.0,16.0,163.0,264.0,131.0,182.0,2627.0,1.5150309825907347,0.13009857727093574,0.8708238087320196,0.8355375893587502,2.5531027710510723,16.909008610207756,2.8329082691783016,0.10357411806674179,0.7921362480410052,0.6892163881207695,2.7995286064880114,15.397835958603972,nv
991.0,159.0,241.0,166.0,136.0,32.0,176.0,142.0,150.0,34.0,63.0,31.0,139.0,38.0,212.0,238.0,150.0,28.0,30.0,27.0,27.0,7.0,38.0,31.0,140.0,25.0,43.0,22.0,170.0,31.0,236.0,242.0,225.0,47.0,52.0,29.0,43.0,12.0,27.0,16.0,48.0,5.0,7.0,8.0,48.0,15.0,38.0,38.0,153.0,18.0,36.0,14.0,26.0,10.0,20.0,25.0,194.0,32.0,46.0,31.0,226.0,44.0,227.0,191.0,178.0,49.0,50.0,29.0,18.0,10.0,23.0,23.0,23.0,11.0,6.0,10.0,12.0,13.0,30.0,42.0,33.0,13.0,12.0,20.0,6.0,3.0,9.0,10.0,19.0,15.0,12.0,9.0,33.0,13.0,42.0,61.0,165.0,31.0,28.0,30.0,20.0,10.0,29.0,29.0,26.0,11.0,13.0,12.0,18.0,10.0,28.0,35.0,131.0,27.0,29.0,17.0,27.0,12.0,20.0,24.0,164.0,26.0,36.0,34.0,178.0,51.0,201.0,196.0,180.0,155.0,39.0,231.0,21.0,32.0,36.0,196.0,24.0,21.0,10.0,33.0,22.0,26.0,33.0,187.0,21.0,19.0,12.0,30.0,6.0,8.0,8.0,35.0,28.0,18.0,5.0,32.0,20.0,22.0,43.0,212.0,53.0,54.0,13.0,47.0,9.0,11.0,10.0,41.0,8.0,12.0,2.0,14.0,4.0,9.0,9.0,49.0,27.0,22.0,10.0,28.0,7.0,10.0,9.0,38.0,41.0,29.0,13.0,26.0,31.0,55.0,48.0,226.0,157.0,204.0,42.0,312.0,17.0,25.0,32.0,213.0,20.0,29.0,10.0,48.0,21.0,22.0,17.0,203.0,33.0,34.0,14.0,65.0,10.0,17.0,11.0,51.0,30.0,26.0,8.0,58.0,30.0,50.0,53.0,316.0,186.0,302.0,34.0,296.0,31.0,55.0,29.0,203.0,26.0,46.0,17.0,61.0,25.0,39.0,41.0,238.0,199.0,234.0,50.0,197.0,44.0,55.0,34.0,207.0,194.0,179.0,50.0,226.0,206.0,253.0,233.0,2821.0,1.030138854929414,0.09512358862987083,0.824364266941279,0.8387073956591136,2.7549755089303343,11.743402240014413,1.9008453544284167,0.07745146628377796,0.7606021200590343,0.7104417825723469,2.9643706568719184,11.228433940871492,mel
1278.0,141.0,213.0,125.0,180.0,55.0,151.0,107.0,174.0,42.0,46.0,45.0,135.0,34.0,143.0,162.0,171.0,28.0,44.0,24.0,66.0,13.0,47.0,27.0,135.0,29.0,56.0,25.0,181.0,23.0,206.0,167.0,206.0,44.0,52.0,39.0,48.0,17.0,35.0,29.0,42.0,11.0,21.0,11.0,49.0,11.0,39.0,51.0,134.0,16.0,26.0,16.0,46.0,23.0,35.0,17.0,182.0,41.0,51.0,33.0,231.0,56.0,219.0,182.0,169.0,50.0,34.0,34.0,28.0,16.0,20.0,32.0,44.0,10.0,9.0,16.0,18.0,11.0,28.0,41.0,48.0,8.0,15.0,11.0,27.0,4.0,13.0,14.0,43.0,17.0,18.0,16.0,25.0,28.0,64.0,67.0,144.0,39.0,21.0,29.0,20.0,14.0,18.0,21.0,36.0,15.0,9.0,17.0,26.0,16.0,34.0,32.0,98.0,38.0,31.0,26.0,28.0,23.0,31.0,34.0,157.0,32.0,39.0,47.0,196.0,66.0,175.0,218.0,170.0,123.0,47.0,139.0,34.0,36.0,33.0,114.0,24.0,26.0,13.0,39.0,22.0,29.0,28.0,144.0,47.0,20.0,15.0,30.0,17.0,12.0,12.0,42.0,19.0,24.0,17.0,27.0,26.0,32.0,47.0,188.0,38.0,34.0,9.0,33.0,8.0,15.0,9.0,44.0,19.0,5.0,6.0,21.0,11.0,17.0,19.0,66.0,36.0,23.0,19.0,29.0,16.0,17.0,15.0,44.0,35.0,31.0,27.0,41.0,56.0,59.0,79.0,241.0,131.0,139.0,42.0,171.0,26.0,30.0,22.0,131.0,24.0,26.0,13.0,40.0,20.0,25.0,37.0,167.0,36.0,43.0,17.0,40.0,8.0,25.0,18.0,60.0,20.0,22.0,16.0,60.0,25.0,49.0,59.0,269.0,176.0,206.0,40.0,196.0,26.0,50.0,33.0,182.0,40.0,47.0,8.0,72.0,25.0,58.0,41.0,286.0,195.0,186.0,37.0,192.0,35.0,53.0,45.0,193.0,142.0,181.0,76.0,268.0,168.0,268.0,290.0,3031.0,0.8548189902577765,0.09551166228613125,0.8095016636804528,0.8207976715185779,2.768940248215073,8.68544756209782,1.4221785608107231,0.07916544689423959,0.7525744708264009,0.7070770144186642,2.9381927358076125,8.288077245767662,mel
991.0,178.0,225.0,165.0,150.0,33.0,153.0,131.0,150.0,23.0,48.0,26.0,140.0,19.0,194.0,164.0,136.0,18.0,43.0,20.0,27.0,6.0,26.0,27.0,139.0,12.0,48.0,18.0,170.0,33.0,226.0,178.0,241.0,50.0,52.0,28.0,30.0,12.0,36.0,29.0,63.0,6.0,7.0,13.0,43.0,12.0,46.0,36.0,176.0,23.0,27.0,29.0,38.0,9.0,20.0,20.0,212.0,30.0,38.0,28.0,236.0,42.0,227.0,201.0,159.0,49.0,47.0,31.0,28.0,13.0,18.0,27.0,34.0,11.0,5.0,11.0,25.0,15.0,32.0,26.0,32.0,10.0,12.0,10.0,7.0,3.0,10.0,12.0,38.0,13.0,15.0,10.0,31.0,13.0,44.0,51.0,166.0,29.0,29.0,30.0,27.0,20.0,14.0,17.0,31.0,10.0,8.0,12.0,22.0,9.0,31.0,34.0,142.0,23.0,16.0,29.0,31.0,10.0,25.0,24.0,238.0,42.0,38.0,35.0,242.0,61.0,191.0,196.0,180.0,157.0,53.0,186.0,21.0,33.0,27.0,199.0,24.0,20.0,8.0,26.0,28.0,30.0,41.0,194.0,21.0,17.0,9.0,31.0,6.0,10.0,7.0,44.0,22.0,21.0,4.0,25.0,20.0,30.0,31.0,206.0,39.0,42.0,13.0,34.0,12.0,14.0,10.0,50.0,10.0,10.0,2.0,17.0,5.0,8.0,13.0,50.0,36.0,32.0,10.0,29.0,8.0,11.0,9.0,34.0,33.0,17.0,9.0,41.0,43.0,53.0,48.0,233.0,155.0,204.0,54.0,302.0,19.0,34.0,22.0,234.0,21.0,29.0,12.0,46.0,18.0,26.0,29.0,179.0,32.0,25.0,11.0,55.0,8.0,17.0,10.0,55.0,26.0,22.0,9.0,39.0,22.0,50.0,55.0,253.0,231.0,312.0,47.0,296.0,30.0,65.0,28.0,197.0,33.0,48.0,14.0,61.0,32.0,58.0,26.0,226.0,196.0,213.0,41.0,203.0,35.0,51.0,38.0,207.0,187.0,203.0,49.0,238.0,212.0,316.0,226.0,2821.0,1.030138854929414,0.09512358862987083,0.824364266941279,0.8387073956591136,2.7549755089303343,11.743402240014413,1.9008453544284167,0.07745146628377796,0.7606021200590343,0.7104417825723469,2.9643706568719184,11.228433940871492,mel
189.0,48.0,60.0,48.0,24.0,9.0,29.0,47.0,21.0,5.0,5.0,10.0,28.0,5.0,66.0,77.0,27.0,5.0,12.0,3.0,3.0,0.0,8.0,5.0,20.0,2.0,13.0,5.0,63.0,2.0,163.0,76.0,59.0,12.0,20.0,15.0,9.0,1.0,6.0,3.0,5.0,1.0,1.0,3.0,15.0,2.0,5.0,6.0,49.0,3.0,8.0,0.0,2.0,2.0,4.0,2.0,80.0,4.0,11.0,8.0,120.0,10.0,114.0,35.0,33.0,10.0,9.0,10.0,4.0,2.0,5.0,9.0,5.0,1.0,4.0,0.0,1.0,3.0,2.0,10.0,3.0,1.0,3.0,2.0,1.0,0.0,2.0,1.0,5.0,1.0,0.0,0.0,7.0,0.0,7.0,5.0,35.0,4.0,11.0,7.0,5.0,2.0,2.0,1.0,5.0,2.0,5.0,1.0,5.0,0.0,6.0,3.0,49.0,4.0,4.0,3.0,5.0,1.0,1.0,2.0,98.0,5.0,6.0,5.0,91.0,9.0,40.0,27.0,21.0,40.0,9.0,86.0,5.0,8.0,5.0,89.0,4.0,0.0,1.0,4.0,3.0,7.0,7.0,70.0,7.0,3.0,0.0,3.0,0.0,1.0,2.0,11.0,5.0,1.0,2.0,4.0,4.0,1.0,5.0,51.0,11.0,17.0,0.0,19.0,1.0,1.0,0.0,12.0,4.0,1.0,2.0,4.0,0.0,1.0,1.0,19.0,2.0,5.0,2.0,7.0,2.0,3.0,0.0,3.0,0.0,3.0,0.0,3.0,8.0,10.0,5.0,29.0,24.0,115.0,10.0,208.0,6.0,7.0,2.0,102.0,3.0,6.0,2.0,13.0,5.0,7.0,3.0,72.0,6.0,8.0,1.0,16.0,0.0,3.0,2.0,9.0,7.0,2.0,1.0,18.0,3.0,10.0,5.0,70.0,91.0,216.0,8.0,184.0,1.0,14.0,5.0,63.0,5.0,11.0,3.0,19.0,6.0,16.0,2.0,68.0,88.0,109.0,5.0,70.0,2.0,9.0,3.0,30.0,72.0,57.0,10.0,51.0,72.0,60.0,39.0,726.0,1.816125316747293,0.05986885357950245,0.8249214750809567,0.9016081297202161,3.1479458181654825,35.100040858019476,3.7336402958001957,0.043459960363968375,0.7214026469433605,0.7976625216271266,3.4688762360122745,33.171438544015516,nv
134.0,19.0,43.0,32.0,10.0,1.0,32.0,59.0,17.0,4.0,2.0,6.0,16.0,2.0,94.0,116.0,14.0,1.0,4.0,2.0,3.0,1.0,3.0,1.0,15.0,4.0,11.0,6.0,56.0,1.0,131.0,113.0,42.0,4.0,26.0,3.0,6.0,0.0,3.0,3.0,4.0,0.0,2.0,0.0,7.0,0.0,8.0,2.0,27.0,5.0,5.0,2.0,1.0,0.0,2.0,2.0,50.0,6.0,6.0,2.0,191.0,6.0,97.0,36.0,21.0,3.0,3.0,6.0,1.0,0.0,3.0,2.0,7.0,1.0,1.0,1.0,1.0,0.0,1.0,2.0,4.0,1.0,1.0,0.0,0.0,0.0,0.0,2.0,0.0,0.0,0.0,1.0,4.0,0.0,7.0,3.0,27.0,2.0,9.0,2.0,3.0,0.0,2.0,2.0,12.0,1.0,0.0,0.0,6.0,0.0,3.0,3.0,56.0,2.0,3.0,4.0,0.0,0.0,3.0,0.0,88.0,5.0,2.0,3.0,75.0,3.0,34.0,21.0,27.0,24.0,5.0,75.0,4.0,4.0,7.0,75.0,5.0,4.0,2.0,6.0,5.0,3.0,5.0,94.0,6.0,1.0,0.0,2.0,0.0,0.0,1.0,5.0,0.0,2.0,0.0,3.0,3.0,0.0,0.0,63.0,6.0,9.0,2.0,5.0,0.0,0.0,1.0,2.0,0.0,0.0,0.0,3.0,0.0,0.0,0.0,6.0,1.0,3.0,0.0,2.0,0.0,0.0,1.0,4.0,4.0,3.0,0.0,5.0,5.0,4.0,3.0,23.0,34.0,90.0,9.0,236.0,4.0,3.0,5.0,115.0,7.0,1.0,1.0,7.0,5.0,3.0,6.0,53.0,3.0,2.0,0.0,5.0,0.0,0.0,0.0,2.0,3.0,5.0,0.0,9.0,1.0,5.0,4.0,50.0,90.0,274.0,7.0,204.0,3.0,8.0,1.0,54.0,5.0,5.0,1.0,8.0,4.0,5.0,4.0,31.0,140.0,144.0,1.0,63.0,2.0,6.0,2.0,33.0,106.0,69.0,8.0,40.0,37.0,33.0,19.0,878.0,1.9201226562107276,0.0607232103001245,0.8273594860084468,0.8999954617645161,3.152330091475431,36.48058775333773,4.011541381928626,0.042690649650832156,0.7122476971595977,0.7909228198275127,3.505894541112524,34.36224363486883,nv
149.0,19.0,48.0,31.0,25.0,6.0,31.0,53.0,27.0,1.0,3.0,3.0,33.0,5.0,57.0,74.0,10.0,2.0,5.0,4.0,4.0,0.0,3.0,4.0,24.0,1.0,7.0,4.0,69.0,3.0,141.0,79.0,31.0,5.0,8.0,7.0,10.0,0.0,4.0,5.0,8.0,0.0,1.0,0.0,13.0,0.0,6.0,3.0,25.0,2.0,1.0,4.0,4.0,0.0,4.0,6.0,73.0,3.0,8.0,2.0,229.0,9.0,122.0,54.0,29.0,7.0,6.0,9.0,5.0,1.0,5.0,3.0,6.0,2.0,1.0,1.0,3.0,0.0,5.0,3.0,2.0,0.0,1.0,1.0,1.0,0.0,1.0,0.0,3.0,0.0,0.0,0.0,1.0,0.0,3.0,2.0,36.0,3.0,7.0,6.0,5.0,0.0,7.0,0.0,7.0,0.0,0.0,0.0,6.0,0.0,3.0,3.0,41.0,2.0,5.0,1.0,4.0,0.0,2.0,0.0,175.0,8.0,5.0,0.0,123.0,6.0,32.0,25.0,23.0,23.0,16.0,134.0,5.0,7.0,9.0,220.0,8.0,0.0,1.0,7.0,1.0,3.0,4.0,117.0,4.0,3.0,0.0,5.0,0.0,0.0,1.0,8.0,1.0,0.0,1.0,6.0,2.0,2.0,7.0,55.0,5.0,3.0,0.0,15.0,2.0,0.0,0.0,8.0,1.0,0.0,0.0,0.0,1.0,2.0,0.0,6.0,4.0,5.0,1.0,4.0,0.0,0.0,0.0,2.0,3.0,6.0,2.0,5.0,3.0,2.0,10.0,48.0,21.0,85.0,18.0,349.0,4.0,5.0,3.0,191.0,2.0,5.0,0.0,6.0,4.0,1.0,7.0,62.0,2.0,2.0,0.0,5.0,0.0,1.0,0.0,10.0,1.0,5.0,1.0,6.0,3.0,2.0,13.0,53.0,86.0,154.0,6.0,169.0,4.0,2.0,7.0,77.0,5.0,3.0,3.0,12.0,7.0,8.0,6.0,51.0,60.0,102.0,5.0,58.0,2.0,6.0,4.0,30.0,57.0,58.0,2.0,36.0,32.0,47.0,24.0,904.0,2.920953171091445,0.0631785465497766,0.8337151243715478,0.8675808451957279,3.1397725445107003,41.19582397355776,5.425585401052093,0.04460184121797819,0.7227394851306572,0.752922846602369,3.4852123705337834,38.49256183711433,nv
542.0,84.0,167.0,88.0,76.0,17.0,110.0,85.0,69.0,17.0,27.0,17.0,84.0,14.0,152.0,112.0,86.0,22.0,24.0,13.0,23.0,2.0,25.0,17.0,76.0,12.0,31.0,16.0,115.0,21.0,251.0,143.0,178.0,36.0,38.0,22.0,21.0,9.0,17.0,16.0,31.0,5.0,9.0,2.0,25.0,7.0,36.0,28.0,102.0,13.0,25.0,9.0,21.0,1.0,17.0,6.0,119.0,14.0,23.0,13.0,205.0,24.0,192.0,130.0,81.0,20.0,22.0,21.0,10.0,3.0,12.0,13.0,9.0,2.0,4.0,3.0,10.0,4.0,10.0,20.0,15.0,6.0,5.0,2.0,0.0,2.0,3.0,3.0,13.0,1.0,3.0,4.0,23.0,5.0,33.0,28.0,93.0,18.0,31.0,16.0,10.0,2.0,17.0,7.0,8.0,3.0,2.0,3.0,10.0,5.0,21.0,11.0,85.0,11.0,12.0,9.0,10.0,4.0,14.0,6.0,105.0,12.0,19.0,13.0,142.0,24.0,110.0,91.0,63.0,70.0,26.0,117.0,7.0,15.0,11.0,86.0,14.0,11.0,1.0,10.0,14.0,10.0,16.0,104.0,20.0,5.0,3.0,14.0,1.0,0.0,1.0,15.0,8.0,11.0,6.0,21.0,11.0,15.0,24.0,155.0,29.0,22.0,5.0,20.0,5.0,4.0,7.0,34.0,4.0,4.0,1.0,5.0,2.0,9.0,4.0,38.0,22.0,16.0,3.0,17.0,1.0,7.0,4.0,11.0,8.0,18.0,4.0,13.0,22.0,39.0,28.0,139.0,70.0,115.0,28.0,160.0,13.0,19.0,13.0,128.0,11.0,11.0,2.0,20.0,7.0,14.0,18.0,134.0,16.0,27.0,7.0,28.0,6.0,3.0,7.0,31.0,12.0,16.0,4.0,30.0,24.0,21.0,28.0,219.0,134.0,193.0,23.0,178.0,17.0,32.0,12.0,139.0,9.0,17.0,5.0,38.0,21.0,31.0,10.0,123.0,136.0,133.0,22.0,109.0,13.0,33.0,15.0,86.0,110.0,139.0,27.0,133.0,135.0,195.0,128.0,1575.0,1.3154264167683274,0.10653051180333663,0.851662770486604,0.8469450568477018,2.6156220653085436,15.873517496783057,2.625211656715088,0.08557358406890475,0.7841027979105962,0.7050992570177403,2.8248392487714007,15.178823898888899,nv
525.0,68.0,168.0,107.0,63.0,21.0,120.0,93.0,67.0,13.0,31.0,22.0,82.0,14.0,123.0,131.0,78.0,19.0,30.0,6.0,16.0,5.0,19.0,12.0,62.0,9.0,21.0,17.0,129.0,18.0,204.0,150.0,153.0,23.0,48.0,17.0,23.0,6.0,24.0,19.0,28.0,4.0,3.0,2.0,28.0,7.0,28.0,22.0,73.0,12.0,22.0,11.0,16.0,2.0,15.0,7.0,130.0,12.0,23.0,17.0,186.0,33.0,186.0,105.0,75.0,10.0,22.0,19.0,7.0,4.0,7.0,10.0,13.0,3.0,2.0,5.0,11.0,4.0,20.0,17.0,16.0,3.0,2.0,3.0,2.0,1.0,2.0,5.0,15.0,1.0,7.0,5.0,18.0,3.0,33.0,16.0,109.0,33.0,24.0,17.0,16.0,7.0,12.0,13.0,18.0,3.0,6.0,2.0,11.0,2.0,8.0,20.0,86.0,18.0,15.0,10.0,13.0,4.0,13.0,5.0,98.0,17.0,27.0,13.0,129.0,23.0,117.0,83.0,80.0,78.0,34.0,108.0,10.0,13.0,11.0,133.0,7.0,9.0,1.0,12.0,12.0,10.0,7.0,120.0,16.0,10.0,3.0,13.0,2.0,1.0,2.0,15.0,7.0,8.0,6.0,16.0,5.0,16.0,16.0,136.0,23.0,28.0,7.0,38.0,2.0,3.0,5.0,13.0,1.0,9.0,1.0,5.0,2.0,3.0,6.0,26.0,25.0,15.0,3.0,5.0,3.0,3.0,2.0,15.0,10.0,20.0,7.0,15.0,21.0,31.0,29.0,112.0,81.0,125.0,31.0,193.0,9.0,19.0,9.0,126.0,9.0,17.0,8.0,16.0,12.0,13.0,21.0,133.0,11.0,21.0,3.0,43.0,5.0,2.0,3.0,18.0,14.0,12.0,4.0,37.0,17.0,22.0,28.0,223.0,167.0,237.0,33.0,182.0,17.0,31.0,14.0,125.0,12.0,23.0,3.0,32.0,17.0,24.0,13.0,123.0,113.0,143.0,25.0,131.0,22.0,31.0,21.0,84.0,123.0,156.0,25.0,124.0,132.0,215.0,137.0,1599.0,1.2212336365653431,0.10393347670258656,0.8420855834366257,0.8464947892209086,2.6788746276867887,14.690065144331607,2.3959484756641114,0.08489898907114198,0.7732188593092708,0.7065003761228036,2.8873467912726647,13.93080822686991,nv
787.0,102.0,155.0,70.0,88.0,28.0,70.0,80.0,77.0,7.0,44.0,19.0,67.0,20.0,78.0,65.0,107.0,12.0,27.0,12.0,35.0,13.0,26.0,11.0,76.0,12.0,20.0,18.0,115.0,21.0,135.0,106.0,136.0,33.0,41.0,20.0,24.0,14.0,15.0,13.0,43.0,7.0,13.0,7.0,27.0,9.0,17.0,23.0,77.0,15.0,20.0,15.0,33.0,9.0,22.0,13.0,97.0,21.0,37.0,34.0,143.0,38.0,163.0,92.0,113.0,36.0,30.0,25.0,30.0,7.0,13.0,16.0,23.0,5.0,10.0,3.0,11.0,4.0,18.0,17.0,29.0,8.0,7.0,5.0,9.0,2.0,2.0,9.0,20.0,8.0,10.0,8.0,27.0,19.0,34.0,37.0,66.0,33.0,20.0,19.0,14.0,6.0,9.0,11.0,26.0,7.0,6.0,5.0,25.0,6.0,15.0,29.0,62.0,14.0,18.0,14.0,23.0,7.0,10.0,13.0,74.0,14.0,20.0,25.0,101.0,40.0,109.0,104.0,83.0,70.0,27.0,86.0,22.0,22.0,21.0,88.0,16.0,10.0,6.0,18.0,8.0,13.0,15.0,77.0,16.0,20.0,8.0,19.0,12.0,6.0,5.0,20.0,16.0,12.0,5.0,15.0,7.0,15.0,27.0,97.0,32.0,16.0,7.0,24.0,7.0,8.0,10.0,33.0,7.0,13.0,2.0,6.0,8.0,7.0,10.0,43.0,17.0,13.0,7.0,10.0,7.0,9.0,5.0,20.0,16.0,13.0,15.0,27.0,29.0,34.0,52.0,161.0,77.0,94.0,27.0,156.0,16.0,24.0,16.0,104.0,13.0,10.0,7.0,24.0,10.0,14.0,21.0,109.0,19.0,22.0,10.0,25.0,6.0,10.0,15.0,38.0,15.0,17.0,10.0,32.0,24.0,31.0,41.0,180.0,75.0,120.0,22.0,142.0,19.0,27.0,18.0,88.0,17.0,27.0,7.0,59.0,19.0,26.0,20.0,166.0,74.0,79.0,28.0,111.0,23.0,35.0,18.0,101.0,75.0,107.0,42.0,129.0,99.0,184.0,167.0,1684.0,1.5488965287789729,0.10711532339152754,0.8222441322196355,0.8193456299176174,2.7047915026337583,15.598726615600418,2.9059352998841463,0.09117432548957399,0.7702576763012772,0.6750759941005722,2.853953753164118,14.980925917649941,nv
1413.0,217.0,323.0,224.0,230.0,57.0,233.0,212.0,244.0,40.0,64.0,40.0,227.0,48.0,319.0,271.0,237.0,35.0,56.0,44.0,67.0,14.0,51.0,27.0,190.0,24.0,72.0,35.0,276.0,51.0,377.0,319.0,325.0,52.0,78.0,43.0,41.0,25.0,49.0,50.0,77.0,12.0,17.0,7.0,75.0,12.0,53.0,47.0,225.0,44.0,44.0,32.0,37.0,15.0,27.0,32.0,323.0,36.0,64.0,50.0,472.0,80.0,391.0,333.0,251.0,61.0,57.0,37.0,34.0,16.0,34.0,35.0,43.0,10.0,10.0,11.0,37.0,14.0,44.0,46.0,52.0,9.0,14.0,12.0,15.0,6.0,17.0,8.0,33.0,7.0,15.0,16.0,44.0,11.0,76.0,55.0,237.0,50.0,45.0,39.0,31.0,10.0,32.0,32.0,71.0,17.0,13.0,11.0,35.0,14.0,26.0,46.0,232.0,46.0,45.0,40.0,46.0,10.0,20.0,45.0,363.0,46.0,70.0,42.0,375.0,70.0,302.0,303.0,224.0,200.0,81.0,298.0,44.0,44.0,60.0,310.0,39.0,37.0,16.0,54.0,35.0,39.0,60.0,275.0,40.0,26.0,8.0,48.0,17.0,14.0,11.0,53.0,23.0,28.0,18.0,35.0,27.0,37.0,56.0,305.0,50.0,63.0,19.0,58.0,6.0,20.0,20.0,59.0,11.0,8.0,7.0,21.0,5.0,20.0,17.0,83.0,44.0,38.0,11.0,40.0,20.0,6.0,10.0,47.0,48.0,42.0,13.0,55.0,78.0,59.0,78.0,316.0,241.0,284.0,71.0,499.0,36.0,49.0,46.0,331.0,28.0,40.0,11.0,45.0,26.0,30.0,43.0,278.0,37.0,40.0,14.0,71.0,11.0,17.0,17.0,85.0,40.0,32.0,12.0,73.0,38.0,69.0,58.0,436.0,300.0,431.0,75.0,438.0,40.0,72.0,39.0,289.0,56.0,55.0,17.0,74.0,38.0,65.0,56.0,335.0,301.0,299.0,54.0,308.0,52.0,74.0,33.0,294.0,313.0,329.0,87.0,353.0,306.0,454.0,288.0,3179.0,1.0702566000493463,0.09712554931250068,0.8200878227044492,0.8327390570616916,2.6996654787873475,11.72719128285652,1.9878741243897262,0.07804950714526351,0.7541256962524053,0.6994818960902595,2.90371116952268,11.2417722664765,mel
2058.0,277.0,247.0,203.0,243.0,88.0,162.0,195.0,226.0,48.0,79.0,61.0,160.0,55.0,272.0,352.0,302.0,63.0,46.0,43.0,81.0,26.0,60.0,59.0,173.0,37.0,77.0,54.0,287.0,59.0,506.0,411.0,247.0,71.0,36.0,38.0,46.0,16.0,32.0,48.0,52.0,18.0,22.0,21.0,57.0,19.0,81.0,64.0,214.0,34.0,44.0,24.0,65.0,8.0,37.0,32.0,221.0,51.0,75.0,40.0,309.0,62.0,425.0,309.0,259.0,107.0,48.0,49.0,48.0,32.0,29.0,68.0,29.0,11.0,23.0,21.0,34.0,13.0,41.0,75.0,62.0,28.0,23.0,22.0,19.0,12.0,18.0,27.0,55.0,17.0,18.0,15.0,68.0,33.0,110.0,97.0,206.0,52.0,28.0,41.0,37.0,15.0,24.0,36.0,51.0,25.0,26.0,20.0,38.0,16.0,42.0,63.0,211.0,58.0,31.0,29.0,56.0,23.0,39.0,45.0,311.0,68.0,74.0,57.0,339.0,94.0,320.0,313.0,201.0,215.0,78.0,227.0,40.0,53.0,55.0,280.0,40.0,35.0,33.0,57.0,45.0,29.0,71.0,279.0,61.0,48.0,17.0,43.0,24.0,21.0,20.0,63.0,32.0,31.0,25.0,42.0,46.0,36.0,67.0,281.0,70.0,63.0,25.0,62.0,22.0,20.0,15.0,56.0,25.0,19.0,13.0,39.0,14.0,16.0,23.0,137.0,59.0,42.0,14.0,42.0,20.0,15.0,13.0,53.0,62.0,45.0,37.0,59.0,66.0,57.0,164.0,407.0,197.0,272.0,55.0,297.0,43.0,69.0,31.0,279.0,31.0,49.0,17.0,83.0,29.0,30.0,38.0,314.0,49.0,73.0,18.0,56.0,24.0,26.0,15.0,74.0,30.0,18.0,22.0,62.0,35.0,58.0,78.0,362.0,311.0,424.0,54.0,424.0,41.0,101.0,34.0,294.0,57.0,91.0,36.0,146.0,36.0,69.0,64.0,450.0,437.0,418.0,75.0,297.0,100.0,108.0,49.0,340.0,332.0,315.0,126.0,421.0,309.0,336.0,497.0,3763.0,1.4004833573125977,0.09030782341303749,0.8019763620217457,0.8214637476973802,2.8287252606055584,14.288020677585283,2.235250125997823,0.07383439466442478,0.7424450894180544,0.7100478494200485,2.9921098931781644,13.182811933738273,mel
922.0,114.0,188.0,190.0,123.0,26.0,244.0,315.0,340.0,52.0,55.0,50.0,300.0,27.0,475.0,693.0,119.0,24.0,21.0,16.0,19.0,2.0,24.0,33.0,242.0,36.0,40.0,40.0,264.0,32.0,388.0,570.0,208.0,22.0,31.0,24.0,31.0,4.0,21.0,25.0,49.0,6.0,8.0,5.0,46.0,3.0,60.0,56.0,190.0,33.0,29.0,22.0,27.0,3.0,26.0,43.0,484.0,45.0,49.0,42.0,437.0,41.0,444.0,428.0,134.0,19.0,20.0,24.0,7.0,2.0,20.0,21.0,44.0,5.0,4.0,6.0,31.0,3.0,45.0,63.0,25.0,1.0,5.0,6.0,5.0,0.0,1.0,5.0,21.0,1.0,9.0,6.0,27.0,3.0,35.0,52.0,247.0,33.0,20.0,25.0,22.0,2.0,27.0,27.0,64.0,8.0,5.0,11.0,33.0,5.0,44.0,57.0,378.0,28.0,36.0,26.0,35.0,2.0,34.0,33.0,761.0,55.0,45.0,63.0,543.0,45.0,402.0,530.0,306.0,260.0,56.0,513.0,44.0,32.0,67.0,773.0,54.0,35.0,15.0,62.0,56.0,25.0,66.0,712.0,46.0,29.0,9.0,43.0,4.0,6.0,9.0,57.0,33.0,33.0,3.0,50.0,37.0,20.0,42.0,422.0,42.0,42.0,4.0,41.0,6.0,0.0,4.0,41.0,9.0,3.0,1.0,5.0,3.0,5.0,7.0,28.0,57.0,49.0,6.0,46.0,9.0,3.0,10.0,49.0,65.0,32.0,10.0,29.0,40.0,43.0,45.0,268.0,256.0,252.0,45.0,483.0,30.0,30.0,33.0,614.0,43.0,38.0,11.0,39.0,41.0,19.0,34.0,385.0,41.0,27.0,1.0,33.0,3.0,3.0,4.0,45.0,29.0,29.0,5.0,29.0,33.0,31.0,33.0,281.0,457.0,448.0,54.0,447.0,44.0,42.0,33.0,428.0,66.0,38.0,7.0,42.0,43.0,32.0,26.0,252.0,757.0,583.0,49.0,403.0,58.0,45.0,59.0,507.0,731.0,403.0,41.0,286.0,404.0,294.0,280.0,3789.0,0.7405359693002401,0.1264870037350538,0.8671720061190037,0.8631412142283243,2.456509543219763,10.081362897107805,1.3588916957375996,0.09913451036335227,0.798566803736492,0.7473599573181741,2.683714594634004,9.398640493638917,mel
275.0,32.0,95.0,72.0,43.0,7.0,60.0,68.0,56.0,7.0,15.0,9.0,64.0,5.0,123.0,93.0,37.0,5.0,17.0,11.0,5.0,2.0,10.0,8.0,48.0,10.0,19.0,10.0,72.0,13.0,191.0,155.0,109.0,7.0,28.0,17.0,13.0,3.0,14.0,11.0,18.0,3.0,4.0,0.0,22.0,8.0,25.0,12.0,67.0,7.0,18.0,12.0,10.0,0.0,9.0,8.0,95.0,12.0,16.0,18.0,189.0,26.0,199.0,116.0,49.0,3.0,17.0,7.0,5.0,2.0,10.0,5.0,7.0,0.0,2.0,0.0,8.0,2.0,11.0,8.0,5.0,1.0,5.0,1.0,2.0,1.0,3.0,2.0,7.0,2.0,2.0,2.0,8.0,1.0,16.0,15.0,78.0,8.0,15.0,8.0,7.0,0.0,7.0,4.0,18.0,1.0,3.0,2.0,13.0,0.0,14.0,10.0,55.0,8.0,12.0,8.0,10.0,3.0,4.0,2.0,108.0,7.0,13.0,9.0,134.0,10.0,115.0,81.0,59.0,42.0,17.0,92.0,6.0,7.0,9.0,75.0,9.0,6.0,3.0,13.0,13.0,3.0,11.0,117.0,4.0,4.0,1.0,10.0,1.0,2.0,0.0,11.0,6.0,6.0,2.0,13.0,9.0,8.0,16.0,107.0,14.0,15.0,3.0,14.0,4.0,1.0,0.0,12.0,1.0,1.0,0.0,3.0,4.0,3.0,3.0,14.0,14.0,10.0,5.0,13.0,1.0,0.0,0.0,5.0,13.0,13.0,3.0,13.0,12.0,11.0,20.0,112.0,56.0,64.0,24.0,160.0,7.0,9.0,24.0,125.0,7.0,10.0,1.0,9.0,7.0,8.0,18.0,116.0,7.0,8.0,5.0,14.0,1.0,1.0,1.0,19.0,8.0,12.0,5.0,9.0,7.0,21.0,17.0,162.0,123.0,190.0,20.0,158.0,14.0,18.0,14.0,87.0,12.0,14.0,3.0,21.0,19.0,20.0,13.0,64.0,89.0,164.0,18.0,122.0,5.0,18.0,7.0,76.0,94.0,122.0,15.0,99.0,107.0,183.0,89.0,1382.0,1.0310513519055569,0.17726019637881416,0.8918807233356993,0.8350473292440755,2.128916310152446,11.47012667910881,2.1044991461044695,0.14532417545091328,0.8351992784596807,0.6826447134600346,2.3372467883796864,11.158233414926563,nv
199.0,21.0,62.0,52.0,39.0,6.0,71.0,71.0,57.0,5.0,14.0,9.0,80.0,7.0,124.0,141.0,28.0,6.0,3.0,3.0,3.0,0.0,8.0,3.0,52.0,2.0,9.0,10.0,99.0,3.0,164.0,208.0,71.0,6.0,12.0,3.0,8.0,0.0,8.0,12.0,21.0,1.0,5.0,1.0,18.0,3.0,22.0,21.0,47.0,5.0,5.0,10.0,8.0,0.0,9.0,2.0,138.0,6.0,16.0,13.0,272.0,15.0,270.0,176.0,30.0,7.0,9.0,8.0,6.0,2.0,6.0,4.0,12.0,1.0,1.0,1.0,12.0,0.0,6.0,5.0,5.0,1.0,1.0,1.0,1.0,0.0,1.0,2.0,8.0,0.0,1.0,0.0,2.0,1.0,10.0,11.0,68.0,6.0,9.0,8.0,6.0,2.0,11.0,8.0,20.0,2.0,1.0,2.0,13.0,1.0,20.0,8.0,59.0,10.0,6.0,6.0,6.0,1.0,6.0,0.0,186.0,10.0,10.0,10.0,269.0,13.0,171.0,103.0,53.0,50.0,15.0,174.0,12.0,6.0,24.0,229.0,11.0,9.0,3.0,16.0,5.0,6.0,25.0,209.0,5.0,2.0,0.0,13.0,0.0,0.0,0.0,11.0,7.0,8.0,3.0,9.0,8.0,7.0,13.0,151.0,8.0,11.0,5.0,15.0,0.0,2.0,0.0,12.0,4.0,1.0,2.0,0.0,3.0,1.0,1.0,16.0,9.0,14.0,2.0,10.0,1.0,2.0,0.0,9.0,18.0,13.0,3.0,22.0,17.0,7.0,9.0,120.0,63.0,96.0,14.0,295.0,5.0,7.0,16.0,254.0,9.0,6.0,0.0,15.0,11.0,6.0,13.0,160.0,7.0,9.0,1.0,14.0,0.0,1.0,1.0,12.0,11.0,6.0,3.0,14.0,6.0,1.0,6.0,130.0,130.0,171.0,19.0,268.0,10.0,10.0,12.0,152.0,12.0,12.0,3.0,20.0,14.0,10.0,10.0,136.0,127.0,169.0,13.0,151.0,6.0,9.0,13.0,116.0,179.0,175.0,15.0,138.0,124.0,99.0,89.0,1948.0,0.98615512114269,0.2085070782025505,0.9149295038660463,0.855934317606341,1.9809809139571044,12.704199233311067,1.813212460691824,0.17370385619301165,0.8602492573773614,0.7329080064953218,2.1914778272992748,11.764225311961328,nv
742.0,102.0,79.0,40.0,107.0,42.0,42.0,58.0,68.0,26.0,19.0,21.0,42.0,28.0,56.0,84.0,113.0,27.0,22.0,10.0,21.0,25.0,23.0,17.0,41.0,13.0,19.0,15.0,56.0,32.0,83.0,101.0,61.0,20.0,14.0,9.0,17.0,5.0,17.0,7.0,25.0,8.0,10.0,14.0,14.0,11.0,13.0,27.0,40.0,17.0,7.0,9.0,17.0,9.0,6.0,11.0,44.0,13.0,20.0,16.0,48.0,19.0,95.0,83.0,123.0,37.0,21.0,21.0,32.0,13.0,9.0,27.0,17.0,10.0,8.0,12.0,9.0,11.0,14.0,17.0,37.0,19.0,7.0,8.0,16.0,9.0,9.0,11.0,32.0,7.0,7.0,9.0,17.0,16.0,25.0,47.0,33.0,19.0,10.0,8.0,11.0,11.0,4.0,18.0,17.0,8.0,10.0,11.0,13.0,15.0,15.0,28.0,69.0,14.0,13.0,13.0,23.0,7.0,12.0,11.0,48.0,14.0,23.0,29.0,81.0,37.0,87.0,123.0,72.0,43.0,18.0,33.0,19.0,18.0,25.0,60.0,19.0,13.0,15.0,23.0,6.0,8.0,20.0,101.0,32.0,11.0,5.0,7.0,13.0,9.0,16.0,29.0,6.0,7.0,6.0,12.0,17.0,9.0,32.0,76.0,12.0,29.0,10.0,13.0,8.0,6.0,6.0,28.0,7.0,4.0,7.0,16.0,5.0,9.0,24.0,64.0,18.0,16.0,5.0,11.0,12.0,12.0,14.0,28.0,26.0,12.0,14.0,26.0,28.0,16.0,74.0,203.0,41.0,54.0,14.0,48.0,2.0,14.0,8.0,82.0,10.0,15.0,2.0,19.0,6.0,13.0,12.0,80.0,23.0,13.0,8.0,12.0,9.0,13.0,10.0,22.0,10.0,13.0,7.0,23.0,8.0,8.0,13.0,100.0,42.0,61.0,12.0,66.0,12.0,21.0,14.0,75.0,15.0,25.0,18.0,68.0,12.0,32.0,32.0,181.0,104.0,88.0,25.0,89.0,31.0,35.0,30.0,95.0,103.0,77.0,61.0,184.0,89.0,96.0,182.0,1998.0,2.0493696951433873,0.13030935531126167,0.8031215959574495,0.788618995312677,2.6102087210929437,17.340922239317276,3.085484564233521,0.11246530189163804,0.7624997690548223,0.6840401859385039,2.7630407497078178,16.445382507570635,nv
714.0,119.0,216.0,206.0,105.0,21.0,156.0,192.0,108.0,11.0,27.0,32.0,102.0,11.0,315.0,261.0,115.0,12.0,31.0,19.0,27.0,2.0,21.0,27.0,130.0,16.0,34.0,25.0,231.0,29.0,442.0,287.0,207.0,38.0,32.0,25.0,23.0,2.0,19.0,14.0,31.0,7.0,11.0,2.0,21.0,8.0,43.0,22.0,164.0,16.0,28.0,14.0,20.0,2.0,15.0,14.0,326.0,29.0,36.0,22.0,346.0,44.0,312.0,172.0,133.0,34.0,32.0,26.0,16.0,5.0,17.0,23.0,11.0,3.0,0.0,2.0,10.0,2.0,42.0,30.0,22.0,5.0,6.0,6.0,2.0,1.0,4.0,0.0,18.0,4.0,12.0,2.0,17.0,7.0,43.0,38.0,165.0,16.0,24.0,23.0,22.0,3.0,11.0,17.0,20.0,3.0,4.0,5.0,27.0,3.0,25.0,23.0,198.0,21.0,12.0,16.0,27.0,4.0,14.0,10.0,252.0,29.0,27.0,18.0,261.0,36.0,193.0,147.0,106.0,160.0,32.0,286.0,10.0,16.0,19.0,198.0,17.0,7.0,3.0,24.0,7.0,18.0,19.0,209.0,11.0,21.0,3.0,24.0,3.0,4.0,1.0,20.0,5.0,12.0,8.0,26.0,12.0,15.0,26.0,207.0,43.0,49.0,9.0,60.0,5.0,4.0,3.0,29.0,4.0,1.0,0.0,9.0,2.0,7.0,8.0,31.0,31.0,19.0,5.0,21.0,5.0,8.0,7.0,26.0,20.0,23.0,6.0,25.0,18.0,33.0,34.0,168.0,136.0,254.0,44.0,473.0,19.0,26.0,18.0,253.0,14.0,13.0,7.0,21.0,16.0,28.0,26.0,239.0,21.0,30.0,5.0,50.0,4.0,5.0,2.0,41.0,12.0,26.0,2.0,39.0,34.0,38.0,41.0,280.0,353.0,522.0,45.0,388.0,29.0,60.0,19.0,223.0,28.0,29.0,6.0,45.0,23.0,41.0,30.0,184.0,306.0,300.0,32.0,205.0,34.0,33.0,21.0,133.0,252.0,233.0,34.0,179.0,201.0,273.0,169.0,1991.0,1.5294253122713841,0.09233065944516294,0.8144277442429307,0.8368283201827295,2.8153461576427676,17.216784985791733,3.045258796914606,0.06899198693450874,0.7259717554980596,0.6895295078431024,3.092399736405478,16.57179901594621,mel
1354.0,145.0,144.0,76.0,145.0,42.0,55.0,158.0,173.0,21.0,42.0,28.0,69.0,29.0,140.0,259.0,149.0,24.0,34.0,16.0,29.0,14.0,18.0,41.0,82.0,29.0,29.0,21.0,113.0,38.0,188.0,210.0,126.0,27.0,21.0,11.0,22.0,6.0,14.0,25.0,33.0,10.0,4.0,6.0,17.0,5.0,27.0,54.0,80.0,26.0,23.0,12.0,29.0,9.0,14.0,18.0,151.0,20.0,46.0,25.0,136.0,25.0,175.0,136.0,150.0,38.0,21.0,19.0,29.0,10.0,10.0,33.0,37.0,7.0,11.0,11.0,15.0,11.0,33.0,67.0,56.0,14.0,6.0,6.0,14.0,10.0,7.0,13.0,34.0,6.0,11.0,7.0,40.0,14.0,41.0,58.0,74.0,27.0,13.0,18.0,17.0,9.0,10.0,22.0,30.0,9.0,7.0,10.0,15.0,5.0,13.0,38.0,172.0,44.0,37.0,28.0,35.0,12.0,19.0,35.0,229.0,57.0,46.0,40.0,169.0,54.0,152.0,205.0,146.0,113.0,40.0,122.0,23.0,30.0,22.0,209.0,37.0,18.0,10.0,48.0,28.0,22.0,42.0,253.0,26.0,28.0,9.0,23.0,10.0,6.0,9.0,56.0,21.0,17.0,10.0,16.0,24.0,19.0,45.0,180.0,39.0,39.0,13.0,33.0,5.0,11.0,11.0,44.0,13.0,9.0,5.0,19.0,10.0,9.0,17.0,80.0,39.0,26.0,5.0,25.0,14.0,9.0,10.0,37.0,42.0,16.0,17.0,33.0,35.0,30.0,67.0,184.0,92.0,120.0,22.0,126.0,19.0,27.0,18.0,160.0,16.0,16.0,7.0,39.0,11.0,15.0,23.0,171.0,34.0,35.0,10.0,29.0,12.0,9.0,9.0,41.0,16.0,16.0,7.0,19.0,14.0,19.0,26.0,146.0,195.0,197.0,39.0,156.0,46.0,35.0,24.0,163.0,38.0,53.0,20.0,67.0,22.0,20.0,36.0,209.0,329.0,265.0,64.0,184.0,67.0,69.0,58.0,222.0,295.0,203.0,79.0,197.0,185.0,129.0,244.0,2485.0,2.8627485277826383,0.06736075621960547,0.7416846589188993,0.812636774914583,3.1625777697164255,27.69552699803123,4.951762305309668,0.05423930102610467,0.6694402321179604,0.6755882859713203,3.343386325647182,25.575879522518477,mel
505.0,53.0,133.0,145.0,78.0,10.0,160.0,236.0,103.0,11.0,30.0,23.0,154.0,12.0,388.0,414.0,71.0,9.0,17.0,13.0,13.0,0.0,15.0,12.0,129.0,6.0,32.0,27.0,273.0,20.0,558.0,409.0,150.0,14.0,26.0,20.0,19.0,1.0,20.0,9.0,27.0,0.0,3.0,2.0,27.0,1.0,43.0,16.0,172.0,12.0,19.0,19.0,17.0,2.0,11.0,14.0,401.0,32.0,25.0,22.0,564.0,45.0,471.0,255.0,67.0,16.0,9.0,10.0,10.0,1.0,19.0,12.0,13.0,1.0,3.0,1.0,16.0,1.0,28.0,16.0,12.0,3.0,2.0,0.0,0.0,0.0,3.0,1.0,16.0,1.0,1.0,1.0,16.0,3.0,29.0,13.0,157.0,12.0,16.0,12.0,9.0,2.0,16.0,15.0,23.0,2.0,2.0,2.0,20.0,4.0,22.0,12.0,239.0,15.0,11.0,16.0,19.0,0.0,12.0,8.0,405.0,23.0,22.0,17.0,436.0,17.0,222.0,145.0,114.0,124.0,25.0,345.0,8.0,11.0,15.0,420.0,15.0,15.0,5.0,17.0,18.0,10.0,25.0,335.0,8.0,11.0,2.0,25.0,1.0,1.0,1.0,19.0,17.0,17.0,5.0,9.0,16.0,18.0,27.0,221.0,19.0,31.0,4.0,17.0,1.0,2.0,5.0,25.0,6.0,4.0,2.0,4.0,2.0,0.0,4.0,14.0,25.0,22.0,3.0,20.0,2.0,3.0,1.0,10.0,24.0,21.0,5.0,22.0,21.0,22.0,24.0,155.0,112.0,246.0,21.0,445.0,10.0,16.0,22.0,350.0,16.0,12.0,2.0,11.0,11.0,22.0,18.0,244.0,11.0,13.0,3.0,30.0,1.0,0.0,2.0,21.0,8.0,21.0,0.0,15.0,14.0,15.0,23.0,211.0,367.0,513.0,31.0,371.0,30.0,29.0,19.0,220.0,32.0,15.0,6.0,21.0,27.0,22.0,22.0,114.0,316.0,390.0,18.0,221.0,24.0,23.0,19.0,156.0,302.0,240.0,17.0,134.0,258.0,232.0,149.0,2400.0,1.8171284436211719,0.09922095633204696,0.8406427231056708,0.8567316915669876,2.7349402832079233,23.54966011549413,3.5137365548667407,0.07226368131260032,0.7457030914632754,0.7186734242103802,3.0378423600687006,21.466033273166595,mel
503.0,67.0,104.0,80.0,93.0,14.0,79.0,78.0,83.0,9.0,19.0,11.0,88.0,20.0,93.0,84.0,88.0,14.0,22.0,14.0,31.0,2.0,20.0,14.0,77.0,13.0,23.0,13.0,123.0,10.0,127.0,77.0,115.0,14.0,29.0,11.0,18.0,7.0,8.0,13.0,22.0,6.0,10.0,7.0,35.0,3.0,22.0,10.0,89.0,8.0,12.0,12.0,20.0,1.0,11.0,14.0,125.0,15.0,29.0,14.0,157.0,24.0,115.0,100.0,97.0,23.0,29.0,11.0,28.0,5.0,17.0,11.0,17.0,5.0,5.0,7.0,11.0,1.0,8.0,17.0,19.0,4.0,7.0,3.0,5.0,3.0,4.0,3.0,15.0,3.0,5.0,3.0,17.0,3.0,20.0,27.0,93.0,15.0,11.0,12.0,18.0,1.0,5.0,16.0,29.0,7.0,5.0,6.0,15.0,1.0,14.0,16.0,128.0,17.0,14.0,14.0,7.0,5.0,6.0,19.0,176.0,31.0,14.0,21.0,93.0,41.0,83.0,127.0,106.0,81.0,28.0,116.0,22.0,15.0,24.0,123.0,15.0,10.0,4.0,11.0,17.0,10.0,25.0,106.0,20.0,5.0,7.0,16.0,5.0,3.0,8.0,18.0,15.0,4.0,3.0,10.0,10.0,8.0,22.0,79.0,24.0,17.0,8.0,21.0,3.0,5.0,3.0,20.0,6.0,8.0,0.0,4.0,6.0,7.0,7.0,19.0,23.0,16.0,2.0,16.0,6.0,4.0,6.0,23.0,28.0,16.0,6.0,23.0,21.0,23.0,30.0,123.0,105.0,111.0,27.0,165.0,3.0,22.0,18.0,107.0,16.0,13.0,10.0,21.0,22.0,9.0,12.0,74.0,17.0,16.0,3.0,21.0,2.0,2.0,9.0,25.0,12.0,13.0,10.0,23.0,7.0,22.0,25.0,135.0,102.0,96.0,21.0,126.0,15.0,25.0,11.0,81.0,19.0,17.0,2.0,30.0,21.0,25.0,20.0,102.0,131.0,79.0,24.0,105.0,14.0,22.0,24.0,143.0,154.0,111.0,33.0,137.0,96.0,112.0,101.0,1421.0,1.2088942783607208,0.06886247695550525,0.7808537293411377,0.871898939492083,3.0790544586407287,17.665177076981486,2.3068761985405826,0.05702834225892922,0.6971756362224677,0.7522369767794383,3.303909671902015,16.31475804336139,nv
503.0,96.0,128.0,91.0,95.0,20.0,74.0,120.0,88.0,24.0,26.0,23.0,73.0,10.0,130.0,164.0,98.0,23.0,23.0,18.0,32.0,8.0,26.0,12.0,81.0,9.0,30.0,19.0,114.0,13.0,142.0,87.0,115.0,33.0,31.0,15.0,24.0,3.0,10.0,16.0,24.0,4.0,6.0,4.0,27.0,7.0,24.0,19.0,72.0,15.0,12.0,6.0,21.0,5.0,16.0,6.0,94.0,12.0,22.0,12.0,113.0,26.0,120.0,83.0,76.0,22.0,16.0,14.0,22.0,4.0,12.0,16.0,7.0,9.0,4.0,10.0,10.0,6.0,14.0,34.0,20.0,8.0,8.0,3.0,3.0,1.0,7.0,5.0,21.0,1.0,4.0,4.0,19.0,6.0,24.0,36.0,77.0,15.0,13.0,8.0,11.0,5.0,11.0,10.0,8.0,7.0,5.0,6.0,10.0,6.0,13.0,21.0,70.0,14.0,12.0,6.0,10.0,5.0,13.0,20.0,82.0,19.0,13.0,25.0,71.0,23.0,98.0,139.0,101.0,97.0,23.0,102.0,21.0,16.0,22.0,126.0,14.0,15.0,7.0,19.0,14.0,14.0,21.0,153.0,19.0,10.0,5.0,8.0,1.0,2.0,5.0,17.0,17.0,19.0,4.0,20.0,5.0,10.0,24.0,98.0,29.0,34.0,7.0,15.0,8.0,4.0,2.0,19.0,5.0,6.0,0.0,5.0,6.0,9.0,5.0,37.0,18.0,17.0,1.0,14.0,8.0,9.0,3.0,23.0,23.0,12.0,4.0,15.0,23.0,19.0,27.0,104.0,79.0,112.0,19.0,103.0,3.0,18.0,18.0,77.0,12.0,12.0,7.0,20.0,8.0,16.0,18.0,101.0,15.0,19.0,3.0,22.0,4.0,5.0,3.0,25.0,11.0,14.0,7.0,25.0,12.0,20.0,25.0,118.0,121.0,150.0,18.0,119.0,19.0,27.0,15.0,102.0,13.0,20.0,3.0,28.0,16.0,24.0,20.0,121.0,119.0,102.0,23.0,104.0,15.0,27.0,25.0,129.0,98.0,85.0,23.0,95.0,67.0,135.0,136.0,1450.0,1.203598297366858,0.07137398863212735,0.7803225496550641,0.8668987962858299,3.054226764468524,16.881862446497518,2.271187707020645,0.059606623808206756,0.6995937278434974,0.7456402907135263,3.2702721739531735,15.58688984301076,nv
800.0,85.0,83.0,51.0,104.0,28.0,62.0,69.0,85.0,17.0,27.0,16.0,60.0,17.0,107.0,122.0,96.0,24.0,22.0,10.0,34.0,6.0,22.0,17.0,56.0,10.0,22.0,17.0,105.0,27.0,143.0,148.0,81.0,23.0,23.0,14.0,15.0,5.0,11.0,15.0,21.0,5.0,11.0,4.0,22.0,6.0,29.0,25.0,63.0,12.0,12.0,5.0,20.0,5.0,11.0,12.0,91.0,11.0,17.0,10.0,165.0,28.0,158.0,116.0,99.0,28.0,15.0,19.0,20.0,9.0,22.0,18.0,15.0,5.0,2.0,10.0,19.0,5.0,14.0,16.0,27.0,6.0,4.0,7.0,8.0,3.0,5.0,4.0,16.0,5.0,6.0,5.0,32.0,7.0,29.0,37.0,57.0,18.0,18.0,17.0,18.0,2.0,10.0,8.0,17.0,4.0,11.0,4.0,12.0,4.0,16.0,18.0,81.0,26.0,16.0,11.0,20.0,5.0,9.0,15.0,163.0,33.0,38.0,19.0,131.0,40.0,99.0,111.0,62.0,52.0,22.0,68.0,19.0,13.0,21.0,109.0,17.0,10.0,11.0,27.0,18.0,9.0,23.0,97.0,16.0,18.0,8.0,11.0,6.0,6.0,8.0,18.0,11.0,11.0,6.0,13.0,13.0,10.0,38.0,101.0,29.0,24.0,8.0,16.0,7.0,4.0,4.0,25.0,1.0,8.0,7.0,9.0,3.0,5.0,4.0,28.0,24.0,13.0,8.0,10.0,5.0,5.0,4.0,15.0,29.0,8.0,8.0,22.0,42.0,29.0,49.0,141.0,59.0,97.0,16.0,132.0,14.0,23.0,15.0,95.0,9.0,21.0,6.0,26.0,8.0,7.0,19.0,67.0,22.0,24.0,10.0,31.0,6.0,5.0,8.0,27.0,11.0,18.0,2.0,17.0,15.0,22.0,20.0,114.0,103.0,167.0,34.0,154.0,20.0,29.0,16.0,88.0,22.0,40.0,5.0,61.0,18.0,26.0,28.0,115.0,81.0,107.0,30.0,110.0,26.0,36.0,13.0,109.0,118.0,110.0,55.0,143.0,97.0,119.0,139.0,1793.0,2.5931687754960944,0.05926653731156642,0.7304782981514043,0.7681979855006876,3.412795573465494,19.780828112298757,3.909520938644902,0.04826052959284164,0.6541496472399438,0.6463571430921548,3.6010713318535004,18.200474285512396,nv
1350.0,214.0,318.0,168.0,266.0,63.0,187.0,121.0,169.0,47.0,63.0,35.0,175.0,45.0,167.0,162.0,197.0,33.0,60.0,31.0,64.0,16.0,51.0,42.0,147.0,27.0,51.0,32.0,223.0,53.0,256.0,194.0,345.0,39.0,73.0,45.0,69.0,13.0,36.0,36.0,76.0,16.0,26.0,15.0,69.0,16.0,69.0,41.0,174.0,27.0,32.0,30.0,36.0,13.0,32.0,28.0,243.0,42.0,55.0,37.0,307.0,105.0,250.0,218.0,244.0,61.0,98.0,58.0,47.0,18.0,44.0,44.0,27.0,8.0,13.0,15.0,28.0,11.0,42.0,42.0,45.0,16.0,23.0,14.0,11.0,5.0,13.0,17.0,40.0,4.0,11.0,14.0,46.0,18.0,65.0,49.0,174.0,60.0,34.0,29.0,30.0,11.0,34.0,19.0,43.0,10.0,9.0,12.0,43.0,19.0,43.0,42.0,129.0,40.0,34.0,33.0,30.0,7.0,25.0,37.0,159.0,43.0,38.0,39.0,185.0,78.0,210.0,200.0,155.0,169.0,86.0,240.0,43.0,34.0,48.0,172.0,27.0,22.0,18.0,45.0,21.0,29.0,41.0,150.0,39.0,33.0,8.0,63.0,13.0,4.0,8.0,34.0,22.0,19.0,13.0,43.0,16.0,31.0,33.0,191.0,63.0,66.0,21.0,57.0,14.0,17.0,10.0,41.0,9.0,14.0,9.0,21.0,22.0,18.0,12.0,66.0,34.0,50.0,5.0,31.0,6.0,13.0,14.0,42.0,45.0,45.0,29.0,53.0,55.0,78.0,67.0,301.0,182.0,234.0,70.0,342.0,25.0,45.0,40.0,225.0,24.0,29.0,9.0,56.0,27.0,40.0,40.0,201.0,35.0,50.0,20.0,87.0,12.0,12.0,14.0,82.0,26.0,47.0,20.0,85.0,41.0,64.0,81.0,396.0,188.0,262.0,43.0,264.0,44.0,80.0,55.0,203.0,36.0,50.0,19.0,65.0,44.0,74.0,58.0,297.0,151.0,169.0,44.0,225.0,36.0,59.0,37.0,228.0,146.0,190.0,62.0,326.0,198.0,363.0,246.0,2874.0,1.3215847978095583,0.084295505314262,0.7791845542625858,0.8277984139172343,2.859678869191025,14.027690756183985,2.4434683424911428,0.06893037930259592,0.7157154151537658,0.6940947646908461,3.049104932139281,13.531860357076376,mel
1062.0,132.0,229.0,176.0,150.0,20.0,175.0,218.0,253.0,26.0,40.0,40.0,173.0,29.0,237.0,229.0,132.0,15.0,31.0,14.0,35.0,3.0,37.0,33.0,174.0,18.0,45.0,40.0,152.0,25.0,216.0,200.0,189.0,28.0,29.0,28.0,26.0,4.0,37.0,32.0,51.0,8.0,10.0,8.0,29.0,6.0,51.0,40.0,158.0,30.0,16.0,31.0,25.0,3.0,36.0,46.0,307.0,38.0,43.0,23.0,281.0,41.0,201.0,210.0,150.0,34.0,33.0,28.0,21.0,6.0,21.0,33.0,24.0,5.0,9.0,6.0,25.0,4.0,22.0,36.0,16.0,3.0,1.0,5.0,3.0,0.0,5.0,9.0,24.0,2.0,10.0,8.0,27.0,6.0,45.0,43.0,185.0,19.0,32.0,22.0,25.0,3.0,20.0,41.0,46.0,8.0,6.0,5.0,33.0,2.0,32.0,26.0,210.0,32.0,25.0,40.0,32.0,3.0,29.0,43.0,323.0,45.0,42.0,39.0,273.0,61.0,239.0,292.0,230.0,171.0,63.0,289.0,38.0,32.0,49.0,371.0,47.0,37.0,12.0,53.0,45.0,36.0,56.0,267.0,24.0,20.0,11.0,38.0,7.0,6.0,6.0,52.0,41.0,31.0,9.0,29.0,34.0,24.0,48.0,220.0,45.0,38.0,7.0,46.0,11.0,6.0,7.0,53.0,9.0,7.0,3.0,8.0,10.0,4.0,7.0,40.0,43.0,26.0,4.0,41.0,5.0,6.0,2.0,46.0,42.0,27.0,4.0,30.0,17.0,51.0,34.0,208.0,170.0,172.0,51.0,284.0,36.0,26.0,31.0,277.0,42.0,28.0,3.0,43.0,36.0,28.0,28.0,234.0,25.0,24.0,10.0,47.0,6.0,4.0,7.0,71.0,27.0,32.0,6.0,36.0,31.0,37.0,31.0,291.0,213.0,216.0,35.0,218.0,30.0,43.0,30.0,230.0,50.0,27.0,7.0,37.0,34.0,30.0,33.0,187.0,227.0,241.0,37.0,258.0,34.0,37.0,37.0,301.0,248.0,236.0,34.0,176.0,202.0,270.0,179.0,3145.0,1.6473900123912761,0.09445534956562428,0.8098119431433148,0.8368568175563232,2.752995284369365,18.54824412586047,2.972496371552974,0.07428482854198101,0.7363544543706041,0.7107839851720872,2.9770950161487906,17.583048405741945,mel
1047.0,167.0,275.0,261.0,120.0,18.0,231.0,216.0,223.0,46.0,84.0,57.0,197.0,28.0,453.0,441.0,162.0,28.0,41.0,34.0,26.0,1.0,27.0,21.0,246.0,29.0,59.0,59.0,240.0,40.0,559.0,480.0,289.0,37.0,41.0,30.0,35.0,4.0,42.0,25.0,42.0,3.0,18.0,6.0,49.0,6.0,43.0,36.0,257.0,35.0,22.0,38.0,35.0,4.0,30.0,28.0,341.0,39.0,40.0,43.0,391.0,40.0,408.0,349.0,126.0,28.0,35.0,35.0,13.0,3.0,30.0,21.0,17.0,3.0,5.0,6.0,21.0,2.0,53.0,58.0,18.0,4.0,6.0,4.0,4.0,0.0,4.0,6.0,27.0,5.0,13.0,10.0,30.0,8.0,68.0,66.0,216.0,29.0,30.0,27.0,35.0,2.0,37.0,22.0,28.0,4.0,5.0,4.0,34.0,5.0,44.0,56.0,217.0,22.0,32.0,21.0,23.0,3.0,33.0,28.0,240.0,31.0,33.0,33.0,302.0,45.0,352.0,276.0,221.0,238.0,42.0,345.0,26.0,19.0,38.0,271.0,30.0,22.0,15.0,35.0,23.0,24.0,38.0,319.0,39.0,29.0,5.0,34.0,1.0,2.0,3.0,25.0,32.0,58.0,6.0,49.0,30.0,36.0,26.0,297.0,56.0,80.0,9.0,44.0,5.0,12.0,5.0,35.0,7.0,5.0,0.0,3.0,11.0,7.0,5.0,35.0,56.0,56.0,7.0,43.0,6.0,8.0,9.0,39.0,25.0,35.0,13.0,25.0,37.0,59.0,31.0,202.0,175.0,287.0,50.0,336.0,26.0,39.0,35.0,305.0,23.0,24.0,4.0,30.0,26.0,32.0,48.0,357.0,17.0,34.0,5.0,54.0,1.0,4.0,4.0,34.0,20.0,29.0,6.0,42.0,32.0,45.0,62.0,383.0,406.0,533.0,54.0,409.0,53.0,71.0,40.0,339.0,35.0,37.0,6.0,27.0,38.0,48.0,45.0,246.0,394.0,439.0,42.0,285.0,51.0,57.0,53.0,284.0,306.0,275.0,33.0,179.0,317.0,401.0,256.0,3160.0,1.3513949331675477,0.10141939009642235,0.8342008875257574,0.8496350159270992,2.6756545905734095,16.62346725299626,2.431531981096075,0.07863456194799566,0.7593149287744383,0.7260070362942361,2.9085139036756806,15.317332429212334,mel
217.0,17.0,90.0,48.0,29.0,3.0,34.0,22.0,18.0,2.0,7.0,5.0,30.0,4.0,47.0,33.0,29.0,2.0,12.0,2.0,4.0,0.0,5.0,6.0,28.0,4.0,18.0,5.0,88.0,9.0,152.0,68.0,87.0,16.0,28.0,5.0,7.0,2.0,10.0,5.0,3.0,0.0,0.0,0.0,7.0,1.0,11.0,6.0,36.0,7.0,14.0,2.0,8.0,3.0,3.0,2.0,63.0,3.0,10.0,1.0,136.0,15.0,122.0,42.0,33.0,6.0,13.0,2.0,5.0,3.0,5.0,1.0,8.0,2.0,2.0,0.0,2.0,1.0,6.0,2.0,2.0,3.0,3.0,2.0,2.0,1.0,1.0,2.0,3.0,1.0,3.0,3.0,4.0,1.0,17.0,8.0,33.0,6.0,14.0,5.0,3.0,0.0,3.0,1.0,9.0,1.0,1.0,1.0,4.0,1.0,1.0,2.0,43.0,2.0,5.0,4.0,3.0,0.0,1.0,0.0,40.0,8.0,6.0,1.0,67.0,6.0,41.0,19.0,21.0,25.0,7.0,53.0,2.0,4.0,2.0,39.0,0.0,3.0,1.0,4.0,7.0,4.0,3.0,35.0,3.0,4.0,0.0,3.0,1.0,1.0,0.0,3.0,3.0,0.0,2.0,5.0,3.0,8.0,6.0,40.0,8.0,16.0,3.0,9.0,0.0,0.0,0.0,11.0,0.0,0.0,0.0,2.0,0.0,2.0,2.0,8.0,4.0,8.0,0.0,7.0,0.0,1.0,2.0,2.0,5.0,4.0,0.0,6.0,6.0,8.0,9.0,39.0,31.0,85.0,9.0,121.0,3.0,6.0,6.0,63.0,3.0,5.0,0.0,5.0,1.0,5.0,5.0,53.0,5.0,14.0,2.0,17.0,1.0,2.0,0.0,6.0,5.0,4.0,1.0,9.0,4.0,13.0,14.0,88.0,56.0,165.0,11.0,142.0,5.0,11.0,6.0,48.0,9.0,13.0,2.0,14.0,2.0,14.0,5.0,38.0,53.0,59.0,13.0,49.0,5.0,16.0,6.0,20.0,45.0,55.0,12.0,43.0,61.0,75.0,49.0,683.0,1.227880741337631,0.06564991062158419,0.8054300261074084,0.8853401492144503,3.0614458830280507,20.189916908410808,2.5408528645833326,0.05085099332126572,0.7041471744783511,0.7604011667297087,3.338920295068589,18.66837282239655,nv
147.0,22.0,44.0,18.0,34.0,5.0,42.0,56.0,24.0,4.0,9.0,4.0,38.0,4.0,63.0,60.0,13.0,1.0,2.0,3.0,5.0,0.0,7.0,8.0,22.0,2.0,6.0,3.0,66.0,4.0,84.0,73.0,41.0,5.0,4.0,6.0,9.0,0.0,4.0,6.0,12.0,1.0,5.0,0.0,13.0,0.0,8.0,9.0,23.0,4.0,7.0,2.0,3.0,1.0,8.0,1.0,111.0,7.0,6.0,4.0,253.0,7.0,119.0,63.0,28.0,2.0,5.0,4.0,9.0,0.0,5.0,2.0,8.0,0.0,0.0,0.0,8.0,2.0,7.0,7.0,7.0,0.0,0.0,0.0,0.0,1.0,0.0,0.0,0.0,0.0,0.0,0.0,2.0,1.0,4.0,3.0,42.0,2.0,6.0,1.0,9.0,1.0,4.0,3.0,9.0,0.0,0.0,0.0,8.0,0.0,6.0,3.0,46.0,1.0,7.0,4.0,5.0,0.0,0.0,2.0,145.0,6.0,7.0,3.0,142.0,8.0,57.0,33.0,23.0,22.0,7.0,104.0,2.0,3.0,8.0,170.0,8.0,1.0,2.0,3.0,7.0,4.0,9.0,108.0,2.0,1.0,0.0,2.0,0.0,2.0,1.0,7.0,1.0,6.0,0.0,8.0,5.0,2.0,9.0,63.0,2.0,8.0,3.0,4.0,1.0,0.0,0.0,4.0,2.0,2.0,0.0,1.0,1.0,2.0,0.0,6.0,6.0,4.0,0.0,4.0,0.0,0.0,0.0,4.0,6.0,7.0,0.0,5.0,5.0,7.0,11.0,55.0,35.0,48.0,24.0,228.0,3.0,3.0,11.0,159.0,0.0,4.0,0.0,5.0,2.0,2.0,6.0,46.0,4.0,0.0,3.0,11.0,0.0,0.0,0.0,6.0,3.0,6.0,0.0,6.0,3.0,5.0,6.0,42.0,54.0,80.0,6.0,110.0,6.0,2.0,7.0,46.0,4.0,3.0,3.0,2.0,6.0,1.0,7.0,24.0,67.0,43.0,7.0,60.0,5.0,3.0,8.0,30.0,79.0,69.0,5.0,42.0,56.0,51.0,26.0,1104.0,1.136794926810661,0.0795271901549071,0.8354418655090949,0.875544057527294,2.839395929654843,17.13143564900086,2.1050217286335107,0.05775375194594784,0.7294241314820747,0.7658673945748401,3.146468713774359,15.876427073091632,nv
217.0,33.0,87.0,33.0,29.0,2.0,36.0,43.0,18.0,8.0,3.0,9.0,28.0,3.0,63.0,40.0,29.0,5.0,7.0,3.0,4.0,2.0,8.0,3.0,30.0,2.0,7.0,4.0,88.0,4.0,136.0,67.0,90.0,13.0,28.0,14.0,12.0,3.0,14.0,5.0,7.0,2.0,0.0,1.0,18.0,3.0,10.0,6.0,34.0,5.0,10.0,3.0,5.0,1.0,3.0,1.0,47.0,6.0,11.0,1.0,152.0,17.0,122.0,41.0,17.0,6.0,16.0,6.0,2.0,3.0,7.0,2.0,2.0,2.0,0.0,1.0,4.0,1.0,3.0,8.0,3.0,3.0,2.0,0.0,0.0,1.0,3.0,0.0,4.0,1.0,1.0,1.0,9.0,1.0,15.0,6.0,48.0,2.0,5.0,5.0,2.0,2.0,2.0,4.0,5.0,0.0,0.0,1.0,5.0,3.0,1.0,1.0,22.0,1.0,5.0,1.0,6.0,2.0,2.0,0.0,33.0,2.0,6.0,2.0,68.0,8.0,42.0,19.0,21.0,31.0,8.0,56.0,3.0,5.0,4.0,53.0,0.0,3.0,0.0,9.0,3.0,5.0,5.0,45.0,2.0,3.0,0.0,5.0,1.0,1.0,0.0,5.0,7.0,1.0,0.0,2.0,3.0,4.0,6.0,61.0,7.0,9.0,3.0,11.0,0.0,2.0,0.0,13.0,1.0,0.0,0.0,2.0,2.0,1.0,0.0,12.0,2.0,6.0,0.0,6.0,0.0,0.0,2.0,6.0,3.0,5.0,2.0,5.0,6.0,14.0,9.0,49.0,25.0,85.0,16.0,165.0,4.0,14.0,8.0,59.0,3.0,5.0,0.0,13.0,0.0,4.0,4.0,55.0,4.0,6.0,0.0,11.0,1.0,2.0,1.0,16.0,4.0,5.0,2.0,14.0,8.0,13.0,8.0,75.0,53.0,121.0,9.0,142.0,3.0,17.0,7.0,49.0,4.0,5.0,2.0,14.0,5.0,9.0,6.0,43.0,39.0,63.0,11.0,48.0,3.0,6.0,2.0,20.0,35.0,53.0,8.0,38.0,40.0,88.0,39.0,683.0,1.227880741337631,0.06564991062158419,0.8054300261074084,0.8853401492144503,3.0614458830280507,20.189916908410808,2.5408528645833326,0.05085099332126572,0.7041471744783511,0.7604011667297087,3.338920295068589,18.66837282239655,nv
1198.0,149.0,298.0,205.0,156.0,25.0,219.0,232.0,244.0,30.0,60.0,48.0,243.0,26.0,360.0,358.0,148.0,32.0,42.0,37.0,29.0,5.0,23.0,30.0,229.0,39.0,49.0,41.0,308.0,37.0,370.0,380.0,321.0,49.0,53.0,47.0,35.0,8.0,45.0,27.0,76.0,11.0,11.0,3.0,74.0,7.0,53.0,35.0,263.0,25.0,40.0,29.0,41.0,5.0,36.0,37.0,421.0,45.0,59.0,43.0,543.0,67.0,443.0,344.0,207.0,30.0,45.0,33.0,25.0,4.0,52.0,33.0,47.0,5.0,10.0,6.0,28.0,9.0,53.0,42.0,34.0,5.0,6.0,7.0,6.0,1.0,7.0,4.0,43.0,5.0,8.0,7.0,29.0,3.0,46.0,55.0,272.0,32.0,51.0,41.0,32.0,4.0,44.0,31.0,58.0,10.0,11.0,11.0,45.0,9.0,38.0,47.0,251.0,27.0,28.0,23.0,31.0,14.0,41.0,44.0,440.0,60.0,55.0,48.0,442.0,70.0,353.0,375.0,262.0,212.0,71.0,420.0,46.0,32.0,60.0,454.0,37.0,28.0,5.0,54.0,23.0,39.0,51.0,327.0,29.0,22.0,11.0,32.0,11.0,9.0,11.0,57.0,41.0,55.0,8.0,57.0,39.0,37.0,50.0,348.0,64.0,67.0,11.0,54.0,8.0,8.0,5.0,49.0,7.0,14.0,1.0,8.0,9.0,9.0,11.0,53.0,45.0,39.0,10.0,41.0,6.0,7.0,10.0,46.0,47.0,52.0,13.0,35.0,60.0,44.0,58.0,260.0,248.0,336.0,73.0,622.0,44.0,38.0,57.0,453.0,35.0,39.0,11.0,62.0,25.0,35.0,57.0,336.0,33.0,50.0,11.0,63.0,9.0,5.0,11.0,55.0,33.0,38.0,11.0,44.0,36.0,33.0,57.0,412.0,352.0,430.0,60.0,464.0,50.0,45.0,40.0,332.0,42.0,60.0,9.0,53.0,39.0,59.0,31.0,276.0,385.0,381.0,43.0,364.0,48.0,61.0,48.0,347.0,381.0,372.0,48.0,297.0,366.0,397.0,267.0,3852.0,1.4113410184820407,0.12372106659248834,0.8496264144629707,0.8280578265820588,2.483531841584035,15.005120288558462,2.5557131924918974,0.09839011424637385,0.7835385572234723,0.695783189383801,2.6971014376349634,14.246206381349072,mel
1185.0,154.0,269.0,215.0,146.0,25.0,216.0,271.0,278.0,39.0,54.0,45.0,241.0,43.0,412.0,421.0,153.0,20.0,44.0,24.0,28.0,13.0,46.0,21.0,269.0,32.0,50.0,43.0,328.0,32.0,493.0,400.0,279.0,43.0,50.0,31.0,30.0,10.0,37.0,43.0,71.0,12.0,12.0,11.0,54.0,8.0,49.0,51.0,241.0,36.0,45.0,34.0,31.0,3.0,38.0,38.0,377.0,49.0,53.0,37.0,425.0,53.0,434.0,341.0,165.0,38.0,31.0,33.0,29.0,6.0,28.0,35.0,44.0,9.0,14.0,12.0,34.0,5.0,42.0,35.0,28.0,6.0,8.0,5.0,5.0,4.0,5.0,11.0,38.0,9.0,11.0,6.0,32.0,6.0,45.0,63.0,244.0,48.0,39.0,36.0,35.0,6.0,26.0,33.0,59.0,13.0,7.0,17.0,40.0,1.0,34.0,47.0,273.0,45.0,49.0,34.0,28.0,7.0,42.0,30.0,467.0,63.0,62.0,62.0,392.0,56.0,351.0,439.0,281.0,229.0,68.0,415.0,41.0,29.0,32.0,449.0,52.0,50.0,24.0,42.0,40.0,31.0,56.0,385.0,42.0,25.0,15.0,42.0,9.0,5.0,10.0,52.0,44.0,33.0,1.0,31.0,44.0,38.0,47.0,335.0,60.0,52.0,13.0,52.0,12.0,6.0,11.0,35.0,16.0,4.0,6.0,11.0,9.0,8.0,7.0,46.0,48.0,29.0,4.0,41.0,8.0,12.0,7.0,56.0,67.0,35.0,14.0,42.0,53.0,49.0,58.0,292.0,277.0,311.0,61.0,464.0,31.0,29.0,34.0,426.0,42.0,44.0,9.0,54.0,30.0,55.0,32.0,294.0,42.0,33.0,9.0,52.0,5.0,9.0,9.0,70.0,36.0,27.0,3.0,48.0,43.0,44.0,46.0,345.0,450.0,494.0,61.0,451.0,42.0,55.0,38.0,362.0,51.0,56.0,17.0,58.0,31.0,51.0,40.0,267.0,435.0,454.0,63.0,375.0,61.0,60.0,51.0,404.0,397.0,355.0,41.0,290.0,357.0,406.0,284.0,3702.0,1.3509763748735428,0.11818570799700892,0.8504561578041321,0.835594095329685,2.525347745778954,15.083669054470038,2.5183447828018735,0.09334646010979782,0.7822546987568605,0.6962305128449172,2.7475771520622443,14.062285525970276,mel
322.0,57.0,100.0,57.0,43.0,12.0,59.0,49.0,35.0,6.0,15.0,11.0,44.0,5.0,68.0,63.0,51.0,9.0,14.0,7.0,8.0,4.0,12.0,12.0,44.0,8.0,28.0,8.0,70.0,9.0,120.0,90.0,89.0,20.0,20.0,15.0,22.0,3.0,12.0,10.0,8.0,2.0,5.0,3.0,17.0,2.0,7.0,13.0,54.0,9.0,10.0,3.0,10.0,2.0,10.0,7.0,64.0,7.0,18.0,8.0,135.0,14.0,113.0,66.0,47.0,15.0,12.0,18.0,3.0,5.0,8.0,8.0,9.0,2.0,1.0,0.0,8.0,1.0,9.0,6.0,14.0,6.0,7.0,1.0,3.0,0.0,3.0,2.0,4.0,1.0,6.0,5.0,14.0,2.0,19.0,12.0,61.0,21.0,9.0,12.0,9.0,7.0,4.0,3.0,9.0,3.0,2.0,2.0,6.0,3.0,10.0,7.0,43.0,4.0,9.0,4.0,5.0,0.0,3.0,2.0,41.0,4.0,18.0,12.0,82.0,11.0,59.0,49.0,43.0,48.0,18.0,52.0,5.0,12.0,9.0,49.0,3.0,9.0,2.0,12.0,7.0,16.0,6.0,67.0,11.0,8.0,2.0,10.0,1.0,0.0,2.0,3.0,2.0,7.0,3.0,4.0,6.0,9.0,14.0,78.0,12.0,31.0,4.0,17.0,1.0,4.0,1.0,13.0,7.0,2.0,2.0,3.0,4.0,8.0,2.0,14.0,12.0,16.0,5.0,11.0,3.0,4.0,0.0,7.0,3.0,3.0,1.0,7.0,10.0,7.0,12.0,69.0,45.0,67.0,17.0,109.0,11.0,14.0,8.0,71.0,2.0,6.0,0.0,10.0,6.0,7.0,8.0,65.0,8.0,15.0,5.0,14.0,0.0,0.0,1.0,16.0,11.0,9.0,4.0,19.0,10.0,14.0,17.0,101.0,102.0,145.0,19.0,108.0,14.0,24.0,10.0,54.0,11.0,17.0,3.0,23.0,3.0,17.0,9.0,77.0,71.0,99.0,16.0,86.0,6.0,18.0,8.0,66.0,67.0,81.0,15.0,88.0,69.0,118.0,67.0,1026.0,1.394209607649693,0.08171531255960655,0.8145053676119823,0.8370309390022009,2.855334397351278,15.715904411704285,2.640050358614375,0.06397271901726356,0.7350882633189795,0.7031842581612685,3.090801832688899,15.149102886827613,nv
1535.0,262.0,337.0,206.0,254.0,82.0,195.0,199.0,231.0,50.0,66.0,40.0,200.0,44.0,281.0,282.0,252.0,32.0,64.0,36.0,70.0,16.0,59.0,47.0,207.0,38.0,78.0,32.0,297.0,60.0,429.0,268.0,333.0,72.0,60.0,42.0,58.0,18.0,40.0,32.0,80.0,16.0,17.0,20.0,63.0,14.0,64.0,57.0,218.0,32.0,43.0,26.0,40.0,17.0,49.0,38.0,263.0,29.0,66.0,44.0,353.0,77.0,396.0,288.0,246.0,84.0,55.0,47.0,41.0,19.0,38.0,52.0,47.0,11.0,13.0,19.0,26.0,14.0,53.0,51.0,84.0,12.0,25.0,14.0,22.0,8.0,14.0,29.0,49.0,10.0,23.0,12.0,47.0,17.0,84.0,91.0,245.0,56.0,47.0,40.0,42.0,14.0,31.0,35.0,49.0,12.0,14.0,23.0,32.0,14.0,48.0,59.0,203.0,54.0,40.0,31.0,43.0,13.0,33.0,35.0,257.0,46.0,46.0,53.0,271.0,85.0,280.0,292.0,237.0,157.0,86.0,269.0,55.0,56.0,50.0,252.0,34.0,37.0,23.0,57.0,29.0,48.0,38.0,252.0,54.0,36.0,22.0,30.0,10.0,9.0,12.0,63.0,28.0,28.0,17.0,38.0,34.0,45.0,53.0,273.0,95.0,80.0,29.0,67.0,18.0,19.0,17.0,64.0,16.0,21.0,10.0,30.0,8.0,20.0,19.0,86.0,46.0,32.0,17.0,46.0,14.0,16.0,18.0,62.0,54.0,41.0,26.0,55.0,73.0,83.0,90.0,383.0,202.0,283.0,65.0,327.0,29.0,60.0,37.0,251.0,34.0,41.0,16.0,51.0,24.0,45.0,35.0,234.0,47.0,50.0,19.0,70.0,12.0,22.0,25.0,86.0,38.0,49.0,21.0,62.0,52.0,72.0,86.0,431.0,247.0,405.0,83.0,405.0,37.0,88.0,27.0,245.0,48.0,61.0,16.0,108.0,50.0,86.0,44.0,373.0,235.0,282.0,59.0,277.0,64.0,81.0,61.0,309.0,284.0,291.0,79.0,386.0,269.0,435.0,409.0,3633.0,1.07590744579922,0.08214257732722836,0.8247058492377088,0.8807023340637786,2.874587930318377,16.961452084343055,2.0468240108659215,0.06672401598532741,0.7642164753072991,0.7813376377393362,3.0765043417865017,16.674495833158574,mel
2415.0,298.0,259.0,175.0,279.0,114.0,173.0,236.0,249.0,67.0,74.0,72.0,174.0,67.0,226.0,278.0,275.0,59.0,63.0,38.0,105.0,21.0,59.0,81.0,182.0,52.0,67.0,31.0,224.0,58.0,277.0,272.0,242.0,45.0,46.0,39.0,43.0,19.0,38.0,39.0,71.0,23.0,34.0,19.0,61.0,23.0,50.0,90.0,173.0,33.0,40.0,22.0,70.0,18.0,35.0,32.0,203.0,36.0,54.0,48.0,313.0,82.0,305.0,324.0,327.0,111.0,53.0,72.0,59.0,39.0,38.0,72.0,82.0,31.0,19.0,19.0,38.0,17.0,50.0,97.0,105.0,41.0,28.0,21.0,37.0,13.0,24.0,29.0,69.0,21.0,21.0,19.0,66.0,34.0,78.0,89.0,143.0,68.0,34.0,41.0,50.0,19.0,24.0,45.0,64.0,28.0,25.0,31.0,41.0,18.0,47.0,86.0,241.0,56.0,41.0,40.0,70.0,27.0,42.0,64.0,389.0,118.0,101.0,86.0,310.0,121.0,299.0,394.0,282.0,171.0,84.0,233.0,70.0,74.0,71.0,363.0,58.0,41.0,26.0,85.0,29.0,34.0,77.0,415.0,60.0,55.0,24.0,37.0,34.0,22.0,28.0,90.0,45.0,15.0,14.0,44.0,62.0,36.0,80.0,310.0,73.0,58.0,25.0,49.0,24.0,23.0,18.0,112.0,36.0,29.0,12.0,37.0,23.0,19.0,29.0,149.0,70.0,44.0,20.0,41.0,32.0,22.0,22.0,81.0,67.0,46.0,26.0,71.0,74.0,56.0,178.0,488.0,169.0,208.0,68.0,290.0,47.0,73.0,36.0,338.0,53.0,60.0,19.0,63.0,27.0,26.0,47.0,341.0,60.0,66.0,24.0,78.0,19.0,36.0,22.0,119.0,35.0,36.0,14.0,76.0,26.0,49.0,53.0,325.0,187.0,277.0,58.0,304.0,43.0,73.0,50.0,270.0,67.0,88.0,30.0,173.0,41.0,70.0,81.0,493.0,359.0,271.0,72.0,332.0,89.0,105.0,90.0,397.0,400.0,285.0,171.0,507.0,323.0,343.0,490.0,4583.0,2.2642164831457223,0.0696801899266802,0.7681516468611591,0.8078508553634755,3.2058941631088533,21.303064937011413,3.308793377217998,0.05627535352846833,0.7139381670744234,0.7191857241949184,3.3954019265538333,20.25691294402821,mel
1059.0,141.0,215.0,223.0,142.0,26.0,180.0,244.0,272.0,49.0,75.0,58.0,191.0,37.0,358.0,562.0,148.0,18.0,27.0,21.0,30.0,3.0,27.0,33.0,249.0,29.0,34.0,43.0,202.0,32.0,326.0,377.0,220.0,31.0,44.0,38.0,21.0,10.0,29.0,28.0,50.0,12.0,8.0,7.0,39.0,4.0,41.0,44.0,195.0,30.0,34.0,28.0,33.0,5.0,37.0,31.0,319.0,39.0,41.0,40.0,294.0,43.0,324.0,328.0,141.0,28.0,26.0,36.0,17.0,4.0,21.0,31.0,32.0,12.0,5.0,10.0,23.0,9.0,42.0,81.0,34.0,6.0,8.0,5.0,6.0,0.0,4.0,6.0,32.0,6.0,12.0,6.0,36.0,9.0,47.0,64.0,206.0,37.0,28.0,33.0,24.0,3.0,28.0,36.0,62.0,9.0,8.0,7.0,34.0,8.0,44.0,56.0,299.0,31.0,35.0,24.0,38.0,5.0,24.0,41.0,430.0,58.0,46.0,47.0,357.0,40.0,351.0,389.0,277.0,222.0,57.0,304.0,34.0,32.0,51.0,398.0,46.0,36.0,12.0,49.0,41.0,32.0,59.0,480.0,37.0,29.0,4.0,40.0,7.0,8.0,11.0,52.0,41.0,26.0,8.0,29.0,31.0,30.0,38.0,316.0,61.0,44.0,18.0,45.0,5.0,11.0,9.0,37.0,21.0,8.0,3.0,5.0,8.0,9.0,5.0,45.0,58.0,37.0,5.0,41.0,6.0,12.0,12.0,50.0,66.0,50.0,13.0,30.0,47.0,31.0,51.0,284.0,223.0,204.0,26.0,310.0,28.0,29.0,34.0,348.0,46.0,33.0,8.0,39.0,32.0,27.0,32.0,302.0,37.0,27.0,8.0,43.0,7.0,3.0,4.0,54.0,37.0,23.0,10.0,45.0,28.0,28.0,39.0,341.0,335.0,326.0,47.0,334.0,42.0,45.0,39.0,306.0,57.0,37.0,9.0,52.0,30.0,29.0,38.0,286.0,511.0,387.0,53.0,322.0,54.0,57.0,57.0,440.0,502.0,345.0,43.0,259.0,331.0,294.0,294.0,4000.0,1.0901912042315383,0.1132231760735337,0.8653140473432994,0.8780436379397724,2.554323791226168,16.788190633579493,2.037340105342363,0.09106617541681743,0.8024862285226659,0.7694520808295945,2.7702374367553926,15.63655704084267,mel
129.0,13.0,46.0,17.0,17.0,3.0,29.0,33.0,22.0,2.0,2.0,1.0,12.0,3.0,28.0,48.0,12.0,0.0,5.0,1.0,4.0,0.0,2.0,3.0,10.0,1.0,6.0,0.0,38.0,2.0,85.0,36.0,31.0,3.0,4.0,7.0,7.0,0.0,0.0,3.0,2.0,0.0,1.0,1.0,9.0,1.0,6.0,3.0,11.0,2.0,4.0,1.0,1.0,0.0,2.0,2.0,25.0,2.0,6.0,2.0,109.0,6.0,90.0,24.0,24.0,5.0,1.0,2.0,0.0,0.0,2.0,3.0,3.0,0.0,1.0,0.0,0.0,1.0,0.0,2.0,3.0,1.0,0.0,2.0,0.0,0.0,1.0,0.0,4.0,0.0,0.0,1.0,3.0,0.0,5.0,5.0,17.0,3.0,2.0,5.0,0.0,0.0,1.0,0.0,5.0,3.0,0.0,1.0,1.0,0.0,1.0,3.0,13.0,1.0,0.0,2.0,2.0,0.0,3.0,2.0,37.0,1.0,2.0,4.0,36.0,4.0,14.0,24.0,14.0,16.0,3.0,28.0,2.0,2.0,3.0,71.0,6.0,4.0,1.0,3.0,2.0,1.0,6.0,65.0,3.0,1.0,0.0,3.0,1.0,0.0,0.0,3.0,5.0,0.0,0.0,2.0,3.0,1.0,2.0,32.0,7.0,6.0,0.0,6.0,0.0,0.0,0.0,4.0,0.0,0.0,0.0,1.0,1.0,0.0,0.0,2.0,0.0,0.0,0.0,1.0,0.0,0.0,2.0,1.0,0.0,2.0,1.0,2.0,1.0,2.0,2.0,25.0,16.0,46.0,7.0,93.0,1.0,4.0,1.0,48.0,2.0,4.0,0.0,5.0,5.0,0.0,1.0,31.0,1.0,1.0,0.0,2.0,0.0,0.0,0.0,7.0,3.0,2.0,0.0,5.0,2.0,4.0,2.0,32.0,31.0,88.0,6.0,98.0,2.0,7.0,2.0,27.0,7.0,5.0,0.0,4.0,1.0,3.0,2.0,27.0,59.0,46.0,2.0,35.0,4.0,3.0,2.0,16.0,38.0,24.0,5.0,22.0,15.0,24.0,22.0,475.0,1.9713133534964715,0.08718511035383218,0.8316227648969209,0.8312416864010967,2.8213269675799983,21.391249491043336,3.8025607719428454,0.06437707757853027,0.7268044149101538,0.6825329822718716,3.108816575546675,20.153066487574733,vasc
93.0,14.0,24.0,10.0,15.0,2.0,15.0,33.0,13.0,4.0,5.0,8.0,14.0,2.0,50.0,111.0,12.0,5.0,1.0,0.0,4.0,0.0,1.0,2.0,11.0,4.0,1.0,0.0,28.0,0.0,67.0,60.0,17.0,1.0,3.0,3.0,5.0,0.0,5.0,2.0,8.0,1.0,2.0,0.0,5.0,1.0,5.0,1.0,16.0,1.0,1.0,0.0,3.0,0.0,1.0,1.0,44.0,2.0,6.0,3.0,168.0,2.0,81.0,34.0,23.0,2.0,1.0,2.0,1.0,1.0,4.0,2.0,0.0,0.0,1.0,0.0,2.0,0.0,4.0,8.0,3.0,1.0,0.0,0.0,2.0,0.0,0.0,0.0,0.0,1.0,0.0,0.0,1.0,0.0,2.0,1.0,14.0,3.0,4.0,0.0,3.0,0.0,5.0,1.0,5.0,1.0,0.0,0.0,7.0,0.0,0.0,6.0,25.0,1.0,1.0,0.0,1.0,1.0,1.0,0.0,68.0,2.0,3.0,2.0,107.0,1.0,26.0,20.0,11.0,13.0,2.0,47.0,3.0,2.0,4.0,57.0,4.0,0.0,0.0,4.0,1.0,1.0,4.0,56.0,4.0,6.0,1.0,4.0,0.0,0.0,0.0,3.0,2.0,1.0,0.0,5.0,1.0,4.0,1.0,46.0,4.0,4.0,0.0,2.0,0.0,0.0,0.0,2.0,0.0,1.0,0.0,0.0,1.0,1.0,0.0,4.0,8.0,5.0,0.0,1.0,0.0,0.0,0.0,3.0,1.0,1.0,0.0,5.0,5.0,1.0,2.0,25.0,16.0,24.0,8.0,185.0,4.0,2.0,3.0,80.0,4.0,1.0,0.0,1.0,0.0,3.0,2.0,35.0,4.0,3.0,1.0,6.0,0.0,0.0,0.0,2.0,3.0,1.0,0.0,4.0,1.0,0.0,1.0,20.0,30.0,55.0,6.0,93.0,2.0,2.0,1.0,23.0,4.0,2.0,2.0,6.0,3.0,4.0,5.0,17.0,89.0,33.0,3.0,18.0,4.0,2.0,3.0,9.0,77.0,26.0,2.0,18.0,30.0,10.0,28.0,728.0,2.5346660320482313,0.09020801084197724,0.8523399247375496,0.843123476982965,2.7319286408220385,29.77948758764925,4.808683744159821,0.06803701037165016,0.745783888335894,0.6968707848836705,3.0304402100897945,26.91827297503618,vasc
105.0,11.0,18.0,8.0,13.0,5.0,13.0,31.0,33.0,3.0,2.0,12.0,10.0,8.0,22.0,74.0,11.0,2.0,4.0,0.0,1.0,0.0,3.0,5.0,16.0,3.0,4.0,1.0,17.0,0.0,35.0,28.0,17.0,4.0,9.0,2.0,3.0,0.0,3.0,0.0,8.0,0.0,1.0,1.0,5.0,0.0,4.0,2.0,25.0,2.0,4.0,4.0,1.0,0.0,2.0,0.0,31.0,1.0,5.0,2.0,45.0,2.0,30.0,20.0,11.0,6.0,2.0,1.0,2.0,0.0,0.0,3.0,4.0,0.0,0.0,1.0,0.0,0.0,2.0,7.0,6.0,0.0,0.0,0.0,2.0,0.0,0.0,0.0,3.0,0.0,0.0,0.0,3.0,0.0,1.0,2.0,14.0,0.0,1.0,1.0,3.0,0.0,0.0,0.0,7.0,0.0,1.0,3.0,0.0,0.0,4.0,10.0,38.0,2.0,3.0,5.0,2.0,0.0,2.0,2.0,80.0,6.0,4.0,6.0,33.0,1.0,27.0,28.0,47.0,31.0,0.0,26.0,9.0,3.0,4.0,75.0,9.0,2.0,0.0,4.0,3.0,0.0,6.0,90.0,7.0,1.0,1.0,2.0,1.0,0.0,1.0,8.0,3.0,0.0,0.0,1.0,1.0,0.0,4.0,26.0,1.0,2.0,0.0,4.0,1.0,0.0,0.0,8.0,0.0,1.0,1.0,1.0,0.0,1.0,1.0,3.0,6.0,3.0,0.0,2.0,1.0,0.0,1.0,6.0,5.0,0.0,2.0,4.0,5.0,3.0,5.0,23.0,22.0,29.0,3.0,41.0,0.0,3.0,1.0,34.0,7.0,5.0,3.0,3.0,2.0,2.0,3.0,31.0,2.0,2.0,0.0,6.0,0.0,0.0,1.0,9.0,4.0,1.0,0.0,5.0,1.0,5.0,6.0,15.0,21.0,61.0,5.0,56.0,4.0,3.0,3.0,32.0,9.0,3.0,1.0,2.0,1.0,3.0,2.0,36.0,89.0,36.0,4.0,38.0,5.0,1.0,6.0,39.0,80.0,26.0,11.0,30.0,35.0,22.0,24.0,596.0,1.3180218391841896,0.1120430794852299,0.8497881256983485,0.8364531331210029,2.5752091902383314,14.799949288435752,2.4498902706656907,0.08804884400239954,0.7617051207648909,0.6970808875061407,2.819171140010465,13.72532066598562,vasc
87.0,12.0,23.0,9.0,12.0,1.0,10.0,11.0,9.0,3.0,2.0,1.0,13.0,1.0,15.0,40.0,10.0,4.0,4.0,0.0,7.0,0.0,2.0,1.0,9.0,0.0,4.0,5.0,21.0,3.0,58.0,27.0,28.0,5.0,11.0,1.0,4.0,1.0,1.0,3.0,1.0,1.0,0.0,0.0,5.0,0.0,0.0,5.0,10.0,1.0,4.0,1.0,2.0,0.0,1.0,1.0,17.0,0.0,4.0,1.0,64.0,4.0,48.0,29.0,12.0,2.0,8.0,2.0,3.0,0.0,1.0,0.0,1.0,0.0,0.0,1.0,1.0,0.0,4.0,4.0,0.0,1.0,0.0,0.0,0.0,0.0,0.0,1.0,2.0,0.0,1.0,0.0,3.0,0.0,3.0,4.0,12.0,2.0,2.0,2.0,1.0,1.0,2.0,3.0,1.0,0.0,0.0,0.0,2.0,0.0,3.0,1.0,12.0,1.0,2.0,3.0,0.0,0.0,0.0,0.0,23.0,2.0,5.0,0.0,30.0,2.0,14.0,12.0,3.0,2.0,5.0,19.0,2.0,2.0,2.0,20.0,7.0,0.0,1.0,2.0,0.0,1.0,2.0,30.0,2.0,2.0,0.0,2.0,0.0,1.0,0.0,2.0,0.0,0.0,0.0,3.0,0.0,1.0,4.0,24.0,3.0,5.0,3.0,2.0,1.0,1.0,0.0,2.0,0.0,0.0,0.0,1.0,0.0,1.0,0.0,4.0,5.0,2.0,0.0,2.0,0.0,0.0,0.0,0.0,0.0,2.0,0.0,2.0,5.0,4.0,4.0,23.0,10.0,17.0,11.0,62.0,0.0,2.0,1.0,33.0,2.0,1.0,1.0,2.0,1.0,2.0,4.0,12.0,2.0,0.0,0.0,2.0,0.0,0.0,0.0,4.0,1.0,2.0,1.0,4.0,0.0,1.0,4.0,19.0,21.0,54.0,1.0,34.0,0.0,5.0,1.0,15.0,2.0,1.0,0.0,3.0,0.0,5.0,2.0,10.0,29.0,25.0,1.0,22.0,0.0,2.0,1.0,14.0,18.0,15.0,1.0,18.0,25.0,19.0,20.0,447.0,1.5789764868603045,0.1422839941920192,0.8580804081389042,0.8124931156754762,2.382897363197508,15.26282100285234,3.472816212438855,0.11362912957127325,0.7614833589651813,0.6056625866895493,2.642633830478177,14.140608713614526,vasc
87.0,12.0,23.0,9.0,12.0,1.0,10.0,11.0,9.0,3.0,2.0,1.0,13.0,1.0,15.0,40.0,10.0,4.0,4.0,0.0,7.0,0.0,2.0,1.0,9.0,0.0,4.0,5.0,21.0,3.0,58.0,27.0,28.0,5.0,11.0,1.0,4.0,1.0,1.0,3.0,1.0,1.0,0.0,0.0,5.0,0.0,0.0,5.0,10.0,1.0,4.0,1.0,2.0,0.0,1.0,1.0,17.0,0.0,4.0,1.0,64.0,4.0,48.0,29.0,12.0,2.0,8.0,2.0,3.0,0.0,1.0,0.0,1.0,0.0,0.0,1.0,1.0,0.0,4.0,4.0,0.0,1.0,0.0,0.0,0.0,0.0,0.0,1.0,2.0,0.0,1.0,0.0,3.0,0.0,3.0,4.0,12.0,2.0,2.0,2.0,1.0,1.0,2.0,3.0,1.0,0.0,0.0,0.0,2.0,0.0,3.0,1.0,12.0,1.0,2.0,3.0,0.0,0.0,0.0,0.0,23.0,2.0,5.0,0.0,30.0,2.0,14.0,12.0,3.0,2.0,5.0,19.0,2.0,2.0,2.0,20.0,7.0,0.0,1.0,2.0,0.0,1.0,2.0,30.0,2.0,2.0,0.0,2.0,0.0,1.0,0.0,2.0,0.0,0.0,0.0,3.0,0.0,1.0,4.0,24.0,3.0,5.0,3.0,2.0,1.0,1.0,0.0,2.0,0.0,0.0,0.0,1.0,0.0,1.0,0.0,4.0,5.0,2.0,0.0,2.0,0.0,0.0,0.0,0.0,0.0,2.0,0.0,2.0,5.0,4.0,4.0,23.0,10.0,17.0,11.0,62.0,0.0,2.0,1.0,33.0,2.0,1.0,1.0,2.0,1.0,2.0,4.0,12.0,2.0,0.0,0.0,2.0,0.0,0.0,0.0,4.0,1.0,2.0,1.0,4.0,0.0,1.0,4.0,19.0,21.0,54.0,1.0,34.0,0.0,5.0,1.0,15.0,2.0,1.0,0.0,3.0,0.0,5.0,2.0,10.0,29.0,25.0,1.0,22.0,0.0,2.0,1.0,14.0,18.0,15.0,1.0,18.0,25.0,19.0,20.0,447.0,1.5789764868603045,0.1422839941920192,0.8580804081389042,0.8124931156754762,2.382897363197508,15.26282100285234,3.472816212438855,0.11362912957127325,0.7614833589651813,0.6056625866895493,2.642633830478177,14.140608713614526,vasc
70.0,13.0,15.0,7.0,5.0,1.0,10.0,23.0,4.0,1.0,2.0,1.0,8.0,2.0,10.0,30.0,5.0,1.0,0.0,1.0,3.0,0.0,2.0,2.0,3.0,0.0,3.0,2.0,17.0,0.0,46.0,24.0,22.0,3.0,4.0,0.0,6.0,0.0,2.0,0.0,6.0,0.0,0.0,1.0,6.0,1.0,3.0,0.0,8.0,0.0,1.0,0.0,3.0,0.0,3.0,1.0,29.0,0.0,1.0,2.0,80.0,3.0,47.0,19.0,7.0,2.0,3.0,1.0,1.0,0.0,0.0,2.0,5.0,0.0,0.0,0.0,0.0,0.0,0.0,1.0,2.0,0.0,0.0,0.0,1.0,0.0,0.0,0.0,1.0,0.0,0.0,0.0,4.0,0.0,2.0,0.0,9.0,1.0,4.0,0.0,4.0,0.0,2.0,1.0,7.0,0.0,0.0,0.0,4.0,0.0,2.0,1.0,18.0,0.0,0.0,2.0,0.0,0.0,0.0,0.0,58.0,0.0,4.0,2.0,42.0,3.0,16.0,4.0,4.0,3.0,2.0,39.0,2.0,2.0,5.0,40.0,1.0,2.0,3.0,2.0,3.0,1.0,3.0,46.0,1.0,2.0,1.0,1.0,0.0,0.0,0.0,0.0,1.0,0.0,0.0,0.0,0.0,1.0,3.0,22.0,0.0,1.0,1.0,3.0,0.0,0.0,1.0,1.0,0.0,0.0,0.0,1.0,0.0,0.0,1.0,0.0,1.0,3.0,0.0,3.0,0.0,0.0,1.0,1.0,1.0,2.0,0.0,0.0,2.0,4.0,2.0,5.0,8.0,29.0,3.0,102.0,3.0,0.0,1.0,69.0,0.0,1.0,0.0,2.0,2.0,1.0,1.0,24.0,0.0,0.0,0.0,5.0,0.0,0.0,0.0,3.0,1.0,0.0,1.0,0.0,2.0,1.0,0.0,20.0,16.0,43.0,7.0,75.0,0.0,2.0,1.0,22.0,1.0,0.0,1.0,3.0,2.0,1.0,1.0,17.0,18.0,22.0,2.0,21.0,1.0,1.0,0.0,10.0,30.0,24.0,2.0,10.0,22.0,14.0,13.0,591.0,2.5240147002914717,0.13876655767361026,0.8639498580923051,0.7984050016037001,2.3770160876954303,22.51643491770661,4.898103959757513,0.1105614301510111,0.7595597709680381,0.6015067087084643,2.6606739634293,19.68501483696063,vasc
175.0,23.0,39.0,27.0,24.0,10.0,14.0,26.0,14.0,1.0,1.0,8.0,15.0,0.0,14.0,19.0,25.0,4.0,10.0,3.0,5.0,1.0,2.0,3.0,21.0,4.0,7.0,5.0,36.0,1.0,49.0,25.0,30.0,8.0,11.0,4.0,10.0,1.0,5.0,4.0,8.0,1.0,2.0,0.0,11.0,2.0,5.0,4.0,28.0,4.0,7.0,3.0,6.0,1.0,4.0,2.0,38.0,5.0,7.0,2.0,76.0,8.0,42.0,27.0,34.0,2.0,16.0,3.0,8.0,3.0,4.0,4.0,6.0,0.0,0.0,2.0,4.0,5.0,3.0,5.0,2.0,1.0,2.0,0.0,2.0,1.0,2.0,0.0,6.0,1.0,1.0,0.0,4.0,2.0,10.0,7.0,25.0,3.0,3.0,3.0,4.0,0.0,1.0,1.0,2.0,1.0,1.0,0.0,4.0,2.0,3.0,1.0,26.0,4.0,2.0,0.0,7.0,2.0,1.0,0.0,32.0,5.0,11.0,6.0,59.0,9.0,31.0,26.0,25.0,23.0,4.0,36.0,1.0,4.0,6.0,26.0,6.0,2.0,0.0,2.0,2.0,2.0,4.0,28.0,3.0,3.0,4.0,4.0,0.0,0.0,1.0,4.0,3.0,2.0,1.0,2.0,0.0,3.0,4.0,21.0,3.0,10.0,2.0,10.0,2.0,2.0,1.0,5.0,0.0,3.0,0.0,0.0,0.0,3.0,0.0,11.0,1.0,4.0,0.0,4.0,0.0,2.0,0.0,2.0,5.0,4.0,0.0,5.0,9.0,6.0,4.0,28.0,20.0,35.0,10.0,71.0,5.0,6.0,4.0,43.0,4.0,2.0,0.0,10.0,1.0,6.0,6.0,27.0,2.0,3.0,3.0,10.0,0.0,2.0,2.0,6.0,3.0,4.0,0.0,6.0,5.0,1.0,5.0,25.0,16.0,37.0,7.0,52.0,2.0,6.0,3.0,27.0,5.0,8.0,0.0,10.0,6.0,7.0,8.0,35.0,20.0,43.0,5.0,30.0,4.0,7.0,5.0,20.0,42.0,34.0,13.0,25.0,36.0,46.0,45.0,480.0,2.1068479008947003,0.10046652326936834,0.8246537225603651,0.7699643853058417,2.630385393284747,16.210732215522004,4.027516544757922,0.08000956550212486,0.7377626405591866,0.5810162385415222,2.8677662099696,15.197651183643686,vasc
161.0,34.0,34.0,15.0,28.0,7.0,27.0,27.0,25.0,3.0,6.0,3.0,24.0,2.0,34.0,29.0,30.0,5.0,20.0,4.0,5.0,2.0,3.0,4.0,18.0,5.0,17.0,9.0,36.0,7.0,87.0,37.0,37.0,8.0,12.0,3.0,9.0,4.0,6.0,4.0,6.0,1.0,2.0,3.0,8.0,1.0,8.0,6.0,26.0,6.0,5.0,2.0,3.0,0.0,1.0,0.0,21.0,2.0,4.0,0.0,45.0,4.0,51.0,29.0,24.0,6.0,7.0,3.0,4.0,2.0,1.0,3.0,0.0,0.0,1.0,2.0,4.0,1.0,1.0,6.0,6.0,1.0,2.0,2.0,1.0,0.0,0.0,0.0,3.0,0.0,1.0,0.0,5.0,1.0,7.0,4.0,34.0,5.0,4.0,4.0,2.0,2.0,2.0,1.0,2.0,0.0,0.0,2.0,2.0,1.0,4.0,3.0,29.0,4.0,5.0,1.0,4.0,2.0,3.0,1.0,27.0,2.0,3.0,7.0,38.0,6.0,29.0,23.0,21.0,16.0,3.0,22.0,4.0,3.0,6.0,24.0,6.0,5.0,0.0,2.0,3.0,5.0,5.0,28.0,3.0,5.0,0.0,2.0,1.0,4.0,2.0,3.0,6.0,2.0,0.0,4.0,2.0,4.0,6.0,29.0,7.0,12.0,0.0,6.0,2.0,2.0,0.0,6.0,0.0,2.0,0.0,0.0,0.0,1.0,1.0,10.0,2.0,5.0,1.0,3.0,0.0,3.0,0.0,2.0,2.0,2.0,2.0,6.0,6.0,7.0,7.0,25.0,20.0,38.0,7.0,50.0,3.0,1.0,8.0,22.0,3.0,1.0,3.0,3.0,2.0,3.0,0.0,21.0,5.0,3.0,3.0,11.0,0.0,3.0,1.0,5.0,4.0,2.0,0.0,10.0,2.0,4.0,7.0,35.0,43.0,69.0,10.0,46.0,4.0,6.0,4.0,24.0,3.0,7.0,3.0,5.0,9.0,7.0,2.0,30.0,39.0,60.0,7.0,32.0,3.0,8.0,1.0,23.0,50.0,37.0,11.0,34.0,29.0,51.0,35.0,420.0,3.058671713695802,0.10220942641751717,0.8378649684711917,0.7706513634926875,2.6200613965454815,23.614011065460588,5.895942180424941,0.0788052943225357,0.7514595533198255,0.585609884278102,2.879618997561571,22.56005595627663,vasc
128.0,15.0,32.0,31.0,26.0,0.0,27.0,25.0,16.0,4.0,5.0,5.0,18.0,1.0,35.0,52.0,18.0,4.0,5.0,6.0,3.0,0.0,5.0,0.0,19.0,2.0,7.0,4.0,43.0,2.0,79.0,41.0,38.0,10.0,23.0,4.0,12.0,0.0,3.0,3.0,8.0,1.0,0.0,0.0,13.0,1.0,3.0,1.0,23.0,3.0,2.0,3.0,7.0,0.0,1.0,0.0,54.0,2.0,4.0,5.0,139.0,9.0,70.0,29.0,21.0,3.0,8.0,3.0,6.0,1.0,4.0,2.0,4.0,1.0,0.0,0.0,0.0,0.0,3.0,1.0,4.0,1.0,1.0,0.0,0.0,0.0,1.0,0.0,1.0,0.0,0.0,0.0,5.0,2.0,5.0,2.0,33.0,0.0,7.0,1.0,4.0,0.0,0.0,1.0,2.0,1.0,0.0,1.0,6.0,1.0,3.0,0.0,29.0,1.0,2.0,0.0,0.0,1.0,1.0,4.0,64.0,3.0,7.0,3.0,87.0,9.0,47.0,24.0,18.0,24.0,6.0,51.0,2.0,1.0,5.0,50.0,4.0,2.0,0.0,5.0,2.0,1.0,1.0,44.0,4.0,2.0,0.0,2.0,0.0,0.0,1.0,0.0,1.0,3.0,1.0,1.0,2.0,3.0,5.0,22.0,2.0,10.0,0.0,3.0,0.0,2.0,2.0,5.0,1.0,0.0,0.0,0.0,0.0,2.0,0.0,1.0,2.0,3.0,0.0,7.0,2.0,0.0,1.0,1.0,5.0,8.0,0.0,3.0,6.0,4.0,5.0,27.0,20.0,48.0,13.0,125.0,3.0,2.0,7.0,59.0,1.0,0.0,0.0,1.0,1.0,1.0,1.0,42.0,1.0,2.0,4.0,8.0,0.0,1.0,0.0,4.0,1.0,2.0,1.0,7.0,3.0,2.0,6.0,50.0,36.0,80.0,6.0,75.0,4.0,8.0,3.0,31.0,4.0,2.0,2.0,0.0,0.0,4.0,3.0,19.0,34.0,50.0,5.0,20.0,2.0,4.0,6.0,16.0,47.0,46.0,2.0,29.0,44.0,56.0,35.0,604.0,3.491306319927427,0.0884051543861154,0.8433807050258947,0.8025942474120268,2.6762254098969223,31.8805739232437,6.599707534826446,0.06748752024731666,0.7441697824968486,0.6168537794143862,2.9505770693053086,27.850364945279043,vasc
192.0,32.0,70.0,28.0,34.0,8.0,41.0,27.0,22.0,6.0,7.0,5.0,28.0,6.0,37.0,31.0,25.0,2.0,9.0,4.0,7.0,2.0,8.0,5.0,26.0,5.0,11.0,1.0,84.0,6.0,117.0,43.0,58.0,9.0,32.0,4.0,13.0,2.0,7.0,5.0,10.0,1.0,3.0,2.0,12.0,1.0,11.0,5.0,18.0,1.0,9.0,2.0,5.0,1.0,3.0,2.0,28.0,5.0,6.0,5.0,125.0,15.0,137.0,57.0,17.0,6.0,13.0,13.0,6.0,2.0,3.0,3.0,4.0,0.0,1.0,1.0,5.0,0.0,6.0,8.0,4.0,0.0,0.0,1.0,0.0,0.0,0.0,0.0,6.0,1.0,3.0,1.0,7.0,3.0,9.0,7.0,27.0,6.0,6.0,7.0,3.0,2.0,5.0,1.0,2.0,0.0,1.0,2.0,6.0,1.0,4.0,2.0,14.0,0.0,6.0,2.0,0.0,1.0,1.0,0.0,25.0,3.0,5.0,4.0,38.0,10.0,48.0,22.0,13.0,29.0,11.0,64.0,2.0,7.0,5.0,41.0,2.0,4.0,1.0,5.0,0.0,3.0,4.0,37.0,3.0,6.0,1.0,7.0,0.0,1.0,2.0,5.0,4.0,2.0,1.0,2.0,2.0,8.0,4.0,35.0,12.0,12.0,1.0,12.0,1.0,2.0,1.0,4.0,1.0,0.0,1.0,0.0,2.0,1.0,0.0,11.0,3.0,10.0,0.0,4.0,1.0,1.0,1.0,4.0,3.0,2.0,0.0,4.0,10.0,7.0,15.0,49.0,17.0,82.0,15.0,143.0,2.0,9.0,10.0,84.0,3.0,5.0,0.0,13.0,5.0,5.0,5.0,49.0,3.0,5.0,0.0,9.0,0.0,1.0,1.0,9.0,4.0,6.0,2.0,9.0,2.0,5.0,11.0,69.0,48.0,73.0,9.0,113.0,5.0,7.0,3.0,53.0,4.0,3.0,1.0,14.0,6.0,13.0,3.0,47.0,52.0,63.0,6.0,36.0,1.0,11.0,2.0,28.0,32.0,35.0,4.0,40.0,27.0,57.0,35.0,840.0,1.3869139010275184,0.0775014207333457,0.8323868784471931,0.8789120396918004,2.891189014679971,21.520630292424382,2.975374157772345,0.058453375886389526,0.7416011482499859,0.7438721983949241,3.167529312172071,20.258137699406518,nv
239.0,34.0,55.0,24.0,39.0,6.0,27.0,23.0,32.0,5.0,8.0,6.0,22.0,5.0,34.0,23.0,27.0,5.0,12.0,3.0,14.0,5.0,9.0,6.0,20.0,1.0,12.0,4.0,79.0,8.0,105.0,46.0,50.0,16.0,38.0,7.0,8.0,2.0,9.0,4.0,5.0,4.0,6.0,0.0,13.0,1.0,16.0,6.0,11.0,3.0,7.0,5.0,10.0,0.0,7.0,2.0,21.0,8.0,8.0,5.0,111.0,10.0,115.0,39.0,21.0,13.0,11.0,11.0,8.0,2.0,4.0,5.0,2.0,2.0,0.0,1.0,7.0,2.0,6.0,4.0,6.0,1.0,0.0,2.0,1.0,2.0,0.0,2.0,5.0,1.0,2.0,1.0,7.0,5.0,12.0,10.0,25.0,6.0,5.0,6.0,3.0,7.0,3.0,1.0,2.0,2.0,2.0,2.0,7.0,1.0,5.0,5.0,25.0,5.0,3.0,1.0,2.0,1.0,3.0,5.0,13.0,3.0,6.0,3.0,33.0,10.0,50.0,27.0,25.0,29.0,7.0,55.0,6.0,5.0,9.0,42.0,3.0,4.0,0.0,4.0,5.0,5.0,1.0,30.0,3.0,4.0,2.0,4.0,1.0,2.0,4.0,7.0,6.0,1.0,1.0,3.0,7.0,3.0,13.0,31.0,7.0,16.0,2.0,6.0,1.0,2.0,2.0,9.0,0.0,2.0,1.0,3.0,4.0,2.0,0.0,11.0,2.0,13.0,1.0,7.0,1.0,2.0,1.0,2.0,6.0,5.0,2.0,7.0,13.0,10.0,18.0,51.0,28.0,74.0,6.0,140.0,4.0,9.0,4.0,90.0,5.0,5.0,1.0,10.0,0.0,7.0,5.0,32.0,3.0,8.0,4.0,10.0,0.0,3.0,1.0,10.0,4.0,3.0,1.0,13.0,2.0,9.0,8.0,57.0,38.0,69.0,11.0,118.0,3.0,8.0,3.0,40.0,3.0,6.0,1.0,15.0,7.0,9.0,8.0,66.0,29.0,62.0,10.0,31.0,3.0,12.0,5.0,41.0,37.0,21.0,6.0,40.0,24.0,50.0,36.0,835.0,1.7235148222510928,0.06436948522968079,0.7983667382052168,0.8788494736795318,3.1213836796045276,26.728938082361697,3.559716176733648,0.04837261406525207,0.7059287517239211,0.7529277371954544,3.3875445439408125,25.255466364008925,nv
125.0,12.0,80.0,12.0,14.0,1.0,19.0,19.0,8.0,2.0,6.0,2.0,15.0,2.0,61.0,81.0,27.0,3.0,9.0,2.0,8.0,0.0,3.0,1.0,28.0,2.0,10.0,4.0,70.0,4.0,145.0,74.0,90.0,9.0,37.0,6.0,6.0,1.0,7.0,3.0,7.0,0.0,0.0,1.0,13.0,1.0,6.0,2.0,44.0,3.0,7.0,2.0,8.0,0.0,4.0,0.0,67.0,7.0,10.0,2.0,242.0,16.0,130.0,39.0,21.0,2.0,12.0,4.0,4.0,1.0,4.0,1.0,1.0,0.0,0.0,0.0,1.0,0.0,3.0,1.0,3.0,0.0,2.0,0.0,1.0,0.0,0.0,0.0,2.0,0.0,2.0,1.0,7.0,0.0,6.0,6.0,23.0,4.0,7.0,5.0,3.0,0.0,4.0,2.0,4.0,1.0,0.0,0.0,5.0,0.0,7.0,2.0,25.0,2.0,8.0,5.0,1.0,0.0,5.0,0.0,51.0,2.0,3.0,3.0,117.0,7.0,60.0,27.0,11.0,15.0,5.0,28.0,2.0,2.0,3.0,36.0,3.0,2.0,0.0,4.0,0.0,4.0,2.0,35.0,0.0,1.0,0.0,6.0,0.0,0.0,0.0,1.0,1.0,3.0,0.0,2.0,2.0,4.0,7.0,34.0,2.0,9.0,2.0,5.0,0.0,1.0,0.0,5.0,0.0,3.0,2.0,0.0,0.0,1.0,1.0,3.0,4.0,3.0,1.0,4.0,0.0,0.0,0.0,1.0,2.0,6.0,0.0,5.0,11.0,8.0,8.0,28.0,19.0,79.0,11.0,213.0,0.0,6.0,4.0,50.0,0.0,5.0,0.0,3.0,5.0,6.0,1.0,37.0,1.0,3.0,3.0,12.0,2.0,0.0,1.0,4.0,5.0,5.0,2.0,9.0,6.0,5.0,7.0,63.0,51.0,193.0,14.0,179.0,4.0,9.0,5.0,33.0,7.0,6.0,1.0,8.0,1.0,6.0,6.0,30.0,41.0,70.0,7.0,42.0,2.0,2.0,4.0,27.0,51.0,50.0,8.0,36.0,63.0,82.0,36.0,1128.0,1.6344688954718583,0.08430281505422232,0.8560893710812171,0.8806487258331521,2.8052037266462233,25.754746793787497,3.309666937449228,0.062468202479658494,0.7599787417907921,0.7486179259099296,3.10843842197609,23.02209875769243,nv
263.0,34.0,75.0,49.0,29.0,7.0,50.0,82.0,28.0,6.0,15.0,13.0,30.0,6.0,89.0,113.0,47.0,11.0,10.0,8.0,6.0,3.0,9.0,6.0,36.0,6.0,19.0,10.0,87.0,9.0,182.0,115.0,78.0,21.0,22.0,8.0,14.0,1.0,4.0,6.0,6.0,1.0,3.0,1.0,21.0,4.0,10.0,5.0,62.0,4.0,9.0,4.0,10.0,3.0,1.0,4.0,84.0,9.0,20.0,8.0,193.0,13.0,121.0,54.0,50.0,9.0,9.0,6.0,11.0,2.0,7.0,4.0,8.0,1.0,2.0,0.0,5.0,2.0,7.0,4.0,8.0,2.0,2.0,0.0,4.0,0.0,1.0,1.0,8.0,1.0,1.0,3.0,13.0,2.0,11.0,16.0,28.0,6.0,7.0,2.0,4.0,0.0,4.0,2.0,7.0,4.0,0.0,4.0,11.0,0.0,7.0,5.0,82.0,8.0,5.0,4.0,6.0,0.0,2.0,3.0,105.0,5.0,12.0,8.0,98.0,10.0,59.0,42.0,32.0,35.0,13.0,71.0,7.0,7.0,12.0,83.0,7.0,6.0,2.0,7.0,7.0,1.0,9.0,90.0,9.0,5.0,0.0,10.0,0.0,0.0,3.0,8.0,6.0,4.0,2.0,6.0,7.0,5.0,15.0,61.0,11.0,16.0,6.0,8.0,2.0,1.0,2.0,7.0,1.0,3.0,1.0,1.0,4.0,1.0,2.0,20.0,6.0,14.0,3.0,3.0,2.0,2.0,2.0,11.0,9.0,8.0,1.0,3.0,9.0,11.0,11.0,53.0,29.0,91.0,13.0,151.0,8.0,5.0,11.0,91.0,3.0,6.0,1.0,10.0,4.0,6.0,11.0,71.0,6.0,4.0,0.0,10.0,1.0,0.0,6.0,10.0,6.0,4.0,3.0,10.0,8.0,12.0,10.0,77.0,84.0,173.0,9.0,114.0,5.0,15.0,8.0,59.0,9.0,7.0,3.0,17.0,12.0,10.0,9.0,53.0,107.0,94.0,4.0,54.0,10.0,12.0,8.0,41.0,95.0,60.0,17.0,53.0,76.0,80.0,69.0,912.0,1.368450235652897,0.07518591481386083,0.7863106323833289,0.8896299252835147,3.0863455531060726,23.429036568050428,2.8049393552505575,0.06106006510342778,0.678712656627736,0.7688350794132688,3.3626763738103818,21.46292402238651,nv
362.0,47.0,37.0,38.0,34.0,9.0,18.0,45.0,47.0,9.0,14.0,17.0,25.0,2.0,59.0,96.0,52.0,12.0,10.0,8.0,15.0,2.0,7.0,7.0,33.0,10.0,17.0,10.0,60.0,12.0,169.0,108.0,36.0,6.0,17.0,7.0,8.0,1.0,4.0,4.0,7.0,1.0,1.0,2.0,11.0,1.0,8.0,11.0,31.0,6.0,15.0,3.0,6.0,1.0,7.0,3.0,42.0,5.0,15.0,6.0,90.0,5.0,103.0,55.0,42.0,10.0,10.0,8.0,9.0,4.0,6.0,7.0,3.0,2.0,4.0,1.0,6.0,2.0,9.0,16.0,13.0,3.0,0.0,5.0,4.0,2.0,2.0,5.0,8.0,4.0,2.0,2.0,7.0,4.0,25.0,13.0,27.0,8.0,7.0,2.0,4.0,1.0,3.0,5.0,11.0,2.0,5.0,1.0,4.0,3.0,6.0,7.0,78.0,8.0,6.0,3.0,15.0,6.0,3.0,6.0,74.0,9.0,6.0,9.0,57.0,13.0,46.0,51.0,36.0,29.0,6.0,62.0,7.0,11.0,7.0,78.0,11.0,8.0,5.0,5.0,5.0,3.0,10.0,81.0,14.0,10.0,2.0,7.0,1.0,6.0,2.0,8.0,4.0,1.0,0.0,4.0,11.0,4.0,18.0,44.0,13.0,12.0,2.0,15.0,2.0,6.0,1.0,10.0,4.0,2.0,1.0,5.0,2.0,4.0,7.0,17.0,14.0,8.0,2.0,7.0,2.0,2.0,5.0,7.0,13.0,4.0,3.0,8.0,11.0,5.0,24.0,54.0,29.0,66.0,12.0,106.0,5.0,14.0,3.0,83.0,2.0,7.0,5.0,10.0,2.0,5.0,6.0,56.0,12.0,11.0,1.0,7.0,2.0,3.0,0.0,12.0,5.0,5.0,3.0,6.0,2.0,8.0,10.0,45.0,79.0,162.0,9.0,103.0,10.0,16.0,7.0,54.0,11.0,14.0,6.0,17.0,5.0,6.0,5.0,75.0,146.0,139.0,20.0,34.0,23.0,17.0,14.0,55.0,96.0,60.0,27.0,77.0,57.0,53.0,71.0,1129.0,1.83758106489322,0.06524701884021702,0.7641688047145817,0.8566788562264004,3.2137938704601052,23.805265712774037,3.347902243723412,0.05307914650764789,0.6597907949666013,0.7331167400898487,3.4581620636717694,21.740986769776537,nv
217.0,17.0,70.0,44.0,24.0,2.0,58.0,83.0,38.0,4.0,8.0,5.0,47.0,4.0,100.0,126.0,13.0,2.0,6.0,6.0,2.0,1.0,11.0,6.0,23.0,4.0,10.0,11.0,101.0,9.0,178.0,95.0,64.0,9.0,16.0,6.0,13.0,1.0,8.0,9.0,15.0,1.0,0.0,0.0,20.0,0.0,15.0,6.0,38.0,6.0,13.0,1.0,3.0,2.0,8.0,6.0,113.0,9.0,6.0,6.0,303.0,13.0,161.0,78.0,39.0,3.0,7.0,5.0,7.0,0.0,7.0,9.0,11.0,0.0,0.0,0.0,1.0,0.0,8.0,3.0,6.0,1.0,0.0,0.0,0.0,0.0,0.0,0.0,4.0,1.0,0.0,0.0,3.0,2.0,5.0,8.0,68.0,3.0,11.0,11.0,4.0,1.0,3.0,6.0,14.0,2.0,0.0,0.0,20.0,0.0,6.0,3.0,87.0,3.0,5.0,3.0,3.0,0.0,3.0,4.0,153.0,4.0,11.0,6.0,172.0,8.0,66.0,31.0,42.0,35.0,15.0,142.0,11.0,9.0,16.0,270.0,6.0,4.0,2.0,4.0,7.0,4.0,7.0,134.0,3.0,5.0,0.0,11.0,0.0,1.0,1.0,7.0,4.0,3.0,0.0,5.0,3.0,6.0,5.0,87.0,4.0,9.0,3.0,8.0,0.0,1.0,0.0,8.0,1.0,1.0,0.0,0.0,1.0,0.0,0.0,7.0,8.0,8.0,1.0,7.0,1.0,2.0,0.0,2.0,3.0,9.0,1.0,7.0,6.0,4.0,7.0,64.0,48.0,85.0,18.0,293.0,3.0,0.0,20.0,190.0,4.0,4.0,2.0,9.0,8.0,4.0,2.0,83.0,6.0,10.0,1.0,5.0,0.0,1.0,1.0,9.0,7.0,5.0,1.0,10.0,1.0,7.0,6.0,90.0,109.0,177.0,16.0,164.0,1.0,8.0,4.0,78.0,7.0,5.0,1.0,6.0,5.0,1.0,3.0,45.0,138.0,128.0,12.0,74.0,4.0,5.0,4.0,44.0,114.0,82.0,4.0,66.0,73.0,83.0,27.0,1278.0,1.6059547058621986,0.08018919248799418,0.8166671188346739,0.8732361267628618,2.987710363784256,23.73178016845684,3.01434610853143,0.06287915796631309,0.7022489312700215,0.756751249232775,3.2910327156472805,21.769716288697342,nv
54.0,6.0,29.0,8.0,4.0,1.0,13.0,13.0,6.0,1.0,3.0,1.0,10.0,3.0,23.0,19.0,7.0,2.0,4.0,0.0,2.0,0.0,2.0,1.0,8.0,0.0,3.0,4.0,20.0,2.0,95.0,45.0,28.0,3.0,10.0,1.0,3.0,0.0,2.0,1.0,1.0,0.0,3.0,0.0,5.0,1.0,3.0,1.0,17.0,2.0,1.0,2.0,1.0,0.0,2.0,0.0,31.0,0.0,3.0,2.0,97.0,2.0,68.0,19.0,11.0,0.0,4.0,2.0,0.0,0.0,3.0,0.0,1.0,1.0,1.0,0.0,0.0,0.0,1.0,0.0,1.0,0.0,0.0,1.0,0.0,0.0,0.0,0.0,1.0,0.0,1.0,0.0,4.0,0.0,0.0,1.0,13.0,3.0,5.0,2.0,0.0,1.0,1.0,0.0,1.0,0.0,0.0,0.0,3.0,0.0,0.0,0.0,19.0,3.0,2.0,0.0,0.0,0.0,0.0,0.0,31.0,0.0,2.0,0.0,49.0,2.0,18.0,2.0,9.0,7.0,3.0,20.0,3.0,1.0,4.0,40.0,0.0,1.0,0.0,2.0,0.0,2.0,1.0,43.0,0.0,0.0,0.0,1.0,0.0,0.0,0.0,0.0,1.0,1.0,0.0,0.0,0.0,2.0,6.0,18.0,1.0,3.0,0.0,2.0,0.0,0.0,0.0,4.0,0.0,1.0,0.0,0.0,0.0,1.0,0.0,0.0,1.0,1.0,0.0,1.0,0.0,0.0,0.0,1.0,3.0,0.0,0.0,1.0,0.0,4.0,7.0,13.0,9.0,17.0,8.0,58.0,0.0,1.0,2.0,43.0,0.0,3.0,1.0,2.0,1.0,0.0,1.0,15.0,3.0,2.0,0.0,2.0,0.0,0.0,0.0,0.0,0.0,0.0,2.0,2.0,3.0,2.0,1.0,16.0,40.0,71.0,6.0,59.0,1.0,3.0,2.0,13.0,1.0,0.0,0.0,0.0,4.0,3.0,2.0,8.0,31.0,40.0,3.0,24.0,1.0,0.0,1.0,4.0,27.0,37.0,4.0,13.0,22.0,35.0,15.0,336.0,2.154580405674134,0.09911670152419162,0.8560659178031242,0.8026624623225234,2.5912516490206645,19.681917921324608,4.530131826741998,0.06775295635400147,0.7437636977449679,0.5983342678707212,2.903636045374813,18.026593651068698,nv
60.0,8.0,21.0,13.0,11.0,1.0,9.0,18.0,3.0,2.0,0.0,1.0,7.0,0.0,46.0,52.0,10.0,0.0,4.0,1.0,0.0,0.0,0.0,3.0,9.0,0.0,2.0,4.0,21.0,3.0,107.0,54.0,18.0,2.0,13.0,3.0,3.0,1.0,7.0,0.0,2.0,0.0,1.0,1.0,4.0,0.0,3.0,0.0,11.0,1.0,3.0,1.0,0.0,0.0,0.0,0.0,18.0,1.0,3.0,2.0,73.0,1.0,50.0,19.0,6.0,4.0,4.0,1.0,1.0,0.0,1.0,1.0,3.0,0.0,1.0,1.0,2.0,0.0,2.0,1.0,2.0,0.0,1.0,1.0,0.0,1.0,0.0,0.0,0.0,0.0,0.0,0.0,1.0,0.0,4.0,0.0,8.0,6.0,2.0,0.0,0.0,0.0,0.0,0.0,3.0,0.0,0.0,0.0,3.0,1.0,0.0,1.0,15.0,1.0,1.0,0.0,1.0,0.0,1.0,0.0,43.0,1.0,0.0,0.0,33.0,1.0,15.0,4.0,12.0,13.0,2.0,23.0,0.0,0.0,0.0,47.0,2.0,2.0,1.0,2.0,0.0,1.0,0.0,31.0,0.0,1.0,1.0,0.0,0.0,0.0,1.0,1.0,1.0,0.0,1.0,2.0,1.0,1.0,2.0,28.0,0.0,3.0,0.0,5.0,0.0,1.0,1.0,2.0,0.0,1.0,0.0,1.0,0.0,0.0,0.0,1.0,1.0,4.0,0.0,1.0,0.0,0.0,1.0,1.0,2.0,0.0,2.0,0.0,0.0,3.0,2.0,13.0,3.0,24.0,3.0,88.0,0.0,2.0,0.0,56.0,1.0,0.0,0.0,2.0,0.0,1.0,1.0,22.0,0.0,0.0,0.0,1.0,0.0,0.0,0.0,1.0,2.0,1.0,0.0,0.0,1.0,1.0,0.0,31.0,31.0,128.0,7.0,74.0,0.0,1.0,1.0,13.0,0.0,0.0,1.0,0.0,2.0,1.0,1.0,14.0,49.0,64.0,0.0,12.0,1.0,1.0,1.0,7.0,36.0,19.0,2.0,11.0,19.0,17.0,14.0,501.0,4.003129513721714,0.0898889460744486,0.8527079745370029,0.8057310478565924,2.67484569085876,37.20911227328962,7.533056843132472,0.06237282241350196,0.7387883305841022,0.6378841120956174,2.979512142774596,34.07272238255887,nv
173.0,17.0,13.0,10.0,14.0,8.0,4.0,27.0,13.0,2.0,3.0,9.0,8.0,5.0,12.0,50.0,17.0,3.0,1.0,1.0,9.0,5.0,5.0,8.0,8.0,0.0,2.0,2.0,15.0,5.0,12.0,37.0,12.0,4.0,1.0,1.0,3.0,0.0,4.0,2.0,1.0,0.0,1.0,1.0,4.0,0.0,3.0,7.0,7.0,1.0,0.0,0.0,5.0,2.0,4.0,0.0,18.0,0.0,2.0,4.0,19.0,2.0,21.0,24.0,17.0,6.0,3.0,5.0,4.0,2.0,2.0,6.0,4.0,2.0,2.0,3.0,3.0,0.0,2.0,8.0,9.0,2.0,0.0,2.0,1.0,3.0,0.0,1.0,1.0,0.0,0.0,1.0,4.0,2.0,2.0,7.0,10.0,8.0,0.0,2.0,1.0,1.0,0.0,4.0,6.0,1.0,1.0,0.0,2.0,0.0,3.0,3.0,27.0,8.0,3.0,2.0,2.0,0.0,2.0,2.0,36.0,6.0,8.0,6.0,29.0,3.0,13.0,14.0,20.0,14.0,1.0,22.0,3.0,2.0,2.0,32.0,8.0,5.0,2.0,5.0,2.0,2.0,3.0,57.0,5.0,2.0,1.0,3.0,2.0,1.0,1.0,7.0,3.0,0.0,0.0,0.0,3.0,0.0,3.0,21.0,2.0,4.0,0.0,2.0,0.0,1.0,0.0,8.0,3.0,0.0,1.0,1.0,0.0,0.0,3.0,24.0,2.0,3.0,1.0,2.0,0.0,2.0,3.0,6.0,6.0,1.0,0.0,1.0,5.0,1.0,19.0,27.0,12.0,13.0,4.0,17.0,3.0,4.0,4.0,19.0,8.0,1.0,1.0,6.0,1.0,0.0,3.0,28.0,6.0,2.0,0.0,3.0,1.0,1.0,0.0,7.0,1.0,1.0,2.0,2.0,3.0,0.0,0.0,15.0,17.0,27.0,5.0,25.0,4.0,8.0,1.0,19.0,6.0,9.0,1.0,13.0,2.0,2.0,4.0,29.0,44.0,28.0,6.0,19.0,4.0,6.0,5.0,18.0,40.0,26.0,15.0,37.0,21.0,11.0,24.0,603.0,3.8857048385319075,0.07867986873410984,0.7761573843099325,0.7428427805041241,3.0079895056248276,26.334755984223335,6.29983212087297,0.05756063267351814,0.6895063047050989,0.5790051536396968,3.2674056209899955,23.62847781136476,nv
603.0,103.0,177.0,66.0,109.0,12.0,62.0,49.0,83.0,8.0,20.0,11.0,82.0,15.0,95.0,45.0,101.0,19.0,21.0,17.0,24.0,4.0,25.0,15.0,80.0,10.0,33.0,17.0,119.0,15.0,162.0,78.0,143.0,26.0,35.0,18.0,44.0,7.0,27.0,18.0,28.0,7.0,8.0,8.0,39.0,12.0,35.0,7.0,67.0,22.0,26.0,13.0,19.0,3.0,24.0,12.0,85.0,18.0,28.0,24.0,195.0,36.0,198.0,112.0,103.0,23.0,17.0,23.0,10.0,5.0,20.0,9.0,23.0,6.0,1.0,6.0,12.0,4.0,15.0,13.0,23.0,5.0,12.0,12.0,4.0,1.0,7.0,3.0,17.0,4.0,8.0,6.0,16.0,5.0,39.0,25.0,78.0,25.0,21.0,18.0,4.0,6.0,10.0,15.0,16.0,10.0,5.0,6.0,14.0,6.0,18.0,21.0,57.0,15.0,22.0,11.0,13.0,7.0,10.0,10.0,70.0,11.0,28.0,20.0,75.0,17.0,104.0,106.0,83.0,70.0,24.0,93.0,11.0,11.0,15.0,36.0,17.0,9.0,5.0,13.0,9.0,17.0,11.0,55.0,12.0,15.0,2.0,12.0,4.0,7.0,2.0,17.0,6.0,7.0,4.0,16.0,12.0,20.0,24.0,74.0,25.0,28.0,4.0,23.0,4.0,10.0,5.0,21.0,6.0,6.0,5.0,5.0,4.0,5.0,7.0,22.0,19.0,17.0,5.0,20.0,6.0,4.0,5.0,12.0,13.0,15.0,6.0,16.0,34.0,32.0,27.0,118.0,81.0,100.0,38.0,167.0,5.0,23.0,13.0,87.0,12.0,13.0,8.0,22.0,8.0,22.0,12.0,86.0,15.0,16.0,12.0,29.0,4.0,5.0,5.0,26.0,16.0,11.0,15.0,31.0,20.0,35.0,32.0,206.0,79.0,147.0,29.0,166.0,15.0,28.0,15.0,107.0,13.0,24.0,5.0,24.0,20.0,31.0,17.0,111.0,64.0,66.0,18.0,114.0,18.0,26.0,15.0,95.0,61.0,95.0,25.0,128.0,100.0,215.0,127.0,1651.0,1.7440867437508996,0.09189001907874138,0.8441555493954673,0.8321208265397505,2.7178402226613496,19.033794250092157,3.2034266409266414,0.07641648424572531,0.7899374656407583,0.7053228705629024,2.881751090050039,18.538516122299907,nv
896.0,119.0,111.0,60.0,124.0,29.0,60.0,47.0,95.0,24.0,32.0,25.0,71.0,15.0,41.0,34.0,104.0,21.0,29.0,18.0,25.0,8.0,21.0,15.0,56.0,14.0,31.0,14.0,61.0,21.0,79.0,53.0,110.0,30.0,40.0,28.0,38.0,20.0,19.0,25.0,38.0,10.0,14.0,11.0,39.0,16.0,25.0,19.0,55.0,16.0,20.0,13.0,26.0,5.0,23.0,20.0,47.0,20.0,31.0,11.0,78.0,30.0,110.0,86.0,106.0,33.0,37.0,27.0,25.0,6.0,12.0,16.0,13.0,12.0,8.0,7.0,6.0,9.0,14.0,12.0,27.0,14.0,4.0,4.0,5.0,3.0,6.0,7.0,15.0,10.0,21.0,12.0,16.0,17.0,34.0,32.0,53.0,27.0,22.0,23.0,13.0,10.0,13.0,17.0,19.0,5.0,6.0,8.0,22.0,9.0,20.0,27.0,35.0,14.0,18.0,14.0,16.0,10.0,18.0,24.0,27.0,15.0,20.0,16.0,51.0,32.0,77.0,110.0,105.0,65.0,40.0,70.0,21.0,15.0,21.0,50.0,23.0,6.0,12.0,18.0,11.0,13.0,11.0,48.0,23.0,7.0,8.0,17.0,11.0,9.0,16.0,15.0,12.0,13.0,7.0,20.0,16.0,18.0,26.0,72.0,34.0,30.0,16.0,27.0,5.0,12.0,7.0,14.0,11.0,6.0,7.0,12.0,8.0,19.0,7.0,25.0,21.0,19.0,6.0,24.0,8.0,10.0,5.0,31.0,12.0,19.0,16.0,29.0,26.0,43.0,50.0,153.0,70.0,81.0,39.0,107.0,8.0,25.0,16.0,53.0,11.0,11.0,5.0,39.0,7.0,20.0,13.0,85.0,22.0,29.0,17.0,34.0,13.0,13.0,7.0,39.0,22.0,14.0,13.0,33.0,17.0,37.0,38.0,200.0,65.0,100.0,31.0,130.0,14.0,41.0,15.0,94.0,16.0,21.0,11.0,44.0,14.0,36.0,27.0,145.0,26.0,56.0,20.0,76.0,21.0,28.0,31.0,128.0,34.0,62.0,32.0,151.0,72.0,163.0,140.0,1714.0,2.24081094049904,0.08902499702974129,0.7843875219451497,0.7723946989555142,2.8619053972801836,17.449512002032666,3.6755165089785686,0.0778450261997213,0.7444432194093616,0.6468802298202918,2.9797033855249717,17.14187645153476,nv
862.0,89.0,128.0,60.0,102.0,29.0,66.0,33.0,88.0,23.0,28.0,14.0,66.0,18.0,64.0,42.0,121.0,29.0,37.0,24.0,47.0,10.0,27.0,21.0,72.0,14.0,19.0,12.0,107.0,29.0,91.0,65.0,125.0,31.0,30.0,24.0,38.0,12.0,16.0,12.0,27.0,15.0,15.0,10.0,40.0,7.0,38.0,15.0,68.0,16.0,24.0,8.0,25.0,8.0,25.0,5.0,57.0,13.0,29.0,33.0,105.0,32.0,150.0,94.0,104.0,28.0,28.0,21.0,17.0,6.0,11.0,10.0,29.0,9.0,9.0,9.0,20.0,7.0,14.0,14.0,24.0,11.0,13.0,6.0,10.0,2.0,10.0,4.0,19.0,7.0,9.0,10.0,16.0,10.0,34.0,39.0,64.0,30.0,16.0,22.0,15.0,13.0,16.0,11.0,13.0,13.0,17.0,8.0,21.0,5.0,19.0,27.0,38.0,18.0,17.0,17.0,17.0,7.0,18.0,16.0,52.0,12.0,24.0,26.0,55.0,35.0,94.0,97.0,90.0,64.0,32.0,56.0,20.0,18.0,24.0,32.0,16.0,13.0,3.0,16.0,13.0,11.0,14.0,29.0,14.0,24.0,4.0,15.0,10.0,10.0,11.0,14.0,16.0,7.0,11.0,13.0,14.0,18.0,25.0,80.0,28.0,30.0,16.0,22.0,9.0,6.0,8.0,23.0,7.0,8.0,5.0,6.0,10.0,12.0,15.0,35.0,24.0,13.0,11.0,20.0,13.0,4.0,6.0,22.0,14.0,14.0,10.0,21.0,40.0,27.0,52.0,123.0,58.0,93.0,31.0,107.0,5.0,29.0,11.0,50.0,16.0,15.0,12.0,27.0,11.0,21.0,12.0,79.0,22.0,29.0,10.0,25.0,9.0,10.0,11.0,33.0,10.0,14.0,9.0,39.0,20.0,35.0,38.0,186.0,49.0,97.0,23.0,130.0,20.0,28.0,10.0,89.0,10.0,27.0,12.0,50.0,19.0,27.0,25.0,141.0,47.0,45.0,21.0,84.0,14.0,33.0,23.0,99.0,47.0,82.0,42.0,159.0,76.0,172.0,155.0,1695.0,2.129419949143598,0.07774714808392813,0.7941526507580075,0.8012536519947202,2.98486255070827,19.299099070355883,3.60907335907336,0.0660436982784805,0.7469911932585582,0.677974698076628,3.1184886100142326,18.805770055511246,nv
975.0,153.0,267.0,191.0,153.0,44.0,189.0,139.0,174.0,19.0,52.0,39.0,148.0,27.0,220.0,209.0,158.0,30.0,35.0,28.0,40.0,7.0,22.0,22.0,128.0,26.0,64.0,33.0,198.0,27.0,315.0,215.0,203.0,37.0,58.0,39.0,52.0,10.0,27.0,28.0,41.0,7.0,8.0,7.0,52.0,11.0,47.0,36.0,154.0,26.0,30.0,18.0,29.0,5.0,19.0,16.0,197.0,39.0,52.0,30.0,327.0,58.0,299.0,223.0,147.0,50.0,41.0,26.0,26.0,8.0,34.0,24.0,23.0,6.0,9.0,9.0,23.0,8.0,31.0,48.0,22.0,9.0,3.0,5.0,5.0,3.0,6.0,6.0,26.0,3.0,17.0,7.0,38.0,13.0,67.0,39.0,159.0,38.0,33.0,16.0,22.0,6.0,14.0,18.0,33.0,4.0,8.0,7.0,26.0,8.0,32.0,42.0,131.0,13.0,17.0,19.0,29.0,4.0,20.0,22.0,205.0,38.0,35.0,28.0,245.0,55.0,177.0,165.0,146.0,145.0,40.0,218.0,28.0,29.0,37.0,161.0,21.0,13.0,5.0,31.0,16.0,17.0,26.0,171.0,17.0,25.0,9.0,37.0,7.0,4.0,14.0,33.0,29.0,17.0,7.0,31.0,15.0,29.0,50.0,216.0,40.0,60.0,12.0,57.0,8.0,11.0,3.0,39.0,5.0,12.0,0.0,12.0,13.0,10.0,7.0,45.0,26.0,29.0,3.0,25.0,9.0,7.0,7.0,39.0,31.0,34.0,11.0,40.0,36.0,40.0,53.0,212.0,126.0,181.0,55.0,345.0,21.0,42.0,34.0,254.0,15.0,19.0,6.0,22.0,15.0,25.0,29.0,210.0,34.0,27.0,12.0,52.0,1.0,6.0,12.0,42.0,25.0,18.0,9.0,40.0,14.0,28.0,57.0,368.0,220.0,309.0,43.0,289.0,38.0,49.0,35.0,197.0,26.0,42.0,6.0,47.0,33.0,61.0,30.0,194.0,184.0,223.0,28.0,178.0,45.0,30.0,47.0,150.0,163.0,211.0,46.0,195.0,177.0,335.0,183.0,2435.0,1.466624676875435,0.06844217320275747,0.7847624513294598,0.868882503707113,3.182836331150516,20.904526669689727,2.6977210117705974,0.053267078343914774,0.7092096512987498,0.7681263907225951,3.428638458731309,20.57117121082938,mel
986.0,148.0,254.0,196.0,180.0,35.0,182.0,125.0,178.0,24.0,58.0,47.0,138.0,28.0,203.0,196.0,167.0,33.0,36.0,23.0,32.0,8.0,29.0,26.0,133.0,23.0,70.0,29.0,196.0,30.0,296.0,218.0,211.0,48.0,44.0,46.0,46.0,17.0,36.0,30.0,42.0,5.0,12.0,3.0,66.0,10.0,56.0,42.0,144.0,30.0,34.0,14.0,30.0,6.0,18.0,21.0,200.0,40.0,43.0,42.0,317.0,52.0,276.0,205.0,139.0,43.0,41.0,25.0,25.0,12.0,30.0,28.0,23.0,7.0,9.0,7.0,25.0,8.0,39.0,47.0,26.0,6.0,12.0,6.0,9.0,5.0,8.0,6.0,31.0,4.0,16.0,7.0,39.0,9.0,67.0,45.0,160.0,41.0,33.0,21.0,25.0,3.0,21.0,21.0,36.0,4.0,10.0,11.0,32.0,10.0,31.0,38.0,115.0,19.0,16.0,16.0,24.0,8.0,20.0,20.0,194.0,29.0,38.0,30.0,237.0,58.0,186.0,163.0,141.0,143.0,41.0,215.0,27.0,24.0,31.0,149.0,26.0,22.0,8.0,31.0,14.0,22.0,32.0,163.0,22.0,24.0,6.0,35.0,4.0,3.0,11.0,29.0,22.0,20.0,8.0,30.0,15.0,24.0,43.0,216.0,52.0,52.0,5.0,50.0,12.0,9.0,7.0,32.0,9.0,10.0,4.0,11.0,13.0,17.0,11.0,66.0,33.0,24.0,5.0,36.0,9.0,10.0,7.0,29.0,32.0,28.0,8.0,34.0,33.0,45.0,51.0,211.0,125.0,174.0,56.0,351.0,26.0,40.0,31.0,243.0,17.0,16.0,9.0,24.0,6.0,26.0,29.0,226.0,30.0,31.0,12.0,51.0,1.0,10.0,10.0,41.0,16.0,17.0,8.0,49.0,17.0,34.0,57.0,348.0,224.0,299.0,47.0,276.0,32.0,44.0,33.0,202.0,23.0,32.0,6.0,49.0,35.0,62.0,28.0,190.0,173.0,223.0,40.0,176.0,34.0,32.0,50.0,157.0,158.0,202.0,41.0,182.0,181.0,334.0,195.0,2522.0,1.3088742799406894,0.06873486296154575,0.7874554751259448,0.87150981424378,3.162186695714336,19.06426585115028,2.3668261562998403,0.05348497448901598,0.7131983892059656,0.7757963655293258,3.405230974855662,18.74635661513668,mel
741.0,86.0,152.0,157.0,80.0,17.0,152.0,177.0,153.0,16.0,35.0,27.0,149.0,14.0,253.0,237.0,124.0,14.0,27.0,16.0,18.0,4.0,17.0,14.0,155.0,24.0,37.0,28.0,177.0,10.0,372.0,288.0,181.0,28.0,25.0,21.0,26.0,2.0,17.0,13.0,36.0,8.0,5.0,2.0,29.0,1.0,22.0,18.0,165.0,26.0,25.0,27.0,16.0,3.0,15.0,15.0,294.0,39.0,32.0,32.0,342.0,35.0,297.0,195.0,87.0,23.0,26.0,18.0,15.0,3.0,29.0,15.0,22.0,3.0,3.0,4.0,30.0,3.0,28.0,23.0,21.0,2.0,3.0,3.0,4.0,0.0,7.0,5.0,27.0,3.0,1.0,3.0,30.0,0.0,40.0,25.0,154.0,24.0,25.0,17.0,26.0,2.0,17.0,13.0,29.0,1.0,4.0,1.0,29.0,2.0,25.0,27.0,169.0,30.0,20.0,28.0,24.0,4.0,14.0,37.0,324.0,25.0,28.0,23.0,328.0,30.0,220.0,184.0,148.0,130.0,25.0,248.0,18.0,12.0,34.0,293.0,29.0,19.0,4.0,23.0,21.0,18.0,34.0,237.0,19.0,18.0,1.0,33.0,1.0,3.0,1.0,34.0,16.0,15.0,5.0,19.0,11.0,7.0,29.0,226.0,36.0,38.0,5.0,32.0,2.0,2.0,5.0,25.0,7.0,6.0,1.0,6.0,3.0,6.0,5.0,29.0,38.0,25.0,2.0,35.0,7.0,3.0,7.0,25.0,31.0,25.0,0.0,35.0,29.0,25.0,29.0,145.0,162.0,173.0,42.0,359.0,22.0,16.0,26.0,313.0,17.0,15.0,5.0,26.0,19.0,18.0,27.0,198.0,19.0,8.0,6.0,38.0,2.0,2.0,3.0,39.0,16.0,17.0,2.0,28.0,15.0,17.0,29.0,267.0,275.0,399.0,40.0,293.0,26.0,35.0,22.0,200.0,31.0,27.0,5.0,20.0,32.0,21.0,25.0,165.0,274.0,292.0,25.0,228.0,31.0,27.0,26.0,174.0,262.0,235.0,40.0,135.0,219.0,255.0,164.0,2720.0,1.6183167226474315,0.07524863328065448,0.8185286879200591,0.8835551180565249,3.063289281701519,26.17709507454935,2.9293869859217394,0.05666327810795735,0.7340838794079434,0.7901672291716678,3.347297209312644,24.991771128301664,mel
97.0,14.0,14.0,11.0,14.0,8.0,8.0,11.0,16.0,5.0,2.0,5.0,7.0,1.0,18.0,21.0,13.0,4.0,4.0,3.0,7.0,2.0,2.0,4.0,11.0,1.0,1.0,2.0,16.0,3.0,18.0,9.0,13.0,1.0,8.0,3.0,1.0,0.0,2.0,2.0,4.0,1.0,1.0,2.0,4.0,1.0,5.0,2.0,12.0,1.0,0.0,2.0,2.0,0.0,0.0,1.0,14.0,0.0,3.0,3.0,16.0,1.0,20.0,9.0,13.0,2.0,3.0,1.0,1.0,2.0,2.0,4.0,4.0,0.0,0.0,3.0,2.0,1.0,1.0,0.0,3.0,2.0,1.0,0.0,3.0,1.0,5.0,1.0,2.0,2.0,2.0,0.0,0.0,0.0,1.0,2.0,14.0,4.0,2.0,0.0,0.0,1.0,2.0,0.0,3.0,1.0,0.0,0.0,2.0,2.0,3.0,5.0,17.0,5.0,1.0,4.0,1.0,0.0,1.0,2.0,9.0,1.0,3.0,2.0,14.0,5.0,11.0,8.0,19.0,11.0,3.0,6.0,3.0,3.0,1.0,8.0,9.0,2.0,1.0,1.0,2.0,1.0,1.0,10.0,3.0,3.0,0.0,1.0,0.0,0.0,1.0,3.0,2.0,0.0,2.0,2.0,3.0,1.0,4.0,9.0,5.0,4.0,2.0,1.0,1.0,2.0,1.0,1.0,1.0,0.0,0.0,1.0,0.0,1.0,1.0,4.0,2.0,1.0,1.0,2.0,0.0,0.0,0.0,2.0,4.0,2.0,1.0,5.0,1.0,2.0,5.0,25.0,17.0,13.0,2.0,8.0,1.0,2.0,2.0,2.0,2.0,1.0,0.0,3.0,0.0,2.0,2.0,15.0,2.0,2.0,1.0,2.0,0.0,0.0,0.0,3.0,1.0,2.0,0.0,1.0,5.0,4.0,4.0,17.0,12.0,7.0,2.0,13.0,1.0,2.0,0.0,14.0,3.0,7.0,2.0,7.0,1.0,4.0,0.0,16.0,15.0,13.0,1.0,14.0,2.0,6.0,2.0,11.0,16.0,10.0,7.0,19.0,13.0,5.0,15.0,380.0,2.8643493761140824,0.04778775486859791,0.7114123533090532,0.7561696542679325,3.2487026452605523,20.630260103393173,5.411976911976913,0.0368612167854592,0.6056678030135707,0.5491600077796934,3.502831739563974,18.59643851418743,nv
79.0,7.0,17.0,12.0,6.0,3.0,9.0,20.0,7.0,0.0,2.0,3.0,10.0,1.0,16.0,22.0,9.0,3.0,2.0,3.0,1.0,0.0,0.0,0.0,12.0,0.0,5.0,0.0,13.0,1.0,22.0,24.0,12.0,2.0,7.0,1.0,5.0,1.0,3.0,0.0,3.0,0.0,0.0,0.0,6.0,0.0,1.0,1.0,7.0,0.0,3.0,2.0,2.0,0.0,1.0,2.0,20.0,2.0,3.0,1.0,30.0,3.0,27.0,9.0,11.0,1.0,1.0,5.0,1.0,1.0,2.0,0.0,2.0,0.0,0.0,0.0,3.0,1.0,0.0,4.0,4.0,0.0,0.0,0.0,0.0,0.0,0.0,0.0,1.0,1.0,1.0,1.0,2.0,0.0,2.0,3.0,11.0,0.0,0.0,3.0,2.0,1.0,0.0,1.0,3.0,0.0,1.0,1.0,1.0,0.0,4.0,0.0,26.0,1.0,2.0,2.0,1.0,0.0,1.0,1.0,44.0,3.0,0.0,1.0,28.0,4.0,9.0,8.0,17.0,7.0,3.0,17.0,2.0,0.0,6.0,31.0,5.0,1.0,0.0,0.0,0.0,0.0,0.0,22.0,3.0,5.0,1.0,1.0,0.0,0.0,0.0,1.0,2.0,3.0,0.0,0.0,4.0,1.0,2.0,15.0,4.0,4.0,0.0,2.0,0.0,0.0,0.0,3.0,2.0,0.0,0.0,1.0,0.0,0.0,2.0,4.0,2.0,7.0,0.0,0.0,0.0,0.0,1.0,2.0,0.0,3.0,0.0,1.0,1.0,2.0,5.0,15.0,15.0,14.0,2.0,28.0,3.0,3.0,3.0,17.0,3.0,1.0,0.0,4.0,0.0,0.0,2.0,16.0,1.0,2.0,0.0,5.0,0.0,0.0,0.0,3.0,0.0,5.0,0.0,0.0,0.0,2.0,0.0,13.0,19.0,38.0,2.0,27.0,0.0,6.0,2.0,9.0,3.0,2.0,0.0,2.0,1.0,1.0,1.0,21.0,25.0,24.0,2.0,17.0,0.0,3.0,0.0,11.0,27.0,18.0,3.0,6.0,10.0,7.0,8.0,526.0,2.7784891165172847,0.058100832983584184,0.753459896153129,0.7978524333319365,3.1556532745342207,24.711222110921838,5.503344754446076,0.04333523379073423,0.6254715240306098,0.5933186805871428,3.4786540463546203,21.561310009591196,nv
90.0,13.0,19.0,11.0,18.0,5.0,13.0,14.0,14.0,5.0,3.0,3.0,9.0,1.0,14.0,11.0,15.0,2.0,2.0,1.0,7.0,3.0,1.0,2.0,6.0,2.0,3.0,1.0,18.0,1.0,17.0,12.0,12.0,2.0,6.0,1.0,3.0,2.0,0.0,1.0,4.0,0.0,1.0,0.0,1.0,2.0,3.0,2.0,8.0,2.0,3.0,2.0,3.0,2.0,0.0,1.0,20.0,3.0,3.0,2.0,17.0,2.0,18.0,13.0,16.0,5.0,0.0,7.0,3.0,1.0,0.0,7.0,1.0,0.0,1.0,1.0,2.0,1.0,0.0,1.0,8.0,1.0,0.0,1.0,2.0,1.0,0.0,0.0,3.0,1.0,1.0,4.0,3.0,1.0,3.0,2.0,11.0,2.0,3.0,1.0,3.0,0.0,3.0,2.0,5.0,2.0,2.0,0.0,3.0,0.0,2.0,3.0,12.0,4.0,2.0,0.0,4.0,1.0,1.0,2.0,15.0,0.0,1.0,6.0,11.0,2.0,8.0,13.0,16.0,17.0,4.0,12.0,2.0,5.0,5.0,16.0,11.0,1.0,1.0,4.0,2.0,2.0,3.0,18.0,2.0,1.0,1.0,1.0,0.0,0.0,0.0,2.0,2.0,1.0,1.0,1.0,2.0,6.0,3.0,13.0,2.0,1.0,2.0,3.0,0.0,1.0,1.0,1.0,0.0,0.0,0.0,0.0,2.0,2.0,1.0,7.0,1.0,2.0,0.0,0.0,0.0,0.0,1.0,2.0,4.0,2.0,0.0,0.0,7.0,2.0,7.0,14.0,11.0,14.0,3.0,12.0,2.0,2.0,3.0,8.0,2.0,1.0,1.0,5.0,0.0,2.0,2.0,9.0,3.0,1.0,2.0,1.0,0.0,0.0,0.0,4.0,2.0,3.0,0.0,2.0,1.0,2.0,2.0,5.0,5.0,7.0,1.0,13.0,2.0,4.0,2.0,14.0,2.0,3.0,1.0,9.0,1.0,0.0,5.0,18.0,10.0,4.0,1.0,14.0,2.0,1.0,2.0,14.0,9.0,11.0,5.0,20.0,13.0,19.0,21.0,368.0,3.241532976827095,0.04717856450634054,0.7053572058907429,0.7564590892809129,3.2820372422339665,23.378495397510815,6.152236652236651,0.036622131826406716,0.6006617752608349,0.549367801004449,3.5323218325388694,21.152677048780944,nv
233.0,20.0,88.0,52.0,48.0,6.0,66.0,68.0,40.0,3.0,8.0,4.0,42.0,2.0,71.0,66.0,18.0,5.0,6.0,4.0,7.0,0.0,6.0,7.0,56.0,3.0,11.0,5.0,83.0,5.0,124.0,71.0,88.0,11.0,11.0,8.0,11.0,2.0,13.0,4.0,14.0,4.0,7.0,0.0,17.0,1.0,17.0,10.0,74.0,6.0,10.0,9.0,9.0,0.0,5.0,1.0,138.0,10.0,15.0,10.0,226.0,17.0,117.0,90.0,41.0,2.0,17.0,8.0,10.0,0.0,5.0,3.0,12.0,1.0,0.0,1.0,4.0,0.0,6.0,7.0,4.0,0.0,6.0,1.0,0.0,0.0,1.0,1.0,6.0,0.0,1.0,0.0,6.0,1.0,12.0,9.0,60.0,4.0,15.0,7.0,6.0,0.0,10.0,3.0,11.0,1.0,1.0,1.0,10.0,2.0,11.0,4.0,60.0,10.0,7.0,6.0,9.0,1.0,5.0,3.0,150.0,11.0,13.0,5.0,185.0,15.0,84.0,52.0,39.0,30.0,15.0,124.0,7.0,6.0,6.0,158.0,4.0,6.0,0.0,5.0,5.0,9.0,12.0,90.0,6.0,4.0,1.0,8.0,1.0,0.0,3.0,8.0,2.0,7.0,1.0,4.0,2.0,6.0,5.0,93.0,12.0,11.0,0.0,10.0,0.0,2.0,3.0,6.0,2.0,2.0,1.0,0.0,1.0,2.0,2.0,10.0,6.0,5.0,4.0,6.0,0.0,1.0,0.0,5.0,5.0,8.0,0.0,11.0,14.0,3.0,7.0,61.0,40.0,73.0,22.0,205.0,4.0,4.0,13.0,136.0,7.0,2.0,0.0,6.0,5.0,6.0,17.0,85.0,7.0,3.0,3.0,17.0,1.0,1.0,2.0,12.0,5.0,4.0,1.0,14.0,7.0,9.0,13.0,96.0,84.0,134.0,10.0,133.0,7.0,8.0,7.0,64.0,9.0,15.0,0.0,5.0,5.0,8.0,8.0,55.0,66.0,84.0,7.0,73.0,9.0,5.0,5.0,37.0,112.0,99.0,11.0,82.0,107.0,117.0,57.0,1203.0,1.6080498496540234,0.09083102101113391,0.8454569300141446,0.8383416552888221,2.761405318544185,18.28637443790133,3.0889960543621204,0.06819340801538032,0.755053535633887,0.6895097558465999,3.0317158668035775,16.80854412623035,nv
571.0,61.0,53.0,35.0,56.0,23.0,21.0,53.0,55.0,18.0,14.0,15.0,29.0,10.0,40.0,81.0,53.0,11.0,17.0,5.0,11.0,13.0,18.0,14.0,33.0,11.0,15.0,13.0,46.0,16.0,85.0,82.0,41.0,10.0,13.0,8.0,8.0,6.0,5.0,9.0,12.0,3.0,3.0,3.0,14.0,3.0,13.0,22.0,37.0,12.0,7.0,3.0,6.0,4.0,6.0,8.0,39.0,7.0,13.0,10.0,50.0,12.0,78.0,60.0,51.0,29.0,12.0,10.0,10.0,6.0,7.0,14.0,15.0,5.0,4.0,6.0,13.0,5.0,9.0,29.0,15.0,14.0,5.0,7.0,4.0,4.0,3.0,5.0,10.0,7.0,2.0,3.0,22.0,6.0,12.0,24.0,31.0,12.0,5.0,8.0,4.0,4.0,8.0,9.0,14.0,5.0,8.0,4.0,3.0,6.0,7.0,17.0,47.0,17.0,10.0,6.0,14.0,9.0,11.0,13.0,56.0,17.0,17.0,15.0,59.0,13.0,76.0,83.0,66.0,34.0,13.0,42.0,14.0,14.0,6.0,67.0,16.0,7.0,4.0,17.0,14.0,5.0,16.0,95.0,10.0,13.0,4.0,8.0,8.0,6.0,5.0,12.0,11.0,6.0,5.0,13.0,7.0,3.0,26.0,48.0,19.0,15.0,4.0,9.0,5.0,5.0,2.0,13.0,11.0,7.0,1.0,8.0,6.0,4.0,8.0,38.0,14.0,19.0,3.0,11.0,13.0,4.0,7.0,10.0,12.0,8.0,10.0,18.0,16.0,9.0,30.0,90.0,43.0,65.0,7.0,48.0,11.0,9.0,5.0,62.0,3.0,14.0,5.0,15.0,5.0,9.0,10.0,72.0,15.0,7.0,4.0,14.0,6.0,4.0,3.0,22.0,8.0,3.0,4.0,8.0,8.0,2.0,13.0,58.0,77.0,74.0,15.0,59.0,8.0,20.0,6.0,70.0,19.0,20.0,9.0,43.0,13.0,12.0,17.0,110.0,91.0,102.0,19.0,93.0,25.0,25.0,15.0,91.0,91.0,73.0,38.0,123.0,72.0,64.0,85.0,1491.0,4.7407510431154405,0.07195342346908185,0.7370165041902036,0.6113006914307985,3.1990217073609903,19.652145669595974,5.896264105978828,0.05710272012023701,0.6734442027612653,0.517032552371007,3.4177344994805003,18.52055377657228,nv
187.0,47.0,19.0,24.0,25.0,4.0,10.0,25.0,23.0,12.0,12.0,18.0,18.0,5.0,39.0,57.0,28.0,10.0,6.0,2.0,10.0,2.0,7.0,4.0,15.0,4.0,5.0,7.0,33.0,2.0,67.0,80.0,20.0,9.0,5.0,1.0,4.0,1.0,2.0,2.0,7.0,0.0,0.0,4.0,2.0,1.0,5.0,5.0,17.0,1.0,5.0,4.0,4.0,1.0,3.0,0.0,28.0,3.0,4.0,6.0,58.0,3.0,45.0,32.0,29.0,7.0,9.0,7.0,2.0,0.0,5.0,2.0,4.0,2.0,1.0,3.0,1.0,0.0,1.0,9.0,7.0,6.0,0.0,0.0,1.0,0.0,1.0,0.0,1.0,0.0,0.0,3.0,4.0,0.0,1.0,7.0,12.0,6.0,6.0,5.0,3.0,0.0,1.0,9.0,3.0,2.0,1.0,1.0,6.0,1.0,2.0,6.0,23.0,3.0,3.0,5.0,3.0,0.0,2.0,11.0,44.0,3.0,4.0,4.0,51.0,5.0,33.0,33.0,38.0,27.0,9.0,34.0,5.0,12.0,4.0,40.0,9.0,5.0,3.0,4.0,3.0,4.0,3.0,51.0,2.0,8.0,1.0,3.0,0.0,2.0,1.0,1.0,6.0,3.0,0.0,2.0,1.0,0.0,4.0,17.0,13.0,7.0,0.0,5.0,4.0,1.0,0.0,7.0,0.0,1.0,1.0,4.0,2.0,0.0,2.0,7.0,13.0,4.0,1.0,7.0,1.0,0.0,1.0,6.0,6.0,1.0,1.0,5.0,1.0,1.0,7.0,20.0,33.0,33.0,6.0,40.0,2.0,3.0,4.0,21.0,7.0,5.0,1.0,9.0,2.0,3.0,4.0,32.0,5.0,7.0,0.0,4.0,1.0,1.0,1.0,3.0,3.0,5.0,1.0,4.0,2.0,2.0,2.0,24.0,58.0,70.0,2.0,51.0,1.0,4.0,1.0,46.0,6.0,10.0,0.0,8.0,4.0,3.0,2.0,37.0,114.0,73.0,7.0,40.0,7.0,6.0,7.0,51.0,41.0,31.0,11.0,22.0,26.0,27.0,22.0,610.0,2.7148062015503887,0.05829339582957756,0.7734294999132381,0.8723537546587442,3.316031301548202,39.82159891232497,5.679555416405762,0.04354591386126693,0.668893547249681,0.7386792182711247,3.617959705355375,37.78851764560115,vasc
157.0,21.0,32.0,33.0,17.0,7.0,18.0,49.0,14.0,2.0,4.0,3.0,20.0,1.0,21.0,44.0,32.0,5.0,3.0,4.0,3.0,2.0,3.0,1.0,16.0,1.0,11.0,2.0,26.0,0.0,47.0,26.0,34.0,4.0,7.0,4.0,9.0,0.0,4.0,3.0,6.0,1.0,1.0,0.0,6.0,1.0,5.0,4.0,25.0,1.0,5.0,1.0,4.0,0.0,3.0,2.0,44.0,2.0,3.0,0.0,63.0,4.0,32.0,14.0,29.0,10.0,6.0,4.0,4.0,1.0,5.0,2.0,5.0,1.0,3.0,1.0,0.0,1.0,0.0,1.0,9.0,2.0,3.0,1.0,1.0,0.0,0.0,1.0,3.0,1.0,2.0,1.0,3.0,1.0,6.0,4.0,30.0,5.0,3.0,4.0,1.0,1.0,2.0,1.0,4.0,0.0,2.0,0.0,7.0,0.0,4.0,0.0,38.0,5.0,3.0,1.0,2.0,2.0,1.0,2.0,39.0,4.0,8.0,4.0,34.0,5.0,30.0,9.0,18.0,29.0,2.0,35.0,2.0,4.0,4.0,87.0,13.0,0.0,1.0,6.0,2.0,1.0,3.0,65.0,1.0,1.0,1.0,1.0,1.0,2.0,1.0,2.0,1.0,0.0,2.0,1.0,6.0,3.0,0.0,31.0,9.0,6.0,2.0,4.0,1.0,2.0,0.0,5.0,1.0,3.0,0.0,0.0,1.0,2.0,0.0,7.0,5.0,3.0,1.0,5.0,0.0,1.0,0.0,2.0,3.0,5.0,0.0,1.0,4.0,3.0,3.0,13.0,30.0,40.0,5.0,56.0,3.0,6.0,7.0,39.0,2.0,2.0,1.0,6.0,0.0,2.0,0.0,40.0,8.0,9.0,2.0,3.0,1.0,1.0,0.0,5.0,5.0,5.0,0.0,4.0,2.0,4.0,2.0,29.0,46.0,70.0,8.0,51.0,2.0,5.0,3.0,34.0,6.0,8.0,4.0,6.0,6.0,1.0,3.0,34.0,59.0,51.0,8.0,37.0,9.0,6.0,5.0,31.0,41.0,46.0,13.0,49.0,34.0,31.0,26.0,528.0,2.972396274343777,0.03627588167435138,0.7412105985578369,0.8828769456041863,3.6201773453471446,47.7844131288443,6.403192760799039,0.026229983317907265,0.616857765346922,0.7472511902393214,3.959581915465686,44.26523781944434,nv
133.0,18.0,30.0,30.0,17.0,9.0,20.0,44.0,26.0,3.0,4.0,2.0,18.0,2.0,15.0,44.0,29.0,4.0,5.0,4.0,4.0,0.0,2.0,3.0,14.0,0.0,12.0,2.0,18.0,1.0,50.0,25.0,28.0,6.0,8.0,3.0,9.0,2.0,2.0,2.0,6.0,0.0,2.0,0.0,11.0,0.0,3.0,4.0,28.0,2.0,2.0,1.0,3.0,0.0,4.0,4.0,34.0,1.0,4.0,1.0,52.0,6.0,28.0,19.0,34.0,6.0,6.0,4.0,5.0,2.0,5.0,5.0,2.0,0.0,1.0,2.0,0.0,0.0,1.0,3.0,9.0,4.0,1.0,1.0,2.0,0.0,1.0,1.0,2.0,1.0,4.0,0.0,4.0,3.0,6.0,1.0,21.0,4.0,5.0,5.0,6.0,2.0,0.0,0.0,6.0,0.0,4.0,0.0,3.0,1.0,3.0,0.0,34.0,1.0,0.0,1.0,1.0,0.0,1.0,2.0,38.0,5.0,10.0,3.0,36.0,5.0,19.0,8.0,17.0,23.0,5.0,35.0,2.0,5.0,3.0,72.0,8.0,2.0,1.0,5.0,2.0,3.0,2.0,68.0,4.0,2.0,1.0,1.0,1.0,1.0,1.0,1.0,2.0,1.0,1.0,1.0,5.0,0.0,2.0,26.0,8.0,7.0,1.0,2.0,0.0,1.0,2.0,12.0,1.0,2.0,1.0,3.0,1.0,0.0,0.0,10.0,5.0,4.0,1.0,1.0,1.0,0.0,0.0,3.0,3.0,4.0,1.0,0.0,3.0,5.0,4.0,28.0,28.0,37.0,6.0,53.0,3.0,1.0,3.0,34.0,1.0,2.0,0.0,9.0,0.0,3.0,1.0,35.0,6.0,7.0,3.0,2.0,1.0,2.0,1.0,3.0,2.0,3.0,1.0,3.0,4.0,1.0,4.0,31.0,38.0,69.0,5.0,54.0,0.0,5.0,1.0,27.0,5.0,14.0,0.0,7.0,5.0,2.0,2.0,44.0,64.0,39.0,9.0,33.0,6.0,9.0,2.0,29.0,42.0,31.0,17.0,39.0,35.0,25.0,32.0,677.0,1.7231160033869606,0.06263822977556731,0.7656704871983948,0.8906146642307874,3.211358092750399,29.782313701057028,3.6307836776506743,0.0500267181087794,0.6568861907340283,0.7654215660522766,3.5167269245418558,27.32503452394761,nv
220.0,24.0,17.0,24.0,34.0,7.0,23.0,37.0,29.0,8.0,12.0,6.0,28.0,9.0,33.0,49.0,32.0,6.0,2.0,3.0,9.0,2.0,8.0,11.0,26.0,2.0,10.0,4.0,28.0,8.0,49.0,51.0,23.0,2.0,6.0,3.0,4.0,1.0,3.0,9.0,3.0,1.0,2.0,1.0,6.0,1.0,3.0,7.0,21.0,5.0,1.0,0.0,6.0,1.0,4.0,3.0,27.0,5.0,3.0,2.0,24.0,5.0,45.0,37.0,22.0,3.0,2.0,4.0,5.0,3.0,3.0,5.0,9.0,1.0,0.0,4.0,6.0,3.0,4.0,8.0,1.0,2.0,0.0,2.0,2.0,0.0,4.0,1.0,8.0,1.0,3.0,1.0,3.0,1.0,6.0,7.0,12.0,2.0,3.0,3.0,1.0,1.0,1.0,5.0,9.0,3.0,0.0,2.0,4.0,2.0,8.0,5.0,18.0,4.0,3.0,0.0,4.0,3.0,1.0,1.0,45.0,7.0,6.0,7.0,31.0,6.0,37.0,26.0,27.0,32.0,2.0,33.0,6.0,4.0,8.0,44.0,8.0,5.0,3.0,11.0,2.0,8.0,11.0,34.0,8.0,2.0,2.0,4.0,4.0,0.0,2.0,6.0,2.0,0.0,2.0,0.0,3.0,4.0,3.0,30.0,6.0,2.0,0.0,5.0,2.0,0.0,5.0,5.0,2.0,0.0,1.0,1.0,1.0,0.0,4.0,12.0,10.0,6.0,1.0,1.0,0.0,0.0,1.0,5.0,3.0,2.0,1.0,3.0,13.0,5.0,12.0,45.0,19.0,42.0,5.0,72.0,8.0,2.0,7.0,34.0,6.0,2.0,1.0,9.0,2.0,2.0,1.0,31.0,3.0,3.0,0.0,2.0,1.0,2.0,1.0,9.0,4.0,2.0,0.0,3.0,2.0,5.0,2.0,32.0,19.0,37.0,3.0,58.0,5.0,1.0,0.0,35.0,8.0,2.0,0.0,13.0,2.0,0.0,2.0,37.0,50.0,27.0,4.0,34.0,3.0,1.0,7.0,31.0,32.0,11.0,7.0,16.0,28.0,10.0,26.0,561.0,3.2877080881116534,0.03328339573977399,0.7145615550607756,0.8722651950707948,3.7475672253712715,48.18938290418,6.501438483668978,0.02535057356194378,0.6050970684692322,0.747743080573569,4.030981390836508,45.04472721479129,nv
189.0,42.0,40.0,15.0,30.0,9.0,38.0,19.0,39.0,8.0,9.0,5.0,30.0,10.0,52.0,46.0,37.0,5.0,11.0,6.0,4.0,2.0,7.0,6.0,26.0,4.0,18.0,11.0,42.0,3.0,111.0,81.0,41.0,9.0,15.0,3.0,8.0,0.0,11.0,3.0,9.0,2.0,2.0,0.0,13.0,3.0,12.0,8.0,23.0,5.0,9.0,9.0,4.0,0.0,6.0,5.0,26.0,3.0,10.0,6.0,84.0,7.0,84.0,55.0,29.0,6.0,4.0,7.0,4.0,1.0,2.0,1.0,5.0,3.0,3.0,5.0,4.0,0.0,4.0,7.0,8.0,0.0,2.0,0.0,2.0,0.0,0.0,4.0,4.0,0.0,4.0,2.0,9.0,0.0,4.0,11.0,26.0,7.0,6.0,1.0,5.0,0.0,0.0,3.0,12.0,1.0,2.0,2.0,11.0,0.0,4.0,4.0,29.0,5.0,5.0,5.0,9.0,1.0,6.0,2.0,51.0,8.0,5.0,9.0,51.0,5.0,33.0,58.0,28.0,27.0,5.0,33.0,10.0,2.0,10.0,54.0,13.0,6.0,1.0,6.0,3.0,6.0,13.0,37.0,10.0,5.0,1.0,3.0,1.0,4.0,3.0,5.0,3.0,1.0,0.0,4.0,3.0,4.0,11.0,58.0,6.0,11.0,2.0,4.0,1.0,2.0,2.0,10.0,0.0,2.0,0.0,1.0,0.0,1.0,3.0,12.0,5.0,5.0,2.0,7.0,1.0,0.0,0.0,12.0,10.0,9.0,2.0,7.0,10.0,9.0,12.0,57.0,23.0,36.0,11.0,70.0,4.0,3.0,5.0,53.0,3.0,7.0,3.0,16.0,3.0,1.0,6.0,31.0,3.0,7.0,1.0,5.0,1.0,1.0,1.0,6.0,1.0,0.0,3.0,5.0,8.0,7.0,17.0,63.0,53.0,102.0,6.0,85.0,3.0,7.0,3.0,43.0,5.0,7.0,1.0,9.0,5.0,9.0,5.0,71.0,76.0,85.0,6.0,54.0,7.0,7.0,6.0,47.0,65.0,54.0,11.0,50.0,44.0,48.0,55.0,648.0,1.1074912891986064,0.14694614917154641,0.8586728891712272,0.7625198231317147,2.3302077863333617,8.219529633586527,2.0588166236205683,0.12028214797651547,0.7876575905035277,0.5713421340347437,2.533545556974723,7.547056904371286,vasc
341.0,53.0,41.0,18.0,37.0,18.0,27.0,37.0,43.0,10.0,12.0,13.0,34.0,8.0,37.0,57.0,48.0,11.0,19.0,6.0,19.0,8.0,9.0,12.0,20.0,5.0,14.0,9.0,37.0,18.0,58.0,51.0,40.0,8.0,13.0,6.0,8.0,5.0,6.0,8.0,9.0,4.0,7.0,2.0,8.0,6.0,7.0,14.0,14.0,10.0,8.0,3.0,9.0,1.0,6.0,8.0,15.0,7.0,6.0,8.0,36.0,3.0,68.0,52.0,49.0,20.0,9.0,11.0,9.0,8.0,8.0,2.0,11.0,3.0,1.0,0.0,4.0,6.0,5.0,13.0,14.0,4.0,1.0,6.0,16.0,5.0,4.0,6.0,6.0,3.0,7.0,6.0,8.0,4.0,16.0,18.0,26.0,10.0,3.0,8.0,5.0,2.0,0.0,5.0,11.0,6.0,2.0,3.0,6.0,1.0,6.0,18.0,39.0,10.0,3.0,0.0,11.0,5.0,4.0,7.0,37.0,16.0,20.0,13.0,26.0,16.0,44.0,37.0,49.0,18.0,6.0,20.0,9.0,9.0,9.0,30.0,12.0,8.0,2.0,5.0,3.0,4.0,9.0,40.0,9.0,4.0,1.0,4.0,7.0,0.0,6.0,7.0,7.0,3.0,2.0,5.0,2.0,8.0,18.0,46.0,11.0,8.0,2.0,9.0,0.0,3.0,2.0,12.0,6.0,6.0,2.0,9.0,3.0,2.0,10.0,26.0,12.0,4.0,6.0,5.0,4.0,4.0,8.0,8.0,4.0,2.0,5.0,11.0,12.0,11.0,31.0,98.0,22.0,51.0,11.0,42.0,9.0,10.0,3.0,25.0,9.0,10.0,2.0,11.0,3.0,7.0,4.0,30.0,8.0,9.0,6.0,8.0,2.0,5.0,4.0,17.0,3.0,5.0,1.0,7.0,7.0,4.0,8.0,59.0,35.0,54.0,10.0,56.0,2.0,9.0,6.0,36.0,12.0,9.0,6.0,37.0,5.0,7.0,16.0,71.0,68.0,64.0,9.0,51.0,19.0,15.0,12.0,46.0,50.0,50.0,36.0,77.0,32.0,52.0,80.0,1074.0,2.8596711120024065,0.11472858423348167,0.7770563831945002,0.6362313490518369,2.760589160530887,12.862800324437602,3.984401029834924,0.09694850958665964,0.7185306459681985,0.5000429474656471,2.929919409362229,11.954572166512373,vasc
143.0,18.0,26.0,18.0,33.0,4.0,29.0,36.0,28.0,8.0,6.0,12.0,28.0,0.0,52.0,77.0,15.0,3.0,6.0,9.0,4.0,1.0,3.0,3.0,24.0,2.0,9.0,5.0,44.0,3.0,102.0,81.0,25.0,6.0,18.0,6.0,9.0,1.0,7.0,1.0,15.0,1.0,3.0,2.0,9.0,1.0,9.0,6.0,37.0,3.0,6.0,4.0,3.0,1.0,3.0,4.0,88.0,7.0,12.0,8.0,153.0,5.0,123.0,53.0,24.0,9.0,7.0,1.0,5.0,0.0,5.0,3.0,5.0,0.0,1.0,0.0,1.0,0.0,2.0,10.0,3.0,2.0,1.0,0.0,1.0,0.0,1.0,0.0,1.0,1.0,0.0,0.0,4.0,0.0,8.0,6.0,24.0,2.0,4.0,3.0,5.0,0.0,5.0,5.0,6.0,3.0,2.0,2.0,13.0,1.0,7.0,5.0,40.0,3.0,2.0,1.0,5.0,1.0,1.0,3.0,82.0,1.0,10.0,9.0,111.0,7.0,68.0,52.0,24.0,24.0,9.0,74.0,7.0,2.0,13.0,123.0,11.0,4.0,1.0,4.0,1.0,3.0,5.0,116.0,4.0,6.0,0.0,4.0,1.0,0.0,2.0,5.0,2.0,2.0,1.0,6.0,5.0,0.0,8.0,43.0,4.0,4.0,1.0,3.0,1.0,1.0,2.0,4.0,3.0,0.0,1.0,0.0,0.0,0.0,4.0,11.0,3.0,9.0,3.0,6.0,1.0,1.0,0.0,2.0,4.0,6.0,1.0,2.0,11.0,4.0,8.0,58.0,17.0,53.0,6.0,134.0,3.0,8.0,7.0,112.0,3.0,1.0,2.0,2.0,6.0,4.0,4.0,61.0,0.0,3.0,0.0,7.0,1.0,0.0,1.0,6.0,5.0,3.0,1.0,3.0,6.0,4.0,3.0,64.0,51.0,109.0,6.0,121.0,2.0,2.0,7.0,67.0,4.0,7.0,2.0,11.0,8.0,7.0,6.0,51.0,65.0,78.0,9.0,52.0,2.0,6.0,8.0,34.0,68.0,51.0,12.0,55.0,72.0,64.0,50.0,1028.0,1.3096196417790298,0.20552978122236715,0.8925994788703093,0.7766062534807342,2.050032712139631,10.415145819962213,2.2657893399725624,0.17583626104286748,0.8308828889083709,0.6162318893727047,2.2393992745899376,9.54232747447028,vasc
150.0,22.0,57.0,21.0,22.0,6.0,29.0,15.0,20.0,2.0,6.0,3.0,26.0,2.0,37.0,27.0,19.0,7.0,7.0,1.0,6.0,0.0,12.0,1.0,18.0,1.0,15.0,9.0,54.0,8.0,137.0,51.0,48.0,4.0,18.0,8.0,8.0,0.0,8.0,5.0,7.0,3.0,2.0,1.0,14.0,1.0,10.0,4.0,26.0,6.0,3.0,1.0,1.0,0.0,5.0,2.0,28.0,2.0,5.0,2.0,80.0,17.0,91.0,43.0,26.0,3.0,7.0,5.0,3.0,1.0,4.0,0.0,2.0,0.0,1.0,0.0,1.0,1.0,3.0,4.0,3.0,2.0,2.0,1.0,0.0,0.0,0.0,0.0,5.0,0.0,0.0,1.0,5.0,1.0,13.0,3.0,29.0,6.0,12.0,4.0,6.0,0.0,5.0,2.0,3.0,0.0,0.0,0.0,7.0,3.0,6.0,1.0,26.0,2.0,3.0,2.0,5.0,1.0,3.0,2.0,25.0,3.0,2.0,1.0,25.0,6.0,40.0,11.0,29.0,16.0,7.0,29.0,5.0,3.0,5.0,22.0,9.0,4.0,0.0,7.0,0.0,2.0,2.0,25.0,4.0,0.0,2.0,3.0,0.0,2.0,1.0,4.0,3.0,1.0,1.0,3.0,5.0,9.0,4.0,34.0,2.0,6.0,2.0,8.0,0.0,1.0,1.0,5.0,0.0,1.0,1.0,2.0,1.0,2.0,1.0,5.0,6.0,4.0,1.0,4.0,0.0,1.0,1.0,1.0,5.0,4.0,1.0,2.0,9.0,12.0,9.0,38.0,19.0,35.0,12.0,68.0,1.0,6.0,1.0,43.0,1.0,3.0,2.0,4.0,0.0,1.0,3.0,25.0,7.0,1.0,0.0,12.0,1.0,0.0,0.0,9.0,3.0,6.0,1.0,11.0,5.0,8.0,9.0,56.0,40.0,70.0,5.0,52.0,9.0,2.0,4.0,27.0,6.0,4.0,2.0,6.0,2.0,4.0,2.0,23.0,42.0,54.0,2.0,28.0,1.0,1.0,1.0,29.0,33.0,34.0,2.0,25.0,30.0,53.0,24.0,517.0,2.5062686099357476,0.1048382216530273,0.8017379684368748,0.7266261091437125,2.774265586816648,15.829561502335595,4.871169530445802,0.08162197980018275,0.7037331490471836,0.4886361360631971,3.0230760181587746,14.180507265581392,vasc
217.0,27.0,46.0,13.0,32.0,10.0,30.0,18.0,16.0,4.0,13.0,7.0,13.0,3.0,25.0,20.0,30.0,7.0,7.0,1.0,9.0,2.0,14.0,2.0,25.0,2.0,11.0,7.0,48.0,7.0,81.0,43.0,47.0,9.0,12.0,4.0,7.0,0.0,8.0,2.0,9.0,2.0,2.0,3.0,11.0,4.0,11.0,4.0,14.0,5.0,3.0,1.0,6.0,1.0,3.0,3.0,17.0,5.0,9.0,3.0,72.0,18.0,88.0,34.0,35.0,14.0,6.0,6.0,7.0,1.0,5.0,1.0,3.0,2.0,1.0,0.0,2.0,3.0,6.0,2.0,7.0,3.0,2.0,1.0,1.0,0.0,0.0,3.0,4.0,1.0,3.0,1.0,3.0,4.0,12.0,7.0,23.0,4.0,2.0,4.0,2.0,2.0,9.0,4.0,9.0,1.0,2.0,1.0,4.0,2.0,3.0,3.0,23.0,1.0,4.0,4.0,5.0,1.0,3.0,4.0,12.0,4.0,2.0,2.0,23.0,7.0,45.0,20.0,24.0,15.0,4.0,26.0,8.0,6.0,7.0,20.0,10.0,3.0,2.0,5.0,2.0,3.0,7.0,17.0,4.0,2.0,2.0,3.0,0.0,3.0,0.0,4.0,7.0,0.0,1.0,1.0,4.0,10.0,10.0,35.0,6.0,6.0,3.0,5.0,1.0,1.0,0.0,6.0,2.0,2.0,0.0,2.0,2.0,2.0,6.0,9.0,7.0,5.0,6.0,6.0,1.0,1.0,2.0,7.0,7.0,6.0,1.0,4.0,11.0,9.0,12.0,46.0,22.0,25.0,7.0,53.0,2.0,6.0,2.0,28.0,4.0,4.0,0.0,10.0,0.0,3.0,1.0,28.0,5.0,3.0,0.0,16.0,1.0,1.0,1.0,8.0,1.0,2.0,1.0,14.0,6.0,4.0,16.0,49.0,31.0,66.0,12.0,57.0,3.0,3.0,2.0,30.0,4.0,11.0,3.0,11.0,1.0,4.0,1.0,25.0,24.0,39.0,5.0,21.0,3.0,5.0,3.0,27.0,20.0,22.0,10.0,31.0,19.0,55.0,28.0,530.0,2.774330042313118,0.08642667891310019,0.7585400705796239,0.6925426625818749,2.99429060956604,15.2725968296267,4.961200411750734,0.07006726452830213,0.6733201694798351,0.46733866671230934,3.206145513201917,13.666772379625844,vasc
130.0,15.0,17.0,11.0,24.0,4.0,29.0,20.0,10.0,2.0,2.0,1.0,26.0,2.0,32.0,33.0,20.0,2.0,5.0,2.0,2.0,1.0,5.0,1.0,29.0,3.0,6.0,4.0,42.0,5.0,48.0,32.0,31.0,4.0,11.0,1.0,6.0,1.0,2.0,1.0,9.0,0.0,0.0,0.0,17.0,1.0,8.0,3.0,21.0,5.0,2.0,3.0,3.0,0.0,3.0,1.0,62.0,7.0,6.0,10.0,152.0,9.0,74.0,29.0,24.0,3.0,8.0,4.0,4.0,0.0,1.0,0.0,1.0,0.0,0.0,0.0,4.0,0.0,6.0,5.0,3.0,0.0,2.0,1.0,1.0,0.0,0.0,0.0,6.0,0.0,0.0,2.0,2.0,0.0,2.0,3.0,24.0,4.0,4.0,4.0,4.0,1.0,5.0,3.0,7.0,2.0,1.0,1.0,10.0,0.0,6.0,6.0,19.0,2.0,2.0,4.0,0.0,0.0,1.0,1.0,43.0,7.0,4.0,6.0,80.0,3.0,50.0,25.0,18.0,16.0,8.0,40.0,4.0,0.0,9.0,56.0,1.0,2.0,0.0,4.0,0.0,3.0,5.0,40.0,1.0,1.0,0.0,10.0,0.0,0.0,1.0,6.0,0.0,2.0,0.0,4.0,0.0,1.0,3.0,35.0,6.0,3.0,1.0,2.0,0.0,0.0,0.0,3.0,2.0,0.0,0.0,0.0,2.0,2.0,1.0,5.0,2.0,3.0,0.0,5.0,1.0,0.0,2.0,7.0,2.0,4.0,1.0,7.0,4.0,8.0,5.0,29.0,16.0,39.0,13.0,77.0,6.0,4.0,12.0,57.0,5.0,0.0,0.0,2.0,3.0,1.0,5.0,31.0,2.0,5.0,0.0,7.0,1.0,2.0,0.0,10.0,2.0,4.0,0.0,3.0,1.0,2.0,1.0,28.0,37.0,68.0,8.0,54.0,2.0,5.0,2.0,27.0,1.0,2.0,1.0,2.0,7.0,7.0,2.0,11.0,39.0,35.0,1.0,31.0,2.0,6.0,1.0,20.0,24.0,38.0,6.0,15.0,29.0,30.0,22.0,675.0,3.3105120407660062,0.1094867711437191,0.8178107006239981,0.7361648336936447,2.697661863183497,21.784793388851813,5.7967985402670665,0.08423982103916572,0.7190452873375932,0.5465790890689952,2.967486037973437,19.772373063947477,vasc
129.0,21.0,37.0,30.0,27.0,3.0,23.0,37.0,17.0,3.0,12.0,4.0,23.0,5.0,50.0,55.0,21.0,0.0,7.0,9.0,3.0,0.0,6.0,1.0,20.0,2.0,9.0,5.0,30.0,7.0,64.0,67.0,40.0,8.0,7.0,4.0,1.0,0.0,6.0,1.0,8.0,0.0,0.0,0.0,5.0,0.0,11.0,7.0,28.0,5.0,3.0,4.0,6.0,2.0,2.0,1.0,48.0,3.0,11.0,1.0,85.0,4.0,49.0,35.0,22.0,1.0,9.0,4.0,4.0,0.0,2.0,6.0,3.0,0.0,2.0,1.0,1.0,1.0,2.0,5.0,2.0,2.0,0.0,2.0,0.0,0.0,0.0,0.0,2.0,2.0,0.0,1.0,3.0,1.0,8.0,5.0,26.0,6.0,7.0,2.0,3.0,0.0,1.0,2.0,5.0,1.0,1.0,0.0,5.0,0.0,5.0,9.0,32.0,4.0,2.0,2.0,3.0,0.0,2.0,2.0,34.0,3.0,6.0,4.0,51.0,6.0,31.0,22.0,18.0,19.0,2.0,29.0,1.0,2.0,8.0,61.0,1.0,5.0,1.0,1.0,1.0,5.0,5.0,59.0,3.0,2.0,0.0,3.0,1.0,1.0,2.0,8.0,3.0,7.0,0.0,3.0,2.0,2.0,3.0,37.0,6.0,8.0,1.0,9.0,1.0,2.0,0.0,2.0,1.0,0.0,0.0,2.0,5.0,0.0,0.0,8.0,0.0,3.0,0.0,8.0,1.0,0.0,0.0,4.0,3.0,2.0,0.0,7.0,8.0,7.0,5.0,32.0,18.0,29.0,5.0,53.0,2.0,4.0,3.0,44.0,2.0,0.0,2.0,3.0,4.0,1.0,3.0,49.0,7.0,3.0,1.0,4.0,0.0,0.0,3.0,2.0,2.0,3.0,0.0,2.0,3.0,5.0,3.0,46.0,59.0,76.0,6.0,67.0,3.0,6.0,3.0,33.0,3.0,9.0,0.0,3.0,7.0,5.0,6.0,26.0,56.0,83.0,4.0,44.0,3.0,4.0,4.0,24.0,49.0,38.0,3.0,29.0,42.0,51.0,29.0,548.0,1.3554421768707483,0.11569262216749297,0.83943746729461,0.7810871319136804,2.4610618032816234,11.027952081490382,2.742732103782432,0.08842181994392785,0.750482602736432,0.5723505604429995,2.7152872077909196,10.0842792287876,nv
132.0,17.0,17.0,25.0,24.0,4.0,18.0,25.0,37.0,7.0,8.0,9.0,27.0,1.0,31.0,37.0,23.0,2.0,3.0,2.0,9.0,0.0,4.0,5.0,35.0,0.0,4.0,5.0,40.0,2.0,61.0,39.0,11.0,5.0,0.0,1.0,3.0,0.0,5.0,1.0,8.0,1.0,1.0,1.0,3.0,1.0,4.0,4.0,24.0,0.0,1.0,2.0,4.0,1.0,4.0,4.0,44.0,4.0,3.0,3.0,62.0,4.0,50.0,41.0,25.0,8.0,1.0,7.0,2.0,0.0,0.0,3.0,11.0,1.0,0.0,0.0,2.0,1.0,1.0,5.0,3.0,0.0,1.0,0.0,2.0,0.0,1.0,0.0,0.0,0.0,0.0,2.0,1.0,0.0,3.0,5.0,23.0,5.0,0.0,5.0,7.0,2.0,3.0,4.0,8.0,1.0,0.0,0.0,3.0,0.0,5.0,3.0,34.0,7.0,2.0,3.0,5.0,0.0,4.0,3.0,78.0,10.0,6.0,4.0,67.0,13.0,42.0,49.0,42.0,31.0,11.0,62.0,6.0,5.0,12.0,83.0,8.0,4.0,0.0,5.0,3.0,3.0,8.0,77.0,8.0,3.0,0.0,6.0,1.0,2.0,1.0,4.0,5.0,6.0,2.0,0.0,3.0,5.0,4.0,21.0,4.0,7.0,0.0,4.0,2.0,0.0,1.0,11.0,1.0,0.0,0.0,1.0,1.0,1.0,1.0,2.0,7.0,3.0,1.0,3.0,0.0,0.0,3.0,9.0,6.0,3.0,0.0,5.0,8.0,7.0,8.0,27.0,24.0,33.0,3.0,63.0,6.0,2.0,3.0,83.0,4.0,1.0,2.0,4.0,3.0,2.0,6.0,42.0,8.0,3.0,1.0,4.0,0.0,0.0,0.0,4.0,2.0,0.0,0.0,1.0,3.0,5.0,3.0,21.0,40.0,36.0,2.0,46.0,6.0,2.0,4.0,40.0,13.0,4.0,1.0,4.0,2.0,0.0,3.0,31.0,73.0,48.0,9.0,34.0,7.0,4.0,10.0,45.0,45.0,25.0,4.0,39.0,35.0,19.0,30.0,606.0,1.8502916887643004,0.09656740864911001,0.8240276432335328,0.7673645304467297,2.6129195448970957,14.056927380773216,3.375527102660431,0.07151119091341307,0.7256820635974546,0.5804719132881498,2.8854921373703464,12.716492524044037,nv
142.0,26.0,20.0,21.0,21.0,3.0,21.0,38.0,53.0,10.0,10.0,13.0,29.0,3.0,51.0,69.0,21.0,3.0,3.0,1.0,7.0,1.0,7.0,3.0,28.0,2.0,4.0,4.0,21.0,2.0,56.0,79.0,18.0,3.0,2.0,5.0,3.0,0.0,2.0,1.0,6.0,0.0,0.0,0.0,7.0,2.0,4.0,9.0,24.0,6.0,2.0,5.0,5.0,2.0,3.0,4.0,45.0,3.0,3.0,2.0,27.0,5.0,37.0,39.0,24.0,7.0,3.0,6.0,4.0,0.0,0.0,5.0,4.0,1.0,0.0,1.0,3.0,3.0,4.0,7.0,7.0,2.0,2.0,0.0,0.0,0.0,0.0,0.0,5.0,1.0,2.0,1.0,2.0,0.0,1.0,7.0,18.0,7.0,2.0,10.0,2.0,0.0,5.0,2.0,7.0,1.0,5.0,2.0,3.0,0.0,6.0,8.0,33.0,5.0,1.0,3.0,1.0,1.0,2.0,5.0,76.0,5.0,9.0,7.0,57.0,4.0,37.0,57.0,40.0,28.0,6.0,25.0,6.0,4.0,8.0,38.0,8.0,6.0,1.0,11.0,5.0,1.0,8.0,64.0,10.0,6.0,1.0,5.0,0.0,0.0,1.0,3.0,4.0,3.0,1.0,6.0,3.0,1.0,5.0,38.0,5.0,4.0,1.0,5.0,0.0,2.0,0.0,3.0,1.0,0.0,1.0,1.0,3.0,0.0,0.0,3.0,5.0,5.0,0.0,3.0,2.0,1.0,2.0,4.0,12.0,2.0,0.0,2.0,4.0,1.0,6.0,33.0,25.0,42.0,6.0,49.0,2.0,3.0,5.0,40.0,2.0,4.0,0.0,5.0,4.0,5.0,4.0,28.0,2.0,1.0,0.0,7.0,0.0,0.0,1.0,2.0,1.0,3.0,0.0,4.0,2.0,1.0,2.0,20.0,47.0,45.0,4.0,48.0,2.0,7.0,5.0,44.0,10.0,8.0,1.0,5.0,5.0,6.0,5.0,32.0,63.0,61.0,6.0,48.0,5.0,10.0,6.0,45.0,40.0,31.0,2.0,33.0,30.0,23.0,41.0,620.0,1.7581268470106843,0.11156980213613958,0.8316225715634673,0.7534911247100491,2.5025440217686157,12.506080435122461,3.158399141301848,0.08647146165759882,0.7459405870522945,0.5645131573404243,2.7420319114389056,11.346742378074882,nv
1379.0,205.0,325.0,179.0,205.0,49.0,201.0,184.0,241.0,55.0,66.0,41.0,188.0,50.0,213.0,239.0,198.0,35.0,51.0,27.0,49.0,9.0,42.0,36.0,170.0,29.0,53.0,28.0,177.0,26.0,213.0,183.0,343.0,52.0,97.0,50.0,69.0,15.0,50.0,42.0,74.0,20.0,20.0,7.0,70.0,20.0,51.0,51.0,174.0,31.0,55.0,34.0,38.0,15.0,32.0,27.0,205.0,40.0,37.0,50.0,292.0,70.0,258.0,241.0,212.0,41.0,65.0,43.0,30.0,10.0,32.0,35.0,57.0,8.0,19.0,11.0,38.0,10.0,35.0,78.0,35.0,9.0,13.0,8.0,20.0,4.0,8.0,12.0,43.0,14.0,15.0,17.0,42.0,10.0,57.0,62.0,178.0,43.0,57.0,33.0,25.0,7.0,32.0,32.0,56.0,9.0,12.0,13.0,39.0,6.0,46.0,69.0,191.0,41.0,38.0,38.0,29.0,11.0,26.0,74.0,529.0,67.0,52.0,70.0,270.0,74.0,216.0,369.0,275.0,178.0,70.0,237.0,49.0,48.0,55.0,443.0,71.0,39.0,16.0,48.0,36.0,43.0,38.0,266.0,43.0,27.0,16.0,43.0,11.0,7.0,15.0,70.0,36.0,21.0,12.0,41.0,24.0,35.0,46.0,242.0,64.0,53.0,20.0,53.0,10.0,12.0,12.0,54.0,16.0,17.0,5.0,20.0,11.0,26.0,17.0,74.0,59.0,28.0,12.0,34.0,7.0,12.0,7.0,67.0,40.0,40.0,12.0,55.0,51.0,70.0,69.0,310.0,153.0,190.0,78.0,306.0,30.0,36.0,38.0,290.0,47.0,30.0,8.0,53.0,28.0,30.0,43.0,270.0,33.0,37.0,21.0,54.0,11.0,7.0,14.0,70.0,39.0,42.0,14.0,64.0,41.0,54.0,79.0,438.0,225.0,287.0,52.0,338.0,41.0,55.0,42.0,255.0,48.0,46.0,10.0,58.0,33.0,50.0,43.0,296.0,260.0,236.0,51.0,279.0,53.0,58.0,72.0,376.0,285.0,278.0,65.0,340.0,256.0,407.0,319.0,3369.0,1.2255213992442235,0.10083582759350072,0.8279393257661886,0.8670715251864476,2.936567797250397,17.213287907236637,2.37019838779746,0.0856014617200378,0.7702588003546259,0.7470626127605664,3.1422813322976357,16.371185902329604,nv
1847.0,251.0,218.0,125.0,236.0,83.0,125.0,171.0,218.0,54.0,68.0,47.0,125.0,47.0,144.0,173.0,224.0,51.0,51.0,33.0,95.0,31.0,41.0,52.0,142.0,33.0,53.0,34.0,133.0,54.0,149.0,191.0,210.0,50.0,46.0,33.0,60.0,19.0,29.0,43.0,64.0,17.0,21.0,21.0,63.0,25.0,51.0,54.0,130.0,39.0,39.0,29.0,65.0,17.0,30.0,23.0,191.0,57.0,52.0,42.0,389.0,99.0,228.0,217.0,246.0,74.0,69.0,62.0,58.0,29.0,48.0,61.0,63.0,29.0,20.0,19.0,26.0,15.0,30.0,48.0,89.0,21.0,20.0,17.0,36.0,16.0,25.0,23.0,61.0,21.0,26.0,20.0,49.0,19.0,47.0,86.0,130.0,46.0,39.0,30.0,32.0,27.0,20.0,29.0,69.0,28.0,25.0,31.0,37.0,14.0,44.0,63.0,128.0,44.0,35.0,28.0,52.0,22.0,26.0,43.0,301.0,76.0,80.0,69.0,269.0,113.0,205.0,302.0,210.0,119.0,71.0,236.0,71.0,60.0,48.0,271.0,46.0,35.0,18.0,58.0,21.0,35.0,55.0,213.0,50.0,27.0,16.0,42.0,23.0,28.0,18.0,73.0,31.0,31.0,16.0,47.0,34.0,30.0,71.0,202.0,51.0,47.0,41.0,53.0,19.0,22.0,20.0,54.0,25.0,22.0,19.0,32.0,32.0,19.0,43.0,114.0,39.0,40.0,25.0,44.0,23.0,19.0,14.0,75.0,41.0,38.0,34.0,87.0,82.0,79.0,124.0,388.0,130.0,170.0,72.0,356.0,44.0,45.0,40.0,304.0,35.0,25.0,22.0,79.0,20.0,28.0,51.0,195.0,48.0,45.0,22.0,78.0,14.0,25.0,27.0,85.0,31.0,41.0,29.0,66.0,30.0,71.0,53.0,297.0,117.0,167.0,45.0,246.0,36.0,57.0,38.0,211.0,40.0,58.0,34.0,119.0,41.0,61.0,70.0,377.0,162.0,134.0,55.0,183.0,63.0,82.0,67.0,294.0,215.0,156.0,94.0,355.0,204.0,303.0,392.0,3854.0,1.607457719479206,0.08366690964721747,0.7878739657561956,0.8476914289550311,3.1446651411094204,19.50045115853922,2.827798193830874,0.07215394330971929,0.73536930198497,0.7318534253946538,3.3198561436112075,18.263638070031753,nv
1560.0,201.0,268.0,154.0,200.0,42.0,153.0,131.0,408.0,82.0,62.0,55.0,171.0,38.0,172.0,185.0,192.0,31.0,53.0,32.0,48.0,13.0,50.0,48.0,195.0,39.0,51.0,39.0,169.0,32.0,227.0,147.0,284.0,57.0,50.0,39.0,50.0,11.0,44.0,37.0,56.0,14.0,17.0,15.0,52.0,15.0,49.0,49.0,132.0,30.0,37.0,32.0,44.0,8.0,42.0,40.0,215.0,40.0,50.0,42.0,436.0,62.0,244.0,219.0,222.0,47.0,58.0,41.0,39.0,16.0,29.0,47.0,84.0,17.0,25.0,30.0,33.0,23.0,50.0,50.0,48.0,11.0,13.0,10.0,14.0,6.0,12.0,18.0,39.0,10.0,13.0,17.0,26.0,19.0,64.0,67.0,144.0,47.0,43.0,60.0,31.0,10.0,31.0,48.0,77.0,35.0,17.0,35.0,44.0,17.0,41.0,92.0,150.0,37.0,37.0,40.0,32.0,14.0,40.0,58.0,253.0,74.0,48.0,101.0,251.0,68.0,252.0,508.0,403.0,164.0,79.0,195.0,85.0,32.0,61.0,223.0,103.0,41.0,21.0,46.0,47.0,40.0,60.0,215.0,80.0,41.0,14.0,47.0,17.0,17.0,23.0,74.0,43.0,40.0,19.0,36.0,43.0,39.0,64.0,213.0,63.0,39.0,20.0,46.0,18.0,14.0,26.0,43.0,16.0,11.0,2.0,15.0,12.0,13.0,16.0,63.0,68.0,38.0,15.0,45.0,22.0,17.0,30.0,87.0,40.0,50.0,12.0,53.0,51.0,60.0,63.0,297.0,178.0,188.0,55.0,463.0,25.0,32.0,47.0,213.0,52.0,50.0,10.0,59.0,37.0,36.0,31.0,211.0,40.0,35.0,10.0,67.0,15.0,11.0,19.0,83.0,50.0,55.0,10.0,63.0,34.0,67.0,72.0,344.0,186.0,203.0,35.0,277.0,51.0,55.0,40.0,251.0,55.0,55.0,20.0,71.0,51.0,76.0,47.0,307.0,207.0,222.0,53.0,251.0,72.0,67.0,60.0,475.0,230.0,232.0,56.0,330.0,216.0,336.0,305.0,3626.0,1.3073691479872243,0.1171666066856038,0.8159505317322383,0.8396400349174832,2.805329269103157,14.998061541206159,2.3956740307016675,0.10111748892190574,0.7621956836054526,0.7121552114776928,2.990289687330531,14.249921972618063,nv
243.0,41.0,91.0,57.0,49.0,8.0,55.0,62.0,49.0,6.0,10.0,15.0,48.0,4.0,89.0,118.0,37.0,4.0,16.0,8.0,6.0,2.0,9.0,8.0,57.0,6.0,11.0,10.0,95.0,8.0,179.0,149.0,68.0,9.0,17.0,17.0,16.0,4.0,13.0,8.0,10.0,1.0,3.0,4.0,11.0,2.0,14.0,10.0,71.0,7.0,5.0,10.0,9.0,2.0,7.0,5.0,102.0,1.0,9.0,4.0,161.0,14.0,168.0,60.0,38.0,10.0,6.0,11.0,7.0,1.0,10.0,8.0,6.0,1.0,2.0,0.0,5.0,1.0,6.0,8.0,11.0,1.0,5.0,1.0,4.0,1.0,1.0,2.0,9.0,0.0,1.0,2.0,10.0,3.0,15.0,11.0,49.0,8.0,5.0,8.0,4.0,1.0,4.0,5.0,7.0,0.0,3.0,2.0,8.0,1.0,10.0,3.0,82.0,10.0,10.0,3.0,5.0,1.0,4.0,6.0,117.0,11.0,15.0,8.0,98.0,14.0,83.0,46.0,40.0,51.0,16.0,89.0,6.0,9.0,9.0,140.0,7.0,7.0,3.0,8.0,5.0,13.0,12.0,89.0,8.0,8.0,2.0,7.0,2.0,2.0,0.0,7.0,3.0,7.0,2.0,4.0,10.0,8.0,11.0,74.0,13.0,15.0,1.0,15.0,2.0,1.0,1.0,11.0,3.0,2.0,0.0,2.0,2.0,4.0,2.0,20.0,8.0,12.0,1.0,3.0,1.0,0.0,2.0,6.0,16.0,6.0,1.0,10.0,17.0,10.0,19.0,70.0,34.0,64.0,15.0,165.0,3.0,4.0,5.0,115.0,3.0,6.0,0.0,7.0,6.0,12.0,5.0,73.0,9.0,3.0,1.0,9.0,0.0,3.0,2.0,9.0,7.0,10.0,1.0,12.0,6.0,14.0,18.0,108.0,84.0,110.0,7.0,110.0,9.0,16.0,5.0,74.0,10.0,12.0,2.0,6.0,6.0,12.0,7.0,66.0,135.0,85.0,10.0,65.0,6.0,13.0,3.0,52.0,118.0,69.0,21.0,45.0,80.0,91.0,67.0,866.0,1.7277771612473638,0.09079724407798931,0.8332588917249841,0.8318880884606719,2.8324131739342975,18.82730600242447,3.331135203606422,0.06864104207555002,0.745146801160023,0.6871046024251508,3.1076579972861036,17.96118951209713,nv
532.0,64.0,38.0,27.0,53.0,18.0,27.0,43.0,35.0,12.0,10.0,14.0,18.0,21.0,47.0,90.0,71.0,10.0,8.0,9.0,14.0,7.0,16.0,16.0,21.0,6.0,7.0,8.0,35.0,7.0,60.0,82.0,45.0,13.0,12.0,6.0,5.0,5.0,5.0,7.0,10.0,3.0,5.0,3.0,8.0,3.0,18.0,13.0,26.0,11.0,8.0,4.0,9.0,6.0,4.0,2.0,51.0,12.0,12.0,9.0,70.0,11.0,61.0,60.0,51.0,24.0,11.0,16.0,9.0,9.0,9.0,12.0,13.0,4.0,7.0,4.0,10.0,9.0,12.0,22.0,15.0,6.0,5.0,3.0,4.0,2.0,4.0,4.0,11.0,3.0,4.0,0.0,10.0,3.0,19.0,24.0,30.0,16.0,11.0,12.0,3.0,4.0,4.0,5.0,14.0,3.0,5.0,3.0,6.0,3.0,4.0,14.0,51.0,10.0,13.0,8.0,11.0,1.0,4.0,3.0,83.0,12.0,23.0,5.0,81.0,25.0,62.0,56.0,50.0,33.0,11.0,36.0,10.0,11.0,16.0,54.0,8.0,5.0,9.0,11.0,7.0,4.0,13.0,91.0,14.0,9.0,3.0,9.0,7.0,4.0,5.0,12.0,5.0,3.0,3.0,7.0,5.0,7.0,24.0,58.0,14.0,14.0,5.0,8.0,1.0,3.0,3.0,24.0,1.0,3.0,0.0,12.0,4.0,1.0,7.0,36.0,16.0,5.0,1.0,5.0,1.0,6.0,0.0,10.0,12.0,5.0,10.0,12.0,12.0,11.0,29.0,91.0,25.0,47.0,5.0,59.0,5.0,22.0,5.0,65.0,6.0,13.0,0.0,20.0,2.0,6.0,9.0,65.0,11.0,9.0,6.0,18.0,6.0,7.0,4.0,23.0,7.0,6.0,6.0,9.0,4.0,3.0,5.0,54.0,39.0,93.0,12.0,94.0,14.0,21.0,7.0,72.0,13.0,30.0,2.0,50.0,4.0,14.0,9.0,93.0,64.0,85.0,20.0,63.0,17.0,25.0,16.0,57.0,78.0,68.0,33.0,93.0,71.0,61.0,94.0,1081.0,4.008801357698226,0.061595331743817365,0.7199888119744918,0.7293120745989425,3.382354785530068,25.610557184125824,5.851248211162353,0.04706134910715573,0.6469247766241041,0.6102866111839415,3.615220211909426,24.17722080776618,nv
538.0,53.0,51.0,29.0,54.0,18.0,36.0,37.0,33.0,11.0,20.0,9.0,27.0,15.0,53.0,62.0,49.0,9.0,6.0,7.0,16.0,5.0,4.0,15.0,33.0,7.0,7.0,7.0,37.0,18.0,73.0,68.0,49.0,8.0,16.0,9.0,14.0,3.0,7.0,11.0,15.0,5.0,7.0,2.0,12.0,3.0,13.0,18.0,28.0,9.0,6.0,3.0,12.0,4.0,4.0,12.0,50.0,5.0,8.0,2.0,75.0,21.0,77.0,62.0,63.0,17.0,7.0,13.0,8.0,7.0,7.0,12.0,14.0,4.0,4.0,6.0,6.0,3.0,2.0,10.0,18.0,7.0,4.0,4.0,4.0,1.0,5.0,4.0,8.0,0.0,2.0,3.0,10.0,11.0,13.0,15.0,36.0,13.0,10.0,7.0,12.0,4.0,4.0,5.0,6.0,3.0,3.0,3.0,13.0,1.0,10.0,10.0,39.0,11.0,11.0,3.0,12.0,6.0,7.0,7.0,87.0,21.0,12.0,8.0,101.0,26.0,59.0,59.0,54.0,33.0,14.0,51.0,13.0,12.0,8.0,64.0,4.0,6.0,5.0,9.0,3.0,4.0,7.0,85.0,13.0,6.0,4.0,11.0,5.0,1.0,1.0,24.0,1.0,1.0,3.0,7.0,6.0,4.0,15.0,68.0,12.0,10.0,3.0,14.0,5.0,6.0,2.0,19.0,6.0,2.0,2.0,8.0,3.0,2.0,4.0,33.0,7.0,2.0,2.0,3.0,4.0,1.0,5.0,18.0,22.0,7.0,7.0,14.0,16.0,12.0,29.0,77.0,37.0,51.0,10.0,119.0,9.0,21.0,7.0,89.0,6.0,10.0,10.0,26.0,2.0,4.0,8.0,80.0,11.0,14.0,4.0,22.0,1.0,6.0,2.0,30.0,8.0,15.0,3.0,14.0,2.0,9.0,11.0,67.0,28.0,70.0,12.0,118.0,8.0,20.0,10.0,68.0,17.0,16.0,10.0,45.0,2.0,9.0,11.0,72.0,48.0,63.0,19.0,67.0,18.0,14.0,9.0,63.0,72.0,67.0,34.0,92.0,71.0,54.0,71.0,1111.0,4.580505981565011,0.060914467768426434,0.7083891111318134,0.6986034628686639,3.4214645713374794,25.814707083334984,6.431051489445653,0.046710943915765565,0.6360639688105689,0.5853548777607153,3.6606737746580422,24.58849339131817,nv
76.0,22.0,19.0,17.0,8.0,3.0,13.0,10.0,8.0,1.0,4.0,6.0,10.0,0.0,31.0,22.0,15.0,3.0,3.0,2.0,2.0,1.0,4.0,2.0,8.0,0.0,7.0,3.0,6.0,1.0,26.0,24.0,16.0,2.0,8.0,1.0,5.0,0.0,3.0,1.0,7.0,1.0,0.0,0.0,2.0,1.0,4.0,5.0,19.0,4.0,2.0,0.0,4.0,1.0,1.0,0.0,17.0,1.0,2.0,3.0,43.0,4.0,27.0,19.0,10.0,6.0,2.0,2.0,2.0,1.0,0.0,2.0,0.0,0.0,0.0,0.0,0.0,0.0,3.0,3.0,5.0,2.0,1.0,2.0,0.0,0.0,0.0,0.0,3.0,1.0,3.0,0.0,3.0,0.0,1.0,4.0,14.0,0.0,1.0,1.0,0.0,0.0,0.0,2.0,3.0,0.0,0.0,1.0,2.0,1.0,3.0,2.0,8.0,1.0,1.0,0.0,1.0,0.0,0.0,1.0,17.0,1.0,4.0,1.0,22.0,5.0,14.0,8.0,15.0,4.0,1.0,21.0,4.0,2.0,3.0,37.0,1.0,2.0,0.0,3.0,0.0,2.0,0.0,18.0,3.0,1.0,1.0,2.0,0.0,1.0,0.0,3.0,1.0,2.0,1.0,6.0,0.0,2.0,1.0,20.0,3.0,11.0,0.0,8.0,0.0,3.0,0.0,3.0,3.0,0.0,0.0,2.0,0.0,0.0,1.0,3.0,1.0,6.0,0.0,0.0,0.0,2.0,1.0,0.0,1.0,0.0,1.0,5.0,3.0,4.0,1.0,21.0,13.0,18.0,0.0,45.0,1.0,1.0,3.0,37.0,2.0,1.0,0.0,2.0,1.0,1.0,3.0,13.0,3.0,3.0,2.0,2.0,1.0,1.0,1.0,2.0,3.0,2.0,1.0,8.0,3.0,0.0,2.0,14.0,18.0,41.0,6.0,33.0,5.0,3.0,0.0,20.0,2.0,4.0,0.0,3.0,1.0,1.0,5.0,23.0,15.0,33.0,4.0,14.0,0.0,9.0,3.0,13.0,16.0,19.0,5.0,10.0,22.0,23.0,21.0,479.0,1.8929999999999996,0.14650813265306123,0.8301309474309475,0.8068682565534332,2.442714657401534,17.710199,3.6388248847926263,0.1171457116112574,0.748303917997073,0.6558745811190069,2.675749843656355,17.509423312769435,nv
114.0,10.0,14.0,9.0,7.0,5.0,9.0,12.0,17.0,3.0,4.0,2.0,8.0,0.0,7.0,11.0,14.0,2.0,1.0,0.0,4.0,2.0,6.0,1.0,5.0,2.0,5.0,1.0,14.0,2.0,31.0,13.0,16.0,4.0,4.0,0.0,4.0,1.0,1.0,0.0,1.0,1.0,1.0,2.0,3.0,1.0,4.0,2.0,7.0,3.0,1.0,3.0,5.0,0.0,0.0,1.0,14.0,2.0,6.0,5.0,26.0,2.0,27.0,12.0,14.0,2.0,3.0,3.0,2.0,1.0,0.0,3.0,5.0,1.0,1.0,0.0,2.0,0.0,2.0,0.0,0.0,2.0,3.0,1.0,1.0,1.0,0.0,1.0,5.0,0.0,0.0,2.0,6.0,0.0,4.0,2.0,10.0,4.0,2.0,1.0,2.0,1.0,2.0,2.0,5.0,1.0,1.0,2.0,2.0,2.0,1.0,0.0,17.0,2.0,0.0,0.0,2.0,0.0,1.0,0.0,33.0,3.0,4.0,3.0,24.0,7.0,13.0,15.0,10.0,7.0,1.0,17.0,4.0,6.0,4.0,26.0,2.0,2.0,1.0,3.0,1.0,1.0,2.0,19.0,7.0,2.0,0.0,2.0,1.0,0.0,1.0,5.0,2.0,2.0,0.0,2.0,1.0,3.0,1.0,12.0,2.0,5.0,2.0,5.0,2.0,3.0,0.0,6.0,1.0,1.0,0.0,1.0,1.0,0.0,1.0,7.0,4.0,0.0,1.0,2.0,2.0,0.0,0.0,2.0,1.0,1.0,3.0,0.0,5.0,2.0,6.0,12.0,11.0,6.0,4.0,22.0,3.0,2.0,2.0,24.0,1.0,1.0,1.0,3.0,1.0,1.0,0.0,21.0,1.0,2.0,0.0,4.0,0.0,0.0,1.0,7.0,0.0,2.0,1.0,2.0,1.0,2.0,3.0,27.0,13.0,26.0,3.0,14.0,1.0,2.0,2.0,13.0,3.0,3.0,3.0,5.0,2.0,2.0,3.0,29.0,23.0,17.0,4.0,15.0,3.0,6.0,2.0,13.0,18.0,20.0,6.0,17.0,19.0,13.0,24.0,553.0,2.6534696859021176,0.13004611663565727,0.8047809853958285,0.8002173594960595,2.5788015938858964,23.910096389797882,4.486000898338075,0.10683494630606383,0.7278246215420573,0.6562427414856454,2.7969404854338995,21.613816849369172,nv
78.0,22.0,14.0,13.0,8.0,3.0,14.0,16.0,8.0,1.0,6.0,10.0,6.0,1.0,25.0,23.0,17.0,2.0,5.0,2.0,1.0,1.0,5.0,0.0,5.0,0.0,8.0,2.0,11.0,1.0,26.0,23.0,13.0,2.0,6.0,2.0,5.0,0.0,0.0,0.0,7.0,1.0,0.0,0.0,6.0,0.0,4.0,4.0,14.0,3.0,1.0,0.0,3.0,1.0,0.0,1.0,25.0,3.0,0.0,2.0,38.0,3.0,26.0,14.0,14.0,4.0,2.0,2.0,1.0,0.0,0.0,3.0,1.0,0.0,0.0,0.0,2.0,0.0,2.0,6.0,4.0,1.0,0.0,4.0,0.0,0.0,0.0,0.0,2.0,2.0,3.0,0.0,6.0,1.0,1.0,2.0,14.0,0.0,1.0,4.0,1.0,0.0,1.0,2.0,3.0,0.0,1.0,0.0,2.0,1.0,4.0,3.0,11.0,1.0,2.0,1.0,1.0,0.0,1.0,1.0,15.0,1.0,2.0,0.0,29.0,5.0,14.0,6.0,13.0,9.0,3.0,20.0,3.0,3.0,3.0,47.0,1.0,2.0,0.0,3.0,1.0,2.0,1.0,21.0,1.0,2.0,1.0,1.0,0.0,1.0,0.0,2.0,0.0,5.0,1.0,3.0,0.0,2.0,2.0,20.0,4.0,8.0,1.0,7.0,1.0,4.0,0.0,3.0,3.0,1.0,0.0,0.0,0.0,1.0,1.0,3.0,0.0,5.0,2.0,3.0,1.0,3.0,1.0,3.0,1.0,1.0,0.0,4.0,5.0,5.0,2.0,15.0,11.0,16.0,2.0,47.0,1.0,3.0,2.0,26.0,1.0,0.0,0.0,4.0,0.0,0.0,2.0,14.0,3.0,3.0,2.0,3.0,1.0,0.0,0.0,2.0,3.0,4.0,0.0,4.0,0.0,0.0,6.0,21.0,20.0,44.0,4.0,35.0,3.0,4.0,1.0,22.0,3.0,1.0,2.0,3.0,2.0,2.0,5.0,20.0,19.0,25.0,2.0,14.0,4.0,7.0,1.0,11.0,18.0,17.0,5.0,11.0,18.0,23.0,17.0,474.0,2.045571428571429,0.14187070408163266,0.8393589054452468,0.8146083738769044,2.4002409531424926,20.021999489795924,3.996111751152074,0.10782040972281212,0.7524834925026703,0.665325062979366,2.6425592024348328,19.884444030685245,nv
248.0,37.0,43.0,27.0,40.0,11.0,27.0,41.0,38.0,6.0,8.0,10.0,30.0,8.0,74.0,73.0,48.0,6.0,15.0,3.0,5.0,3.0,10.0,4.0,32.0,7.0,15.0,11.0,86.0,5.0,168.0,94.0,65.0,10.0,16.0,8.0,18.0,3.0,9.0,3.0,11.0,0.0,3.0,3.0,15.0,3.0,11.0,9.0,42.0,7.0,10.0,5.0,3.0,2.0,9.0,1.0,59.0,6.0,15.0,8.0,177.0,7.0,140.0,70.0,46.0,14.0,11.0,12.0,6.0,2.0,6.0,4.0,10.0,0.0,2.0,1.0,5.0,2.0,6.0,9.0,9.0,1.0,3.0,3.0,2.0,1.0,0.0,2.0,5.0,1.0,2.0,3.0,5.0,0.0,15.0,17.0,39.0,13.0,5.0,6.0,1.0,2.0,5.0,7.0,13.0,5.0,1.0,3.0,7.0,2.0,9.0,7.0,39.0,8.0,7.0,3.0,12.0,1.0,5.0,6.0,81.0,3.0,12.0,1.0,108.0,6.0,65.0,51.0,36.0,43.0,10.0,67.0,8.0,9.0,10.0,53.0,10.0,4.0,6.0,9.0,5.0,7.0,3.0,76.0,8.0,5.0,4.0,4.0,1.0,1.0,3.0,6.0,5.0,5.0,3.0,5.0,7.0,1.0,7.0,59.0,8.0,14.0,2.0,10.0,0.0,2.0,2.0,10.0,1.0,2.0,1.0,1.0,2.0,1.0,2.0,18.0,5.0,5.0,2.0,7.0,4.0,1.0,3.0,6.0,12.0,10.0,3.0,7.0,10.0,13.0,17.0,79.0,32.0,76.0,13.0,156.0,4.0,4.0,6.0,82.0,1.0,8.0,3.0,6.0,2.0,7.0,8.0,58.0,8.0,4.0,0.0,9.0,1.0,1.0,0.0,8.0,6.0,6.0,3.0,6.0,5.0,5.0,8.0,81.0,59.0,174.0,11.0,153.0,8.0,20.0,7.0,73.0,5.0,14.0,1.0,24.0,7.0,6.0,10.0,84.0,82.0,99.0,9.0,65.0,6.0,5.0,11.0,76.0,73.0,61.0,16.0,74.0,76.0,81.0,65.0,959.0,1.6060033671416254,0.15817067802352694,0.8750111676494947,0.7861802033181226,2.315688148529194,13.416023517778191,3.177304085595076,0.13076071624557906,0.8014529937290561,0.5935451051245081,2.53435027166636,12.45692310986467,vasc
185.0,20.0,38.0,16.0,27.0,1.0,33.0,58.0,29.0,7.0,8.0,9.0,36.0,1.0,103.0,169.0,20.0,5.0,11.0,6.0,9.0,2.0,3.0,2.0,35.0,6.0,11.0,7.0,62.0,4.0,270.0,172.0,53.0,11.0,14.0,6.0,7.0,1.0,4.0,6.0,5.0,1.0,1.0,2.0,8.0,1.0,11.0,5.0,30.0,5.0,7.0,2.0,3.0,1.0,7.0,6.0,68.0,3.0,11.0,3.0,136.0,6.0,173.0,78.0,23.0,3.0,10.0,3.0,2.0,0.0,2.0,1.0,4.0,0.0,2.0,0.0,2.0,0.0,2.0,5.0,4.0,0.0,1.0,0.0,0.0,0.0,1.0,1.0,2.0,0.0,0.0,0.0,1.0,0.0,9.0,5.0,31.0,6.0,4.0,5.0,3.0,0.0,6.0,3.0,7.0,0.0,0.0,1.0,1.0,0.0,2.0,8.0,45.0,8.0,4.0,3.0,5.0,0.0,3.0,2.0,78.0,4.0,4.0,5.0,66.0,3.0,66.0,40.0,30.0,40.0,6.0,61.0,1.0,1.0,3.0,75.0,6.0,4.0,4.0,6.0,6.0,5.0,3.0,114.0,1.0,3.0,2.0,5.0,0.0,1.0,3.0,6.0,4.0,5.0,1.0,5.0,6.0,5.0,9.0,72.0,8.0,10.0,2.0,8.0,0.0,0.0,1.0,5.0,2.0,0.0,0.0,2.0,2.0,2.0,0.0,15.0,9.0,10.0,0.0,10.0,0.0,0.0,2.0,3.0,14.0,10.0,0.0,11.0,6.0,5.0,6.0,56.0,26.0,73.0,10.0,112.0,5.0,3.0,5.0,72.0,2.0,5.0,1.0,9.0,3.0,4.0,1.0,73.0,8.0,6.0,0.0,3.0,0.0,0.0,1.0,4.0,5.0,4.0,1.0,7.0,4.0,4.0,3.0,59.0,103.0,235.0,13.0,165.0,3.0,4.0,2.0,73.0,7.0,8.0,1.0,13.0,4.0,4.0,4.0,48.0,189.0,180.0,6.0,80.0,8.0,4.0,4.0,47.0,127.0,63.0,6.0,63.0,101.0,64.0,51.0,1170.0,2.4772137828825493,0.15897863956998098,0.89096873118275,0.7902288808768074,2.233584670414521,21.141040181122406,4.528074034112132,0.1295952580154469,0.8135363613769472,0.6188909817256467,2.467531443921972,19.23454409869971,vasc
158.0,26.0,38.0,29.0,27.0,5.0,31.0,61.0,35.0,7.0,6.0,11.0,30.0,5.0,60.0,90.0,27.0,2.0,9.0,2.0,4.0,0.0,4.0,2.0,31.0,4.0,7.0,5.0,49.0,1.0,89.0,79.0,39.0,8.0,7.0,2.0,5.0,2.0,9.0,4.0,14.0,2.0,0.0,3.0,7.0,0.0,15.0,6.0,41.0,2.0,2.0,1.0,9.0,0.0,1.0,7.0,98.0,7.0,11.0,4.0,228.0,13.0,145.0,77.0,22.0,7.0,7.0,7.0,9.0,0.0,8.0,4.0,9.0,0.0,0.0,0.0,5.0,1.0,4.0,8.0,4.0,1.0,0.0,0.0,0.0,0.0,0.0,0.0,6.0,2.0,2.0,0.0,4.0,1.0,9.0,6.0,35.0,1.0,6.0,5.0,3.0,0.0,8.0,1.0,11.0,0.0,1.0,0.0,9.0,1.0,12.0,5.0,70.0,3.0,3.0,3.0,6.0,0.0,3.0,3.0,281.0,6.0,12.0,5.0,203.0,2.0,89.0,43.0,28.0,25.0,11.0,115.0,13.0,6.0,15.0,231.0,9.0,6.0,3.0,7.0,3.0,1.0,6.0,179.0,7.0,2.0,0.0,4.0,0.0,1.0,1.0,8.0,2.0,4.0,2.0,2.0,5.0,6.0,3.0,65.0,9.0,2.0,1.0,11.0,2.0,0.0,0.0,1.0,3.0,1.0,0.0,0.0,2.0,0.0,1.0,7.0,6.0,5.0,0.0,7.0,0.0,0.0,0.0,4.0,7.0,5.0,1.0,8.0,6.0,5.0,4.0,57.0,36.0,51.0,11.0,244.0,5.0,5.0,17.0,192.0,8.0,1.0,1.0,6.0,6.0,2.0,3.0,85.0,4.0,1.0,0.0,8.0,0.0,2.0,0.0,4.0,3.0,4.0,0.0,5.0,3.0,2.0,5.0,68.0,52.0,118.0,9.0,181.0,8.0,7.0,8.0,75.0,11.0,7.0,2.0,7.0,2.0,8.0,11.0,69.0,105.0,93.0,5.0,81.0,6.0,7.0,6.0,50.0,187.0,88.0,9.0,66.0,89.0,57.0,76.0,1242.0,1.6962155178964966,0.14971508443142592,0.8965179246493274,0.8061293906170248,2.247988352080323,15.802213184576573,3.0142281879194632,0.11967514020787814,0.8198012173260015,0.6523201162247791,2.4867861110638954,14.324872108537116,vasc
562.0,85.0,149.0,121.0,103.0,28.0,91.0,166.0,118.0,21.0,23.0,18.0,103.0,13.0,128.0,143.0,79.0,9.0,15.0,10.0,21.0,5.0,20.0,13.0,84.0,7.0,22.0,16.0,129.0,14.0,137.0,132.0,149.0,23.0,40.0,25.0,23.0,7.0,18.0,18.0,33.0,3.0,4.0,4.0,29.0,5.0,23.0,26.0,94.0,11.0,21.0,9.0,30.0,3.0,21.0,10.0,152.0,12.0,30.0,17.0,187.0,27.0,152.0,134.0,96.0,22.0,23.0,18.0,10.0,4.0,8.0,18.0,33.0,5.0,1.0,4.0,15.0,1.0,14.0,21.0,30.0,7.0,9.0,2.0,7.0,4.0,6.0,3.0,24.0,6.0,7.0,2.0,18.0,6.0,19.0,11.0,74.0,21.0,18.0,11.0,10.0,1.0,13.0,10.0,32.0,4.0,5.0,3.0,15.0,4.0,15.0,17.0,147.0,19.0,22.0,23.0,17.0,7.0,9.0,17.0,199.0,23.0,25.0,23.0,159.0,41.0,129.0,142.0,123.0,76.0,31.0,170.0,28.0,28.0,25.0,205.0,28.0,23.0,4.0,21.0,21.0,19.0,24.0,151.0,29.0,6.0,6.0,10.0,4.0,3.0,4.0,20.0,20.0,9.0,7.0,12.0,18.0,14.0,24.0,137.0,17.0,21.0,8.0,27.0,8.0,8.0,2.0,25.0,12.0,5.0,4.0,6.0,4.0,8.0,8.0,28.0,24.0,18.0,3.0,14.0,6.0,0.0,5.0,23.0,19.0,21.0,6.0,16.0,23.0,21.0,25.0,142.0,94.0,145.0,33.0,217.0,14.0,24.0,18.0,162.0,18.0,18.0,8.0,26.0,13.0,11.0,15.0,148.0,19.0,18.0,8.0,31.0,5.0,2.0,5.0,39.0,21.0,10.0,12.0,21.0,8.0,21.0,16.0,203.0,109.0,139.0,19.0,169.0,19.0,22.0,13.0,129.0,37.0,22.0,7.0,48.0,12.0,24.0,16.0,144.0,145.0,122.0,16.0,137.0,19.0,27.0,26.0,154.0,176.0,110.0,40.0,149.0,150.0,159.0,127.0,1725.0,1.2609849543041858,0.06443249049747296,0.8148996513487706,0.902409225382173,3.1081100718111156,24.58131334166275,2.361673495621435,0.05260700182786421,0.7371804661230587,0.81599306993704,3.3435924439246922,23.30772379081086,mel
389.0,58.0,82.0,87.0,57.0,10.0,84.0,171.0,88.0,11.0,29.0,23.0,83.0,15.0,223.0,297.0,54.0,3.0,12.0,9.0,8.0,1.0,17.0,10.0,77.0,12.0,17.0,18.0,115.0,12.0,249.0,246.0,97.0,14.0,9.0,8.0,14.0,1.0,10.0,13.0,19.0,5.0,5.0,1.0,14.0,3.0,13.0,22.0,90.0,11.0,11.0,11.0,9.0,2.0,7.0,12.0,162.0,15.0,16.0,16.0,206.0,14.0,191.0,156.0,53.0,5.0,16.0,11.0,7.0,0.0,23.0,12.0,20.0,3.0,1.0,4.0,13.0,1.0,12.0,19.0,8.0,1.0,2.0,2.0,0.0,1.0,2.0,3.0,10.0,2.0,4.0,0.0,4.0,2.0,17.0,20.0,99.0,4.0,15.0,7.0,2.0,2.0,11.0,7.0,27.0,1.0,3.0,2.0,20.0,2.0,18.0,27.0,153.0,8.0,12.0,11.0,15.0,0.0,6.0,10.0,251.0,26.0,17.0,24.0,209.0,13.0,130.0,122.0,96.0,95.0,14.0,174.0,20.0,10.0,21.0,264.0,24.0,11.0,3.0,22.0,10.0,10.0,16.0,234.0,11.0,12.0,4.0,16.0,0.0,1.0,5.0,25.0,9.0,13.0,5.0,23.0,7.0,10.0,15.0,156.0,20.0,22.0,2.0,14.0,1.0,2.0,1.0,22.0,6.0,6.0,0.0,2.0,2.0,1.0,1.0,23.0,24.0,24.0,2.0,12.0,1.0,2.0,5.0,21.0,16.0,19.0,3.0,13.0,13.0,12.0,13.0,120.0,87.0,127.0,18.0,182.0,9.0,13.0,14.0,222.0,9.0,11.0,5.0,15.0,12.0,12.0,19.0,164.0,5.0,11.0,8.0,20.0,0.0,1.0,3.0,16.0,6.0,6.0,4.0,10.0,14.0,10.0,12.0,114.0,197.0,285.0,17.0,186.0,18.0,21.0,16.0,151.0,17.0,17.0,3.0,12.0,14.0,10.0,14.0,101.0,292.0,234.0,17.0,154.0,16.0,19.0,13.0,133.0,205.0,176.0,17.0,103.0,156.0,126.0,90.0,1824.0,1.3308159275645641,0.07826539675785758,0.8417022570288485,0.8990109930164634,2.9747549155637114,25.024843313277607,2.4880455015511895,0.06161134437470656,0.7505294465199712,0.8103269945673021,3.2576542328428193,23.747058390805584,mel
387.0,64.0,90.0,93.0,53.0,7.0,116.0,175.0,99.0,15.0,21.0,26.0,103.0,12.0,220.0,312.0,65.0,8.0,10.0,11.0,9.0,1.0,14.0,11.0,97.0,10.0,29.0,13.0,157.0,13.0,207.0,217.0,92.0,11.0,15.0,13.0,16.0,2.0,11.0,13.0,22.0,3.0,0.0,4.0,29.0,2.0,27.0,21.0,120.0,10.0,13.0,12.0,5.0,0.0,18.0,9.0,221.0,7.0,18.0,21.0,326.0,15.0,215.0,191.0,69.0,5.0,19.0,15.0,7.0,1.0,16.0,18.0,18.0,2.0,6.0,3.0,10.0,3.0,17.0,17.0,8.0,0.0,1.0,2.0,0.0,0.0,2.0,1.0,11.0,3.0,0.0,0.0,5.0,0.0,23.0,14.0,99.0,10.0,13.0,10.0,10.0,4.0,15.0,18.0,24.0,5.0,0.0,0.0,22.0,2.0,16.0,20.0,162.0,11.0,8.0,12.0,9.0,3.0,15.0,14.0,329.0,25.0,19.0,16.0,270.0,22.0,181.0,159.0,101.0,110.0,27.0,287.0,13.0,10.0,31.0,357.0,16.0,10.0,5.0,20.0,16.0,14.0,15.0,293.0,18.0,12.0,6.0,19.0,2.0,0.0,1.0,23.0,10.0,12.0,2.0,15.0,6.0,12.0,11.0,175.0,27.0,15.0,0.0,21.0,2.0,3.0,2.0,18.0,0.0,5.0,0.0,2.0,0.0,2.0,0.0,19.0,15.0,22.0,0.0,12.0,2.0,1.0,3.0,16.0,23.0,22.0,3.0,11.0,14.0,14.0,18.0,122.0,99.0,138.0,28.0,294.0,13.0,11.0,23.0,258.0,18.0,8.0,4.0,23.0,14.0,12.0,15.0,226.0,15.0,8.0,2.0,20.0,0.0,0.0,2.0,10.0,16.0,10.0,2.0,10.0,14.0,9.0,12.0,143.0,204.0,213.0,14.0,207.0,15.0,19.0,26.0,175.0,20.0,16.0,2.0,15.0,19.0,19.0,8.0,112.0,287.0,213.0,15.0,157.0,24.0,11.0,15.0,135.0,257.0,188.0,15.0,113.0,177.0,142.0,118.0,2119.0,1.3773947401808853,0.07277539837160023,0.8511366851280825,0.8975661005703227,2.9910204179880284,25.51594326315249,2.582345119041113,0.057101748933209524,0.7632524461777546,0.806839862094914,3.268162704763445,24.155522714849177,mel
131.0,24.0,35.0,9.0,16.0,4.0,17.0,12.0,8.0,4.0,5.0,3.0,16.0,3.0,27.0,32.0,21.0,5.0,5.0,1.0,6.0,0.0,6.0,4.0,15.0,1.0,11.0,7.0,57.0,6.0,106.0,45.0,29.0,8.0,17.0,2.0,6.0,0.0,4.0,1.0,7.0,0.0,0.0,0.0,2.0,1.0,8.0,3.0,19.0,1.0,2.0,2.0,1.0,1.0,1.0,1.0,24.0,2.0,4.0,2.0,99.0,12.0,82.0,27.0,20.0,5.0,8.0,4.0,2.0,0.0,2.0,5.0,6.0,1.0,1.0,1.0,2.0,1.0,2.0,1.0,3.0,1.0,1.0,0.0,1.0,0.0,0.0,1.0,0.0,0.0,1.0,1.0,11.0,1.0,3.0,6.0,11.0,3.0,3.0,5.0,7.0,2.0,0.0,1.0,2.0,2.0,1.0,0.0,4.0,1.0,2.0,2.0,18.0,2.0,3.0,1.0,2.0,0.0,3.0,2.0,33.0,2.0,3.0,2.0,28.0,7.0,36.0,13.0,14.0,14.0,1.0,19.0,6.0,0.0,3.0,18.0,3.0,4.0,0.0,1.0,0.0,0.0,3.0,21.0,1.0,0.0,0.0,2.0,2.0,1.0,0.0,1.0,2.0,5.0,1.0,1.0,4.0,1.0,7.0,15.0,6.0,7.0,1.0,0.0,0.0,1.0,1.0,5.0,1.0,1.0,0.0,3.0,2.0,2.0,0.0,2.0,2.0,4.0,0.0,1.0,0.0,0.0,1.0,2.0,0.0,2.0,3.0,1.0,2.0,2.0,11.0,28.0,11.0,64.0,12.0,73.0,3.0,0.0,2.0,15.0,2.0,1.0,0.0,4.0,0.0,0.0,4.0,11.0,2.0,2.0,2.0,2.0,1.0,0.0,0.0,2.0,0.0,1.0,2.0,3.0,4.0,10.0,4.0,26.0,22.0,88.0,4.0,77.0,2.0,7.0,3.0,9.0,1.0,2.0,1.0,9.0,1.0,1.0,2.0,24.0,23.0,35.0,2.0,23.0,3.0,3.0,2.0,15.0,27.0,20.0,5.0,18.0,16.0,17.0,28.0,430.0,2.1444658618240835,0.06520227690590437,0.7680537257606119,0.8170374458152709,3.1910291722957322,21.297116175327677,4.31046559538525,0.04955574213257016,0.6465410036934328,0.6266352773413171,3.5139346777307185,18.77937301974135,nv
102.0,11.0,29.0,12.0,7.0,0.0,17.0,14.0,10.0,2.0,6.0,6.0,15.0,1.0,50.0,43.0,16.0,2.0,14.0,3.0,0.0,0.0,3.0,0.0,10.0,3.0,13.0,6.0,33.0,1.0,158.0,67.0,25.0,11.0,5.0,4.0,3.0,1.0,0.0,1.0,3.0,1.0,0.0,0.0,5.0,0.0,7.0,0.0,7.0,3.0,1.0,1.0,1.0,0.0,2.0,1.0,14.0,3.0,3.0,0.0,27.0,2.0,48.0,18.0,7.0,1.0,3.0,4.0,1.0,0.0,1.0,2.0,3.0,0.0,1.0,0.0,2.0,1.0,6.0,1.0,4.0,0.0,0.0,0.0,0.0,0.0,0.0,0.0,2.0,0.0,1.0,1.0,2.0,0.0,2.0,6.0,18.0,2.0,4.0,3.0,1.0,0.0,2.0,0.0,4.0,0.0,1.0,0.0,1.0,0.0,0.0,2.0,19.0,2.0,2.0,2.0,1.0,0.0,0.0,2.0,18.0,1.0,1.0,0.0,15.0,2.0,20.0,9.0,12.0,10.0,3.0,28.0,1.0,1.0,1.0,25.0,1.0,3.0,0.0,2.0,1.0,0.0,1.0,25.0,4.0,3.0,0.0,1.0,0.0,0.0,2.0,1.0,1.0,1.0,0.0,2.0,0.0,2.0,7.0,23.0,7.0,15.0,1.0,2.0,0.0,1.0,0.0,5.0,1.0,0.0,0.0,0.0,1.0,1.0,0.0,2.0,5.0,5.0,0.0,1.0,0.0,0.0,0.0,3.0,3.0,2.0,0.0,1.0,2.0,3.0,3.0,7.0,14.0,39.0,3.0,65.0,1.0,4.0,3.0,31.0,1.0,1.0,0.0,1.0,0.0,0.0,1.0,16.0,3.0,3.0,1.0,4.0,1.0,0.0,0.0,1.0,1.0,1.0,0.0,2.0,1.0,4.0,5.0,31.0,42.0,215.0,4.0,67.0,3.0,7.0,2.0,24.0,0.0,7.0,0.0,3.0,2.0,8.0,5.0,20.0,64.0,72.0,1.0,32.0,2.0,6.0,2.0,13.0,34.0,23.0,3.0,16.0,17.0,28.0,14.0,660.0,2.8381165483023647,0.0752783316857667,0.7846729024008229,0.7695889667306752,3.08347314801367,21.797132103049503,5.043379446640313,0.057145787115874314,0.6619230505365717,0.5812318184906266,3.425560325526717,19.04335717438173,nv
121.0,14.0,20.0,12.0,13.0,4.0,12.0,30.0,17.0,1.0,10.0,8.0,21.0,3.0,49.0,81.0,13.0,2.0,6.0,3.0,3.0,0.0,4.0,1.0,9.0,3.0,8.0,5.0,36.0,1.0,154.0,69.0,19.0,14.0,4.0,2.0,5.0,0.0,1.0,2.0,5.0,0.0,1.0,1.0,3.0,0.0,1.0,3.0,12.0,1.0,3.0,1.0,0.0,0.0,3.0,4.0,25.0,3.0,5.0,2.0,67.0,4.0,70.0,35.0,10.0,2.0,1.0,0.0,1.0,0.0,2.0,2.0,0.0,0.0,1.0,0.0,1.0,0.0,5.0,4.0,2.0,0.0,1.0,1.0,0.0,0.0,0.0,0.0,2.0,0.0,1.0,0.0,1.0,0.0,6.0,1.0,18.0,2.0,0.0,1.0,2.0,0.0,3.0,1.0,5.0,0.0,1.0,0.0,3.0,0.0,1.0,4.0,15.0,0.0,1.0,3.0,3.0,0.0,1.0,4.0,31.0,1.0,3.0,2.0,46.0,3.0,15.0,23.0,19.0,10.0,3.0,22.0,2.0,4.0,4.0,28.0,7.0,1.0,0.0,4.0,5.0,1.0,4.0,42.0,5.0,3.0,0.0,0.0,0.0,0.0,0.0,1.0,3.0,1.0,0.0,2.0,0.0,2.0,5.0,26.0,4.0,9.0,1.0,3.0,0.0,0.0,0.0,3.0,1.0,0.0,0.0,0.0,0.0,1.0,0.0,2.0,10.0,7.0,0.0,1.0,0.0,0.0,0.0,0.0,1.0,4.0,0.0,1.0,0.0,5.0,3.0,26.0,12.0,19.0,1.0,36.0,1.0,1.0,4.0,22.0,2.0,3.0,0.0,0.0,3.0,1.0,2.0,22.0,0.0,0.0,1.0,3.0,0.0,0.0,0.0,1.0,2.0,3.0,1.0,2.0,3.0,3.0,2.0,26.0,49.0,126.0,2.0,45.0,2.0,2.0,3.0,16.0,0.0,2.0,1.0,3.0,2.0,6.0,2.0,12.0,59.0,76.0,1.0,23.0,2.0,2.0,3.0,18.0,26.0,23.0,1.0,17.0,24.0,19.0,24.0,677.0,3.412064090480678,0.08738530683890589,0.7807021720738894,0.7570674519530064,3.0939251618879746,24.678565328354,5.860255302812174,0.0698080543289716,0.6613956613035574,0.5692202922614419,3.4341771549998037,21.347411156578143,nv
138.0,16.0,26.0,20.0,20.0,0.0,20.0,31.0,21.0,5.0,4.0,6.0,21.0,2.0,31.0,83.0,10.0,2.0,2.0,1.0,7.0,0.0,3.0,1.0,19.0,3.0,4.0,3.0,41.0,4.0,69.0,49.0,31.0,2.0,4.0,2.0,5.0,0.0,3.0,1.0,7.0,1.0,2.0,1.0,12.0,0.0,3.0,5.0,27.0,0.0,2.0,2.0,6.0,0.0,3.0,2.0,41.0,1.0,4.0,3.0,113.0,7.0,73.0,33.0,36.0,9.0,4.0,7.0,3.0,0.0,1.0,2.0,7.0,0.0,1.0,2.0,4.0,0.0,0.0,2.0,6.0,0.0,1.0,0.0,1.0,0.0,0.0,0.0,6.0,1.0,2.0,1.0,2.0,1.0,1.0,2.0,27.0,4.0,7.0,1.0,4.0,0.0,0.0,1.0,8.0,2.0,1.0,0.0,9.0,2.0,2.0,0.0,33.0,5.0,2.0,3.0,4.0,1.0,3.0,3.0,70.0,14.0,2.0,7.0,57.0,7.0,23.0,19.0,21.0,22.0,7.0,49.0,6.0,3.0,5.0,65.0,2.0,3.0,3.0,2.0,3.0,1.0,7.0,62.0,2.0,3.0,0.0,5.0,0.0,0.0,1.0,4.0,3.0,3.0,0.0,1.0,1.0,2.0,2.0,30.0,4.0,8.0,2.0,2.0,0.0,0.0,1.0,4.0,1.0,0.0,1.0,2.0,2.0,0.0,1.0,1.0,4.0,2.0,1.0,1.0,1.0,0.0,3.0,4.0,8.0,4.0,0.0,6.0,4.0,2.0,7.0,19.0,26.0,52.0,12.0,194.0,1.0,8.0,6.0,78.0,4.0,5.0,0.0,1.0,4.0,1.0,1.0,30.0,5.0,1.0,4.0,4.0,0.0,2.0,0.0,6.0,2.0,3.0,1.0,3.0,2.0,3.0,3.0,19.0,46.0,80.0,6.0,78.0,2.0,5.0,6.0,29.0,5.0,7.0,0.0,10.0,1.0,5.0,2.0,23.0,38.0,51.0,4.0,37.0,5.0,9.0,6.0,39.0,55.0,48.0,6.0,34.0,28.0,27.0,29.0,875.0,3.0211009174311916,0.06580490505202231,0.8084103433438022,0.8751787279975063,3.1788464762603397,45.385727004829484,6.033247163578919,0.04697737434459227,0.6923443483186864,0.746299955521106,3.5362634811963427,41.52880333563453,vasc
187.0,28.0,17.0,20.0,25.0,4.0,10.0,24.0,24.0,4.0,9.0,6.0,23.0,4.0,34.0,42.0,21.0,10.0,8.0,7.0,2.0,2.0,3.0,4.0,11.0,3.0,12.0,7.0,37.0,4.0,76.0,53.0,14.0,5.0,7.0,7.0,4.0,2.0,4.0,3.0,4.0,1.0,2.0,0.0,4.0,4.0,4.0,3.0,20.0,4.0,4.0,1.0,1.0,1.0,6.0,1.0,18.0,0.0,10.0,2.0,44.0,4.0,72.0,22.0,23.0,5.0,5.0,5.0,3.0,1.0,2.0,4.0,3.0,0.0,2.0,2.0,4.0,0.0,3.0,8.0,5.0,1.0,1.0,1.0,0.0,0.0,0.0,1.0,2.0,4.0,2.0,1.0,1.0,0.0,2.0,8.0,22.0,8.0,5.0,7.0,2.0,0.0,1.0,5.0,6.0,1.0,3.0,2.0,1.0,1.0,1.0,2.0,22.0,4.0,1.0,2.0,2.0,0.0,0.0,3.0,66.0,5.0,7.0,2.0,52.0,9.0,25.0,15.0,26.0,24.0,3.0,27.0,4.0,3.0,10.0,37.0,2.0,4.0,0.0,7.0,3.0,1.0,5.0,37.0,8.0,3.0,0.0,1.0,2.0,2.0,1.0,5.0,2.0,2.0,0.0,5.0,2.0,5.0,4.0,17.0,5.0,8.0,0.0,9.0,1.0,0.0,1.0,3.0,2.0,3.0,0.0,3.0,1.0,1.0,0.0,8.0,4.0,4.0,1.0,2.0,3.0,2.0,1.0,5.0,4.0,1.0,2.0,2.0,4.0,3.0,11.0,30.0,24.0,35.0,3.0,50.0,7.0,6.0,6.0,34.0,2.0,2.0,1.0,7.0,6.0,4.0,2.0,34.0,2.0,5.0,0.0,6.0,0.0,2.0,0.0,11.0,2.0,4.0,1.0,7.0,3.0,0.0,6.0,22.0,48.0,93.0,4.0,70.0,1.0,6.0,6.0,20.0,4.0,7.0,0.0,9.0,4.0,3.0,5.0,33.0,50.0,74.0,2.0,35.0,4.0,5.0,2.0,31.0,42.0,30.0,8.0,23.0,26.0,16.0,19.0,787.0,3.7817457154244734,0.05867504484850949,0.7731418925447232,0.8520163636235683,3.3044360633128376,47.32857712871367,7.288212435233164,0.04305808820475887,0.6642401483838644,0.7118902002319499,3.6137893640909016,43.305085266550776,vasc
955.0,135.0,271.0,146.0,140.0,41.0,160.0,117.0,201.0,27.0,46.0,34.0,142.0,26.0,228.0,194.0,141.0,30.0,56.0,38.0,49.0,12.0,29.0,24.0,152.0,18.0,67.0,32.0,183.0,40.0,344.0,274.0,253.0,42.0,62.0,34.0,56.0,13.0,30.0,31.0,66.0,7.0,17.0,6.0,64.0,15.0,53.0,37.0,133.0,28.0,22.0,28.0,39.0,14.0,40.0,19.0,241.0,26.0,50.0,37.0,354.0,64.0,354.0,278.0,135.0,32.0,48.0,29.0,19.0,9.0,31.0,21.0,43.0,7.0,12.0,9.0,18.0,4.0,32.0,39.0,40.0,13.0,14.0,5.0,15.0,8.0,11.0,6.0,25.0,9.0,12.0,13.0,38.0,15.0,53.0,58.0,141.0,26.0,31.0,26.0,20.0,7.0,30.0,17.0,33.0,12.0,7.0,8.0,28.0,8.0,34.0,48.0,135.0,15.0,29.0,24.0,16.0,9.0,32.0,21.0,199.0,35.0,31.0,41.0,286.0,51.0,272.0,293.0,155.0,125.0,33.0,202.0,35.0,26.0,38.0,191.0,35.0,24.0,8.0,31.0,15.0,26.0,34.0,230.0,37.0,20.0,9.0,32.0,13.0,7.0,7.0,43.0,21.0,21.0,13.0,41.0,38.0,34.0,34.0,261.0,42.0,51.0,6.0,38.0,9.0,14.0,8.0,43.0,8.0,6.0,4.0,6.0,5.0,16.0,13.0,60.0,44.0,31.0,7.0,31.0,11.0,16.0,10.0,43.0,39.0,27.0,16.0,34.0,52.0,63.0,88.0,317.0,143.0,190.0,63.0,330.0,31.0,14.0,33.0,270.0,25.0,26.0,5.0,48.0,25.0,19.0,31.0,255.0,28.0,30.0,13.0,45.0,16.0,4.0,5.0,60.0,25.0,25.0,15.0,51.0,24.0,32.0,59.0,371.0,226.0,519.0,48.0,408.0,34.0,51.0,24.0,250.0,27.0,45.0,13.0,66.0,40.0,50.0,39.0,295.0,222.0,289.0,48.0,276.0,35.0,50.0,36.0,259.0,225.0,269.0,63.0,297.0,256.0,364.0,355.0,3361.0,0.6499851972061093,0.13561653517433234,0.8847160112610029,0.8716532400436041,2.434709388667446,9.478594556999347,1.1660113442370177,0.11714486146218478,0.8366465440278923,0.7694044956351241,2.596140923379485,8.947033551833577,vasc
689.0,89.0,281.0,156.0,106.0,28.0,188.0,152.0,104.0,15.0,43.0,27.0,120.0,24.0,261.0,254.0,120.0,18.0,38.0,19.0,24.0,5.0,26.0,17.0,110.0,18.0,64.0,33.0,190.0,24.0,449.0,368.0,218.0,37.0,63.0,30.0,31.0,13.0,44.0,31.0,38.0,9.0,8.0,8.0,38.0,9.0,52.0,38.0,164.0,16.0,37.0,24.0,22.0,4.0,23.0,11.0,268.0,25.0,45.0,25.0,367.0,49.0,374.0,222.0,71.0,19.0,30.0,12.0,13.0,5.0,22.0,21.0,13.0,1.0,2.0,2.0,8.0,2.0,32.0,21.0,27.0,4.0,8.0,1.0,5.0,3.0,2.0,4.0,20.0,4.0,8.0,10.0,24.0,7.0,56.0,53.0,135.0,30.0,29.0,9.0,17.0,4.0,15.0,10.0,28.0,1.0,0.0,2.0,17.0,5.0,21.0,15.0,203.0,13.0,22.0,12.0,17.0,6.0,16.0,14.0,335.0,17.0,37.0,17.0,296.0,35.0,199.0,166.0,92.0,101.0,16.0,253.0,20.0,24.0,26.0,177.0,25.0,11.0,8.0,21.0,12.0,17.0,24.0,214.0,14.0,14.0,2.0,28.0,2.0,4.0,2.0,12.0,15.0,19.0,7.0,24.0,17.0,31.0,26.0,259.0,29.0,52.0,9.0,32.0,3.0,6.0,4.0,30.0,4.0,8.0,1.0,5.0,6.0,12.0,4.0,47.0,24.0,28.0,7.0,21.0,6.0,3.0,3.0,19.0,17.0,21.0,6.0,31.0,28.0,38.0,40.0,228.0,101.0,174.0,34.0,742.0,16.0,22.0,24.0,334.0,15.0,13.0,6.0,17.0,11.0,16.0,14.0,256.0,18.0,27.0,6.0,34.0,5.0,6.0,8.0,27.0,18.0,13.0,6.0,34.0,28.0,26.0,59.0,318.0,214.0,378.0,27.0,555.0,30.0,38.0,17.0,203.0,23.0,24.0,4.0,38.0,18.0,36.0,26.0,195.0,316.0,319.0,30.0,162.0,32.0,32.0,25.0,128.0,333.0,235.0,36.0,152.0,261.0,319.0,256.0,2075.0,1.2537066902507548,0.07724767581677215,0.8657259807412863,0.8937079045143435,2.9047853947108737,22.33613194304512,2.3844606158790715,0.060829340474703064,0.800267200594678,0.8008913831094304,3.1237267067252437,21.56689471084265,nv
1474.0,148.0,140.0,56.0,183.0,57.0,63.0,88.0,149.0,33.0,33.0,21.0,59.0,36.0,73.0,115.0,143.0,42.0,30.0,19.0,40.0,22.0,32.0,40.0,63.0,21.0,14.0,12.0,77.0,39.0,109.0,146.0,146.0,26.0,41.0,21.0,31.0,11.0,25.0,26.0,35.0,16.0,13.0,15.0,35.0,19.0,29.0,44.0,74.0,12.0,23.0,13.0,17.0,14.0,23.0,19.0,71.0,24.0,30.0,17.0,109.0,33.0,147.0,152.0,190.0,53.0,28.0,34.0,42.0,27.0,15.0,33.0,47.0,10.0,15.0,17.0,17.0,8.0,17.0,31.0,37.0,20.0,18.0,14.0,16.0,13.0,20.0,12.0,33.0,11.0,11.0,5.0,32.0,24.0,28.0,55.0,58.0,27.0,33.0,22.0,25.0,10.0,13.0,15.0,27.0,11.0,17.0,12.0,24.0,12.0,18.0,29.0,87.0,38.0,21.0,21.0,28.0,15.0,15.0,27.0,198.0,54.0,71.0,39.0,206.0,68.0,144.0,178.0,168.0,58.0,36.0,77.0,35.0,25.0,25.0,128.0,31.0,21.0,19.0,39.0,20.0,18.0,36.0,164.0,28.0,13.0,15.0,24.0,11.0,9.0,14.0,55.0,17.0,9.0,9.0,16.0,26.0,16.0,28.0,146.0,36.0,22.0,15.0,35.0,11.0,13.0,12.0,50.0,20.0,14.0,9.0,21.0,12.0,14.0,17.0,79.0,23.0,16.0,17.0,21.0,16.0,4.0,11.0,44.0,32.0,20.0,14.0,27.0,38.0,32.0,76.0,285.0,71.0,114.0,39.0,160.0,19.0,43.0,18.0,163.0,22.0,22.0,12.0,61.0,16.0,27.0,28.0,157.0,27.0,39.0,11.0,58.0,15.0,16.0,11.0,60.0,19.0,25.0,9.0,42.0,20.0,16.0,42.0,183.0,59.0,123.0,28.0,190.0,20.0,48.0,15.0,169.0,33.0,46.0,27.0,98.0,19.0,29.0,39.0,270.0,65.0,120.0,42.0,174.0,25.0,45.0,30.0,202.0,163.0,146.0,81.0,262.0,166.0,179.0,218.0,2247.0,5.148418415283434,0.03944845707054334,0.6732065281709179,0.7130701295877326,3.7235197515910907,30.737830777845634,6.948955989489087,0.0315464977146186,0.6216828821981729,0.6145878879339826,3.8977650606555776,29.11091743918404,nv
497.0,99.0,109.0,157.0,44.0,8.0,90.0,224.0,97.0,16.0,35.0,28.0,85.0,16.0,245.0,787.0,77.0,19.0,21.0,8.0,7.0,1.0,14.0,11.0,136.0,20.0,28.0,29.0,161.0,4.0,386.0,382.0,145.0,16.0,25.0,17.0,16.0,1.0,7.0,17.0,23.0,2.0,5.0,4.0,18.0,1.0,24.0,13.0,169.0,18.0,21.0,14.0,8.0,3.0,12.0,13.0,340.0,25.0,28.0,23.0,433.0,16.0,402.0,187.0,59.0,17.0,15.0,18.0,4.0,1.0,12.0,10.0,8.0,2.0,3.0,2.0,10.0,2.0,17.0,25.0,5.0,3.0,3.0,2.0,4.0,0.0,4.0,2.0,13.0,2.0,2.0,7.0,13.0,2.0,28.0,17.0,122.0,17.0,17.0,20.0,9.0,0.0,7.0,17.0,21.0,3.0,2.0,3.0,18.0,3.0,17.0,23.0,179.0,11.0,17.0,17.0,14.0,0.0,11.0,12.0,413.0,23.0,25.0,24.0,465.0,17.0,310.0,182.0,160.0,171.0,16.0,264.0,6.0,15.0,11.0,344.0,27.0,21.0,3.0,31.0,16.0,14.0,27.0,564.0,8.0,15.0,2.0,14.0,2.0,2.0,4.0,18.0,10.0,16.0,3.0,27.0,15.0,14.0,10.0,197.0,39.0,50.0,4.0,19.0,1.0,4.0,3.0,20.0,1.0,4.0,1.0,6.0,4.0,4.0,3.0,23.0,27.0,30.0,3.0,14.0,3.0,3.0,3.0,22.0,30.0,25.0,1.0,16.0,21.0,12.0,21.0,151.0,131.0,234.0,21.0,370.0,12.0,15.0,21.0,346.0,7.0,14.0,3.0,25.0,16.0,13.0,31.0,276.0,16.0,14.0,2.0,23.0,2.0,2.0,0.0,20.0,11.0,15.0,3.0,28.0,19.0,11.0,21.0,180.0,339.0,533.0,32.0,477.0,24.0,41.0,16.0,291.0,22.0,20.0,4.0,28.0,23.0,28.0,16.0,194.0,447.0,441.0,26.0,292.0,25.0,25.0,16.0,171.0,392.0,259.0,31.0,162.0,314.0,210.0,188.0,2496.0,1.613762728405049,0.0824465434651963,0.8874582963027305,0.8841721119365759,2.829232508533965,26.25107630796577,3.0148243801652903,0.06354506978343137,0.8155757179833575,0.7814277543365915,3.076475212317939,24.571700807556688,nv
235.0,41.0,80.0,41.0,35.0,6.0,37.0,47.0,32.0,7.0,13.0,6.0,38.0,5.0,68.0,90.0,39.0,3.0,14.0,10.0,9.0,4.0,4.0,3.0,35.0,1.0,9.0,11.0,53.0,3.0,154.0,111.0,90.0,13.0,29.0,8.0,22.0,4.0,13.0,5.0,12.0,2.0,0.0,1.0,13.0,2.0,10.0,14.0,29.0,6.0,8.0,4.0,3.0,2.0,2.0,4.0,59.0,6.0,6.0,15.0,128.0,16.0,143.0,71.0,42.0,8.0,15.0,11.0,6.0,1.0,2.0,4.0,3.0,0.0,0.0,0.0,7.0,4.0,7.0,8.0,8.0,2.0,7.0,2.0,0.0,0.0,1.0,2.0,4.0,3.0,2.0,1.0,5.0,3.0,13.0,10.0,42.0,2.0,10.0,4.0,9.0,2.0,5.0,3.0,6.0,1.0,0.0,0.0,7.0,1.0,6.0,6.0,37.0,10.0,8.0,2.0,4.0,1.0,3.0,5.0,93.0,9.0,9.0,12.0,85.0,5.0,54.0,50.0,33.0,25.0,16.0,66.0,4.0,5.0,8.0,69.0,5.0,5.0,2.0,8.0,2.0,8.0,6.0,51.0,1.0,6.0,1.0,8.0,1.0,0.0,3.0,6.0,6.0,4.0,1.0,13.0,6.0,2.0,7.0,78.0,9.0,23.0,2.0,12.0,4.0,4.0,1.0,7.0,3.0,3.0,0.0,2.0,2.0,4.0,3.0,14.0,10.0,12.0,4.0,7.0,1.0,2.0,2.0,10.0,11.0,7.0,1.0,9.0,10.0,17.0,12.0,76.0,32.0,52.0,19.0,148.0,3.0,10.0,9.0,80.0,6.0,2.0,1.0,10.0,8.0,5.0,7.0,74.0,3.0,7.0,4.0,15.0,1.0,0.0,1.0,14.0,4.0,9.0,4.0,20.0,7.0,9.0,9.0,109.0,54.0,132.0,9.0,120.0,7.0,15.0,10.0,67.0,12.0,15.0,1.0,12.0,10.0,17.0,10.0,64.0,58.0,67.0,13.0,66.0,4.0,8.0,5.0,56.0,57.0,68.0,13.0,85.0,57.0,104.0,78.0,1155.0,1.0056774088142793,0.18787947322620518,0.8732603692771775,0.7919231791330633,2.268821669182116,8.660727572040386,1.9580626593207795,0.16287431108980036,0.8040578251362993,0.595735688418063,2.4613383579503045,7.728979225027786,vasc
273.0,35.0,27.0,34.0,35.0,7.0,33.0,51.0,94.0,18.0,12.0,16.0,34.0,3.0,72.0,137.0,41.0,6.0,6.0,2.0,4.0,1.0,5.0,5.0,46.0,8.0,7.0,12.0,43.0,6.0,91.0,115.0,32.0,6.0,9.0,6.0,5.0,0.0,3.0,4.0,18.0,1.0,0.0,3.0,6.0,1.0,9.0,12.0,30.0,6.0,5.0,6.0,5.0,0.0,9.0,3.0,50.0,6.0,8.0,11.0,65.0,5.0,62.0,75.0,43.0,6.0,11.0,3.0,5.0,0.0,6.0,4.0,20.0,4.0,2.0,5.0,4.0,2.0,6.0,13.0,6.0,2.0,0.0,1.0,0.0,1.0,1.0,2.0,7.0,3.0,0.0,4.0,1.0,3.0,4.0,11.0,33.0,9.0,1.0,4.0,1.0,2.0,6.0,9.0,29.0,3.0,0.0,8.0,11.0,3.0,9.0,10.0,54.0,10.0,3.0,6.0,7.0,2.0,6.0,9.0,134.0,17.0,10.0,26.0,65.0,11.0,73.0,111.0,87.0,37.0,14.0,59.0,23.0,8.0,17.0,124.0,22.0,6.0,3.0,8.0,17.0,8.0,12.0,113.0,28.0,5.0,3.0,15.0,4.0,2.0,7.0,12.0,5.0,6.0,1.0,8.0,7.0,3.0,8.0,70.0,15.0,10.0,3.0,6.0,2.0,1.0,3.0,7.0,4.0,3.0,0.0,2.0,1.0,0.0,5.0,11.0,17.0,12.0,4.0,7.0,5.0,1.0,6.0,15.0,9.0,6.0,1.0,7.0,9.0,11.0,15.0,68.0,51.0,35.0,9.0,74.0,8.0,4.0,8.0,81.0,15.0,12.0,1.0,12.0,7.0,0.0,6.0,56.0,8.0,8.0,0.0,9.0,2.0,1.0,1.0,10.0,3.0,4.0,1.0,6.0,1.0,5.0,4.0,41.0,61.0,54.0,5.0,59.0,5.0,3.0,11.0,60.0,9.0,9.0,2.0,16.0,10.0,3.0,8.0,76.0,106.0,66.0,8.0,72.0,15.0,9.0,20.0,101.0,93.0,54.0,16.0,80.0,71.0,66.0,70.0,1254.0,1.2330501618122982,0.17940694107335492,0.8638374940041411,0.7572841733056078,2.310374385018099,8.927392843536934,2.191799210836758,0.15747651008381708,0.7986598949980511,0.5708268301520273,2.485928210710164,8.022255929717184,vasc
153.0,13.0,41.0,28.0,13.0,2.0,26.0,35.0,36.0,2.0,7.0,8.0,17.0,1.0,61.0,112.0,8.0,0.0,4.0,3.0,1.0,1.0,5.0,2.0,25.0,2.0,2.0,4.0,38.0,5.0,154.0,77.0,40.0,3.0,16.0,9.0,7.0,1.0,5.0,6.0,17.0,0.0,4.0,0.0,9.0,0.0,10.0,6.0,20.0,5.0,4.0,2.0,4.0,0.0,3.0,5.0,65.0,5.0,9.0,6.0,118.0,4.0,184.0,72.0,19.0,2.0,10.0,3.0,2.0,0.0,2.0,0.0,5.0,0.0,0.0,2.0,5.0,0.0,4.0,6.0,1.0,0.0,2.0,0.0,0.0,0.0,1.0,0.0,5.0,0.0,1.0,0.0,2.0,0.0,2.0,1.0,34.0,3.0,5.0,5.0,6.0,0.0,2.0,4.0,7.0,1.0,0.0,0.0,6.0,0.0,8.0,3.0,37.0,5.0,3.0,1.0,1.0,1.0,3.0,1.0,128.0,6.0,6.0,2.0,101.0,9.0,64.0,36.0,25.0,17.0,13.0,62.0,4.0,1.0,10.0,82.0,11.0,5.0,1.0,2.0,12.0,4.0,8.0,108.0,4.0,3.0,0.0,7.0,0.0,0.0,0.0,10.0,2.0,1.0,0.0,8.0,4.0,1.0,5.0,60.0,4.0,6.0,2.0,9.0,0.0,0.0,2.0,10.0,7.0,0.0,0.0,0.0,0.0,2.0,2.0,13.0,3.0,4.0,1.0,9.0,0.0,0.0,0.0,5.0,2.0,4.0,2.0,7.0,6.0,9.0,12.0,95.0,24.0,57.0,14.0,171.0,7.0,3.0,12.0,120.0,7.0,3.0,0.0,3.0,2.0,1.0,8.0,76.0,1.0,2.0,1.0,5.0,0.0,1.0,1.0,6.0,1.0,1.0,0.0,12.0,4.0,3.0,3.0,71.0,60.0,138.0,12.0,156.0,4.0,5.0,2.0,67.0,4.0,4.0,1.0,17.0,9.0,6.0,4.0,114.0,75.0,67.0,4.0,69.0,2.0,3.0,2.0,44.0,128.0,59.0,12.0,81.0,65.0,39.0,96.0,3258.0,0.6998621060774223,0.4424031398024464,0.9323450798034594,0.7823440742959966,1.4486461825177364,5.731041199805319,1.327899410289433,0.42671719707028793,0.8817784932253772,0.5769554373008378,1.5883531283724788,4.949923435686898,vasc
855.0,118.0,322.0,178.0,96.0,21.0,138.0,136.0,124.0,16.0,31.0,29.0,88.0,23.0,189.0,171.0,111.0,20.0,42.0,26.0,20.0,5.0,25.0,20.0,119.0,18.0,44.0,21.0,184.0,21.0,374.0,193.0,302.0,46.0,79.0,34.0,46.0,9.0,31.0,19.0,39.0,4.0,8.0,5.0,33.0,7.0,41.0,35.0,195.0,21.0,37.0,24.0,32.0,8.0,20.0,16.0,236.0,25.0,47.0,20.0,314.0,45.0,275.0,167.0,119.0,31.0,46.0,24.0,16.0,6.0,20.0,14.0,19.0,6.0,4.0,4.0,5.0,3.0,37.0,29.0,17.0,5.0,11.0,7.0,7.0,3.0,2.0,4.0,28.0,5.0,8.0,7.0,27.0,11.0,54.0,38.0,159.0,31.0,30.0,21.0,17.0,7.0,19.0,24.0,22.0,9.0,4.0,3.0,24.0,7.0,29.0,14.0,148.0,22.0,18.0,12.0,20.0,7.0,19.0,10.0,186.0,24.0,37.0,27.0,216.0,52.0,186.0,143.0,125.0,131.0,42.0,232.0,19.0,23.0,32.0,166.0,18.0,8.0,4.0,21.0,16.0,25.0,21.0,173.0,18.0,17.0,3.0,26.0,2.0,4.0,3.0,20.0,14.0,13.0,1.0,24.0,23.0,22.0,42.0,189.0,45.0,73.0,10.0,26.0,4.0,4.0,2.0,25.0,4.0,7.0,0.0,6.0,6.0,12.0,8.0,45.0,25.0,35.0,3.0,20.0,5.0,5.0,3.0,17.0,20.0,23.0,6.0,20.0,26.0,44.0,40.0,172.0,135.0,237.0,44.0,320.0,13.0,40.0,23.0,212.0,13.0,21.0,7.0,35.0,18.0,33.0,21.0,214.0,30.0,39.0,14.0,55.0,4.0,11.0,7.0,45.0,22.0,36.0,6.0,49.0,36.0,42.0,35.0,347.0,279.0,452.0,38.0,323.0,29.0,53.0,35.0,179.0,25.0,28.0,3.0,43.0,37.0,46.0,23.0,218.0,191.0,227.0,29.0,195.0,25.0,48.0,20.0,154.0,163.0,242.0,36.0,239.0,234.0,366.0,205.0,2271.0,1.0734021350369944,0.07432013711712927,0.8001025349510111,0.9097239409553101,3.1260862077967198,22.707036364291337,2.0354055166735274,0.061931811245982134,0.7248440677130266,0.8246109738941874,3.348139646428309,21.174775437812862,mel
1763.0,155.0,169.0,93.0,207.0,41.0,103.0,119.0,176.0,29.0,46.0,30.0,88.0,31.0,106.0,139.0,179.0,35.0,40.0,20.0,59.0,15.0,41.0,34.0,96.0,29.0,27.0,24.0,175.0,58.0,191.0,153.0,189.0,30.0,46.0,24.0,37.0,13.0,33.0,27.0,56.0,10.0,18.0,11.0,50.0,16.0,47.0,58.0,97.0,17.0,22.0,16.0,36.0,16.0,27.0,25.0,145.0,34.0,40.0,26.0,296.0,73.0,304.0,184.0,194.0,56.0,35.0,41.0,43.0,18.0,33.0,32.0,38.0,9.0,12.0,14.0,25.0,20.0,29.0,39.0,50.0,20.0,10.0,15.0,29.0,11.0,16.0,25.0,29.0,7.0,8.0,8.0,56.0,20.0,61.0,51.0,85.0,41.0,28.0,20.0,27.0,18.0,20.0,16.0,37.0,16.0,15.0,19.0,32.0,23.0,28.0,39.0,103.0,39.0,23.0,19.0,43.0,18.0,17.0,28.0,186.0,58.0,69.0,36.0,242.0,90.0,210.0,219.0,161.0,75.0,49.0,125.0,35.0,30.0,37.0,177.0,26.0,23.0,17.0,49.0,22.0,21.0,38.0,177.0,30.0,21.0,20.0,39.0,18.0,11.0,17.0,54.0,21.0,18.0,13.0,21.0,34.0,19.0,49.0,188.0,48.0,22.0,17.0,38.0,10.0,9.0,17.0,59.0,11.0,7.0,8.0,14.0,17.0,16.0,28.0,87.0,26.0,21.0,12.0,28.0,12.0,10.0,15.0,40.0,39.0,26.0,26.0,41.0,79.0,42.0,109.0,324.0,86.0,140.0,44.0,291.0,34.0,40.0,33.0,206.0,19.0,30.0,14.0,83.0,8.0,26.0,34.0,157.0,35.0,32.0,20.0,88.0,10.0,20.0,23.0,92.0,17.0,25.0,11.0,56.0,29.0,40.0,51.0,275.0,106.0,193.0,52.0,261.0,35.0,51.0,28.0,185.0,29.0,41.0,20.0,75.0,13.0,40.0,43.0,271.0,133.0,130.0,47.0,163.0,44.0,58.0,40.0,190.0,161.0,186.0,88.0,298.0,188.0,248.0,263.0,2970.0,5.809320557491293,0.06022931201702846,0.6750148945491438,0.6289528264433345,3.615026847832733,25.50378985812599,6.929201436238759,0.05101635095714374,0.6114181394897353,0.5510027647603702,3.8121491096682694,23.936028424433516,mel
601.0,86.0,210.0,170.0,67.0,12.0,149.0,154.0,103.0,17.0,31.0,23.0,115.0,21.0,297.0,271.0,93.0,17.0,39.0,22.0,9.0,1.0,21.0,23.0,115.0,16.0,47.0,25.0,187.0,16.0,563.0,326.0,175.0,41.0,49.0,30.0,18.0,5.0,25.0,19.0,31.0,1.0,4.0,1.0,30.0,3.0,28.0,21.0,150.0,17.0,23.0,13.0,19.0,4.0,15.0,14.0,234.0,23.0,26.0,18.0,322.0,31.0,313.0,205.0,60.0,10.0,22.0,18.0,10.0,1.0,13.0,14.0,16.0,1.0,2.0,2.0,11.0,3.0,34.0,19.0,10.0,1.0,7.0,2.0,2.0,0.0,1.0,0.0,13.0,1.0,9.0,3.0,26.0,4.0,49.0,29.0,108.0,12.0,29.0,17.0,12.0,2.0,14.0,10.0,21.0,1.0,4.0,2.0,18.0,2.0,17.0,9.0,165.0,9.0,21.0,20.0,16.0,3.0,18.0,4.0,218.0,18.0,17.0,14.0,211.0,24.0,215.0,152.0,111.0,104.0,30.0,248.0,13.0,12.0,17.0,231.0,20.0,13.0,0.0,18.0,12.0,15.0,28.0,207.0,7.0,12.0,4.0,27.0,2.0,1.0,3.0,20.0,17.0,10.0,2.0,29.0,9.0,21.0,32.0,208.0,30.0,44.0,3.0,40.0,0.0,8.0,4.0,32.0,2.0,5.0,0.0,2.0,2.0,10.0,5.0,28.0,18.0,26.0,2.0,20.0,2.0,2.0,2.0,14.0,15.0,20.0,4.0,20.0,29.0,16.0,24.0,156.0,99.0,180.0,32.0,319.0,12.0,24.0,21.0,292.0,8.0,9.0,1.0,20.0,19.0,23.0,25.0,252.0,11.0,22.0,3.0,22.0,2.0,7.0,0.0,24.0,8.0,18.0,4.0,24.0,21.0,29.0,26.0,280.0,241.0,431.0,23.0,312.0,20.0,32.0,18.0,179.0,18.0,11.0,1.0,19.0,27.0,37.0,18.0,139.0,243.0,250.0,18.0,165.0,15.0,30.0,14.0,137.0,235.0,175.0,19.0,116.0,210.0,251.0,147.0,2296.0,1.4822874264182924,0.07966129043053562,0.8190971106600493,0.8895564434041384,3.0937587562767783,25.3601553942585,2.914999923835058,0.06430809019836345,0.7304098003618296,0.7778036410293405,3.361172450942885,23.32305309682653,mel
38.0,4.0,8.0,1.0,9.0,1.0,1.0,7.0,4.0,1.0,0.0,1.0,4.0,0.0,3.0,5.0,6.0,2.0,1.0,0.0,2.0,0.0,0.0,0.0,3.0,1.0,3.0,0.0,5.0,1.0,5.0,5.0,11.0,3.0,4.0,0.0,1.0,0.0,1.0,0.0,1.0,0.0,0.0,0.0,1.0,0.0,1.0,2.0,3.0,0.0,1.0,0.0,1.0,0.0,0.0,0.0,4.0,1.0,1.0,0.0,5.0,0.0,6.0,2.0,5.0,2.0,1.0,1.0,0.0,0.0,1.0,1.0,1.0,0.0,0.0,0.0,0.0,0.0,0.0,0.0,0.0,0.0,0.0,0.0,0.0,0.0,0.0,0.0,0.0,0.0,0.0,1.0,0.0,0.0,0.0,1.0,2.0,0.0,0.0,0.0,2.0,0.0,0.0,1.0,0.0,0.0,0.0,0.0,0.0,1.0,0.0,0.0,7.0,1.0,0.0,0.0,0.0,0.0,0.0,2.0,3.0,0.0,1.0,0.0,6.0,2.0,5.0,5.0,3.0,5.0,1.0,1.0,0.0,1.0,0.0,3.0,3.0,0.0,0.0,2.0,0.0,0.0,1.0,8.0,0.0,0.0,0.0,0.0,0.0,0.0,0.0,1.0,0.0,0.0,0.0,1.0,2.0,0.0,0.0,3.0,2.0,0.0,2.0,0.0,0.0,0.0,0.0,0.0,0.0,0.0,0.0,0.0,0.0,0.0,0.0,2.0,0.0,1.0,0.0,0.0,0.0,1.0,0.0,0.0,0.0,0.0,0.0,1.0,1.0,0.0,1.0,1.0,2.0,9.0,2.0,12.0,0.0,1.0,0.0,1.0,0.0,1.0,0.0,1.0,0.0,0.0,1.0,2.0,1.0,0.0,0.0,0.0,0.0,0.0,0.0,2.0,0.0,0.0,0.0,0.0,0.0,0.0,0.0,1.0,6.0,12.0,1.0,9.0,1.0,0.0,0.0,3.0,2.0,2.0,0.0,0.0,0.0,0.0,0.0,5.0,22.0,10.0,1.0,5.0,0.0,1.0,0.0,1.0,9.0,5.0,2.0,8.0,7.0,6.0,1.0,154.0,5.583015786608596,0.04253343167675633,0.6211352185594525,0.6911758983250339,3.7961850878276904,30.573590879309325,11.328651685393258,0.030852322939022837,0.4845997472893986,0.3719080674239418,4.142201437002167,24.744576126751674,mel
34.0,6.0,6.0,3.0,10.0,2.0,1.0,4.0,5.0,0.0,3.0,1.0,0.0,2.0,4.0,6.0,7.0,2.0,1.0,0.0,2.0,0.0,0.0,0.0,5.0,0.0,1.0,4.0,7.0,0.0,24.0,9.0,3.0,1.0,0.0,1.0,3.0,0.0,0.0,0.0,2.0,0.0,0.0,0.0,4.0,0.0,2.0,0.0,3.0,0.0,1.0,0.0,0.0,0.0,0.0,0.0,6.0,1.0,0.0,1.0,10.0,1.0,12.0,7.0,5.0,1.0,0.0,0.0,1.0,0.0,1.0,1.0,2.0,0.0,0.0,0.0,0.0,0.0,0.0,0.0,0.0,0.0,0.0,2.0,0.0,0.0,0.0,0.0,0.0,0.0,0.0,0.0,2.0,0.0,0.0,1.0,0.0,0.0,0.0,0.0,0.0,0.0,0.0,0.0,2.0,0.0,0.0,2.0,3.0,1.0,0.0,0.0,2.0,1.0,0.0,0.0,0.0,0.0,1.0,0.0,7.0,0.0,1.0,0.0,10.0,1.0,8.0,0.0,7.0,3.0,4.0,8.0,2.0,0.0,4.0,6.0,1.0,1.0,0.0,2.0,1.0,0.0,0.0,3.0,0.0,0.0,0.0,0.0,1.0,0.0,0.0,0.0,0.0,0.0,0.0,0.0,0.0,0.0,1.0,3.0,1.0,1.0,0.0,2.0,0.0,0.0,0.0,0.0,0.0,0.0,0.0,0.0,0.0,0.0,0.0,1.0,1.0,0.0,0.0,1.0,0.0,0.0,0.0,0.0,1.0,0.0,1.0,0.0,0.0,0.0,2.0,3.0,0.0,4.0,1.0,7.0,1.0,0.0,1.0,8.0,0.0,0.0,0.0,0.0,0.0,0.0,0.0,5.0,1.0,1.0,0.0,1.0,0.0,0.0,0.0,2.0,0.0,1.0,1.0,0.0,0.0,0.0,1.0,6.0,4.0,12.0,0.0,5.0,2.0,1.0,1.0,3.0,0.0,0.0,0.0,1.0,0.0,0.0,0.0,3.0,6.0,9.0,0.0,3.0,0.0,1.0,0.0,2.0,3.0,1.0,0.0,1.0,2.0,3.0,4.0,240.0,5.4393505253104095,0.07378086660481716,0.6652134341543201,0.703817386478954,3.4979171674003293,31.290357951813945,10.847111553784863,0.05280012916461646,0.5311090564302935,0.3994319476293238,3.8631686759953534,25.27572751821398,mel
40.0,8.0,1.0,2.0,8.0,1.0,3.0,7.0,13.0,1.0,1.0,1.0,3.0,1.0,2.0,6.0,5.0,0.0,1.0,0.0,0.0,0.0,0.0,0.0,3.0,2.0,0.0,0.0,6.0,0.0,4.0,6.0,5.0,0.0,5.0,0.0,0.0,0.0,0.0,1.0,1.0,0.0,0.0,0.0,0.0,0.0,0.0,1.0,5.0,0.0,0.0,0.0,1.0,0.0,0.0,0.0,8.0,0.0,2.0,1.0,19.0,1.0,7.0,4.0,5.0,0.0,1.0,0.0,2.0,0.0,1.0,1.0,2.0,0.0,0.0,0.0,0.0,0.0,1.0,0.0,1.0,0.0,0.0,0.0,0.0,0.0,0.0,1.0,0.0,0.0,0.0,0.0,0.0,0.0,0.0,1.0,3.0,1.0,0.0,1.0,0.0,0.0,0.0,0.0,1.0,0.0,0.0,0.0,1.0,1.0,0.0,0.0,8.0,1.0,1.0,0.0,0.0,0.0,0.0,0.0,11.0,0.0,3.0,0.0,12.0,1.0,8.0,5.0,5.0,1.0,0.0,4.0,1.0,0.0,3.0,9.0,3.0,1.0,0.0,2.0,2.0,0.0,1.0,6.0,0.0,1.0,0.0,0.0,0.0,0.0,0.0,0.0,0.0,0.0,0.0,0.0,0.0,0.0,1.0,5.0,2.0,0.0,0.0,1.0,0.0,0.0,0.0,0.0,1.0,0.0,0.0,0.0,0.0,0.0,0.0,1.0,2.0,0.0,0.0,1.0,0.0,0.0,0.0,0.0,1.0,0.0,0.0,0.0,2.0,0.0,1.0,2.0,1.0,7.0,2.0,4.0,0.0,0.0,0.0,4.0,1.0,0.0,0.0,3.0,0.0,0.0,0.0,1.0,2.0,1.0,0.0,0.0,0.0,0.0,1.0,1.0,0.0,1.0,0.0,0.0,0.0,0.0,1.0,3.0,0.0,4.0,1.0,7.0,0.0,0.0,1.0,2.0,0.0,0.0,0.0,0.0,0.0,0.0,0.0,3.0,11.0,2.0,1.0,2.0,1.0,2.0,0.0,1.0,6.0,3.0,1.0,4.0,7.0,4.0,5.0,167.0,6.396698615548456,0.046157032666796015,0.6048742939960379,0.6265388693769425,3.8095418209557854,27.85960326452473,11.540173724212806,0.03358007924634622,0.4714314678755743,0.31916172863923575,4.129691448661445,22.359723533759855,mel
493.0,68.0,132.0,73.0,70.0,8.0,66.0,49.0,54.0,7.0,22.0,18.0,57.0,11.0,85.0,70.0,76.0,14.0,27.0,8.0,21.0,2.0,14.0,9.0,48.0,9.0,34.0,19.0,90.0,15.0,148.0,91.0,145.0,24.0,39.0,10.0,21.0,4.0,11.0,8.0,21.0,1.0,7.0,1.0,19.0,9.0,20.0,14.0,55.0,11.0,13.0,9.0,10.0,2.0,11.0,4.0,61.0,14.0,22.0,7.0,137.0,30.0,114.0,71.0,85.0,11.0,18.0,12.0,17.0,3.0,13.0,14.0,6.0,0.0,3.0,5.0,9.0,0.0,10.0,10.0,14.0,8.0,6.0,1.0,5.0,1.0,2.0,0.0,8.0,3.0,6.0,3.0,13.0,4.0,28.0,19.0,61.0,11.0,16.0,5.0,7.0,4.0,6.0,4.0,9.0,2.0,5.0,3.0,13.0,4.0,5.0,10.0,49.0,13.0,7.0,10.0,13.0,2.0,3.0,7.0,76.0,10.0,16.0,8.0,102.0,18.0,67.0,57.0,61.0,65.0,19.0,72.0,10.0,10.0,10.0,75.0,13.0,10.0,2.0,7.0,9.0,6.0,11.0,58.0,9.0,12.0,2.0,8.0,1.0,3.0,1.0,20.0,7.0,7.0,5.0,12.0,9.0,6.0,16.0,79.0,23.0,31.0,5.0,22.0,3.0,4.0,4.0,18.0,1.0,3.0,1.0,3.0,2.0,6.0,4.0,19.0,12.0,10.0,4.0,10.0,3.0,1.0,2.0,3.0,8.0,10.0,5.0,13.0,11.0,16.0,17.0,78.0,51.0,90.0,26.0,149.0,8.0,14.0,21.0,99.0,7.0,10.0,2.0,17.0,8.0,10.0,10.0,92.0,4.0,23.0,6.0,15.0,0.0,6.0,1.0,23.0,11.0,9.0,6.0,15.0,7.0,21.0,28.0,150.0,71.0,164.0,14.0,129.0,12.0,21.0,13.0,66.0,11.0,14.0,8.0,18.0,8.0,15.0,11.0,86.0,68.0,102.0,11.0,76.0,13.0,14.0,15.0,56.0,70.0,76.0,30.0,65.0,81.0,139.0,81.0,1079.0,2.9861322188449853,0.026125802378584955,0.6160478046026997,0.8116166821590822,4.070825002551319,28.716592343705255,5.538954006879856,0.018904110623273577,0.5094857308498468,0.6569251654119187,4.354992138797388,26.751108967457977,vasc
648.0,96.0,79.0,43.0,59.0,9.0,32.0,42.0,64.0,17.0,25.0,18.0,41.0,14.0,85.0,116.0,92.0,11.0,19.0,13.0,18.0,1.0,9.0,17.0,56.0,11.0,19.0,20.0,73.0,13.0,149.0,130.0,74.0,21.0,17.0,14.0,12.0,2.0,8.0,11.0,11.0,2.0,8.0,1.0,10.0,2.0,18.0,23.0,45.0,12.0,12.0,2.0,9.0,3.0,14.0,5.0,61.0,18.0,14.0,17.0,68.0,11.0,114.0,73.0,64.0,14.0,13.0,12.0,11.0,3.0,10.0,13.0,6.0,6.0,3.0,5.0,8.0,4.0,23.0,36.0,15.0,4.0,3.0,6.0,4.0,4.0,3.0,2.0,8.0,5.0,2.0,4.0,18.0,7.0,31.0,39.0,45.0,6.0,12.0,8.0,12.0,0.0,3.0,6.0,10.0,1.0,3.0,3.0,10.0,1.0,10.0,14.0,54.0,22.0,10.0,6.0,15.0,4.0,8.0,9.0,58.0,9.0,17.0,8.0,79.0,16.0,93.0,80.0,62.0,46.0,16.0,55.0,7.0,7.0,10.0,52.0,14.0,11.0,4.0,13.0,5.0,6.0,17.0,95.0,18.0,13.0,6.0,9.0,3.0,8.0,0.0,21.0,13.0,10.0,5.0,9.0,5.0,7.0,26.0,82.0,26.0,25.0,8.0,20.0,6.0,8.0,2.0,16.0,3.0,2.0,1.0,5.0,4.0,4.0,6.0,26.0,28.0,16.0,1.0,8.0,4.0,8.0,3.0,7.0,21.0,9.0,6.0,11.0,19.0,8.0,27.0,62.0,39.0,69.0,14.0,91.0,9.0,16.0,12.0,85.0,10.0,10.0,9.0,15.0,3.0,4.0,9.0,101.0,10.0,12.0,4.0,15.0,0.0,2.0,4.0,11.0,9.0,12.0,2.0,7.0,9.0,14.0,16.0,83.0,72.0,147.0,20.0,108.0,19.0,31.0,14.0,113.0,22.0,18.0,2.0,28.0,8.0,10.0,17.0,99.0,136.0,131.0,14.0,81.0,24.0,24.0,11.0,70.0,76.0,73.0,22.0,60.0,91.0,92.0,96.0,1328.0,4.109417460565357,0.023172538719734213,0.5893126980166727,0.7911855339909943,4.204171719151135,35.25009185990612,6.738551834531245,0.01730472607278422,0.4879621956034843,0.6619183832874788,4.451896034268866,33.124910130992845,vasc
675.0,55.0,76.0,33.0,71.0,14.0,35.0,56.0,98.0,12.0,22.0,22.0,36.0,10.0,48.0,93.0,82.0,17.0,8.0,12.0,13.0,4.0,9.0,15.0,54.0,11.0,14.0,11.0,36.0,13.0,77.0,104.0,70.0,13.0,16.0,9.0,14.0,0.0,12.0,10.0,17.0,4.0,5.0,7.0,9.0,5.0,12.0,15.0,43.0,9.0,15.0,8.0,7.0,2.0,15.0,9.0,52.0,11.0,15.0,7.0,71.0,20.0,87.0,82.0,57.0,14.0,12.0,8.0,13.0,3.0,10.0,9.0,9.0,3.0,4.0,5.0,13.0,3.0,9.0,26.0,21.0,4.0,4.0,3.0,1.0,1.0,4.0,2.0,14.0,2.0,3.0,4.0,12.0,4.0,20.0,32.0,47.0,13.0,10.0,11.0,9.0,2.0,3.0,8.0,19.0,5.0,8.0,2.0,11.0,3.0,4.0,15.0,50.0,21.0,10.0,10.0,10.0,3.0,14.0,14.0,107.0,21.0,17.0,9.0,98.0,19.0,90.0,90.0,79.0,49.0,18.0,55.0,11.0,17.0,17.0,87.0,26.0,13.0,8.0,17.0,12.0,7.0,14.0,95.0,16.0,11.0,4.0,13.0,2.0,2.0,5.0,26.0,11.0,7.0,5.0,6.0,12.0,13.0,21.0,77.0,27.0,7.0,2.0,11.0,4.0,3.0,0.0,25.0,5.0,4.0,2.0,5.0,7.0,6.0,3.0,20.0,15.0,8.0,0.0,12.0,7.0,6.0,1.0,13.0,18.0,7.0,5.0,11.0,17.0,7.0,21.0,70.0,29.0,50.0,18.0,61.0,6.0,9.0,10.0,91.0,7.0,16.0,7.0,16.0,9.0,9.0,16.0,87.0,11.0,13.0,2.0,16.0,1.0,5.0,2.0,29.0,13.0,3.0,2.0,9.0,7.0,11.0,15.0,58.0,62.0,85.0,15.0,91.0,11.0,19.0,10.0,79.0,22.0,15.0,4.0,20.0,12.0,11.0,14.0,75.0,107.0,111.0,26.0,78.0,23.0,36.0,22.0,82.0,111.0,88.0,17.0,74.0,78.0,65.0,77.0,1242.0,6.054304155963896,0.021736711719646043,0.560354042449468,0.7030145192272008,4.316653753573453,34.717413977930896,8.610557438043974,0.015784086304646276,0.46605564768434365,0.5759234457072621,4.559916128079772,31.997947563626816,vasc
232.0,49.0,72.0,60.0,37.0,6.0,69.0,99.0,31.0,7.0,13.0,4.0,37.0,8.0,130.0,97.0,38.0,6.0,11.0,5.0,4.0,1.0,6.0,7.0,38.0,6.0,12.0,11.0,79.0,6.0,236.0,152.0,65.0,9.0,26.0,11.0,13.0,1.0,13.0,5.0,12.0,1.0,4.0,4.0,8.0,1.0,17.0,13.0,50.0,6.0,12.0,9.0,7.0,0.0,5.0,2.0,102.0,11.0,8.0,8.0,175.0,11.0,163.0,81.0,36.0,6.0,11.0,8.0,3.0,0.0,4.0,6.0,6.0,2.0,1.0,0.0,4.0,0.0,5.0,5.0,3.0,0.0,0.0,1.0,1.0,0.0,0.0,0.0,3.0,0.0,1.0,0.0,6.0,1.0,10.0,14.0,53.0,11.0,13.0,8.0,4.0,0.0,2.0,3.0,7.0,1.0,1.0,0.0,6.0,2.0,5.0,6.0,102.0,6.0,6.0,9.0,1.0,1.0,5.0,3.0,138.0,3.0,13.0,3.0,119.0,7.0,66.0,43.0,37.0,41.0,5.0,111.0,4.0,7.0,7.0,135.0,12.0,5.0,2.0,7.0,1.0,7.0,6.0,109.0,5.0,4.0,0.0,4.0,0.0,3.0,1.0,6.0,4.0,1.0,1.0,11.0,7.0,10.0,9.0,90.0,14.0,12.0,0.0,13.0,1.0,1.0,0.0,10.0,0.0,1.0,0.0,0.0,1.0,2.0,2.0,14.0,9.0,15.0,2.0,6.0,0.0,1.0,0.0,5.0,9.0,5.0,2.0,9.0,6.0,5.0,9.0,60.0,39.0,78.0,17.0,204.0,4.0,6.0,12.0,115.0,6.0,5.0,1.0,12.0,4.0,10.0,7.0,103.0,4.0,7.0,1.0,13.0,0.0,1.0,0.0,17.0,4.0,5.0,0.0,9.0,8.0,5.0,14.0,119.0,127.0,209.0,17.0,177.0,8.0,12.0,4.0,76.0,7.0,14.0,1.0,9.0,5.0,11.0,6.0,75.0,177.0,143.0,7.0,81.0,9.0,8.0,3.0,44.0,160.0,106.0,10.0,69.0,97.0,102.0,63.0,970.0,1.5896825396825396,0.08523829706215609,0.8411017697644518,0.9110445166037642,2.9775816109654345,34.151397807250056,3.3149899186539664,0.06892546108839999,0.7434942144558109,0.8141130548293547,3.270090300186309,32.35174198240333,nv
174.0,22.0,39.0,38.0,26.0,3.0,52.0,88.0,33.0,5.0,4.0,12.0,35.0,3.0,113.0,233.0,19.0,5.0,2.0,5.0,3.0,2.0,5.0,3.0,30.0,2.0,9.0,8.0,60.0,7.0,245.0,155.0,47.0,7.0,10.0,4.0,9.0,0.0,3.0,1.0,12.0,0.0,1.0,1.0,11.0,1.0,10.0,8.0,57.0,4.0,3.0,5.0,7.0,0.0,2.0,6.0,146.0,6.0,8.0,6.0,176.0,10.0,167.0,90.0,23.0,6.0,5.0,2.0,2.0,1.0,3.0,1.0,4.0,0.0,0.0,0.0,8.0,0.0,5.0,8.0,7.0,1.0,0.0,0.0,0.0,0.0,0.0,0.0,6.0,1.0,1.0,1.0,4.0,0.0,8.0,8.0,28.0,3.0,6.0,1.0,3.0,0.0,6.0,2.0,8.0,0.0,3.0,0.0,3.0,0.0,10.0,7.0,86.0,1.0,3.0,2.0,3.0,1.0,3.0,2.0,132.0,5.0,4.0,5.0,161.0,0.0,85.0,38.0,31.0,36.0,5.0,115.0,6.0,4.0,10.0,243.0,7.0,6.0,5.0,7.0,1.0,3.0,8.0,161.0,8.0,3.0,1.0,4.0,0.0,0.0,1.0,7.0,6.0,3.0,2.0,4.0,4.0,5.0,8.0,100.0,9.0,7.0,0.0,5.0,0.0,0.0,1.0,6.0,1.0,0.0,0.0,0.0,0.0,1.0,0.0,6.0,14.0,11.0,1.0,4.0,0.0,0.0,0.0,6.0,3.0,8.0,1.0,5.0,5.0,7.0,8.0,67.0,23.0,66.0,10.0,140.0,1.0,2.0,7.0,130.0,3.0,4.0,0.0,5.0,5.0,4.0,8.0,103.0,2.0,3.0,0.0,11.0,0.0,0.0,0.0,3.0,4.0,3.0,0.0,2.0,4.0,3.0,4.0,58.0,107.0,195.0,10.0,142.0,8.0,11.0,7.0,61.0,3.0,5.0,1.0,13.0,3.0,4.0,5.0,54.0,252.0,142.0,6.0,58.0,9.0,2.0,4.0,41.0,150.0,69.0,6.0,52.0,101.0,54.0,54.0,1191.0,2.1016240962104416,0.08760608721461596,0.8514297326484095,0.8908440850638824,2.9371560461053847,36.405205285237116,4.100161729030361,0.07045905145582691,0.7475593695031204,0.7835902821771162,3.246196321625807,33.7924224883388,nv
198.0,35.0,29.0,47.0,24.0,4.0,28.0,77.0,47.0,5.0,10.0,10.0,34.0,9.0,130.0,298.0,23.0,5.0,8.0,5.0,2.0,1.0,8.0,9.0,42.0,4.0,10.0,7.0,93.0,6.0,241.0,207.0,32.0,4.0,3.0,5.0,8.0,0.0,4.0,3.0,5.0,1.0,2.0,1.0,7.0,0.0,7.0,7.0,31.0,4.0,0.0,4.0,4.0,0.0,4.0,3.0,124.0,6.0,6.0,7.0,237.0,7.0,167.0,92.0,20.0,0.0,3.0,7.0,2.0,0.0,2.0,6.0,3.0,0.0,0.0,0.0,5.0,0.0,8.0,9.0,6.0,0.0,1.0,0.0,0.0,1.0,0.0,1.0,0.0,1.0,1.0,1.0,2.0,1.0,7.0,7.0,25.0,1.0,7.0,5.0,2.0,0.0,5.0,4.0,5.0,0.0,2.0,0.0,6.0,0.0,9.0,7.0,60.0,3.0,4.0,2.0,4.0,0.0,7.0,5.0,139.0,2.0,5.0,6.0,145.0,1.0,92.0,64.0,51.0,68.0,11.0,129.0,1.0,6.0,9.0,193.0,7.0,7.0,2.0,11.0,5.0,5.0,9.0,167.0,8.0,6.0,1.0,4.0,1.0,0.0,0.0,6.0,6.0,7.0,1.0,13.0,2.0,4.0,9.0,82.0,13.0,11.0,3.0,8.0,3.0,2.0,1.0,8.0,0.0,1.0,0.0,1.0,1.0,2.0,2.0,9.0,8.0,6.0,0.0,8.0,0.0,0.0,0.0,9.0,10.0,9.0,2.0,1.0,5.0,7.0,11.0,60.0,37.0,80.0,6.0,109.0,5.0,3.0,6.0,153.0,5.0,3.0,2.0,5.0,3.0,5.0,5.0,95.0,3.0,0.0,0.0,5.0,0.0,0.0,1.0,6.0,4.0,1.0,0.0,1.0,4.0,3.0,4.0,38.0,128.0,267.0,4.0,140.0,7.0,5.0,11.0,97.0,3.0,6.0,0.0,6.0,8.0,7.0,6.0,62.0,242.0,187.0,5.0,73.0,5.0,9.0,5.0,57.0,152.0,57.0,14.0,43.0,82.0,49.0,47.0,1243.0,2.165152140988573,0.08718843214166494,0.8529336187756338,0.8868351156493257,2.9359547197925684,36.100289535763665,4.00968884567301,0.06995285978449142,0.7511121121555274,0.7884081072877109,3.241748922499591,33.89052362726097,nv
399.0,54.0,119.0,64.0,39.0,11.0,57.0,65.0,88.0,12.0,31.0,13.0,54.0,6.0,100.0,100.0,57.0,9.0,22.0,18.0,6.0,2.0,11.0,6.0,56.0,12.0,23.0,19.0,102.0,9.0,154.0,130.0,107.0,11.0,27.0,22.0,17.0,4.0,11.0,9.0,17.0,2.0,1.0,2.0,20.0,3.0,11.0,9.0,90.0,10.0,17.0,10.0,9.0,3.0,15.0,12.0,120.0,16.0,14.0,12.0,148.0,13.0,139.0,81.0,36.0,7.0,17.0,9.0,2.0,2.0,13.0,8.0,15.0,0.0,3.0,2.0,6.0,1.0,12.0,14.0,12.0,4.0,3.0,3.0,1.0,0.0,1.0,1.0,13.0,1.0,6.0,2.0,7.0,5.0,26.0,11.0,61.0,10.0,12.0,5.0,7.0,2.0,9.0,9.0,13.0,2.0,2.0,1.0,8.0,2.0,19.0,13.0,83.0,14.0,8.0,18.0,12.0,0.0,4.0,18.0,103.0,16.0,22.0,11.0,113.0,18.0,111.0,107.0,76.0,71.0,18.0,80.0,15.0,8.0,13.0,69.0,21.0,13.0,2.0,16.0,7.0,4.0,10.0,81.0,11.0,7.0,2.0,12.0,2.0,1.0,4.0,10.0,12.0,15.0,3.0,12.0,8.0,7.0,16.0,86.0,29.0,20.0,2.0,16.0,1.0,6.0,4.0,17.0,3.0,4.0,0.0,5.0,2.0,4.0,2.0,18.0,21.0,16.0,3.0,9.0,2.0,1.0,5.0,14.0,20.0,11.0,4.0,4.0,15.0,16.0,13.0,69.0,44.0,73.0,12.0,95.0,8.0,6.0,13.0,78.0,8.0,11.0,3.0,13.0,5.0,8.0,9.0,91.0,9.0,10.0,4.0,16.0,5.0,1.0,1.0,13.0,14.0,8.0,4.0,19.0,8.0,13.0,19.0,135.0,131.0,96.0,20.0,92.0,5.0,23.0,11.0,96.0,25.0,4.0,3.0,6.0,15.0,19.0,18.0,93.0,109.0,103.0,10.0,90.0,17.0,20.0,20.0,95.0,102.0,96.0,19.0,77.0,117.0,169.0,114.0,1486.0,1.0243179818128483,0.12988759543805878,0.8405797633619368,0.8346962300521263,2.532349800567862,11.368841377297391,1.916082060956199,0.1120359549449774,0.7701206525205296,0.6906912349761204,2.735142771035682,10.473363552124116,nv
283.0,41.0,101.0,92.0,34.0,4.0,67.0,102.0,55.0,11.0,15.0,11.0,49.0,6.0,142.0,173.0,30.0,3.0,12.0,17.0,3.0,0.0,3.0,2.0,59.0,5.0,20.0,15.0,78.0,6.0,149.0,149.0,97.0,8.0,19.0,13.0,19.0,2.0,13.0,10.0,11.0,1.0,5.0,0.0,15.0,2.0,14.0,13.0,53.0,5.0,7.0,11.0,5.0,1.0,6.0,4.0,113.0,11.0,10.0,9.0,158.0,15.0,120.0,92.0,30.0,3.0,11.0,11.0,4.0,0.0,9.0,6.0,9.0,1.0,1.0,1.0,4.0,0.0,18.0,6.0,2.0,0.0,2.0,1.0,1.0,0.0,0.0,0.0,3.0,2.0,2.0,0.0,9.0,0.0,11.0,20.0,66.0,8.0,13.0,9.0,9.0,1.0,9.0,9.0,14.0,2.0,2.0,1.0,12.0,0.0,9.0,13.0,56.0,1.0,14.0,5.0,1.0,1.0,10.0,16.0,80.0,11.0,3.0,9.0,125.0,12.0,76.0,109.0,51.0,57.0,13.0,144.0,5.0,5.0,9.0,124.0,19.0,14.0,0.0,16.0,11.0,7.0,16.0,153.0,6.0,5.0,0.0,11.0,1.0,0.0,0.0,9.0,10.0,7.0,0.0,7.0,4.0,5.0,13.0,118.0,17.0,22.0,3.0,16.0,1.0,3.0,0.0,15.0,3.0,1.0,0.0,1.0,1.0,1.0,4.0,9.0,17.0,13.0,2.0,10.0,0.0,1.0,0.0,11.0,8.0,16.0,1.0,14.0,9.0,14.0,9.0,80.0,46.0,82.0,16.0,245.0,7.0,5.0,12.0,149.0,6.0,6.0,0.0,12.0,11.0,10.0,17.0,125.0,9.0,7.0,0.0,12.0,0.0,2.0,0.0,15.0,7.0,9.0,0.0,17.0,4.0,9.0,10.0,138.0,96.0,184.0,13.0,182.0,8.0,17.0,12.0,112.0,9.0,12.0,0.0,7.0,16.0,11.0,8.0,83.0,110.0,114.0,16.0,98.0,13.0,16.0,7.0,78.0,88.0,91.0,11.0,71.0,105.0,139.0,76.0,1706.0,1.1290493112866749,0.13728729593697275,0.8650764217976424,0.8343168961298597,2.4639590613845694,12.499972416500388,2.1234666430197158,0.11694111010578717,0.7910374436663477,0.685192199893218,2.688675058710919,11.367092627109182,nv
698.0,86.0,77.0,33.0,75.0,17.0,53.0,26.0,82.0,16.0,14.0,13.0,44.0,13.0,70.0,51.0,76.0,20.0,22.0,9.0,19.0,6.0,20.0,10.0,35.0,11.0,14.0,13.0,69.0,18.0,102.0,80.0,86.0,21.0,21.0,15.0,26.0,4.0,16.0,7.0,19.0,6.0,8.0,5.0,20.0,5.0,17.0,17.0,49.0,13.0,10.0,5.0,11.0,3.0,16.0,10.0,59.0,12.0,17.0,8.0,74.0,21.0,95.0,77.0,98.0,20.0,21.0,12.0,14.0,9.0,17.0,11.0,20.0,6.0,9.0,7.0,7.0,7.0,6.0,14.0,31.0,10.0,5.0,3.0,9.0,6.0,4.0,4.0,7.0,9.0,4.0,5.0,7.0,6.0,25.0,25.0,53.0,17.0,12.0,18.0,9.0,6.0,7.0,8.0,15.0,7.0,8.0,6.0,15.0,8.0,15.0,20.0,47.0,19.0,15.0,12.0,13.0,8.0,10.0,17.0,84.0,22.0,25.0,21.0,76.0,36.0,74.0,92.0,75.0,47.0,14.0,71.0,12.0,14.0,14.0,64.0,25.0,11.0,10.0,13.0,11.0,9.0,8.0,60.0,19.0,7.0,8.0,6.0,9.0,8.0,3.0,15.0,10.0,5.0,6.0,10.0,12.0,8.0,15.0,74.0,24.0,21.0,16.0,23.0,4.0,6.0,4.0,15.0,7.0,3.0,4.0,13.0,7.0,2.0,7.0,31.0,19.0,14.0,8.0,9.0,4.0,6.0,9.0,17.0,16.0,17.0,7.0,16.0,25.0,26.0,39.0,123.0,42.0,100.0,20.0,114.0,14.0,26.0,14.0,84.0,11.0,9.0,1.0,25.0,10.0,8.0,13.0,62.0,17.0,19.0,9.0,24.0,7.0,11.0,8.0,25.0,7.0,11.0,12.0,20.0,9.0,16.0,19.0,108.0,45.0,145.0,22.0,137.0,14.0,27.0,20.0,81.0,20.0,20.0,10.0,57.0,11.0,22.0,26.0,129.0,62.0,94.0,23.0,93.0,19.0,39.0,21.0,107.0,75.0,80.0,43.0,149.0,85.0,142.0,132.0,1871.0,3.9296741460238214,0.09667939213343042,0.7537807999771795,0.6089800113747278,2.9792192504751873,16.16993334381101,4.925228263551864,0.08523289837868284,0.694301721110921,0.5003333184106334,3.163613577365137,14.788826905727912,nv
594.0,91.0,132.0,45.0,90.0,19.0,37.0,34.0,61.0,17.0,17.0,14.0,44.0,11.0,43.0,36.0,73.0,18.0,28.0,8.0,25.0,4.0,19.0,11.0,59.0,14.0,18.0,15.0,93.0,22.0,88.0,59.0,124.0,21.0,39.0,16.0,23.0,5.0,8.0,18.0,24.0,2.0,8.0,6.0,18.0,2.0,23.0,18.0,60.0,12.0,16.0,5.0,17.0,4.0,11.0,11.0,52.0,6.0,20.0,7.0,87.0,21.0,109.0,66.0,91.0,21.0,26.0,19.0,19.0,14.0,7.0,18.0,19.0,6.0,7.0,5.0,8.0,3.0,12.0,5.0,15.0,6.0,6.0,2.0,4.0,7.0,3.0,6.0,9.0,5.0,5.0,4.0,22.0,6.0,17.0,23.0,44.0,17.0,12.0,21.0,9.0,3.0,8.0,3.0,11.0,9.0,10.0,9.0,11.0,6.0,11.0,8.0,33.0,8.0,6.0,8.0,9.0,4.0,4.0,8.0,43.0,14.0,17.0,10.0,87.0,22.0,56.0,60.0,62.0,45.0,31.0,53.0,11.0,18.0,14.0,53.0,17.0,7.0,3.0,17.0,9.0,15.0,12.0,53.0,18.0,8.0,9.0,5.0,3.0,7.0,6.0,12.0,4.0,7.0,3.0,6.0,21.0,12.0,15.0,54.0,19.0,23.0,7.0,19.0,3.0,5.0,4.0,16.0,4.0,6.0,6.0,4.0,8.0,9.0,2.0,23.0,12.0,14.0,2.0,6.0,3.0,9.0,4.0,10.0,14.0,6.0,7.0,15.0,26.0,23.0,32.0,83.0,47.0,78.0,25.0,98.0,13.0,15.0,13.0,84.0,6.0,15.0,3.0,17.0,5.0,14.0,11.0,59.0,13.0,14.0,3.0,21.0,3.0,10.0,4.0,16.0,8.0,14.0,4.0,18.0,21.0,18.0,22.0,114.0,54.0,90.0,17.0,103.0,9.0,16.0,15.0,46.0,8.0,14.0,7.0,29.0,15.0,17.0,16.0,84.0,47.0,86.0,12.0,62.0,12.0,27.0,15.0,76.0,32.0,84.0,27.0,85.0,59.0,112.0,100.0,1261.0,2.751682700200282,0.03395696515255748,0.6873482702219507,0.8351974167405626,3.694902221097658,30.64200137656565,4.898598053768761,0.026964320345319117,0.6083232079209859,0.7107201037280934,3.9073576165946653,28.968933820374023,mel
447.0,70.0,97.0,59.0,42.0,16.0,57.0,82.0,72.0,11.0,22.0,23.0,47.0,8.0,108.0,141.0,67.0,11.0,23.0,19.0,11.0,0.0,12.0,10.0,72.0,11.0,20.0,18.0,99.0,15.0,171.0,140.0,99.0,21.0,28.0,14.0,15.0,4.0,5.0,9.0,13.0,2.0,3.0,1.0,13.0,2.0,19.0,6.0,65.0,13.0,12.0,7.0,12.0,3.0,13.0,8.0,62.0,12.0,21.0,15.0,113.0,10.0,133.0,80.0,46.0,13.0,18.0,13.0,9.0,4.0,6.0,6.0,7.0,2.0,1.0,4.0,9.0,0.0,10.0,9.0,12.0,0.0,5.0,4.0,2.0,0.0,0.0,0.0,14.0,1.0,5.0,6.0,14.0,0.0,25.0,22.0,61.0,12.0,15.0,8.0,5.0,2.0,9.0,8.0,8.0,1.0,1.0,2.0,10.0,1.0,9.0,11.0,60.0,11.0,7.0,6.0,14.0,2.0,6.0,8.0,53.0,9.0,6.0,11.0,81.0,9.0,88.0,71.0,69.0,67.0,24.0,65.0,12.0,13.0,6.0,48.0,11.0,8.0,3.0,11.0,7.0,9.0,9.0,94.0,11.0,12.0,1.0,8.0,3.0,2.0,3.0,8.0,11.0,3.0,3.0,6.0,13.0,10.0,20.0,78.0,25.0,36.0,6.0,18.0,5.0,5.0,4.0,7.0,4.0,2.0,0.0,3.0,3.0,2.0,3.0,17.0,17.0,13.0,4.0,7.0,4.0,3.0,0.0,3.0,10.0,5.0,3.0,4.0,6.0,8.0,14.0,71.0,67.0,84.0,10.0,88.0,10.0,15.0,8.0,84.0,4.0,12.0,1.0,20.0,8.0,2.0,14.0,93.0,11.0,9.0,0.0,9.0,2.0,2.0,2.0,6.0,7.0,18.0,5.0,12.0,11.0,10.0,21.0,97.0,96.0,193.0,18.0,112.0,13.0,20.0,10.0,97.0,18.0,15.0,5.0,12.0,11.0,17.0,13.0,91.0,100.0,119.0,13.0,88.0,17.0,25.0,8.0,76.0,83.0,74.0,12.0,53.0,77.0,120.0,72.0,1568.0,2.548538996476129,0.04278213151472314,0.7534505346371684,0.8626894735849695,3.4521317239807114,34.57227122856093,4.657032755298655,0.03187786996436022,0.6552523696913656,0.7440847454433874,3.7332564462689044,31.738083771593953,mel
414.0,66.0,58.0,48.0,45.0,10.0,46.0,69.0,70.0,22.0,27.0,27.0,36.0,7.0,87.0,114.0,52.0,9.0,17.0,8.0,11.0,2.0,12.0,9.0,60.0,9.0,13.0,14.0,58.0,8.0,117.0,114.0,64.0,7.0,8.0,8.0,6.0,2.0,7.0,10.0,13.0,3.0,1.0,2.0,12.0,3.0,14.0,15.0,60.0,15.0,10.0,7.0,8.0,2.0,7.0,11.0,48.0,12.0,7.0,5.0,30.0,10.0,79.0,75.0,40.0,12.0,10.0,15.0,7.0,0.0,9.0,8.0,17.0,1.0,1.0,5.0,6.0,4.0,13.0,16.0,7.0,4.0,0.0,1.0,1.0,0.0,2.0,3.0,14.0,1.0,4.0,5.0,10.0,2.0,17.0,19.0,47.0,16.0,9.0,6.0,7.0,2.0,4.0,7.0,11.0,3.0,0.0,2.0,14.0,1.0,10.0,9.0,79.0,15.0,6.0,12.0,16.0,1.0,9.0,7.0,77.0,13.0,16.0,10.0,63.0,10.0,69.0,70.0,67.0,50.0,16.0,60.0,12.0,9.0,15.0,92.0,20.0,14.0,3.0,17.0,13.0,10.0,8.0,101.0,20.0,14.0,3.0,4.0,2.0,1.0,1.0,13.0,11.0,4.0,3.0,9.0,4.0,7.0,10.0,63.0,28.0,20.0,5.0,8.0,2.0,4.0,2.0,10.0,3.0,2.0,0.0,4.0,1.0,3.0,1.0,15.0,31.0,21.0,2.0,8.0,1.0,1.0,2.0,9.0,11.0,9.0,1.0,3.0,11.0,8.0,9.0,64.0,39.0,44.0,9.0,48.0,6.0,3.0,10.0,67.0,10.0,9.0,3.0,13.0,14.0,10.0,10.0,89.0,13.0,13.0,2.0,11.0,1.0,1.0,2.0,13.0,8.0,2.0,0.0,4.0,9.0,4.0,12.0,55.0,87.0,86.0,10.0,44.0,17.0,15.0,10.0,82.0,17.0,12.0,4.0,14.0,9.0,5.0,9.0,58.0,169.0,117.0,11.0,51.0,16.0,19.0,14.0,100.0,96.0,62.0,15.0,61.0,73.0,61.0,66.0,1433.0,1.995791245791245,0.0443002293905386,0.7470248249678724,0.8590762156315777,3.4198149847541885,26.328614811508093,3.5950068323669533,0.033332187432259776,0.6528348824244585,0.744626271777266,3.692514110699419,24.55986138674316,mel
629.0,87.0,145.0,92.0,89.0,36.0,134.0,174.0,115.0,19.0,28.0,20.0,112.0,21.0,156.0,174.0,88.0,17.0,28.0,18.0,28.0,3.0,14.0,10.0,105.0,11.0,27.0,16.0,149.0,19.0,202.0,192.0,139.0,17.0,32.0,22.0,20.0,8.0,28.0,17.0,40.0,7.0,5.0,5.0,30.0,3.0,22.0,35.0,111.0,15.0,24.0,15.0,24.0,3.0,13.0,15.0,196.0,13.0,35.0,15.0,238.0,34.0,214.0,151.0,122.0,37.0,17.0,25.0,20.0,3.0,9.0,19.0,13.0,2.0,5.0,5.0,8.0,6.0,15.0,25.0,29.0,6.0,2.0,2.0,10.0,0.0,4.0,5.0,25.0,3.0,6.0,4.0,23.0,2.0,28.0,31.0,114.0,28.0,17.0,16.0,14.0,5.0,11.0,12.0,36.0,14.0,5.0,10.0,13.0,1.0,14.0,28.0,135.0,15.0,21.0,21.0,25.0,5.0,29.0,24.0,213.0,33.0,26.0,26.0,222.0,35.0,174.0,166.0,123.0,111.0,27.0,167.0,26.0,20.0,27.0,214.0,20.0,18.0,2.0,25.0,17.0,22.0,33.0,206.0,20.0,17.0,4.0,23.0,4.0,2.0,6.0,29.0,23.0,11.0,11.0,23.0,15.0,12.0,31.0,179.0,35.0,35.0,8.0,20.0,4.0,4.0,6.0,26.0,7.0,5.0,2.0,7.0,8.0,5.0,5.0,54.0,25.0,15.0,8.0,21.0,3.0,6.0,3.0,25.0,25.0,14.0,4.0,26.0,33.0,27.0,29.0,146.0,123.0,146.0,21.0,205.0,18.0,19.0,16.0,191.0,18.0,24.0,6.0,34.0,11.0,16.0,12.0,162.0,28.0,25.0,9.0,23.0,7.0,6.0,6.0,27.0,27.0,10.0,8.0,23.0,16.0,17.0,24.0,183.0,171.0,219.0,40.0,253.0,19.0,28.0,12.0,150.0,31.0,27.0,11.0,41.0,23.0,22.0,14.0,176.0,174.0,206.0,34.0,177.0,27.0,46.0,18.0,174.0,208.0,174.0,51.0,162.0,189.0,202.0,169.0,1716.0,1.4854890409772148,0.08037365327805737,0.8420510135651206,0.9092215967497138,3.007234691108139,31.242318186069205,3.0096879301632655,0.06348057415025238,0.7701630483114749,0.8200727393443131,3.240115422836049,30.44480828342244,nv
1148.0,143.0,100.0,61.0,112.0,47.0,48.0,79.0,110.0,24.0,22.0,30.0,53.0,29.0,62.0,120.0,145.0,34.0,24.0,9.0,44.0,13.0,31.0,23.0,58.0,19.0,22.0,26.0,110.0,24.0,132.0,118.0,108.0,30.0,20.0,14.0,27.0,7.0,9.0,21.0,27.0,10.0,9.0,8.0,20.0,11.0,28.0,20.0,65.0,13.0,21.0,15.0,26.0,5.0,16.0,9.0,80.0,18.0,27.0,17.0,110.0,31.0,155.0,138.0,125.0,39.0,30.0,31.0,26.0,14.0,14.0,32.0,32.0,13.0,4.0,10.0,12.0,16.0,14.0,37.0,35.0,21.0,20.0,10.0,20.0,12.0,10.0,7.0,21.0,10.0,6.0,6.0,32.0,13.0,30.0,42.0,67.0,15.0,18.0,20.0,13.0,11.0,7.0,19.0,28.0,11.0,9.0,13.0,20.0,9.0,21.0,39.0,88.0,28.0,24.0,20.0,30.0,9.0,10.0,22.0,102.0,34.0,35.0,27.0,130.0,52.0,161.0,141.0,118.0,57.0,33.0,66.0,27.0,27.0,23.0,123.0,27.0,21.0,9.0,28.0,19.0,17.0,20.0,126.0,26.0,13.0,7.0,17.0,12.0,8.0,8.0,28.0,25.0,8.0,11.0,17.0,18.0,9.0,43.0,121.0,32.0,22.0,17.0,27.0,9.0,6.0,7.0,35.0,13.0,8.0,10.0,14.0,12.0,8.0,14.0,65.0,22.0,15.0,11.0,20.0,15.0,11.0,14.0,30.0,38.0,20.0,20.0,22.0,45.0,32.0,80.0,182.0,80.0,83.0,19.0,124.0,21.0,31.0,19.0,126.0,25.0,24.0,10.0,44.0,8.0,16.0,17.0,118.0,25.0,27.0,11.0,35.0,13.0,7.0,13.0,34.0,14.0,10.0,11.0,23.0,20.0,14.0,31.0,142.0,77.0,107.0,26.0,128.0,17.0,35.0,18.0,130.0,32.0,37.0,12.0,78.0,18.0,21.0,24.0,205.0,102.0,140.0,34.0,155.0,37.0,46.0,29.0,164.0,130.0,144.0,76.0,180.0,117.0,149.0,200.0,2128.0,3.24553411764706,0.06467499245397922,0.7632339004293511,0.8438519168759274,3.310889408894396,38.32441733757785,5.482650260293421,0.054951532946049375,0.7082963968324592,0.7401258643405804,3.4641861598319106,36.71200867628313,nv
429.0,60.0,135.0,139.0,78.0,12.0,106.0,196.0,105.0,15.0,29.0,27.0,112.0,14.0,261.0,270.0,59.0,4.0,16.0,10.0,13.0,4.0,19.0,11.0,114.0,22.0,27.0,7.0,197.0,20.0,348.0,285.0,118.0,13.0,25.0,16.0,18.0,2.0,17.0,16.0,28.0,2.0,5.0,0.0,32.0,3.0,15.0,25.0,126.0,9.0,17.0,20.0,22.0,2.0,18.0,9.0,246.0,14.0,23.0,14.0,406.0,19.0,394.0,234.0,79.0,12.0,12.0,11.0,5.0,0.0,12.0,14.0,9.0,4.0,2.0,3.0,7.0,1.0,19.0,24.0,8.0,2.0,1.0,2.0,0.0,0.0,2.0,7.0,17.0,1.0,4.0,2.0,15.0,2.0,27.0,19.0,129.0,15.0,16.0,19.0,10.0,2.0,11.0,11.0,24.0,4.0,7.0,2.0,15.0,2.0,28.0,23.0,168.0,12.0,21.0,12.0,7.0,0.0,14.0,8.0,316.0,14.0,24.0,16.0,332.0,13.0,222.0,165.0,85.0,100.0,23.0,263.0,13.0,12.0,30.0,383.0,17.0,13.0,6.0,29.0,10.0,29.0,27.0,333.0,14.0,6.0,3.0,11.0,3.0,2.0,1.0,20.0,14.0,19.0,5.0,14.0,13.0,18.0,19.0,250.0,22.0,35.0,5.0,29.0,0.0,5.0,4.0,23.0,3.0,4.0,1.0,5.0,4.0,2.0,6.0,29.0,26.0,15.0,5.0,20.0,3.0,2.0,4.0,17.0,21.0,11.0,3.0,20.0,23.0,22.0,33.0,156.0,94.0,162.0,28.0,387.0,9.0,16.0,18.0,350.0,11.0,13.0,6.0,19.0,13.0,14.0,22.0,207.0,14.0,15.0,2.0,25.0,1.0,1.0,3.0,22.0,26.0,5.0,3.0,27.0,11.0,19.0,14.0,200.0,239.0,311.0,30.0,319.0,16.0,15.0,16.0,212.0,22.0,16.0,3.0,15.0,16.0,16.0,21.0,134.0,292.0,305.0,33.0,176.0,14.0,20.0,15.0,137.0,307.0,240.0,32.0,129.0,206.0,182.0,150.0,2230.0,2.005451025938831,0.08561815797594954,0.8678453577929788,0.8935958698332934,2.927442131571701,35.6895336104063,3.730014472680869,0.06600169624179841,0.7899573529224322,0.8040972221765272,3.1868777423821886,34.35024670709643,nv
166.0,26.0,32.0,12.0,28.0,6.0,25.0,40.0,29.0,8.0,7.0,8.0,17.0,4.0,59.0,91.0,22.0,4.0,5.0,2.0,8.0,5.0,1.0,6.0,30.0,6.0,6.0,7.0,30.0,6.0,120.0,91.0,21.0,3.0,7.0,4.0,3.0,1.0,2.0,5.0,7.0,0.0,2.0,2.0,6.0,0.0,12.0,8.0,18.0,2.0,3.0,1.0,3.0,2.0,4.0,6.0,42.0,3.0,10.0,5.0,128.0,2.0,98.0,43.0,23.0,11.0,1.0,3.0,7.0,1.0,4.0,5.0,0.0,1.0,2.0,0.0,1.0,2.0,3.0,6.0,5.0,1.0,0.0,1.0,1.0,0.0,0.0,2.0,2.0,1.0,1.0,0.0,6.0,7.0,4.0,9.0,20.0,9.0,1.0,3.0,3.0,1.0,4.0,2.0,1.0,1.0,0.0,0.0,1.0,0.0,2.0,6.0,33.0,6.0,3.0,1.0,3.0,1.0,2.0,3.0,70.0,4.0,3.0,8.0,59.0,5.0,46.0,40.0,28.0,35.0,8.0,56.0,5.0,0.0,3.0,80.0,6.0,4.0,2.0,6.0,8.0,4.0,3.0,69.0,4.0,4.0,2.0,5.0,2.0,1.0,0.0,5.0,5.0,4.0,1.0,4.0,4.0,4.0,8.0,56.0,6.0,6.0,0.0,10.0,1.0,0.0,2.0,2.0,0.0,2.0,1.0,2.0,4.0,0.0,2.0,9.0,6.0,7.0,0.0,5.0,0.0,1.0,1.0,8.0,8.0,3.0,1.0,5.0,7.0,4.0,7.0,41.0,22.0,55.0,11.0,128.0,3.0,4.0,2.0,106.0,4.0,2.0,2.0,8.0,3.0,2.0,2.0,57.0,6.0,3.0,0.0,4.0,0.0,1.0,0.0,4.0,2.0,3.0,0.0,2.0,3.0,2.0,5.0,31.0,64.0,133.0,3.0,98.0,5.0,2.0,3.0,62.0,4.0,7.0,0.0,12.0,2.0,7.0,8.0,45.0,107.0,85.0,5.0,58.0,7.0,4.0,3.0,28.0,71.0,41.0,8.0,38.0,37.0,27.0,37.0,682.0,2.2661372186063184,0.15488162961850566,0.8658063662166522,0.855943218903939,2.5722325770111203,29.19558504624417,4.674800168279344,0.12313333456453754,0.7770960432081951,0.7169459257926074,2.8623384534927556,28.356345427273087,vasc
171.0,23.0,23.0,25.0,18.0,6.0,14.0,26.0,32.0,2.0,7.0,2.0,30.0,3.0,44.0,81.0,30.0,8.0,4.0,3.0,6.0,1.0,4.0,3.0,18.0,0.0,5.0,1.0,31.0,8.0,121.0,60.0,29.0,4.0,9.0,2.0,7.0,0.0,4.0,4.0,6.0,2.0,1.0,0.0,6.0,2.0,8.0,3.0,28.0,3.0,2.0,3.0,4.0,0.0,4.0,1.0,54.0,5.0,9.0,2.0,121.0,3.0,89.0,48.0,23.0,9.0,2.0,10.0,7.0,2.0,1.0,4.0,7.0,1.0,0.0,0.0,4.0,1.0,4.0,5.0,5.0,2.0,1.0,2.0,3.0,0.0,1.0,1.0,6.0,1.0,0.0,0.0,5.0,8.0,1.0,6.0,15.0,2.0,4.0,2.0,2.0,0.0,3.0,2.0,5.0,0.0,3.0,1.0,8.0,0.0,5.0,2.0,47.0,9.0,4.0,3.0,3.0,1.0,3.0,3.0,87.0,6.0,11.0,4.0,88.0,6.0,55.0,45.0,29.0,23.0,7.0,56.0,3.0,6.0,10.0,105.0,8.0,5.0,1.0,5.0,7.0,0.0,8.0,62.0,5.0,6.0,0.0,7.0,3.0,2.0,0.0,6.0,5.0,1.0,5.0,2.0,5.0,0.0,6.0,40.0,9.0,8.0,1.0,6.0,1.0,0.0,2.0,1.0,2.0,2.0,1.0,0.0,1.0,0.0,0.0,9.0,4.0,2.0,2.0,3.0,0.0,0.0,1.0,3.0,6.0,5.0,3.0,7.0,6.0,2.0,12.0,45.0,33.0,51.0,7.0,120.0,7.0,3.0,7.0,91.0,3.0,6.0,1.0,7.0,4.0,2.0,2.0,34.0,0.0,3.0,1.0,7.0,0.0,2.0,1.0,7.0,4.0,3.0,0.0,3.0,4.0,3.0,4.0,24.0,54.0,133.0,9.0,101.0,6.0,6.0,4.0,53.0,7.0,5.0,4.0,10.0,4.0,2.0,5.0,38.0,76.0,114.0,5.0,55.0,2.0,5.0,5.0,30.0,63.0,54.0,12.0,36.0,58.0,36.0,34.0,692.0,1.9935510837761987,0.14000240046772253,0.861181494111194,0.8606119360797452,2.5899977244049657,26.610778838142018,4.1066770839593705,0.1110616705045358,0.7750571922621272,0.7256596952861257,2.8724733610780837,25.831884719727952,vasc
99.0,20.0,25.0,15.0,19.0,4.0,25.0,46.0,28.0,6.0,7.0,8.0,23.0,3.0,73.0,156.0,9.0,3.0,3.0,3.0,4.0,3.0,2.0,4.0,23.0,1.0,5.0,6.0,31.0,5.0,134.0,124.0,22.0,2.0,3.0,4.0,2.0,0.0,2.0,3.0,9.0,0.0,0.0,0.0,3.0,2.0,7.0,2.0,19.0,3.0,1.0,1.0,4.0,0.0,1.0,2.0,26.0,3.0,7.0,1.0,81.0,3.0,125.0,55.0,17.0,2.0,5.0,4.0,2.0,1.0,3.0,3.0,1.0,1.0,0.0,0.0,1.0,0.0,3.0,6.0,4.0,1.0,0.0,0.0,0.0,0.0,0.0,0.0,3.0,1.0,1.0,1.0,5.0,0.0,4.0,4.0,25.0,3.0,1.0,4.0,5.0,1.0,3.0,2.0,6.0,1.0,1.0,0.0,2.0,0.0,4.0,3.0,33.0,2.0,1.0,3.0,2.0,0.0,0.0,2.0,105.0,1.0,6.0,2.0,63.0,2.0,45.0,31.0,25.0,18.0,6.0,43.0,3.0,1.0,4.0,101.0,5.0,4.0,1.0,3.0,3.0,2.0,4.0,101.0,6.0,1.0,0.0,5.0,0.0,0.0,1.0,3.0,3.0,1.0,1.0,3.0,4.0,2.0,3.0,56.0,6.0,5.0,2.0,11.0,0.0,1.0,2.0,3.0,2.0,1.0,0.0,2.0,2.0,1.0,1.0,7.0,7.0,5.0,1.0,3.0,1.0,0.0,1.0,6.0,7.0,3.0,2.0,4.0,2.0,5.0,8.0,37.0,23.0,41.0,11.0,179.0,0.0,4.0,5.0,85.0,4.0,2.0,0.0,2.0,3.0,2.0,7.0,33.0,5.0,3.0,0.0,1.0,0.0,0.0,0.0,4.0,4.0,2.0,0.0,5.0,2.0,2.0,2.0,40.0,52.0,132.0,12.0,138.0,5.0,5.0,1.0,52.0,2.0,3.0,1.0,6.0,4.0,4.0,6.0,36.0,176.0,118.0,6.0,47.0,3.0,6.0,4.0,27.0,84.0,39.0,2.0,31.0,36.0,29.0,24.0,881.0,2.5252716922546146,0.1480277887210217,0.8778288389851773,0.8654044572539793,2.4994379571748553,34.9985814864462,4.784740032641641,0.11564400139849258,0.7892017847111378,0.7405239599738453,2.794670421907998,32.095274262006505,vasc
568.0,72.0,179.0,162.0,88.0,14.0,128.0,198.0,145.0,19.0,28.0,28.0,124.0,18.0,300.0,370.0,51.0,9.0,18.0,15.0,15.0,2.0,13.0,16.0,131.0,21.0,30.0,22.0,185.0,21.0,430.0,352.0,194.0,26.0,40.0,27.0,12.0,2.0,31.0,27.0,48.0,6.0,7.0,5.0,45.0,2.0,26.0,37.0,113.0,11.0,26.0,23.0,17.0,4.0,15.0,14.0,361.0,22.0,41.0,37.0,739.0,32.0,644.0,325.0,83.0,17.0,21.0,16.0,14.0,3.0,19.0,22.0,24.0,5.0,4.0,4.0,11.0,1.0,25.0,21.0,11.0,2.0,2.0,7.0,0.0,0.0,2.0,2.0,8.0,1.0,4.0,8.0,12.0,1.0,27.0,22.0,145.0,15.0,33.0,19.0,20.0,3.0,21.0,15.0,45.0,5.0,6.0,7.0,26.0,4.0,33.0,27.0,158.0,16.0,26.0,23.0,14.0,2.0,17.0,16.0,458.0,29.0,30.0,24.0,497.0,33.0,356.0,292.0,169.0,121.0,48.0,388.0,19.0,20.0,39.0,621.0,45.0,27.0,8.0,31.0,31.0,21.0,31.0,508.0,13.0,16.0,2.0,29.0,1.0,3.0,2.0,49.0,20.0,14.0,3.0,23.0,28.0,20.0,36.0,352.0,37.0,34.0,12.0,58.0,4.0,3.0,1.0,45.0,4.0,5.0,2.0,7.0,3.0,4.0,8.0,36.0,18.0,28.0,4.0,29.0,2.0,4.0,6.0,33.0,29.0,28.0,6.0,39.0,37.0,22.0,60.0,342.0,160.0,236.0,35.0,500.0,17.0,14.0,41.0,553.0,30.0,26.0,5.0,38.0,25.0,29.0,34.0,383.0,12.0,28.0,5.0,34.0,2.0,2.0,2.0,37.0,28.0,17.0,9.0,38.0,14.0,25.0,29.0,343.0,275.0,408.0,40.0,570.0,37.0,34.0,21.0,429.0,47.0,39.0,9.0,57.0,37.0,40.0,36.0,377.0,287.0,351.0,25.0,379.0,20.0,25.0,24.0,321.0,454.0,360.0,37.0,345.0,340.0,298.0,320.0,4708.0,0.5699540289704221,0.16449467062370238,0.9091158961756599,0.884894215907715,2.3080052305969683,9.333180439293491,1.0019557534976036,0.14238689584028677,0.8578972915928786,0.7955565847409769,2.4963681020483866,8.79983465611927,vasc
1823.0,227.0,171.0,96.0,242.0,84.0,97.0,87.0,210.0,60.0,48.0,36.0,137.0,57.0,101.0,106.0,236.0,48.0,59.0,24.0,97.0,44.0,44.0,35.0,112.0,28.0,44.0,20.0,137.0,44.0,165.0,143.0,176.0,47.0,23.0,21.0,59.0,32.0,19.0,21.0,54.0,26.0,31.0,16.0,50.0,21.0,47.0,52.0,105.0,30.0,23.0,22.0,50.0,23.0,28.0,26.0,144.0,37.0,65.0,39.0,199.0,67.0,216.0,208.0,234.0,125.0,55.0,51.0,54.0,32.0,36.0,38.0,66.0,32.0,22.0,26.0,40.0,26.0,29.0,60.0,84.0,43.0,20.0,28.0,49.0,20.0,16.0,40.0,54.0,17.0,22.0,26.0,51.0,30.0,76.0,79.0,95.0,55.0,25.0,32.0,29.0,22.0,20.0,37.0,42.0,29.0,21.0,29.0,41.0,30.0,31.0,61.0,131.0,34.0,31.0,27.0,49.0,36.0,26.0,42.0,159.0,67.0,67.0,75.0,187.0,102.0,208.0,330.0,190.0,109.0,75.0,108.0,71.0,44.0,47.0,137.0,32.0,31.0,31.0,37.0,27.0,21.0,44.0,138.0,44.0,37.0,16.0,32.0,34.0,23.0,33.0,62.0,38.0,21.0,16.0,32.0,35.0,29.0,67.0,164.0,45.0,47.0,22.0,47.0,19.0,17.0,17.0,42.0,27.0,20.0,20.0,36.0,24.0,22.0,34.0,126.0,38.0,33.0,33.0,34.0,27.0,19.0,38.0,58.0,39.0,29.0,34.0,68.0,71.0,58.0,150.0,458.0,120.0,217.0,61.0,215.0,31.0,38.0,38.0,145.0,23.0,34.0,27.0,84.0,12.0,32.0,37.0,157.0,42.0,56.0,14.0,61.0,25.0,34.0,23.0,88.0,24.0,29.0,38.0,51.0,29.0,43.0,60.0,241.0,91.0,211.0,41.0,310.0,29.0,60.0,31.0,192.0,39.0,59.0,36.0,166.0,30.0,56.0,61.0,409.0,114.0,143.0,65.0,187.0,61.0,92.0,63.0,325.0,165.0,149.0,132.0,466.0,173.0,243.0,492.0,4026.0,1.5083278919602414,0.09940015959590738,0.7997742809503429,0.7619243801171202,2.889045352679213,11.162670446317767,2.1398114877883687,0.08923451443366603,0.7628136662288543,0.658902325014808,2.9985768177595467,10.406808701758571,vasc
738.0,92.0,261.0,158.0,124.0,15.0,179.0,131.0,86.0,14.0,38.0,20.0,137.0,19.0,216.0,153.0,105.0,14.0,37.0,21.0,19.0,5.0,17.0,18.0,135.0,11.0,32.0,21.0,251.0,31.0,348.0,175.0,295.0,25.0,68.0,22.0,27.0,4.0,27.0,21.0,39.0,1.0,0.0,0.0,46.0,8.0,43.0,23.0,142.0,9.0,31.0,20.0,18.0,3.0,24.0,12.0,246.0,22.0,50.0,16.0,365.0,48.0,288.0,193.0,102.0,30.0,29.0,26.0,14.0,7.0,17.0,20.0,15.0,3.0,4.0,3.0,14.0,2.0,29.0,27.0,13.0,5.0,3.0,2.0,2.0,1.0,4.0,2.0,24.0,8.0,7.0,6.0,26.0,2.0,44.0,35.0,167.0,31.0,28.0,17.0,19.0,5.0,14.0,16.0,27.0,2.0,5.0,3.0,24.0,5.0,13.0,12.0,127.0,19.0,25.0,17.0,16.0,3.0,17.0,10.0,180.0,25.0,25.0,15.0,211.0,32.0,206.0,125.0,112.0,124.0,28.0,198.0,13.0,21.0,18.0,148.0,12.0,18.0,8.0,17.0,8.0,13.0,19.0,153.0,11.0,10.0,6.0,18.0,4.0,4.0,1.0,27.0,14.0,17.0,2.0,24.0,22.0,24.0,22.0,181.0,36.0,40.0,9.0,28.0,2.0,10.0,5.0,28.0,6.0,3.0,2.0,8.0,4.0,5.0,8.0,31.0,13.0,21.0,4.0,22.0,5.0,3.0,2.0,25.0,20.0,25.0,7.0,15.0,32.0,42.0,39.0,185.0,114.0,203.0,35.0,349.0,16.0,26.0,20.0,165.0,11.0,18.0,3.0,29.0,14.0,31.0,18.0,180.0,19.0,38.0,9.0,40.0,6.0,3.0,7.0,37.0,19.0,24.0,8.0,43.0,29.0,45.0,43.0,316.0,193.0,297.0,27.0,267.0,21.0,42.0,30.0,157.0,13.0,26.0,6.0,42.0,25.0,35.0,19.0,172.0,134.0,181.0,20.0,177.0,21.0,44.0,14.0,149.0,156.0,188.0,28.0,154.0,170.0,306.0,140.0,1776.0,1.1325801783296763,0.08863624150047363,0.8019598475159936,0.910460781736899,3.011889999218302,24.165388696085028,2.1167328559367093,0.07409992614518719,0.7185815261996398,0.8293747054900885,3.235953379560944,22.694744973497897,nv
305.0,58.0,114.0,85.0,55.0,10.0,84.0,65.0,50.0,3.0,17.0,6.0,64.0,13.0,91.0,79.0,39.0,9.0,12.0,4.0,7.0,5.0,11.0,9.0,57.0,5.0,14.0,8.0,85.0,10.0,133.0,99.0,97.0,23.0,30.0,16.0,17.0,1.0,13.0,11.0,25.0,3.0,2.0,1.0,26.0,7.0,17.0,12.0,70.0,4.0,16.0,8.0,9.0,2.0,7.0,6.0,128.0,8.0,15.0,14.0,193.0,15.0,135.0,90.0,53.0,9.0,18.0,14.0,15.0,1.0,4.0,4.0,7.0,1.0,2.0,1.0,10.0,2.0,14.0,11.0,10.0,1.0,3.0,3.0,2.0,0.0,5.0,1.0,4.0,0.0,2.0,2.0,7.0,1.0,13.0,14.0,73.0,13.0,16.0,11.0,8.0,0.0,11.0,12.0,15.0,3.0,1.0,1.0,11.0,0.0,9.0,6.0,63.0,3.0,10.0,5.0,8.0,3.0,6.0,5.0,119.0,10.0,7.0,5.0,151.0,15.0,95.0,51.0,53.0,57.0,21.0,122.0,4.0,7.0,12.0,92.0,8.0,10.0,4.0,8.0,6.0,5.0,6.0,85.0,4.0,4.0,3.0,11.0,2.0,0.0,0.0,6.0,4.0,5.0,4.0,12.0,10.0,14.0,8.0,99.0,11.0,25.0,3.0,32.0,1.0,1.0,2.0,14.0,2.0,1.0,3.0,2.0,2.0,1.0,3.0,15.0,10.0,10.0,2.0,8.0,0.0,2.0,3.0,5.0,16.0,10.0,0.0,5.0,12.0,21.0,11.0,78.0,41.0,101.0,29.0,217.0,8.0,16.0,16.0,120.0,8.0,8.0,1.0,16.0,12.0,9.0,15.0,109.0,6.0,11.0,3.0,18.0,1.0,4.0,0.0,15.0,8.0,11.0,9.0,19.0,12.0,18.0,12.0,148.0,82.0,170.0,19.0,170.0,9.0,16.0,13.0,109.0,13.0,15.0,2.0,7.0,11.0,19.0,9.0,61.0,57.0,81.0,16.0,94.0,8.0,9.0,4.0,56.0,98.0,88.0,10.0,73.0,85.0,135.0,54.0,1139.0,1.4309885931558937,0.1008114615812157,0.8352738184311407,0.8160492915809631,2.7130360294151195,14.127403167925264,2.8940262386957083,0.07928820036863177,0.7507631768471584,0.6368526954644264,2.9591142712455256,13.044554070453811,nv
525.0,54.0,57.0,24.0,54.0,11.0,50.0,41.0,54.0,8.0,10.0,14.0,28.0,13.0,45.0,47.0,65.0,18.0,14.0,10.0,18.0,6.0,8.0,15.0,43.0,4.0,19.0,13.0,95.0,13.0,124.0,89.0,53.0,14.0,19.0,11.0,13.0,2.0,9.0,7.0,17.0,3.0,4.0,4.0,13.0,3.0,21.0,13.0,51.0,8.0,11.0,7.0,17.0,6.0,10.0,3.0,51.0,10.0,14.0,13.0,89.0,21.0,119.0,86.0,59.0,20.0,13.0,18.0,13.0,7.0,11.0,8.0,12.0,2.0,8.0,2.0,6.0,3.0,14.0,17.0,27.0,5.0,7.0,3.0,6.0,3.0,0.0,2.0,9.0,5.0,8.0,1.0,20.0,8.0,28.0,31.0,32.0,12.0,7.0,12.0,8.0,3.0,2.0,3.0,9.0,4.0,2.0,3.0,8.0,1.0,8.0,15.0,54.0,12.0,3.0,3.0,8.0,5.0,6.0,7.0,57.0,14.0,13.0,6.0,59.0,23.0,93.0,63.0,46.0,33.0,11.0,54.0,13.0,7.0,10.0,63.0,8.0,10.0,7.0,17.0,8.0,4.0,10.0,49.0,12.0,3.0,3.0,11.0,6.0,4.0,4.0,11.0,8.0,2.0,3.0,8.0,12.0,2.0,24.0,57.0,9.0,6.0,9.0,9.0,4.0,3.0,4.0,16.0,10.0,1.0,3.0,7.0,3.0,2.0,9.0,17.0,8.0,19.0,6.0,8.0,7.0,3.0,3.0,4.0,10.0,17.0,9.0,15.0,14.0,13.0,52.0,85.0,31.0,66.0,7.0,118.0,3.0,20.0,7.0,81.0,5.0,10.0,3.0,20.0,6.0,10.0,6.0,63.0,12.0,12.0,2.0,27.0,7.0,5.0,6.0,10.0,3.0,7.0,7.0,11.0,7.0,7.0,18.0,86.0,50.0,101.0,14.0,127.0,14.0,15.0,8.0,62.0,10.0,21.0,6.0,37.0,11.0,16.0,9.0,84.0,74.0,79.0,17.0,60.0,19.0,16.0,8.0,56.0,59.0,70.0,23.0,73.0,62.0,82.0,97.0,1244.0,2.685849499656805,0.07572155465723651,0.7585932048813536,0.7406183978511922,3.1134629969964327,18.023788172454736,4.527795945062133,0.060682041467393574,0.6817643509745751,0.563838563202586,3.2919291964868744,16.234222716230835,nv
645.0,61.0,60.0,51.0,87.0,32.0,48.0,96.0,72.0,9.0,13.0,25.0,55.0,13.0,65.0,112.0,62.0,18.0,11.0,12.0,22.0,9.0,20.0,27.0,53.0,18.0,16.0,12.0,49.0,12.0,80.0,97.0,41.0,8.0,13.0,8.0,14.0,2.0,9.0,11.0,13.0,5.0,8.0,7.0,15.0,3.0,15.0,29.0,38.0,10.0,4.0,4.0,17.0,2.0,7.0,4.0,73.0,6.0,22.0,12.0,67.0,24.0,73.0,73.0,69.0,21.0,11.0,13.0,20.0,7.0,12.0,18.0,19.0,4.0,5.0,2.0,11.0,4.0,11.0,34.0,24.0,3.0,4.0,4.0,3.0,2.0,2.0,9.0,14.0,6.0,4.0,2.0,15.0,5.0,22.0,32.0,35.0,17.0,9.0,11.0,9.0,4.0,8.0,13.0,11.0,5.0,3.0,2.0,12.0,6.0,7.0,18.0,81.0,20.0,14.0,4.0,21.0,7.0,13.0,18.0,120.0,14.0,16.0,18.0,84.0,23.0,61.0,133.0,84.0,39.0,24.0,60.0,14.0,19.0,21.0,115.0,19.0,11.0,10.0,20.0,13.0,5.0,23.0,175.0,21.0,6.0,6.0,10.0,4.0,4.0,7.0,42.0,8.0,9.0,3.0,13.0,13.0,10.0,23.0,93.0,13.0,11.0,3.0,12.0,1.0,2.0,2.0,37.0,6.0,5.0,1.0,10.0,6.0,5.0,7.0,61.0,13.0,6.0,3.0,10.0,3.0,3.0,2.0,26.0,24.0,8.0,10.0,23.0,35.0,8.0,23.0,115.0,48.0,47.0,13.0,49.0,11.0,18.0,6.0,63.0,8.0,9.0,4.0,10.0,4.0,8.0,12.0,90.0,15.0,17.0,4.0,13.0,1.0,2.0,7.0,27.0,6.0,5.0,2.0,8.0,2.0,6.0,19.0,74.0,71.0,97.0,13.0,68.0,23.0,9.0,14.0,79.0,23.0,22.0,8.0,38.0,9.0,15.0,14.0,124.0,167.0,124.0,30.0,80.0,19.0,30.0,14.0,96.0,141.0,86.0,46.0,120.0,79.0,55.0,121.0,1587.0,3.0680297612181344,0.07770965579144785,0.7637833925367316,0.7365619543708108,3.1159383347461636,20.224200135876096,4.645668374476015,0.062234560932933766,0.6923702918943421,0.5936912625123907,3.326724393753181,18.22200807866783,nv
170.0,29.0,52.0,38.0,23.0,1.0,41.0,48.0,27.0,4.0,10.0,9.0,29.0,8.0,72.0,75.0,20.0,8.0,2.0,6.0,3.0,1.0,4.0,3.0,27.0,5.0,10.0,6.0,52.0,1.0,118.0,89.0,46.0,7.0,13.0,10.0,11.0,1.0,6.0,8.0,4.0,3.0,1.0,0.0,14.0,0.0,8.0,7.0,44.0,4.0,9.0,6.0,3.0,0.0,4.0,4.0,85.0,5.0,8.0,5.0,142.0,9.0,110.0,57.0,25.0,4.0,13.0,3.0,1.0,1.0,4.0,4.0,4.0,0.0,3.0,0.0,5.0,1.0,7.0,4.0,3.0,0.0,1.0,1.0,1.0,0.0,0.0,1.0,9.0,0.0,1.0,1.0,6.0,2.0,8.0,8.0,31.0,3.0,4.0,7.0,3.0,1.0,8.0,4.0,9.0,0.0,1.0,1.0,5.0,1.0,5.0,1.0,70.0,6.0,6.0,5.0,4.0,2.0,2.0,3.0,104.0,3.0,2.0,2.0,98.0,5.0,53.0,34.0,28.0,33.0,7.0,93.0,8.0,3.0,7.0,89.0,8.0,3.0,1.0,7.0,2.0,7.0,6.0,86.0,4.0,7.0,0.0,5.0,0.0,0.0,1.0,7.0,1.0,5.0,0.0,3.0,3.0,5.0,7.0,58.0,15.0,7.0,1.0,8.0,1.0,4.0,1.0,6.0,2.0,3.0,0.0,2.0,1.0,2.0,2.0,8.0,3.0,11.0,0.0,4.0,0.0,4.0,1.0,2.0,2.0,4.0,0.0,5.0,9.0,6.0,4.0,52.0,40.0,72.0,9.0,159.0,5.0,6.0,2.0,100.0,7.0,4.0,0.0,9.0,3.0,6.0,7.0,75.0,4.0,7.0,1.0,8.0,0.0,0.0,0.0,9.0,3.0,7.0,0.0,18.0,4.0,8.0,7.0,65.0,66.0,113.0,11.0,147.0,3.0,6.0,4.0,67.0,4.0,9.0,2.0,3.0,4.0,9.0,2.0,53.0,68.0,69.0,5.0,44.0,4.0,10.0,5.0,35.0,80.0,58.0,13.0,51.0,60.0,71.0,38.0,787.0,1.1151317415591477,0.08527067729106505,0.8476776407321905,0.8514920198966436,2.7199995083832893,13.902670544662152,2.2022527910685814,0.06295748242784174,0.7583184503771794,0.7112618736649695,2.978953891752111,13.052073466581577,nv
287.0,31.0,25.0,32.0,34.0,5.0,35.0,51.0,63.0,14.0,8.0,13.0,45.0,7.0,59.0,101.0,39.0,6.0,5.0,7.0,9.0,2.0,8.0,7.0,33.0,4.0,7.0,8.0,52.0,6.0,79.0,83.0,23.0,6.0,8.0,7.0,1.0,1.0,1.0,8.0,8.0,5.0,5.0,2.0,8.0,1.0,4.0,11.0,36.0,7.0,6.0,2.0,8.0,3.0,7.0,4.0,47.0,8.0,7.0,6.0,43.0,7.0,66.0,55.0,31.0,8.0,5.0,10.0,7.0,3.0,5.0,4.0,4.0,5.0,2.0,2.0,3.0,1.0,7.0,7.0,13.0,5.0,2.0,2.0,5.0,4.0,2.0,2.0,7.0,1.0,2.0,2.0,9.0,2.0,10.0,15.0,35.0,6.0,7.0,8.0,7.0,1.0,3.0,0.0,10.0,5.0,4.0,3.0,8.0,1.0,6.0,15.0,65.0,6.0,5.0,9.0,8.0,3.0,3.0,7.0,69.0,16.0,14.0,12.0,47.0,8.0,54.0,77.0,73.0,35.0,12.0,39.0,14.0,9.0,8.0,91.0,21.0,10.0,5.0,10.0,14.0,6.0,8.0,80.0,16.0,7.0,1.0,1.0,1.0,4.0,1.0,17.0,5.0,3.0,2.0,3.0,2.0,3.0,6.0,47.0,10.0,6.0,1.0,14.0,2.0,4.0,2.0,9.0,1.0,2.0,1.0,3.0,2.0,0.0,2.0,15.0,18.0,9.0,2.0,2.0,2.0,2.0,3.0,14.0,12.0,7.0,4.0,8.0,9.0,3.0,19.0,56.0,37.0,44.0,7.0,54.0,3.0,5.0,6.0,61.0,4.0,9.0,1.0,9.0,6.0,5.0,4.0,59.0,15.0,7.0,2.0,3.0,1.0,3.0,1.0,7.0,4.0,7.0,2.0,5.0,4.0,2.0,5.0,39.0,54.0,64.0,6.0,60.0,7.0,10.0,7.0,53.0,13.0,8.0,3.0,19.0,8.0,7.0,8.0,57.0,89.0,84.0,18.0,66.0,15.0,14.0,18.0,72.0,89.0,48.0,24.0,56.0,43.0,50.0,74.0,838.0,1.5122046858151157,0.08141218267071638,0.8204971348619623,0.8104411917814089,2.854152676294983,14.442787857409849,2.7147944798931594,0.06342506331896196,0.7447936327776579,0.6628670377233125,3.054259454219866,13.39039121040495,nv
123.0,19.0,38.0,29.0,15.0,2.0,26.0,65.0,37.0,3.0,8.0,15.0,33.0,3.0,110.0,190.0,22.0,5.0,2.0,2.0,1.0,0.0,1.0,2.0,31.0,2.0,10.0,3.0,59.0,6.0,139.0,170.0,24.0,6.0,4.0,3.0,4.0,0.0,4.0,7.0,4.0,0.0,3.0,0.0,8.0,0.0,4.0,2.0,34.0,1.0,3.0,4.0,2.0,0.0,2.0,2.0,98.0,4.0,5.0,9.0,91.0,2.0,124.0,49.0,14.0,4.0,1.0,2.0,3.0,1.0,2.0,5.0,4.0,1.0,0.0,0.0,8.0,0.0,5.0,10.0,1.0,0.0,0.0,0.0,0.0,0.0,1.0,1.0,4.0,0.0,0.0,0.0,3.0,0.0,3.0,7.0,30.0,3.0,1.0,1.0,3.0,0.0,3.0,5.0,3.0,0.0,0.0,0.0,6.0,0.0,2.0,1.0,53.0,1.0,2.0,2.0,4.0,0.0,3.0,2.0,182.0,4.0,5.0,3.0,111.0,6.0,73.0,43.0,26.0,46.0,5.0,70.0,1.0,3.0,7.0,161.0,4.0,6.0,1.0,10.0,5.0,2.0,10.0,153.0,6.0,3.0,0.0,7.0,1.0,1.0,0.0,8.0,1.0,4.0,3.0,7.0,3.0,5.0,5.0,74.0,2.0,6.0,4.0,6.0,1.0,0.0,1.0,4.0,0.0,0.0,0.0,2.0,2.0,1.0,0.0,5.0,4.0,10.0,0.0,2.0,0.0,2.0,0.0,5.0,13.0,2.0,0.0,7.0,5.0,4.0,5.0,32.0,26.0,42.0,7.0,134.0,0.0,6.0,11.0,118.0,3.0,2.0,1.0,8.0,4.0,0.0,4.0,65.0,2.0,5.0,1.0,4.0,1.0,0.0,1.0,0.0,0.0,1.0,0.0,3.0,5.0,1.0,6.0,35.0,81.0,156.0,7.0,111.0,4.0,7.0,5.0,70.0,5.0,8.0,0.0,9.0,5.0,5.0,2.0,50.0,197.0,121.0,5.0,60.0,6.0,4.0,5.0,47.0,122.0,50.0,5.0,33.0,67.0,23.0,45.0,1050.0,1.488431758830806,0.08960657838718744,0.8667884956846829,0.8381637982123252,2.663104090755879,16.90586744479971,2.665567374239397,0.06506530199781446,0.774334103387054,0.7030615111564906,2.932642249550704,15.288099626768267,nv
769.0,125.0,229.0,105.0,140.0,27.0,124.0,86.0,109.0,15.0,31.0,24.0,130.0,22.0,144.0,87.0,117.0,18.0,28.0,19.0,41.0,13.0,32.0,22.0,108.0,14.0,35.0,15.0,165.0,31.0,232.0,168.0,216.0,39.0,62.0,26.0,28.0,3.0,24.0,26.0,54.0,6.0,11.0,3.0,47.0,4.0,49.0,21.0,108.0,18.0,23.0,12.0,30.0,7.0,32.0,14.0,157.0,16.0,36.0,20.0,313.0,43.0,335.0,173.0,147.0,28.0,38.0,29.0,17.0,3.0,16.0,15.0,11.0,4.0,7.0,3.0,20.0,5.0,14.0,25.0,28.0,12.0,13.0,5.0,8.0,2.0,6.0,4.0,23.0,10.0,10.0,2.0,35.0,9.0,28.0,38.0,122.0,32.0,27.0,32.0,10.0,2.0,17.0,18.0,30.0,5.0,4.0,5.0,19.0,7.0,21.0,24.0,113.0,20.0,17.0,11.0,12.0,6.0,26.0,13.0,181.0,20.0,40.0,16.0,208.0,53.0,172.0,180.0,101.0,96.0,41.0,171.0,22.0,21.0,36.0,133.0,30.0,16.0,6.0,18.0,21.0,19.0,23.0,118.0,15.0,8.0,6.0,14.0,4.0,9.0,4.0,35.0,21.0,18.0,7.0,15.0,19.0,24.0,45.0,178.0,49.0,24.0,16.0,54.0,6.0,3.0,5.0,25.0,7.0,8.0,3.0,13.0,6.0,9.0,12.0,38.0,21.0,16.0,2.0,23.0,7.0,9.0,4.0,22.0,24.0,18.0,7.0,28.0,34.0,42.0,59.0,238.0,153.0,198.0,46.0,307.0,21.0,32.0,16.0,193.0,13.0,29.0,6.0,38.0,14.0,25.0,17.0,165.0,22.0,18.0,11.0,41.0,3.0,15.0,4.0,36.0,28.0,33.0,9.0,36.0,35.0,41.0,35.0,260.0,164.0,250.0,47.0,315.0,17.0,46.0,16.0,163.0,31.0,42.0,15.0,66.0,12.0,36.0,21.0,166.0,124.0,168.0,28.0,218.0,20.0,44.0,30.0,189.0,176.0,204.0,46.0,215.0,172.0,257.0,199.0,2248.0,1.330022566432815,0.08215052076211295,0.8455396384880031,0.8842342648268687,2.8775875536536892,21.64780527604106,2.699358796510374,0.06678606531410311,0.7858856679027999,0.7712871919352254,3.0731500852464615,20.905430278055785,nv
477.0,75.0,81.0,109.0,67.0,14.0,105.0,198.0,137.0,20.0,16.0,21.0,90.0,13.0,185.0,266.0,70.0,7.0,11.0,12.0,18.0,3.0,14.0,25.0,96.0,10.0,9.0,10.0,128.0,18.0,172.0,187.0,89.0,12.0,14.0,12.0,10.0,2.0,10.0,15.0,21.0,4.0,5.0,2.0,25.0,5.0,20.0,22.0,88.0,10.0,21.0,9.0,16.0,2.0,13.0,12.0,300.0,13.0,15.0,15.0,347.0,19.0,223.0,148.0,84.0,20.0,18.0,20.0,8.0,4.0,6.0,19.0,30.0,2.0,2.0,10.0,19.0,5.0,15.0,19.0,21.0,2.0,2.0,2.0,2.0,0.0,1.0,3.0,27.0,2.0,2.0,2.0,16.0,4.0,9.0,14.0,112.0,19.0,12.0,16.0,10.0,4.0,10.0,14.0,48.0,4.0,4.0,7.0,15.0,3.0,10.0,26.0,225.0,25.0,14.0,14.0,19.0,2.0,17.0,20.0,652.0,36.0,29.0,29.0,410.0,27.0,172.0,169.0,147.0,97.0,38.0,271.0,26.0,23.0,31.0,637.0,24.0,17.0,7.0,29.0,20.0,16.0,27.0,399.0,23.0,7.0,3.0,27.0,3.0,1.0,6.0,36.0,12.0,12.0,3.0,10.0,15.0,19.0,17.0,188.0,23.0,14.0,4.0,21.0,3.0,2.0,6.0,28.0,3.0,4.0,1.0,2.0,3.0,3.0,5.0,36.0,32.0,11.0,4.0,18.0,6.0,3.0,7.0,27.0,29.0,12.0,4.0,13.0,16.0,15.0,25.0,144.0,122.0,143.0,33.0,333.0,13.0,16.0,21.0,413.0,20.0,15.0,2.0,22.0,17.0,9.0,23.0,196.0,15.0,12.0,2.0,24.0,2.0,5.0,3.0,31.0,20.0,9.0,3.0,13.0,12.0,3.0,15.0,141.0,165.0,234.0,18.0,277.0,12.0,9.0,20.0,181.0,38.0,19.0,5.0,24.0,17.0,14.0,18.0,126.0,339.0,196.0,16.0,180.0,23.0,14.0,23.0,190.0,431.0,214.0,42.0,163.0,214.0,129.0,132.0,2178.0,1.7301014268523291,0.06673015629948388,0.8629985954858373,0.8886305319342609,3.013098903661566,29.339480872509675,3.199273596327101,0.05004627253769799,0.7824029234230819,0.7929255442311959,3.2727495334493892,27.700468087881895,nv
805.0,128.0,223.0,114.0,113.0,28.0,93.0,92.0,124.0,27.0,41.0,38.0,110.0,24.0,173.0,138.0,147.0,16.0,37.0,19.0,26.0,5.0,26.0,15.0,125.0,16.0,35.0,18.0,207.0,36.0,263.0,184.0,223.0,34.0,59.0,25.0,38.0,10.0,42.0,20.0,51.0,4.0,16.0,3.0,28.0,3.0,53.0,22.0,135.0,9.0,33.0,18.0,30.0,7.0,23.0,20.0,141.0,22.0,45.0,19.0,229.0,44.0,307.0,177.0,108.0,35.0,35.0,29.0,17.0,11.0,17.0,17.0,23.0,8.0,5.0,13.0,10.0,6.0,18.0,27.0,34.0,12.0,3.0,6.0,9.0,6.0,5.0,9.0,17.0,4.0,12.0,6.0,28.0,11.0,44.0,47.0,111.0,26.0,34.0,23.0,14.0,7.0,12.0,19.0,17.0,4.0,7.0,6.0,23.0,11.0,23.0,24.0,90.0,21.0,25.0,24.0,16.0,6.0,19.0,19.0,120.0,20.0,37.0,31.0,172.0,48.0,207.0,194.0,113.0,123.0,48.0,132.0,7.0,26.0,26.0,92.0,34.0,20.0,10.0,25.0,24.0,20.0,16.0,111.0,33.0,20.0,4.0,18.0,6.0,6.0,5.0,19.0,11.0,18.0,7.0,29.0,26.0,12.0,33.0,167.0,39.0,33.0,13.0,50.0,7.0,5.0,6.0,21.0,5.0,4.0,3.0,12.0,6.0,8.0,9.0,41.0,41.0,14.0,7.0,22.0,6.0,10.0,4.0,24.0,27.0,16.0,12.0,29.0,42.0,37.0,59.0,189.0,112.0,174.0,34.0,221.0,11.0,26.0,19.0,160.0,15.0,28.0,5.0,29.0,12.0,27.0,10.0,170.0,19.0,35.0,13.0,36.0,10.0,12.0,3.0,35.0,26.0,25.0,6.0,47.0,25.0,49.0,34.0,279.0,139.0,286.0,37.0,307.0,16.0,45.0,15.0,209.0,23.0,44.0,7.0,52.0,25.0,45.0,30.0,232.0,163.0,191.0,38.0,182.0,22.0,51.0,24.0,177.0,183.0,179.0,40.0,195.0,210.0,284.0,232.0,2216.0,1.148211269768156,0.09393898829088332,0.8512596294201495,0.8881434494819243,2.786763549135794,19.381856293554463,2.3154186516195683,0.07757267678389364,0.7927795231291463,0.7800815894839574,2.974498115992486,18.74165106970474,nv
265.0,38.0,115.0,67.0,42.0,3.0,71.0,91.0,35.0,9.0,8.0,10.0,60.0,6.0,148.0,107.0,35.0,4.0,15.0,7.0,6.0,0.0,6.0,6.0,41.0,3.0,19.0,9.0,123.0,12.0,236.0,137.0,134.0,21.0,41.0,14.0,21.0,2.0,14.0,6.0,12.0,1.0,2.0,2.0,19.0,0.0,20.0,6.0,70.0,7.0,15.0,12.0,14.0,1.0,10.0,8.0,140.0,16.0,19.0,10.0,312.0,22.0,182.0,113.0,43.0,10.0,17.0,8.0,5.0,0.0,3.0,5.0,11.0,0.0,2.0,0.0,5.0,1.0,10.0,3.0,6.0,0.0,2.0,0.0,0.0,0.0,2.0,1.0,5.0,0.0,1.0,0.0,6.0,3.0,13.0,15.0,96.0,9.0,15.0,9.0,9.0,2.0,7.0,5.0,12.0,0.0,1.0,1.0,15.0,1.0,10.0,7.0,92.0,7.0,8.0,4.0,3.0,0.0,6.0,3.0,147.0,6.0,10.0,7.0,144.0,12.0,96.0,77.0,45.0,33.0,25.0,141.0,5.0,8.0,8.0,171.0,9.0,7.0,4.0,12.0,8.0,6.0,12.0,119.0,2.0,3.0,2.0,10.0,0.0,0.0,1.0,7.0,6.0,6.0,2.0,7.0,7.0,10.0,14.0,112.0,12.0,21.0,5.0,20.0,0.0,0.0,1.0,13.0,3.0,1.0,0.0,1.0,0.0,2.0,3.0,19.0,8.0,2.0,1.0,10.0,0.0,0.0,0.0,10.0,6.0,8.0,1.0,14.0,12.0,16.0,12.0,71.0,64.0,125.0,32.0,263.0,2.0,7.0,14.0,140.0,8.0,10.0,1.0,9.0,7.0,9.0,9.0,122.0,7.0,8.0,3.0,20.0,0.0,2.0,1.0,10.0,8.0,6.0,2.0,18.0,13.0,12.0,11.0,165.0,132.0,283.0,16.0,203.0,11.0,13.0,9.0,98.0,13.0,17.0,4.0,13.0,13.0,18.0,7.0,72.0,110.0,144.0,12.0,118.0,4.0,7.0,10.0,68.0,95.0,125.0,14.0,86.0,105.0,167.0,75.0,1240.0,1.1620390937361176,0.09414723016139127,0.8295075862269683,0.9075512869520845,2.9055833983436137,23.97706896791613,2.3079350011168196,0.07873360703783759,0.7396050508344933,0.8124750504023501,3.1501129229627227,22.306763001134936,nv
221.0,28.0,73.0,69.0,31.0,1.0,54.0,84.0,34.0,3.0,9.0,15.0,52.0,3.0,127.0,143.0,27.0,4.0,9.0,5.0,4.0,0.0,5.0,2.0,43.0,6.0,13.0,12.0,98.0,5.0,229.0,124.0,69.0,6.0,31.0,13.0,12.0,1.0,8.0,5.0,10.0,0.0,5.0,0.0,24.0,0.0,10.0,8.0,61.0,8.0,9.0,4.0,9.0,0.0,5.0,2.0,145.0,7.0,10.0,10.0,311.0,5.0,217.0,106.0,36.0,6.0,6.0,5.0,8.0,0.0,5.0,9.0,3.0,1.0,1.0,3.0,6.0,0.0,4.0,8.0,4.0,2.0,0.0,1.0,0.0,0.0,0.0,0.0,5.0,0.0,0.0,2.0,4.0,0.0,7.0,6.0,45.0,4.0,15.0,11.0,7.0,0.0,7.0,3.0,9.0,1.0,3.0,2.0,12.0,0.0,14.0,6.0,84.0,2.0,3.0,5.0,2.0,0.0,8.0,1.0,158.0,7.0,6.0,9.0,159.0,3.0,89.0,60.0,38.0,44.0,12.0,168.0,4.0,5.0,9.0,179.0,8.0,4.0,2.0,11.0,7.0,7.0,8.0,142.0,6.0,7.0,0.0,11.0,1.0,0.0,0.0,4.0,2.0,5.0,0.0,8.0,5.0,8.0,5.0,102.0,14.0,15.0,1.0,12.0,0.0,1.0,0.0,9.0,0.0,1.0,0.0,1.0,1.0,1.0,3.0,10.0,12.0,8.0,0.0,14.0,0.0,0.0,1.0,12.0,11.0,9.0,0.0,5.0,5.0,11.0,10.0,68.0,52.0,94.0,20.0,323.0,4.0,9.0,15.0,179.0,3.0,7.0,0.0,11.0,4.0,6.0,9.0,108.0,3.0,6.0,1.0,2.0,1.0,0.0,0.0,4.0,4.0,3.0,1.0,9.0,8.0,9.0,6.0,115.0,134.0,210.0,14.0,188.0,6.0,16.0,14.0,95.0,10.0,7.0,1.0,7.0,5.0,6.0,10.0,81.0,170.0,127.0,13.0,109.0,8.0,2.0,6.0,61.0,136.0,113.0,3.0,69.0,113.0,104.0,61.0,1345.0,1.9384666505558241,0.09319304359303753,0.8371617778834237,0.8591248764131835,2.8961278565351747,25.581887563880294,3.495696341129596,0.0746770052505945,0.7352318253658063,0.7417643488835332,3.1706178464170645,23.577996435341444,nv
228.0,49.0,41.0,61.0,25.0,1.0,56.0,96.0,36.0,9.0,18.0,18.0,43.0,6.0,172.0,328.0,50.0,14.0,7.0,5.0,4.0,0.0,2.0,12.0,61.0,8.0,30.0,23.0,108.0,9.0,320.0,284.0,49.0,12.0,7.0,6.0,4.0,1.0,4.0,2.0,9.0,0.0,1.0,0.0,6.0,1.0,13.0,6.0,66.0,4.0,8.0,13.0,3.0,0.0,6.0,6.0,144.0,14.0,14.0,9.0,148.0,6.0,176.0,103.0,27.0,4.0,5.0,4.0,4.0,1.0,4.0,9.0,8.0,0.0,1.0,0.0,7.0,0.0,13.0,12.0,3.0,0.0,0.0,0.0,0.0,0.0,0.0,1.0,7.0,0.0,1.0,2.0,3.0,0.0,10.0,11.0,40.0,12.0,4.0,6.0,1.0,0.0,6.0,2.0,10.0,0.0,0.0,1.0,10.0,1.0,14.0,11.0,88.0,4.0,4.0,14.0,4.0,0.0,4.0,6.0,193.0,9.0,7.0,4.0,151.0,3.0,129.0,91.0,41.0,67.0,4.0,146.0,8.0,5.0,8.0,180.0,6.0,4.0,3.0,15.0,7.0,3.0,11.0,203.0,15.0,11.0,0.0,10.0,1.0,1.0,1.0,9.0,4.0,11.0,2.0,15.0,4.0,6.0,8.0,102.0,23.0,23.0,3.0,16.0,0.0,1.0,1.0,13.0,1.0,0.0,0.0,2.0,3.0,1.0,1.0,13.0,20.0,18.0,1.0,18.0,2.0,1.0,0.0,6.0,14.0,12.0,3.0,13.0,11.0,6.0,5.0,62.0,43.0,126.0,7.0,173.0,10.0,4.0,11.0,144.0,8.0,5.0,0.0,13.0,4.0,5.0,13.0,132.0,2.0,5.0,0.0,5.0,0.0,0.0,1.0,3.0,7.0,2.0,0.0,6.0,5.0,3.0,9.0,73.0,198.0,383.0,10.0,228.0,9.0,13.0,9.0,114.0,19.0,6.0,0.0,11.0,16.0,8.0,11.0,87.0,307.0,280.0,6.0,104.0,16.0,12.0,5.0,92.0,204.0,101.0,5.0,76.0,123.0,73.0,104.0,1612.0,1.3819706498951785,0.09878362449127362,0.850291530671705,0.8918007554164246,2.8462383393863813,24.162951686927816,2.6044100968005712,0.08089993666872085,0.7541496610037403,0.7922660322833931,3.118500129864834,22.470064967898896,nv
172.0,29.0,59.0,26.0,30.0,7.0,25.0,25.0,15.0,3.0,7.0,4.0,25.0,4.0,43.0,24.0,31.0,7.0,8.0,6.0,8.0,0.0,8.0,2.0,33.0,6.0,5.0,4.0,56.0,8.0,87.0,46.0,55.0,8.0,18.0,6.0,9.0,1.0,8.0,1.0,13.0,2.0,3.0,1.0,15.0,3.0,7.0,4.0,29.0,3.0,3.0,4.0,7.0,0.0,4.0,3.0,56.0,3.0,11.0,4.0,131.0,19.0,63.0,38.0,34.0,8.0,10.0,7.0,4.0,0.0,2.0,2.0,5.0,1.0,1.0,1.0,5.0,0.0,3.0,1.0,13.0,0.0,0.0,3.0,0.0,0.0,1.0,0.0,4.0,1.0,2.0,1.0,2.0,0.0,8.0,8.0,37.0,6.0,8.0,2.0,11.0,0.0,1.0,1.0,8.0,1.0,0.0,1.0,4.0,0.0,6.0,5.0,30.0,6.0,4.0,1.0,3.0,1.0,2.0,0.0,60.0,4.0,6.0,2.0,73.0,8.0,42.0,26.0,19.0,14.0,7.0,43.0,2.0,7.0,9.0,43.0,0.0,4.0,1.0,1.0,3.0,4.0,4.0,28.0,3.0,3.0,1.0,3.0,1.0,0.0,0.0,4.0,3.0,2.0,2.0,9.0,4.0,4.0,4.0,40.0,6.0,14.0,0.0,13.0,2.0,2.0,1.0,3.0,0.0,1.0,1.0,3.0,0.0,2.0,1.0,11.0,9.0,5.0,1.0,3.0,1.0,4.0,1.0,2.0,5.0,2.0,0.0,6.0,5.0,9.0,12.0,40.0,20.0,46.0,16.0,113.0,4.0,10.0,5.0,64.0,3.0,4.0,2.0,5.0,0.0,7.0,11.0,43.0,8.0,2.0,4.0,12.0,0.0,2.0,1.0,10.0,4.0,3.0,3.0,8.0,3.0,11.0,7.0,57.0,35.0,58.0,12.0,71.0,3.0,7.0,7.0,39.0,10.0,3.0,2.0,10.0,9.0,7.0,3.0,35.0,24.0,45.0,6.0,32.0,3.0,3.0,4.0,20.0,46.0,39.0,13.0,38.0,44.0,49.0,38.0,686.0,1.5560054862517145,0.07204394801051711,0.795154778537478,0.7941102595908486,2.9379352524031352,13.558934026125803,3.022112860892388,0.05344432431920418,0.6956083321067509,0.6117459539250604,3.2099048831054118,12.54559540355191,nv
308.0,29.0,32.0,21.0,42.0,10.0,19.0,29.0,24.0,6.0,4.0,6.0,16.0,8.0,23.0,25.0,29.0,4.0,4.0,5.0,12.0,2.0,6.0,6.0,22.0,5.0,3.0,2.0,32.0,12.0,42.0,35.0,40.0,9.0,3.0,2.0,9.0,1.0,10.0,2.0,11.0,1.0,4.0,1.0,9.0,4.0,12.0,7.0,13.0,1.0,8.0,2.0,7.0,1.0,3.0,3.0,49.0,8.0,9.0,4.0,66.0,13.0,68.0,34.0,40.0,7.0,13.0,7.0,5.0,3.0,6.0,10.0,6.0,1.0,2.0,1.0,6.0,0.0,4.0,3.0,9.0,2.0,2.0,3.0,0.0,2.0,3.0,1.0,7.0,2.0,2.0,3.0,11.0,3.0,10.0,8.0,20.0,8.0,9.0,3.0,5.0,3.0,6.0,5.0,3.0,2.0,1.0,1.0,10.0,2.0,8.0,7.0,25.0,5.0,5.0,1.0,6.0,0.0,0.0,5.0,65.0,10.0,16.0,8.0,58.0,13.0,40.0,37.0,26.0,19.0,13.0,28.0,5.0,6.0,5.0,54.0,8.0,2.0,3.0,12.0,4.0,2.0,9.0,31.0,4.0,0.0,1.0,9.0,2.0,4.0,2.0,12.0,3.0,1.0,1.0,3.0,6.0,2.0,14.0,37.0,1.0,1.0,9.0,8.0,2.0,0.0,1.0,11.0,1.0,3.0,1.0,4.0,2.0,1.0,8.0,11.0,4.0,3.0,5.0,3.0,0.0,7.0,1.0,10.0,1.0,4.0,2.0,5.0,17.0,14.0,14.0,50.0,17.0,33.0,12.0,97.0,0.0,10.0,7.0,50.0,1.0,2.0,2.0,15.0,3.0,4.0,3.0,35.0,8.0,9.0,0.0,14.0,4.0,5.0,1.0,19.0,3.0,7.0,4.0,13.0,9.0,5.0,6.0,35.0,17.0,29.0,9.0,68.0,5.0,3.0,6.0,23.0,6.0,13.0,7.0,17.0,10.0,5.0,6.0,41.0,25.0,33.0,10.0,38.0,6.0,11.0,9.0,32.0,45.0,38.0,9.0,50.0,42.0,30.0,44.0,927.0,5.386614766449019,0.052552082295366835,0.6889991889411033,0.5438092858376561,3.4561699044809973,18.22901176527423,6.803839308415966,0.03910709822724115,0.5975868939556578,0.4181282909880195,3.727906577406204,16.582206801194346,nv
213.0,20.0,21.0,22.0,21.0,9.0,24.0,48.0,48.0,7.0,6.0,9.0,34.0,3.0,35.0,63.0,28.0,7.0,3.0,3.0,7.0,1.0,6.0,2.0,32.0,3.0,4.0,9.0,40.0,3.0,43.0,46.0,22.0,3.0,1.0,4.0,5.0,1.0,4.0,3.0,6.0,1.0,1.0,0.0,7.0,1.0,5.0,3.0,29.0,1.0,2.0,4.0,9.0,1.0,3.0,4.0,60.0,2.0,10.0,5.0,64.0,3.0,55.0,39.0,32.0,9.0,2.0,7.0,4.0,2.0,4.0,8.0,10.0,1.0,1.0,0.0,7.0,2.0,6.0,9.0,10.0,1.0,3.0,0.0,0.0,0.0,2.0,1.0,15.0,0.0,1.0,0.0,8.0,0.0,5.0,6.0,21.0,3.0,1.0,6.0,3.0,2.0,3.0,1.0,10.0,0.0,0.0,0.0,7.0,2.0,6.0,3.0,51.0,8.0,4.0,7.0,9.0,4.0,3.0,6.0,121.0,14.0,14.0,11.0,69.0,11.0,46.0,46.0,47.0,21.0,8.0,49.0,7.0,5.0,16.0,110.0,6.0,2.0,2.0,5.0,5.0,3.0,10.0,64.0,9.0,4.0,1.0,6.0,5.0,2.0,3.0,9.0,3.0,4.0,2.0,3.0,3.0,1.0,9.0,46.0,9.0,6.0,0.0,4.0,1.0,0.0,4.0,10.0,3.0,1.0,1.0,1.0,1.0,0.0,4.0,10.0,7.0,4.0,1.0,4.0,1.0,0.0,1.0,5.0,9.0,6.0,1.0,4.0,10.0,1.0,9.0,40.0,23.0,26.0,9.0,52.0,4.0,4.0,4.0,56.0,5.0,2.0,1.0,9.0,0.0,2.0,7.0,38.0,5.0,8.0,1.0,5.0,1.0,1.0,0.0,3.0,4.0,3.0,0.0,2.0,2.0,4.0,5.0,29.0,35.0,19.0,4.0,24.0,2.0,6.0,7.0,42.0,6.0,3.0,4.0,17.0,6.0,2.0,6.0,33.0,95.0,50.0,10.0,45.0,8.0,7.0,4.0,60.0,80.0,42.0,12.0,45.0,46.0,28.0,42.0,851.0,1.8055882535158914,0.06940598759197535,0.7910357050248592,0.7989376537085966,2.986719958403539,16.154893028235577,3.377913185501602,0.052435291987819106,0.6944665534534333,0.6157572861125687,3.231627941019463,14.204271529606393,nv
820.0,135.0,200.0,126.0,124.0,39.0,128.0,113.0,139.0,26.0,44.0,26.0,132.0,30.0,198.0,213.0,130.0,19.0,45.0,17.0,30.0,5.0,37.0,27.0,125.0,16.0,49.0,27.0,160.0,24.0,332.0,262.0,200.0,44.0,55.0,23.0,35.0,10.0,29.0,24.0,38.0,8.0,7.0,9.0,35.0,11.0,38.0,41.0,121.0,31.0,35.0,19.0,25.0,7.0,23.0,16.0,109.0,23.0,45.0,26.0,228.0,27.0,263.0,232.0,131.0,38.0,35.0,24.0,22.0,9.0,13.0,24.0,29.0,4.0,9.0,6.0,11.0,4.0,20.0,24.0,38.0,9.0,9.0,7.0,9.0,4.0,4.0,8.0,22.0,4.0,12.0,13.0,30.0,8.0,48.0,47.0,145.0,31.0,26.0,25.0,18.0,9.0,21.0,15.0,23.0,7.0,13.0,7.0,17.0,7.0,28.0,30.0,112.0,29.0,32.0,14.0,25.0,5.0,11.0,18.0,123.0,40.0,28.0,28.0,163.0,26.0,206.0,148.0,128.0,96.0,36.0,121.0,16.0,19.0,34.0,130.0,28.0,19.0,3.0,33.0,17.0,14.0,27.0,168.0,22.0,20.0,8.0,18.0,4.0,8.0,9.0,25.0,17.0,10.0,12.0,19.0,20.0,27.0,41.0,190.0,38.0,56.0,6.0,33.0,3.0,12.0,4.0,21.0,8.0,7.0,4.0,11.0,7.0,10.0,10.0,53.0,32.0,29.0,13.0,18.0,7.0,5.0,8.0,29.0,22.0,31.0,11.0,26.0,32.0,32.0,54.0,212.0,121.0,126.0,38.0,205.0,14.0,27.0,30.0,141.0,18.0,23.0,5.0,27.0,18.0,23.0,27.0,166.0,19.0,46.0,13.0,40.0,4.0,8.0,8.0,29.0,21.0,24.0,14.0,48.0,32.0,31.0,45.0,280.0,213.0,298.0,46.0,262.0,24.0,43.0,23.0,151.0,32.0,31.0,14.0,35.0,27.0,53.0,37.0,177.0,155.0,242.0,40.0,231.0,21.0,36.0,29.0,153.0,159.0,220.0,61.0,218.0,170.0,318.0,197.0,2343.0,0.8662713514470307,0.08930584793529239,0.8572629222146885,0.878538633654736,2.756449008642243,13.397874977758288,1.6165323297576009,0.07406911789451909,0.8021510493853703,0.7750877721166315,2.9309460903286197,12.75825151343899,mel
820.0,135.0,200.0,126.0,124.0,39.0,128.0,113.0,139.0,26.0,44.0,26.0,132.0,30.0,198.0,213.0,130.0,19.0,45.0,17.0,30.0,5.0,37.0,27.0,125.0,16.0,49.0,27.0,160.0,24.0,332.0,262.0,200.0,44.0,55.0,23.0,35.0,10.0,29.0,24.0,38.0,8.0,7.0,9.0,35.0,11.0,38.0,41.0,121.0,31.0,35.0,19.0,25.0,7.0,23.0,16.0,109.0,23.0,45.0,26.0,228.0,27.0,263.0,232.0,131.0,38.0,35.0,24.0,22.0,9.0,13.0,24.0,29.0,4.0,9.0,6.0,11.0,4.0,20.0,24.0,38.0,9.0,9.0,7.0,9.0,4.0,4.0,8.0,22.0,4.0,12.0,13.0,30.0,8.0,48.0,47.0,145.0,31.0,26.0,25.0,18.0,9.0,21.0,15.0,23.0,7.0,13.0,7.0,17.0,7.0,28.0,30.0,112.0,29.0,32.0,14.0,25.0,5.0,11.0,18.0,123.0,40.0,28.0,28.0,163.0,26.0,206.0,148.0,128.0,96.0,36.0,121.0,16.0,19.0,34.0,130.0,28.0,19.0,3.0,33.0,17.0,14.0,27.0,168.0,22.0,20.0,8.0,18.0,4.0,8.0,9.0,25.0,17.0,10.0,12.0,19.0,20.0,27.0,41.0,190.0,38.0,56.0,6.0,33.0,3.0,12.0,4.0,21.0,8.0,7.0,4.0,11.0,7.0,10.0,10.0,53.0,32.0,29.0,13.0,18.0,7.0,5.0,8.0,29.0,22.0,31.0,11.0,26.0,32.0,32.0,54.0,212.0,121.0,126.0,38.0,205.0,14.0,27.0,30.0,141.0,18.0,23.0,5.0,27.0,18.0,23.0,27.0,166.0,19.0,46.0,13.0,40.0,4.0,8.0,8.0,29.0,21.0,24.0,14.0,48.0,32.0,31.0,45.0,280.0,213.0,298.0,46.0,262.0,24.0,43.0,23.0,151.0,32.0,31.0,14.0,35.0,27.0,53.0,37.0,177.0,155.0,242.0,40.0,231.0,21.0,36.0,29.0,153.0,159.0,220.0,61.0,218.0,170.0,318.0,197.0,2343.0,0.8662713514470307,0.08930584793529239,0.8572629222146885,0.878538633654736,2.756449008642243,13.397874977758288,1.6165323297576009,0.07406911789451909,0.8021510493853703,0.7750877721166315,2.9309460903286197,12.75825151343899,mel
959.0,134.0,122.0,126.0,139.0,30.0,127.0,164.0,251.0,56.0,42.0,56.0,126.0,31.0,208.0,314.0,137.0,10.0,25.0,15.0,44.0,2.0,26.0,26.0,124.0,22.0,28.0,23.0,122.0,16.0,173.0,240.0,131.0,17.0,23.0,19.0,18.0,10.0,19.0,21.0,40.0,6.0,7.0,9.0,30.0,14.0,23.0,36.0,87.0,20.0,16.0,16.0,20.0,4.0,23.0,32.0,94.0,22.0,26.0,22.0,115.0,28.0,165.0,174.0,149.0,43.0,23.0,26.0,22.0,7.0,17.0,33.0,46.0,14.0,12.0,15.0,18.0,11.0,26.0,46.0,34.0,11.0,7.0,4.0,7.0,2.0,2.0,7.0,26.0,9.0,7.0,13.0,27.0,6.0,28.0,51.0,124.0,27.0,19.0,21.0,4.0,7.0,14.0,31.0,41.0,11.0,11.0,16.0,25.0,8.0,26.0,53.0,139.0,36.0,19.0,28.0,32.0,10.0,22.0,46.0,181.0,44.0,41.0,55.0,112.0,32.0,171.0,304.0,237.0,141.0,33.0,120.0,40.0,30.0,34.0,210.0,57.0,26.0,9.0,37.0,38.0,28.0,33.0,247.0,58.0,23.0,8.0,30.0,22.0,8.0,13.0,39.0,31.0,23.0,10.0,26.0,30.0,21.0,62.0,208.0,49.0,34.0,7.0,30.0,7.0,8.0,10.0,28.0,9.0,10.0,4.0,10.0,9.0,4.0,10.0,48.0,58.0,43.0,10.0,25.0,17.0,4.0,19.0,38.0,38.0,22.0,10.0,26.0,25.0,28.0,48.0,235.0,157.0,119.0,24.0,100.0,25.0,17.0,21.0,133.0,37.0,30.0,6.0,36.0,15.0,24.0,29.0,166.0,28.0,24.0,1.0,24.0,7.0,5.0,6.0,29.0,23.0,18.0,9.0,33.0,23.0,15.0,22.0,162.0,198.0,156.0,27.0,146.0,25.0,28.0,24.0,162.0,39.0,43.0,12.0,65.0,23.0,23.0,29.0,225.0,283.0,200.0,44.0,219.0,51.0,44.0,56.0,340.0,194.0,220.0,40.0,198.0,121.0,145.0,174.0,2328.0,1.224509545174628,0.07913657610131775,0.8423291584113839,0.8619961349575871,2.8663456180430704,16.52150857972786,2.2641762254649334,0.06579862799234215,0.786438508856214,0.7473193335130431,3.038151038053946,15.65707004116867,mel
199.0,28.0,28.0,33.0,24.0,7.0,29.0,29.0,42.0,3.0,6.0,3.0,18.0,6.0,36.0,37.0,32.0,1.0,7.0,3.0,9.0,2.0,4.0,3.0,18.0,1.0,8.0,2.0,48.0,5.0,73.0,36.0,43.0,6.0,17.0,7.0,6.0,5.0,8.0,2.0,8.0,0.0,0.0,2.0,13.0,1.0,6.0,6.0,29.0,2.0,11.0,6.0,7.0,0.0,6.0,1.0,48.0,4.0,11.0,2.0,80.0,9.0,70.0,23.0,28.0,9.0,4.0,6.0,5.0,2.0,2.0,6.0,6.0,0.0,2.0,0.0,2.0,0.0,3.0,5.0,8.0,2.0,1.0,1.0,2.0,0.0,1.0,1.0,6.0,1.0,2.0,0.0,5.0,2.0,6.0,3.0,23.0,6.0,6.0,7.0,5.0,1.0,2.0,5.0,4.0,0.0,1.0,1.0,7.0,2.0,3.0,8.0,24.0,3.0,8.0,2.0,7.0,1.0,8.0,2.0,40.0,4.0,7.0,1.0,52.0,5.0,52.0,41.0,37.0,33.0,13.0,31.0,5.0,3.0,4.0,38.0,9.0,6.0,3.0,4.0,7.0,2.0,4.0,32.0,7.0,2.0,1.0,6.0,0.0,0.0,0.0,7.0,9.0,1.0,0.0,5.0,8.0,7.0,7.0,39.0,6.0,14.0,3.0,11.0,2.0,5.0,3.0,6.0,1.0,1.0,1.0,1.0,1.0,3.0,1.0,6.0,4.0,2.0,1.0,2.0,0.0,0.0,0.0,5.0,8.0,4.0,4.0,8.0,12.0,4.0,15.0,46.0,26.0,44.0,11.0,75.0,5.0,2.0,4.0,51.0,5.0,9.0,2.0,16.0,3.0,9.0,7.0,25.0,3.0,4.0,3.0,9.0,0.0,1.0,1.0,7.0,7.0,3.0,3.0,10.0,2.0,5.0,10.0,47.0,36.0,68.0,10.0,60.0,5.0,9.0,3.0,33.0,7.0,8.0,3.0,7.0,7.0,5.0,3.0,42.0,44.0,43.0,8.0,38.0,4.0,6.0,6.0,55.0,27.0,45.0,13.0,41.0,40.0,60.0,42.0,775.0,1.6004603748766857,0.1406421653169049,0.8555282396257885,0.7954160861369176,2.470601138731166,14.045543699009515,3.0370591751344884,0.12116575507239101,0.780523646241102,0.6202357475401874,2.6742414868899926,12.957385565058006,vasc
128.0,14.0,22.0,27.0,7.0,2.0,24.0,56.0,26.0,8.0,7.0,14.0,21.0,1.0,46.0,155.0,17.0,0.0,2.0,1.0,1.0,0.0,1.0,0.0,8.0,2.0,4.0,5.0,28.0,4.0,71.0,69.0,24.0,2.0,7.0,3.0,3.0,0.0,3.0,0.0,4.0,0.0,0.0,0.0,8.0,0.0,8.0,7.0,25.0,2.0,6.0,0.0,1.0,1.0,3.0,4.0,46.0,1.0,6.0,2.0,91.0,1.0,63.0,41.0,13.0,0.0,2.0,0.0,1.0,0.0,0.0,3.0,2.0,1.0,0.0,0.0,1.0,0.0,7.0,2.0,6.0,0.0,0.0,0.0,0.0,0.0,0.0,1.0,2.0,0.0,0.0,0.0,3.0,0.0,5.0,3.0,24.0,0.0,5.0,4.0,7.0,0.0,2.0,3.0,8.0,2.0,0.0,0.0,4.0,0.0,5.0,6.0,42.0,1.0,2.0,1.0,2.0,1.0,2.0,3.0,93.0,5.0,3.0,2.0,63.0,4.0,43.0,40.0,28.0,20.0,3.0,37.0,4.0,7.0,1.0,118.0,10.0,6.0,2.0,1.0,5.0,2.0,7.0,128.0,7.0,6.0,0.0,2.0,1.0,0.0,0.0,4.0,8.0,1.0,1.0,5.0,4.0,2.0,5.0,45.0,4.0,2.0,2.0,3.0,0.0,0.0,1.0,6.0,1.0,3.0,0.0,0.0,1.0,0.0,0.0,6.0,7.0,4.0,0.0,2.0,0.0,0.0,1.0,6.0,6.0,3.0,0.0,5.0,6.0,5.0,6.0,27.0,10.0,17.0,4.0,23.0,3.0,2.0,1.0,49.0,3.0,3.0,0.0,4.0,2.0,2.0,5.0,40.0,1.0,0.0,1.0,5.0,1.0,0.0,0.0,2.0,5.0,1.0,0.0,0.0,3.0,1.0,3.0,36.0,59.0,33.0,6.0,32.0,3.0,3.0,3.0,32.0,6.0,5.0,0.0,3.0,3.0,3.0,5.0,30.0,108.0,70.0,3.0,47.0,2.0,4.0,6.0,33.0,106.0,61.0,4.0,36.0,48.0,48.0,37.0,814.0,1.8268830907505536,0.16964704932192634,0.884311188556504,0.801534778498093,2.3214414712106555,16.583225007035217,3.423275744796627,0.14641003056394433,0.8042197864528027,0.6251612473655697,2.545861955495469,14.842048855380204,vasc
216.0,30.0,28.0,18.0,24.0,7.0,21.0,54.0,53.0,10.0,8.0,16.0,29.0,10.0,49.0,72.0,37.0,4.0,5.0,2.0,5.0,2.0,5.0,9.0,31.0,3.0,5.0,8.0,30.0,5.0,30.0,40.0,33.0,4.0,8.0,5.0,9.0,1.0,6.0,6.0,6.0,1.0,2.0,2.0,4.0,0.0,4.0,8.0,31.0,2.0,7.0,2.0,1.0,2.0,7.0,7.0,33.0,5.0,7.0,5.0,31.0,4.0,29.0,36.0,27.0,6.0,5.0,9.0,3.0,1.0,0.0,10.0,6.0,5.0,1.0,2.0,2.0,1.0,1.0,12.0,2.0,1.0,1.0,1.0,0.0,0.0,2.0,2.0,7.0,1.0,1.0,3.0,3.0,1.0,5.0,12.0,17.0,4.0,6.0,3.0,4.0,0.0,3.0,6.0,15.0,3.0,2.0,2.0,5.0,1.0,5.0,9.0,44.0,5.0,4.0,4.0,3.0,4.0,1.0,7.0,61.0,11.0,10.0,10.0,37.0,7.0,42.0,60.0,46.0,27.0,8.0,32.0,8.0,9.0,12.0,60.0,19.0,11.0,0.0,5.0,9.0,10.0,6.0,60.0,4.0,6.0,2.0,4.0,0.0,2.0,2.0,11.0,5.0,6.0,3.0,3.0,11.0,7.0,6.0,44.0,14.0,7.0,1.0,2.0,1.0,1.0,2.0,5.0,2.0,2.0,3.0,0.0,1.0,2.0,3.0,16.0,16.0,4.0,0.0,4.0,3.0,3.0,3.0,10.0,7.0,6.0,3.0,5.0,7.0,5.0,11.0,45.0,27.0,30.0,3.0,32.0,4.0,4.0,3.0,21.0,9.0,2.0,1.0,12.0,5.0,5.0,5.0,24.0,7.0,1.0,1.0,4.0,1.0,0.0,2.0,4.0,5.0,7.0,1.0,3.0,4.0,5.0,4.0,34.0,39.0,31.0,7.0,41.0,6.0,10.0,4.0,30.0,13.0,5.0,0.0,7.0,1.0,5.0,6.0,45.0,73.0,41.0,7.0,28.0,15.0,11.0,10.0,62.0,59.0,27.0,9.0,41.0,42.0,40.0,46.0,831.0,1.921614583333333,0.1446202299329969,0.8573392143682005,0.7721836184545388,2.436440005966152,14.948239729139539,3.477944072469476,0.12704753204609642,0.7866097913106864,0.5981537662769413,2.62759636533635,13.831881331375827,vasc
432.0,65.0,104.0,48.0,50.0,9.0,58.0,62.0,90.0,16.0,19.0,16.0,42.0,10.0,67.0,73.0,58.0,6.0,10.0,6.0,9.0,7.0,9.0,15.0,51.0,5.0,10.0,8.0,60.0,13.0,100.0,80.0,70.0,14.0,11.0,18.0,12.0,9.0,20.0,18.0,21.0,4.0,7.0,5.0,10.0,4.0,15.0,20.0,43.0,2.0,8.0,6.0,7.0,2.0,11.0,7.0,41.0,7.0,17.0,6.0,85.0,12.0,94.0,90.0,46.0,11.0,10.0,11.0,9.0,3.0,11.0,21.0,8.0,5.0,5.0,4.0,6.0,1.0,7.0,12.0,15.0,2.0,5.0,3.0,2.0,3.0,2.0,2.0,4.0,2.0,2.0,2.0,8.0,6.0,10.0,20.0,46.0,17.0,12.0,11.0,7.0,1.0,6.0,12.0,8.0,5.0,5.0,3.0,10.0,3.0,7.0,11.0,54.0,8.0,13.0,7.0,7.0,4.0,15.0,23.0,75.0,17.0,14.0,6.0,73.0,13.0,75.0,105.0,95.0,61.0,12.0,78.0,9.0,11.0,10.0,57.0,21.0,13.0,8.0,15.0,14.0,13.0,16.0,96.0,5.0,6.0,2.0,6.0,5.0,3.0,1.0,9.0,20.0,7.0,2.0,8.0,13.0,11.0,14.0,86.0,16.0,12.0,4.0,21.0,1.0,3.0,2.0,17.0,9.0,6.0,1.0,7.0,9.0,8.0,7.0,17.0,9.0,8.0,5.0,7.0,2.0,1.0,1.0,7.0,8.0,12.0,2.0,14.0,12.0,12.0,14.0,87.0,54.0,76.0,12.0,81.0,4.0,10.0,9.0,97.0,11.0,19.0,5.0,16.0,6.0,13.0,3.0,74.0,10.0,9.0,4.0,16.0,2.0,1.0,4.0,20.0,10.0,14.0,3.0,21.0,10.0,10.0,11.0,102.0,56.0,83.0,13.0,92.0,9.0,14.0,6.0,90.0,11.0,17.0,6.0,24.0,9.0,16.0,7.0,94.0,104.0,79.0,19.0,79.0,10.0,25.0,11.0,99.0,86.0,65.0,24.0,87.0,62.0,99.0,62.0,1266.0,1.3791348600508908,0.11201664581755676,0.8509808160727749,0.8354829704944333,2.583453027501002,15.386726573208495,2.687276886285655,0.09141731040649848,0.7896061883126216,0.6873555362186609,2.7773420974020926,14.50334823327579,mel
260.0,36.0,75.0,61.0,32.0,5.0,51.0,75.0,71.0,8.0,21.0,13.0,67.0,6.0,110.0,131.0,40.0,4.0,12.0,10.0,7.0,0.0,10.0,9.0,44.0,10.0,18.0,8.0,79.0,8.0,165.0,138.0,89.0,3.0,18.0,14.0,12.0,0.0,14.0,7.0,12.0,0.0,3.0,1.0,19.0,3.0,14.0,16.0,62.0,8.0,17.0,8.0,12.0,2.0,11.0,10.0,108.0,10.0,22.0,9.0,173.0,10.0,173.0,117.0,25.0,3.0,9.0,5.0,6.0,0.0,7.0,5.0,4.0,2.0,2.0,1.0,2.0,1.0,5.0,10.0,10.0,1.0,2.0,0.0,0.0,0.0,0.0,2.0,6.0,1.0,1.0,1.0,6.0,0.0,15.0,16.0,62.0,11.0,13.0,8.0,3.0,1.0,6.0,5.0,8.0,1.0,1.0,0.0,9.0,0.0,7.0,9.0,86.0,4.0,9.0,9.0,3.0,1.0,9.0,7.0,131.0,15.0,20.0,13.0,163.0,17.0,127.0,79.0,66.0,36.0,20.0,84.0,4.0,2.0,8.0,123.0,13.0,16.0,3.0,6.0,11.0,6.0,19.0,139.0,5.0,4.0,0.0,7.0,5.0,1.0,3.0,10.0,10.0,7.0,2.0,8.0,6.0,10.0,14.0,109.0,18.0,15.0,3.0,16.0,3.0,1.0,0.0,11.0,3.0,1.0,0.0,1.0,1.0,2.0,2.0,15.0,15.0,11.0,3.0,5.0,1.0,1.0,2.0,8.0,11.0,10.0,4.0,11.0,12.0,15.0,10.0,81.0,63.0,71.0,10.0,139.0,3.0,6.0,6.0,97.0,12.0,12.0,0.0,4.0,2.0,14.0,12.0,107.0,9.0,1.0,2.0,7.0,0.0,0.0,1.0,12.0,13.0,8.0,3.0,16.0,12.0,9.0,12.0,118.0,100.0,171.0,14.0,153.0,7.0,13.0,8.0,104.0,14.0,8.0,2.0,12.0,9.0,10.0,9.0,67.0,127.0,139.0,12.0,116.0,8.0,10.0,11.0,98.0,150.0,127.0,15.0,97.0,112.0,123.0,85.0,1760.0,1.0642899584076053,0.13371642705408568,0.8888807952337362,0.8564060083904996,2.406407677419864,13.759310200322048,1.9426635079617354,0.10765557827890859,0.8246007660767607,0.7359289686252767,2.627479279330949,12.770525574903234,mel
302.0,39.0,76.0,57.0,40.0,8.0,46.0,73.0,87.0,12.0,13.0,15.0,47.0,10.0,101.0,144.0,29.0,3.0,8.0,4.0,5.0,0.0,4.0,7.0,52.0,10.0,16.0,7.0,84.0,11.0,128.0,130.0,72.0,5.0,24.0,9.0,12.0,6.0,6.0,8.0,11.0,1.0,6.0,2.0,11.0,0.0,11.0,18.0,50.0,8.0,8.0,3.0,5.0,0.0,5.0,6.0,76.0,3.0,10.0,9.0,121.0,15.0,124.0,96.0,31.0,3.0,9.0,8.0,1.0,2.0,10.0,7.0,6.0,1.0,1.0,1.0,6.0,5.0,6.0,13.0,6.0,1.0,1.0,0.0,0.0,0.0,2.0,2.0,8.0,1.0,1.0,3.0,6.0,4.0,8.0,9.0,50.0,6.0,9.0,10.0,3.0,1.0,11.0,9.0,9.0,1.0,1.0,3.0,3.0,2.0,10.0,8.0,68.0,9.0,8.0,9.0,3.0,1.0,11.0,12.0,111.0,8.0,10.0,7.0,127.0,8.0,94.0,100.0,83.0,57.0,16.0,117.0,5.0,3.0,13.0,156.0,24.0,13.0,2.0,18.0,13.0,8.0,16.0,133.0,10.0,8.0,0.0,8.0,0.0,1.0,2.0,14.0,6.0,11.0,2.0,13.0,9.0,3.0,10.0,88.0,16.0,10.0,2.0,11.0,1.0,1.0,2.0,8.0,5.0,4.0,1.0,1.0,3.0,3.0,0.0,14.0,10.0,6.0,4.0,7.0,1.0,0.0,1.0,11.0,13.0,14.0,0.0,11.0,10.0,10.0,9.0,86.0,60.0,69.0,14.0,138.0,6.0,7.0,4.0,152.0,14.0,8.0,0.0,18.0,5.0,3.0,8.0,118.0,12.0,12.0,3.0,7.0,1.0,0.0,0.0,12.0,5.0,6.0,1.0,12.0,3.0,11.0,10.0,111.0,100.0,147.0,15.0,150.0,7.0,7.0,10.0,96.0,11.0,13.0,2.0,16.0,5.0,9.0,7.0,79.0,144.0,147.0,9.0,85.0,10.0,15.0,14.0,103.0,140.0,88.0,8.0,60.0,99.0,86.0,55.0,1509.0,1.5976570001920491,0.12092059602851443,0.878046032443455,0.8521074775654138,2.492743193940043,20.007992479465695,3.015419926294692,0.09610980924568603,0.8090344147803319,0.7179780027170642,2.718955269340329,18.368868925964627,mel
1119.0,221.0,234.0,142.0,177.0,58.0,164.0,144.0,159.0,25.0,61.0,40.0,154.0,30.0,174.0,194.0,211.0,35.0,44.0,32.0,49.0,17.0,37.0,27.0,148.0,25.0,44.0,26.0,179.0,38.0,219.0,199.0,211.0,58.0,45.0,33.0,44.0,20.0,38.0,29.0,54.0,13.0,18.0,18.0,58.0,10.0,55.0,38.0,144.0,22.0,36.0,18.0,31.0,10.0,26.0,22.0,135.0,24.0,53.0,26.0,230.0,46.0,214.0,191.0,188.0,56.0,49.0,41.0,35.0,16.0,28.0,28.0,34.0,12.0,12.0,13.0,29.0,13.0,35.0,30.0,41.0,9.0,15.0,9.0,17.0,5.0,9.0,10.0,41.0,9.0,12.0,8.0,28.0,10.0,54.0,60.0,144.0,31.0,33.0,19.0,24.0,15.0,20.0,29.0,46.0,7.0,12.0,13.0,28.0,11.0,29.0,26.0,122.0,34.0,27.0,18.0,24.0,19.0,19.0,26.0,121.0,35.0,52.0,36.0,172.0,61.0,172.0,169.0,175.0,174.0,40.0,153.0,37.0,34.0,38.0,132.0,26.0,23.0,16.0,42.0,26.0,27.0,35.0,150.0,38.0,27.0,14.0,18.0,11.0,10.0,16.0,36.0,16.0,11.0,12.0,26.0,33.0,39.0,41.0,203.0,50.0,57.0,15.0,44.0,8.0,14.0,11.0,42.0,13.0,12.0,4.0,21.0,14.0,24.0,17.0,74.0,41.0,37.0,7.0,27.0,11.0,15.0,9.0,33.0,33.0,29.0,16.0,47.0,44.0,35.0,73.0,230.0,126.0,184.0,33.0,182.0,27.0,31.0,26.0,163.0,25.0,25.0,6.0,49.0,11.0,32.0,18.0,165.0,34.0,37.0,13.0,43.0,13.0,15.0,12.0,54.0,27.0,36.0,10.0,41.0,32.0,40.0,49.0,296.0,187.0,228.0,50.0,219.0,24.0,70.0,31.0,197.0,32.0,50.0,23.0,72.0,25.0,49.0,34.0,267.0,156.0,163.0,39.0,192.0,37.0,65.0,26.0,197.0,147.0,149.0,59.0,222.0,165.0,292.0,233.0,2332.0,1.4077903851500746,0.054280419348947576,0.7685132954703683,0.8606921098003872,3.216729331160864,18.803417797428303,2.5771664849629055,0.04384040582361542,0.6998745851788092,0.7477792533460536,3.420566929289552,17.85863444856496,nv
1124.0,217.0,211.0,148.0,190.0,56.0,171.0,143.0,168.0,27.0,54.0,34.0,145.0,27.0,187.0,197.0,201.0,39.0,47.0,29.0,54.0,15.0,43.0,25.0,144.0,20.0,50.0,23.0,197.0,39.0,225.0,195.0,202.0,54.0,51.0,36.0,43.0,14.0,28.0,29.0,44.0,15.0,17.0,15.0,53.0,16.0,50.0,46.0,141.0,15.0,40.0,24.0,31.0,9.0,32.0,20.0,141.0,25.0,39.0,30.0,242.0,53.0,236.0,198.0,193.0,54.0,50.0,39.0,30.0,19.0,39.0,30.0,29.0,7.0,13.0,16.0,22.0,11.0,32.0,33.0,43.0,10.0,12.0,8.0,16.0,7.0,5.0,10.0,39.0,15.0,11.0,5.0,30.0,11.0,56.0,52.0,138.0,34.0,24.0,26.0,26.0,9.0,19.0,30.0,48.0,10.0,9.0,12.0,27.0,6.0,31.0,26.0,123.0,32.0,26.0,14.0,29.0,16.0,17.0,28.0,128.0,34.0,57.0,29.0,168.0,61.0,179.0,171.0,175.0,171.0,43.0,167.0,39.0,26.0,32.0,131.0,28.0,18.0,9.0,39.0,24.0,28.0,39.0,153.0,45.0,27.0,11.0,24.0,13.0,10.0,8.0,34.0,21.0,11.0,9.0,30.0,28.0,35.0,50.0,201.0,56.0,57.0,16.0,42.0,12.0,17.0,13.0,43.0,16.0,11.0,6.0,24.0,14.0,21.0,19.0,56.0,40.0,36.0,9.0,26.0,9.0,12.0,8.0,34.0,36.0,25.0,17.0,34.0,40.0,49.0,64.0,209.0,123.0,195.0,36.0,181.0,25.0,34.0,25.0,178.0,29.0,24.0,5.0,48.0,12.0,25.0,19.0,176.0,33.0,41.0,10.0,46.0,15.0,9.0,9.0,42.0,20.0,24.0,8.0,38.0,27.0,40.0,58.0,311.0,184.0,233.0,51.0,222.0,21.0,64.0,35.0,194.0,38.0,52.0,25.0,72.0,25.0,54.0,36.0,238.0,170.0,188.0,40.0,185.0,33.0,65.0,31.0,206.0,146.0,147.0,57.0,228.0,167.0,296.0,228.0,2304.0,1.5520660938182682,0.05159362512614952,0.7626604861533336,0.8595716933027908,3.271355235549403,20.55268088094693,2.857433456537347,0.041430524941698,0.6922565736004048,0.7446679917369555,3.480654366077839,19.524667996200254,nv
1128.0,223.0,203.0,128.0,184.0,45.0,123.0,116.0,180.0,33.0,52.0,44.0,133.0,36.0,176.0,152.0,217.0,35.0,47.0,24.0,67.0,8.0,34.0,38.0,157.0,28.0,59.0,32.0,163.0,30.0,215.0,163.0,235.0,36.0,56.0,33.0,50.0,14.0,29.0,29.0,44.0,15.0,19.0,9.0,36.0,12.0,55.0,35.0,139.0,33.0,31.0,20.0,48.0,12.0,23.0,18.0,147.0,25.0,40.0,26.0,172.0,40.0,194.0,183.0,185.0,46.0,39.0,27.0,22.0,16.0,28.0,24.0,41.0,15.0,8.0,12.0,23.0,15.0,28.0,36.0,47.0,14.0,17.0,8.0,16.0,7.0,16.0,18.0,38.0,11.0,14.0,13.0,33.0,13.0,71.0,62.0,142.0,45.0,34.0,26.0,32.0,11.0,21.0,18.0,36.0,13.0,14.0,11.0,24.0,15.0,38.0,33.0,134.0,30.0,38.0,24.0,26.0,11.0,23.0,26.0,119.0,32.0,43.0,40.0,163.0,55.0,187.0,217.0,159.0,150.0,48.0,130.0,35.0,38.0,40.0,117.0,22.0,19.0,19.0,26.0,21.0,26.0,35.0,139.0,26.0,22.0,16.0,25.0,11.0,9.0,12.0,30.0,21.0,11.0,16.0,29.0,29.0,35.0,43.0,152.0,58.0,48.0,19.0,47.0,18.0,10.0,11.0,50.0,12.0,14.0,6.0,23.0,9.0,11.0,22.0,59.0,40.0,26.0,16.0,19.0,13.0,9.0,14.0,35.0,36.0,28.0,20.0,41.0,47.0,41.0,85.0,237.0,133.0,165.0,50.0,239.0,22.0,32.0,34.0,148.0,25.0,33.0,16.0,49.0,12.0,30.0,24.0,158.0,33.0,45.0,14.0,57.0,11.0,12.0,9.0,60.0,20.0,39.0,27.0,36.0,31.0,45.0,45.0,301.0,175.0,225.0,53.0,206.0,31.0,56.0,29.0,185.0,32.0,54.0,18.0,64.0,20.0,49.0,35.0,244.0,170.0,193.0,41.0,187.0,25.0,61.0,28.0,174.0,157.0,182.0,77.0,237.0,168.0,322.0,261.0,2495.0,1.0980033894714545,0.056307058394346715,0.7710671575270162,0.8683237001615208,3.1713145659759006,15.579308941119901,1.916229043966124,0.045807697494734054,0.705586926425447,0.7708831875834385,3.361656114644094,14.810863339653418,nv
2344.0,431.0,748.0,359.0,343.0,95.0,332.0,246.0,258.0,70.0,110.0,86.0,286.0,74.0,389.0,351.0,389.0,85.0,146.0,58.0,103.0,23.0,77.0,52.0,288.0,64.0,131.0,64.0,432.0,117.0,749.0,511.0,682.0,143.0,226.0,96.0,133.0,30.0,105.0,76.0,99.0,28.0,46.0,24.0,144.0,43.0,135.0,102.0,264.0,63.0,85.0,37.0,69.0,25.0,52.0,37.0,282.0,55.0,97.0,54.0,637.0,113.0,595.0,397.0,400.0,100.0,149.0,91.0,68.0,22.0,76.0,62.0,39.0,14.0,18.0,17.0,41.0,25.0,65.0,77.0,79.0,21.0,31.0,33.0,25.0,18.0,16.0,19.0,61.0,19.0,31.0,22.0,90.0,31.0,146.0,132.0,309.0,83.0,94.0,51.0,75.0,18.0,37.0,43.0,49.0,19.0,17.0,21.0,63.0,17.0,45.0,59.0,204.0,48.0,57.0,38.0,48.0,24.0,46.0,39.0,236.0,56.0,79.0,32.0,373.0,109.0,366.0,372.0,255.0,322.0,112.0,334.0,38.0,60.0,45.0,254.0,36.0,54.0,20.0,62.0,38.0,47.0,62.0,297.0,56.0,53.0,21.0,53.0,15.0,16.0,8.0,56.0,38.0,55.0,20.0,60.0,61.0,73.0,90.0,437.0,136.0,139.0,35.0,121.0,30.0,39.0,25.0,93.0,29.0,20.0,15.0,28.0,29.0,39.0,26.0,143.0,68.0,76.0,26.0,45.0,23.0,25.0,19.0,53.0,64.0,73.0,18.0,73.0,102.0,124.0,130.0,504.0,277.0,584.0,166.0,780.0,48.0,96.0,66.0,426.0,30.0,48.0,21.0,104.0,38.0,63.0,59.0,458.0,68.0,104.0,33.0,126.0,12.0,32.0,20.0,109.0,44.0,76.0,39.0,136.0,63.0,128.0,140.0,878.0,390.0,793.0,150.0,738.0,66.0,147.0,46.0,405.0,46.0,98.0,24.0,130.0,60.0,123.0,90.0,556.0,273.0,471.0,103.0,437.0,63.0,136.0,48.0,363.0,235.0,405.0,138.0,492.0,402.0,828.0,479.0,4354.0,0.7407541947759904,0.06629411549715582,0.778877662913281,0.9037721575414378,3.101496432339671,14.655085010389119,1.2473000034726642,0.05377413447200443,0.7131664856677894,0.8403645690395118,3.301216509665604,14.379556715840287,mel
1670.0,228.0,607.0,451.0,160.0,35.0,381.0,432.0,288.0,48.0,96.0,86.0,274.0,53.0,720.0,784.0,220.0,47.0,91.0,51.0,34.0,10.0,57.0,34.0,356.0,46.0,130.0,76.0,484.0,58.0,1180.0,890.0,581.0,97.0,129.0,93.0,66.0,15.0,84.0,79.0,69.0,11.0,14.0,6.0,58.0,12.0,84.0,84.0,398.0,68.0,75.0,46.0,53.0,4.0,43.0,42.0,457.0,49.0,80.0,55.0,735.0,65.0,776.0,490.0,171.0,43.0,73.0,66.0,16.0,5.0,40.0,47.0,37.0,7.0,5.0,6.0,36.0,4.0,60.0,73.0,29.0,6.0,9.0,4.0,2.0,1.0,2.0,6.0,42.0,7.0,15.0,5.0,53.0,2.0,100.0,95.0,395.0,49.0,68.0,48.0,57.0,7.0,50.0,33.0,47.0,12.0,10.0,6.0,59.0,13.0,68.0,71.0,347.0,47.0,67.0,39.0,37.0,9.0,42.0,38.0,476.0,44.0,56.0,41.0,584.0,59.0,518.0,409.0,337.0,398.0,60.0,534.0,48.0,39.0,51.0,523.0,59.0,49.0,13.0,56.0,51.0,62.0,77.0,612.0,31.0,47.0,9.0,48.0,4.0,7.0,6.0,52.0,55.0,62.0,11.0,51.0,51.0,55.0,70.0,585.0,108.0,155.0,15.0,99.0,5.0,12.0,11.0,68.0,11.0,8.0,2.0,14.0,11.0,15.0,12.0,63.0,67.0,76.0,10.0,54.0,13.0,9.0,9.0,54.0,70.0,63.0,7.0,36.0,56.0,71.0,53.0,318.0,331.0,532.0,68.0,706.0,30.0,58.0,51.0,676.0,52.0,54.0,10.0,77.0,40.0,59.0,76.0,659.0,46.0,63.0,12.0,93.0,4.0,12.0,8.0,84.0,44.0,62.0,16.0,75.0,56.0,59.0,89.0,747.0,733.0,1217.0,93.0,868.0,70.0,121.0,61.0,582.0,50.0,73.0,5.0,63.0,53.0,83.0,60.0,439.0,733.0,968.0,88.0,547.0,66.0,127.0,49.0,477.0,525.0,561.0,63.0,346.0,546.0,774.0,385.0,3816.0,0.535584383755452,0.08029690175014469,0.8297655612938325,0.9281276523794628,2.9193029828275545,14.368183240008936,0.9499322728341303,0.06150792505223774,0.7527763258268529,0.8731818985626197,3.1656524843758893,14.031087976916059,mel
2377.0,394.0,686.0,268.0,390.0,82.0,303.0,212.0,258.0,52.0,140.0,64.0,279.0,64.0,388.0,272.0,417.0,81.0,147.0,61.0,96.0,23.0,82.0,43.0,324.0,43.0,130.0,80.0,591.0,97.0,809.0,495.0,751.0,141.0,226.0,85.0,150.0,27.0,89.0,51.0,106.0,19.0,35.0,26.0,167.0,36.0,148.0,105.0,352.0,53.0,102.0,37.0,90.0,31.0,47.0,43.0,336.0,55.0,132.0,44.0,774.0,125.0,740.0,431.0,351.0,106.0,124.0,72.0,72.0,31.0,70.0,54.0,41.0,13.0,23.0,24.0,48.0,15.0,63.0,63.0,94.0,25.0,36.0,18.0,25.0,15.0,19.0,22.0,58.0,15.0,42.0,22.0,91.0,34.0,132.0,141.0,351.0,77.0,99.0,51.0,68.0,17.0,44.0,49.0,47.0,8.0,28.0,23.0,62.0,18.0,52.0,50.0,237.0,52.0,69.0,40.0,69.0,18.0,36.0,38.0,245.0,48.0,96.0,49.0,447.0,116.0,406.0,362.0,260.0,281.0,94.0,280.0,37.0,56.0,39.0,240.0,35.0,35.0,28.0,67.0,32.0,46.0,41.0,233.0,73.0,61.0,25.0,55.0,16.0,19.0,22.0,53.0,58.0,59.0,22.0,66.0,48.0,77.0,101.0,400.0,118.0,130.0,46.0,109.0,21.0,31.0,19.0,77.0,18.0,27.0,16.0,19.0,14.0,42.0,24.0,121.0,89.0,69.0,23.0,49.0,18.0,19.0,24.0,37.0,65.0,61.0,25.0,69.0,109.0,135.0,129.0,494.0,263.0,433.0,148.0,645.0,42.0,82.0,66.0,384.0,28.0,65.0,29.0,103.0,45.0,71.0,63.0,397.0,69.0,113.0,44.0,119.0,23.0,39.0,18.0,105.0,45.0,75.0,41.0,121.0,70.0,132.0,114.0,830.0,383.0,729.0,134.0,601.0,60.0,155.0,51.0,376.0,67.0,83.0,22.0,125.0,59.0,131.0,88.0,474.0,347.0,497.0,99.0,407.0,71.0,125.0,62.0,369.0,300.0,442.0,146.0,517.0,449.0,880.0,538.0,4378.0,0.7407146852421016,0.06629566852608629,0.778705305380855,0.9036566000499958,3.1020589300887105,14.635838054779036,1.2473779866641972,0.05378852808690087,0.7130112000141673,0.8401650445855757,3.3011282224888068,14.360947281484606,mel
523.0,72.0,143.0,160.0,64.0,5.0,137.0,217.0,132.0,10.0,29.0,15.0,138.0,10.0,367.0,402.0,76.0,10.0,17.0,17.0,6.0,1.0,9.0,17.0,156.0,8.0,32.0,27.0,219.0,18.0,495.0,349.0,147.0,24.0,16.0,22.0,11.0,0.0,13.0,12.0,17.0,2.0,5.0,3.0,25.0,2.0,27.0,15.0,151.0,20.0,14.0,20.0,16.0,0.0,15.0,14.0,307.0,17.0,21.0,19.0,322.0,20.0,303.0,249.0,66.0,7.0,20.0,18.0,10.0,3.0,20.0,12.0,14.0,1.0,3.0,2.0,11.0,3.0,22.0,17.0,6.0,1.0,0.0,5.0,1.0,0.0,0.0,1.0,11.0,4.0,2.0,2.0,13.0,4.0,44.0,28.0,119.0,16.0,15.0,13.0,18.0,0.0,18.0,9.0,20.0,1.0,3.0,2.0,24.0,1.0,16.0,13.0,187.0,20.0,19.0,10.0,14.0,2.0,14.0,13.0,261.0,16.0,20.0,17.0,316.0,29.0,206.0,179.0,113.0,160.0,21.0,282.0,19.0,10.0,21.0,321.0,17.0,12.0,4.0,23.0,16.0,18.0,24.0,297.0,16.0,17.0,4.0,15.0,1.0,0.0,0.0,22.0,17.0,16.0,0.0,14.0,17.0,8.0,16.0,232.0,34.0,43.0,1.0,27.0,3.0,1.0,2.0,23.0,4.0,1.0,0.0,3.0,2.0,1.0,4.0,19.0,30.0,22.0,1.0,17.0,1.0,2.0,7.0,9.0,34.0,24.0,1.0,11.0,9.0,12.0,13.0,140.0,118.0,180.0,18.0,314.0,10.0,14.0,22.0,300.0,14.0,23.0,3.0,13.0,8.0,11.0,28.0,234.0,14.0,15.0,5.0,24.0,1.0,1.0,2.0,24.0,14.0,14.0,1.0,27.0,18.0,17.0,23.0,205.0,337.0,428.0,20.0,286.0,18.0,32.0,27.0,225.0,21.0,20.0,3.0,17.0,25.0,21.0,15.0,150.0,370.0,370.0,18.0,218.0,22.0,31.0,17.0,154.0,253.0,209.0,22.0,126.0,207.0,180.0,133.0,2113.0,1.3564758903060474,0.10122185748156994,0.8382271393358548,0.8949963281795937,2.8951847682780127,24.480256612269812,2.4269637965499378,0.08223886543061286,0.7465374801831093,0.8088343620958625,3.1513185054105146,22.96425005504167,nv
519.0,62.0,115.0,148.0,49.0,12.0,125.0,226.0,192.0,23.0,40.0,36.0,144.0,15.0,286.0,452.0,72.0,9.0,11.0,15.0,8.0,1.0,8.0,18.0,137.0,14.0,27.0,21.0,174.0,9.0,289.0,318.0,86.0,14.0,20.0,11.0,14.0,1.0,20.0,19.0,19.0,1.0,2.0,1.0,21.0,3.0,26.0,27.0,127.0,10.0,11.0,10.0,12.0,1.0,13.0,18.0,274.0,19.0,18.0,16.0,215.0,16.0,217.0,205.0,53.0,15.0,11.0,11.0,10.0,0.0,7.0,21.0,18.0,1.0,2.0,0.0,11.0,3.0,22.0,33.0,10.0,0.0,0.0,1.0,0.0,0.0,0.0,0.0,13.0,2.0,4.0,4.0,13.0,2.0,17.0,26.0,129.0,11.0,12.0,11.0,12.0,2.0,14.0,19.0,25.0,2.0,0.0,3.0,19.0,0.0,13.0,22.0,209.0,15.0,15.0,18.0,18.0,4.0,21.0,14.0,302.0,22.0,27.0,25.0,237.0,21.0,228.0,203.0,167.0,166.0,22.0,256.0,18.0,13.0,18.0,300.0,31.0,24.0,4.0,16.0,17.0,16.0,24.0,343.0,20.0,10.0,1.0,22.0,0.0,1.0,6.0,27.0,16.0,16.0,1.0,20.0,19.0,11.0,17.0,223.0,25.0,14.0,0.0,14.0,4.0,3.0,0.0,15.0,2.0,3.0,0.0,1.0,1.0,0.0,1.0,18.0,40.0,20.0,0.0,22.0,3.0,3.0,0.0,19.0,21.0,16.0,1.0,17.0,15.0,14.0,13.0,121.0,132.0,148.0,14.0,220.0,18.0,10.0,14.0,268.0,18.0,10.0,3.0,19.0,12.0,18.0,22.0,207.0,13.0,5.0,1.0,12.0,1.0,0.0,0.0,15.0,19.0,14.0,5.0,10.0,9.0,14.0,16.0,158.0,256.0,257.0,19.0,194.0,17.0,19.0,23.0,196.0,28.0,19.0,1.0,9.0,15.0,14.0,19.0,126.0,438.0,312.0,22.0,190.0,27.0,25.0,20.0,188.0,334.0,178.0,15.0,105.0,180.0,162.0,126.0,2082.0,1.1285627068538926,0.09304190571982134,0.83173606020124,0.9047589346531222,2.877691875540818,22.570515054268437,2.059226358717598,0.07564734546543565,0.7405540880866622,0.8228038699853221,3.1289618352401107,21.183113736938243,nv
1082.0,174.0,356.0,258.0,161.0,39.0,224.0,232.0,174.0,26.0,54.0,38.0,154.0,28.0,319.0,290.0,177.0,21.0,48.0,28.0,42.0,9.0,34.0,29.0,151.0,16.0,79.0,43.0,283.0,34.0,506.0,348.0,336.0,65.0,71.0,42.0,54.0,15.0,46.0,43.0,54.0,9.0,10.0,8.0,63.0,13.0,65.0,43.0,232.0,32.0,35.0,21.0,38.0,4.0,23.0,26.0,290.0,34.0,43.0,32.0,523.0,48.0,434.0,246.0,171.0,31.0,61.0,35.0,34.0,8.0,32.0,25.0,21.0,5.0,14.0,8.0,19.0,8.0,33.0,52.0,34.0,4.0,5.0,4.0,6.0,2.0,7.0,12.0,30.0,3.0,9.0,6.0,41.0,5.0,50.0,47.0,219.0,23.0,40.0,30.0,36.0,3.0,26.0,25.0,39.0,4.0,14.0,5.0,27.0,6.0,36.0,35.0,286.0,35.0,38.0,32.0,22.0,4.0,20.0,24.0,335.0,36.0,36.0,30.0,321.0,56.0,240.0,229.0,181.0,171.0,62.0,369.0,27.0,39.0,26.0,306.0,43.0,16.0,7.0,26.0,19.0,34.0,32.0,317.0,31.0,26.0,10.0,25.0,8.0,6.0,6.0,35.0,25.0,32.0,10.0,34.0,33.0,32.0,42.0,316.0,47.0,93.0,11.0,46.0,7.0,12.0,12.0,42.0,8.0,17.0,2.0,8.0,13.0,11.0,11.0,62.0,36.0,34.0,10.0,30.0,4.0,3.0,6.0,27.0,39.0,33.0,11.0,26.0,32.0,67.0,35.0,257.0,171.0,256.0,74.0,504.0,19.0,25.0,42.0,397.0,26.0,32.0,7.0,48.0,25.0,36.0,34.0,304.0,30.0,34.0,12.0,61.0,4.0,6.0,11.0,40.0,31.0,25.0,12.0,52.0,27.0,50.0,55.0,493.0,333.0,518.0,47.0,368.0,37.0,51.0,24.0,302.0,44.0,36.0,10.0,38.0,35.0,69.0,30.0,291.0,400.0,357.0,50.0,259.0,40.0,54.0,34.0,257.0,396.0,321.0,64.0,258.0,281.0,425.0,280.0,2937.0,1.2193921149737814,0.06744009875868094,0.8290787094373373,0.9161575445780797,3.1704343290576817,27.86830835461378,2.3913411819695582,0.055573224160766474,0.7526634539877697,0.8330803714161461,3.405399499019025,26.261264892674866,mel
546.0,78.0,244.0,115.0,88.0,9.0,131.0,144.0,83.0,15.0,19.0,23.0,85.0,7.0,214.0,365.0,82.0,15.0,32.0,13.0,13.0,3.0,17.0,11.0,91.0,9.0,67.0,21.0,233.0,14.0,673.0,338.0,264.0,32.0,58.0,22.0,32.0,5.0,31.0,11.0,29.0,1.0,6.0,1.0,44.0,3.0,30.0,23.0,144.0,17.0,18.0,10.0,12.0,4.0,10.0,9.0,294.0,13.0,29.0,20.0,828.0,26.0,515.0,192.0,92.0,22.0,30.0,12.0,15.0,0.0,18.0,11.0,11.0,2.0,2.0,0.0,6.0,3.0,15.0,14.0,16.0,0.0,4.0,2.0,1.0,0.0,1.0,2.0,18.0,2.0,6.0,1.0,20.0,5.0,26.0,16.0,150.0,16.0,23.0,14.0,9.0,5.0,13.0,13.0,17.0,3.0,2.0,2.0,25.0,2.0,17.0,16.0,221.0,9.0,18.0,5.0,10.0,4.0,10.0,9.0,464.0,17.0,22.0,19.0,451.0,18.0,180.0,136.0,93.0,94.0,21.0,256.0,15.0,13.0,25.0,421.0,18.0,7.0,7.0,27.0,13.0,10.0,20.0,311.0,10.0,12.0,3.0,19.0,1.0,2.0,2.0,14.0,7.0,10.0,2.0,20.0,13.0,12.0,23.0,225.0,20.0,52.0,5.0,35.0,3.0,4.0,2.0,18.0,2.0,4.0,1.0,2.0,7.0,3.0,4.0,27.0,10.0,21.0,3.0,12.0,1.0,1.0,2.0,16.0,20.0,18.0,1.0,19.0,26.0,36.0,34.0,152.0,103.0,271.0,62.0,780.0,15.0,24.0,27.0,393.0,14.0,13.0,2.0,20.0,16.0,11.0,17.0,211.0,20.0,22.0,6.0,37.0,4.0,4.0,0.0,21.0,12.0,17.0,1.0,35.0,14.0,24.0,23.0,239.0,283.0,704.0,42.0,544.0,22.0,34.0,22.0,199.0,29.0,29.0,8.0,35.0,18.0,24.0,9.0,135.0,342.0,436.0,27.0,218.0,13.0,26.0,8.0,146.0,346.0,255.0,19.0,161.0,265.0,281.0,157.0,2120.0,0.9003685830451797,0.10494853694786292,0.829841506047486,0.8860689032267784,2.784306444961222,14.905124535964344,1.8143634883484274,0.08051540525363755,0.729954980432567,0.7641260264982396,3.0872357165038276,13.569813590729677,vasc
399.0,63.0,192.0,143.0,38.0,2.0,94.0,188.0,49.0,5.0,18.0,26.0,65.0,6.0,299.0,561.0,59.0,11.0,31.0,21.0,4.0,0.0,5.0,8.0,98.0,16.0,56.0,31.0,191.0,8.0,1099.0,500.0,190.0,40.0,45.0,19.0,21.0,0.0,19.0,7.0,16.0,2.0,5.0,2.0,29.0,1.0,17.0,12.0,140.0,13.0,21.0,6.0,14.0,1.0,9.0,8.0,234.0,10.0,26.0,13.0,594.0,20.0,520.0,161.0,49.0,7.0,15.0,14.0,2.0,2.0,12.0,4.0,8.0,1.0,3.0,0.0,4.0,0.0,17.0,25.0,5.0,1.0,0.0,2.0,0.0,0.0,0.0,1.0,3.0,0.0,1.0,4.0,13.0,1.0,23.0,21.0,97.0,10.0,16.0,13.0,7.0,1.0,12.0,8.0,16.0,0.0,2.0,1.0,14.0,0.0,17.0,9.0,140.0,8.0,8.0,8.0,10.0,1.0,11.0,4.0,340.0,10.0,9.0,10.0,338.0,12.0,202.0,95.0,64.0,124.0,8.0,266.0,3.0,8.0,8.0,367.0,14.0,10.0,0.0,14.0,8.0,13.0,9.0,400.0,8.0,13.0,1.0,13.0,0.0,1.0,0.0,4.0,15.0,7.0,4.0,16.0,7.0,9.0,15.0,244.0,27.0,64.0,6.0,37.0,1.0,1.0,0.0,16.0,0.0,1.0,1.0,2.0,3.0,2.0,1.0,18.0,29.0,35.0,2.0,18.0,1.0,4.0,0.0,6.0,20.0,14.0,1.0,11.0,12.0,20.0,9.0,123.0,80.0,221.0,26.0,685.0,10.0,11.0,15.0,396.0,6.0,10.0,1.0,25.0,7.0,13.0,15.0,258.0,7.0,11.0,1.0,13.0,0.0,0.0,0.0,10.0,8.0,12.0,0.0,20.0,9.0,12.0,18.0,206.0,343.0,1070.0,24.0,579.0,18.0,31.0,18.0,212.0,13.0,16.0,2.0,16.0,12.0,21.0,15.0,156.0,482.0,510.0,17.0,194.0,7.0,19.0,13.0,114.0,314.0,202.0,20.0,108.0,222.0,223.0,123.0,2443.0,1.0897090728494134,0.10645681099497012,0.8387598244504151,0.8624537869302289,2.7598121521369885,14.7552792918488,2.0562209921506245,0.08043627376845858,0.7336705013329509,0.7331163063175626,3.07861561557331,13.35289571917087,vasc
389.0,49.0,77.0,69.0,58.0,5.0,89.0,189.0,167.0,20.0,21.0,31.0,110.0,13.0,312.0,821.0,47.0,11.0,10.0,12.0,6.0,2.0,10.0,11.0,133.0,10.0,22.0,22.0,184.0,12.0,585.0,488.0,92.0,12.0,25.0,13.0,6.0,0.0,5.0,9.0,18.0,1.0,1.0,1.0,13.0,0.0,13.0,20.0,98.0,5.0,13.0,9.0,11.0,1.0,5.0,5.0,356.0,14.0,17.0,15.0,486.0,13.0,388.0,239.0,53.0,6.0,15.0,9.0,7.0,0.0,16.0,7.0,22.0,4.0,1.0,2.0,14.0,1.0,13.0,16.0,4.0,1.0,0.0,1.0,0.0,0.0,0.0,1.0,13.0,0.0,0.0,2.0,8.0,3.0,8.0,17.0,106.0,3.0,6.0,8.0,15.0,0.0,14.0,7.0,35.0,0.0,0.0,1.0,24.0,2.0,18.0,15.0,242.0,9.0,9.0,14.0,9.0,1.0,14.0,13.0,765.0,27.0,8.0,19.0,528.0,14.0,231.0,204.0,188.0,118.0,19.0,250.0,29.0,3.0,48.0,748.0,37.0,17.0,3.0,25.0,19.0,8.0,25.0,548.0,17.0,12.0,1.0,8.0,0.0,0.0,2.0,20.0,21.0,9.0,1.0,13.0,10.0,6.0,20.0,188.0,19.0,23.0,1.0,19.0,0.0,1.0,1.0,16.0,0.0,0.0,0.0,2.0,3.0,1.0,0.0,12.0,48.0,23.0,1.0,15.0,1.0,0.0,1.0,12.0,32.0,11.0,3.0,13.0,18.0,15.0,10.0,115.0,107.0,155.0,33.0,444.0,12.0,8.0,12.0,385.0,15.0,17.0,2.0,12.0,4.0,8.0,18.0,203.0,12.0,3.0,1.0,15.0,2.0,0.0,2.0,20.0,9.0,5.0,1.0,7.0,9.0,7.0,12.0,111.0,272.0,447.0,18.0,352.0,14.0,15.0,12.0,209.0,20.0,12.0,0.0,17.0,16.0,11.0,19.0,123.0,844.0,406.0,17.0,194.0,18.0,15.0,17.0,190.0,542.0,211.0,22.0,128.0,206.0,134.0,125.0,2518.0,0.9966700053331946,0.10668088020878365,0.8420494816764169,0.8755048999450967,2.751266448892243,15.014723292775018,2.005120884302067,0.0806288102318323,0.7366088716550889,0.7433868569904881,3.071086751041091,13.622456571679939,vasc
217.0,28.0,102.0,57.0,30.0,4.0,38.0,47.0,30.0,4.0,3.0,7.0,45.0,4.0,73.0,42.0,21.0,4.0,14.0,5.0,15.0,0.0,8.0,3.0,29.0,5.0,18.0,4.0,84.0,7.0,154.0,58.0,97.0,9.0,31.0,7.0,12.0,2.0,17.0,9.0,13.0,0.0,4.0,5.0,9.0,2.0,15.0,8.0,50.0,4.0,12.0,3.0,2.0,0.0,8.0,4.0,74.0,6.0,14.0,8.0,246.0,18.0,196.0,78.0,34.0,9.0,12.0,8.0,4.0,1.0,6.0,8.0,4.0,1.0,1.0,2.0,2.0,0.0,6.0,8.0,2.0,2.0,3.0,0.0,4.0,1.0,2.0,0.0,3.0,2.0,0.0,2.0,8.0,0.0,11.0,6.0,52.0,7.0,15.0,7.0,4.0,2.0,5.0,4.0,5.0,1.0,0.0,3.0,4.0,1.0,4.0,6.0,37.0,2.0,3.0,1.0,7.0,0.0,4.0,3.0,57.0,5.0,4.0,4.0,105.0,7.0,55.0,44.0,31.0,43.0,13.0,84.0,8.0,6.0,2.0,70.0,4.0,4.0,1.0,9.0,8.0,6.0,7.0,63.0,11.0,2.0,1.0,5.0,0.0,0.0,2.0,4.0,6.0,6.0,1.0,4.0,6.0,4.0,11.0,87.0,7.0,11.0,6.0,14.0,0.0,0.0,1.0,4.0,0.0,2.0,1.0,1.0,1.0,4.0,1.0,10.0,5.0,5.0,1.0,5.0,3.0,0.0,0.0,5.0,5.0,10.0,2.0,1.0,10.0,16.0,8.0,46.0,36.0,97.0,17.0,213.0,3.0,4.0,7.0,127.0,3.0,7.0,0.0,9.0,2.0,10.0,3.0,83.0,7.0,6.0,2.0,18.0,1.0,1.0,1.0,8.0,2.0,9.0,2.0,15.0,9.0,18.0,12.0,113.0,59.0,192.0,19.0,199.0,7.0,7.0,9.0,70.0,4.0,11.0,2.0,17.0,5.0,8.0,6.0,55.0,46.0,76.0,9.0,73.0,7.0,4.0,4.0,45.0,54.0,80.0,10.0,71.0,74.0,104.0,67.0,1005.0,1.5918359139352505,0.09567094362644953,0.8544965026574158,0.8386278942330773,2.702100597404886,18.136925836678742,3.0631510680556113,0.07233415410208831,0.7744123159698594,0.7001102598074251,2.9634647327308694,17.365364199513078,nv
430.0,42.0,29.0,36.0,45.0,13.0,26.0,90.0,59.0,8.0,8.0,10.0,26.0,8.0,29.0,98.0,56.0,9.0,7.0,2.0,21.0,3.0,4.0,13.0,35.0,4.0,7.0,3.0,24.0,9.0,28.0,58.0,30.0,10.0,2.0,4.0,4.0,5.0,2.0,6.0,10.0,4.0,2.0,2.0,7.0,5.0,5.0,18.0,38.0,3.0,7.0,1.0,8.0,1.0,3.0,10.0,55.0,3.0,6.0,6.0,34.0,7.0,40.0,38.0,45.0,24.0,7.0,13.0,11.0,8.0,6.0,14.0,13.0,5.0,7.0,5.0,7.0,5.0,10.0,25.0,30.0,10.0,2.0,1.0,9.0,0.0,5.0,6.0,16.0,7.0,8.0,0.0,8.0,0.0,3.0,18.0,30.0,8.0,5.0,4.0,4.0,8.0,1.0,3.0,19.0,6.0,4.0,6.0,5.0,6.0,6.0,6.0,72.0,17.0,11.0,8.0,19.0,5.0,7.0,10.0,142.0,27.0,17.0,19.0,66.0,19.0,50.0,70.0,65.0,29.0,16.0,41.0,17.0,10.0,18.0,155.0,17.0,9.0,3.0,14.0,11.0,7.0,17.0,145.0,12.0,7.0,2.0,8.0,5.0,1.0,7.0,22.0,8.0,2.0,3.0,7.0,6.0,3.0,9.0,52.0,13.0,8.0,4.0,7.0,5.0,3.0,4.0,18.0,7.0,5.0,2.0,5.0,6.0,3.0,4.0,41.0,7.0,5.0,4.0,7.0,4.0,2.0,3.0,22.0,19.0,6.0,6.0,9.0,14.0,6.0,21.0,70.0,26.0,26.0,8.0,46.0,6.0,7.0,3.0,74.0,10.0,10.0,5.0,10.0,2.0,6.0,6.0,56.0,11.0,10.0,3.0,6.0,5.0,8.0,4.0,23.0,8.0,2.0,3.0,6.0,3.0,3.0,7.0,40.0,41.0,32.0,9.0,38.0,11.0,13.0,1.0,34.0,14.0,10.0,10.0,28.0,7.0,5.0,11.0,96.0,89.0,55.0,20.0,50.0,19.0,20.0,12.0,76.0,123.0,65.0,48.0,97.0,60.0,49.0,98.0,1179.0,2.52042621467067,0.09535126391269107,0.8248837551493668,0.8221610537292237,2.783337242136647,25.824615943114996,4.533075064567192,0.07688206804973477,0.7584546668958754,0.6732998735809298,2.973386692663715,23.21760329759821,nv
161.0,17.0,61.0,51.0,17.0,4.0,45.0,43.0,27.0,4.0,2.0,2.0,46.0,2.0,117.0,67.0,16.0,2.0,11.0,1.0,4.0,2.0,5.0,4.0,29.0,0.0,16.0,9.0,88.0,1.0,266.0,158.0,57.0,7.0,23.0,8.0,4.0,0.0,7.0,3.0,10.0,0.0,2.0,2.0,9.0,0.0,16.0,6.0,34.0,4.0,8.0,5.0,5.0,0.0,6.0,5.0,108.0,6.0,16.0,3.0,198.0,9.0,209.0,78.0,17.0,9.0,3.0,4.0,5.0,1.0,5.0,2.0,5.0,0.0,0.0,0.0,3.0,1.0,1.0,1.0,3.0,0.0,1.0,3.0,1.0,0.0,1.0,1.0,5.0,0.0,0.0,0.0,7.0,0.0,6.0,3.0,46.0,3.0,8.0,7.0,1.0,0.0,4.0,0.0,3.0,0.0,1.0,1.0,9.0,0.0,5.0,4.0,62.0,5.0,5.0,2.0,2.0,2.0,6.0,2.0,112.0,3.0,9.0,7.0,125.0,4.0,72.0,48.0,26.0,28.0,8.0,89.0,2.0,3.0,4.0,63.0,7.0,5.0,3.0,0.0,2.0,3.0,4.0,78.0,5.0,3.0,3.0,1.0,0.0,1.0,2.0,5.0,6.0,4.0,1.0,9.0,4.0,3.0,8.0,69.0,5.0,9.0,1.0,17.0,1.0,2.0,1.0,11.0,2.0,0.0,1.0,0.0,1.0,1.0,2.0,8.0,5.0,4.0,1.0,7.0,0.0,1.0,0.0,4.0,11.0,7.0,2.0,12.0,3.0,6.0,7.0,46.0,24.0,79.0,5.0,220.0,1.0,7.0,5.0,107.0,2.0,4.0,3.0,1.0,5.0,5.0,4.0,71.0,4.0,6.0,2.0,5.0,0.0,1.0,0.0,6.0,4.0,4.0,3.0,9.0,6.0,5.0,10.0,101.0,91.0,257.0,13.0,227.0,3.0,9.0,4.0,70.0,6.0,6.0,2.0,14.0,10.0,7.0,3.0,52.0,80.0,124.0,4.0,75.0,3.0,7.0,2.0,43.0,81.0,73.0,3.0,42.0,86.0,86.0,42.0,1216.0,1.7579982621060115,0.10254600817205431,0.8771090448863332,0.8448182369702844,2.5845782833704543,20.899280889560497,3.3880299649346517,0.07591057543368816,0.7910087422157479,0.7000737502212986,2.8634283790830826,19.20439045464841,nv
197.0,30.0,27.0,13.0,45.0,9.0,24.0,35.0,22.0,5.0,9.0,9.0,20.0,3.0,22.0,15.0,35.0,6.0,12.0,6.0,7.0,1.0,4.0,5.0,21.0,2.0,10.0,2.0,34.0,7.0,36.0,27.0,29.0,2.0,7.0,3.0,8.0,5.0,1.0,3.0,7.0,3.0,1.0,3.0,7.0,3.0,6.0,7.0,23.0,1.0,5.0,2.0,5.0,2.0,3.0,3.0,27.0,2.0,7.0,2.0,37.0,6.0,30.0,17.0,40.0,10.0,6.0,6.0,10.0,1.0,7.0,2.0,9.0,3.0,0.0,2.0,6.0,1.0,2.0,3.0,14.0,3.0,1.0,3.0,3.0,2.0,2.0,8.0,5.0,4.0,2.0,5.0,5.0,1.0,2.0,6.0,16.0,0.0,3.0,3.0,0.0,0.0,2.0,2.0,14.0,4.0,4.0,1.0,3.0,2.0,2.0,5.0,19.0,7.0,0.0,3.0,7.0,6.0,4.0,2.0,64.0,14.0,4.0,5.0,31.0,8.0,27.0,33.0,18.0,15.0,7.0,31.0,10.0,9.0,6.0,43.0,7.0,3.0,3.0,5.0,2.0,3.0,7.0,39.0,7.0,3.0,0.0,1.0,3.0,2.0,3.0,2.0,2.0,3.0,1.0,6.0,2.0,4.0,5.0,27.0,4.0,7.0,0.0,3.0,1.0,1.0,0.0,5.0,2.0,0.0,1.0,6.0,1.0,0.0,1.0,15.0,5.0,4.0,1.0,3.0,5.0,1.0,4.0,8.0,4.0,4.0,5.0,3.0,4.0,8.0,12.0,47.0,17.0,27.0,4.0,37.0,6.0,5.0,6.0,41.0,2.0,1.0,6.0,4.0,0.0,3.0,3.0,31.0,5.0,8.0,4.0,6.0,2.0,0.0,1.0,8.0,3.0,3.0,2.0,8.0,6.0,2.0,4.0,25.0,16.0,20.0,4.0,23.0,1.0,3.0,5.0,24.0,5.0,7.0,4.0,9.0,6.0,7.0,11.0,37.0,24.0,12.0,5.0,27.0,6.0,6.0,5.0,24.0,24.0,19.0,12.0,33.0,29.0,20.0,36.0,559.0,2.6421436636845304,0.08663234244795606,0.7862027979627361,0.7503178566119583,2.8645465098851064,18.52191418868874,4.945598591549296,0.07166338756571118,0.6960893543289471,0.5375998696838444,3.0966675042327454,16.445392748214637,nv
191.0,39.0,30.0,18.0,40.0,12.0,23.0,35.0,23.0,3.0,8.0,8.0,22.0,3.0,19.0,18.0,36.0,4.0,9.0,6.0,9.0,2.0,4.0,6.0,25.0,3.0,8.0,2.0,32.0,6.0,33.0,31.0,28.0,4.0,7.0,3.0,6.0,1.0,1.0,3.0,8.0,2.0,1.0,4.0,8.0,4.0,9.0,2.0,26.0,3.0,4.0,3.0,6.0,2.0,3.0,3.0,29.0,5.0,8.0,4.0,30.0,8.0,35.0,16.0,42.0,9.0,3.0,6.0,13.0,1.0,6.0,1.0,10.0,1.0,0.0,4.0,3.0,0.0,3.0,5.0,10.0,3.0,1.0,3.0,5.0,1.0,2.0,5.0,7.0,4.0,3.0,2.0,2.0,2.0,3.0,3.0,15.0,1.0,3.0,3.0,1.0,0.0,3.0,2.0,14.0,2.0,3.0,1.0,6.0,3.0,3.0,4.0,17.0,4.0,0.0,2.0,7.0,4.0,4.0,2.0,66.0,11.0,5.0,7.0,30.0,12.0,25.0,30.0,20.0,16.0,9.0,28.0,11.0,7.0,6.0,51.0,7.0,5.0,5.0,6.0,2.0,3.0,6.0,44.0,5.0,5.0,1.0,2.0,5.0,2.0,2.0,4.0,2.0,2.0,1.0,4.0,5.0,2.0,7.0,23.0,8.0,2.0,2.0,4.0,2.0,1.0,1.0,8.0,0.0,0.0,0.0,6.0,2.0,1.0,5.0,11.0,5.0,5.0,3.0,5.0,2.0,3.0,3.0,2.0,5.0,3.0,5.0,3.0,5.0,5.0,7.0,43.0,13.0,29.0,3.0,33.0,8.0,5.0,5.0,30.0,2.0,4.0,4.0,4.0,0.0,4.0,4.0,33.0,5.0,4.0,1.0,8.0,2.0,0.0,1.0,6.0,2.0,1.0,3.0,7.0,3.0,4.0,2.0,27.0,14.0,25.0,5.0,24.0,0.0,4.0,6.0,28.0,6.0,4.0,3.0,10.0,6.0,6.0,8.0,34.0,22.0,13.0,4.0,27.0,4.0,6.0,4.0,31.0,29.0,21.0,9.0,34.0,23.0,25.0,45.0,554.0,2.623469121862244,0.08850335002854673,0.7846316969780512,0.7456663782554832,2.8506005994508588,18.006670958457693,4.909771126760565,0.0735802203183892,0.6963151082412563,0.5292442934765256,3.0769494064136342,15.94933289990825,nv
196.0,26.0,24.0,26.0,40.0,8.0,16.0,17.0,16.0,5.0,8.0,5.0,18.0,3.0,13.0,21.0,29.0,7.0,4.0,2.0,7.0,3.0,3.0,3.0,19.0,4.0,5.0,5.0,26.0,5.0,26.0,12.0,30.0,11.0,7.0,4.0,7.0,1.0,2.0,2.0,7.0,4.0,1.0,3.0,8.0,1.0,6.0,8.0,16.0,4.0,3.0,3.0,6.0,7.0,2.0,2.0,23.0,1.0,5.0,4.0,29.0,7.0,22.0,25.0,39.0,10.0,5.0,3.0,11.0,3.0,0.0,9.0,13.0,3.0,2.0,3.0,2.0,2.0,1.0,6.0,11.0,1.0,1.0,4.0,2.0,0.0,1.0,2.0,5.0,3.0,1.0,2.0,7.0,1.0,3.0,8.0,18.0,4.0,3.0,1.0,6.0,2.0,5.0,2.0,8.0,2.0,0.0,2.0,7.0,0.0,8.0,5.0,31.0,4.0,5.0,4.0,0.0,3.0,1.0,3.0,46.0,5.0,4.0,10.0,37.0,8.0,25.0,27.0,21.0,21.0,8.0,34.0,7.0,9.0,16.0,56.0,8.0,4.0,4.0,4.0,2.0,4.0,2.0,23.0,5.0,2.0,3.0,3.0,2.0,3.0,2.0,12.0,3.0,2.0,0.0,4.0,3.0,0.0,6.0,22.0,7.0,7.0,2.0,7.0,2.0,2.0,2.0,6.0,5.0,3.0,1.0,6.0,4.0,1.0,2.0,12.0,8.0,5.0,2.0,2.0,1.0,2.0,2.0,10.0,6.0,4.0,7.0,4.0,4.0,10.0,12.0,33.0,16.0,33.0,7.0,33.0,4.0,3.0,6.0,30.0,3.0,4.0,1.0,5.0,1.0,5.0,8.0,26.0,2.0,7.0,3.0,7.0,0.0,0.0,2.0,11.0,3.0,1.0,1.0,9.0,4.0,3.0,5.0,28.0,25.0,31.0,7.0,32.0,2.0,5.0,4.0,25.0,3.0,3.0,4.0,12.0,8.0,2.0,9.0,34.0,25.0,36.0,8.0,16.0,4.0,9.0,3.0,27.0,37.0,24.0,8.0,40.0,25.0,25.0,35.0,599.0,2.1607390700902145,0.08556557795375923,0.7783170639623692,0.7465603869400268,2.879975809108439,14.890573816651816,3.97458670418572,0.07159958480196278,0.6929943782932855,0.535461685956694,3.098958781416899,13.137399902866004,nv
313.0,50.0,96.0,100.0,49.0,8.0,90.0,122.0,42.0,8.0,19.0,11.0,60.0,9.0,139.0,155.0,64.0,15.0,11.0,6.0,11.0,0.0,14.0,11.0,63.0,6.0,13.0,18.0,141.0,12.0,259.0,156.0,103.0,17.0,27.0,21.0,7.0,3.0,14.0,8.0,16.0,1.0,3.0,2.0,23.0,2.0,14.0,22.0,70.0,7.0,10.0,3.0,12.0,0.0,10.0,7.0,128.0,8.0,15.0,7.0,262.0,17.0,207.0,81.0,46.0,14.0,22.0,14.0,6.0,0.0,7.0,10.0,6.0,1.0,2.0,3.0,8.0,0.0,13.0,21.0,14.0,1.0,1.0,3.0,3.0,0.0,1.0,1.0,11.0,1.0,1.0,0.0,12.0,5.0,12.0,11.0,87.0,14.0,9.0,14.0,12.0,2.0,7.0,7.0,9.0,3.0,3.0,2.0,12.0,0.0,8.0,5.0,76.0,14.0,11.0,5.0,8.0,4.0,5.0,6.0,147.0,7.0,17.0,11.0,114.0,15.0,87.0,54.0,61.0,75.0,22.0,136.0,7.0,13.0,7.0,130.0,12.0,2.0,4.0,5.0,3.0,5.0,9.0,151.0,12.0,9.0,1.0,10.0,2.0,0.0,1.0,10.0,8.0,6.0,1.0,10.0,3.0,11.0,12.0,124.0,18.0,28.0,2.0,20.0,2.0,3.0,2.0,18.0,1.0,4.0,1.0,2.0,2.0,2.0,4.0,18.0,20.0,17.0,1.0,10.0,1.0,0.0,3.0,10.0,10.0,13.0,3.0,8.0,17.0,9.0,13.0,89.0,81.0,159.0,25.0,239.0,11.0,14.0,15.0,134.0,2.0,10.0,1.0,19.0,3.0,7.0,12.0,138.0,10.0,11.0,6.0,22.0,1.0,4.0,2.0,17.0,7.0,9.0,2.0,21.0,7.0,9.0,12.0,163.0,114.0,246.0,25.0,218.0,14.0,19.0,15.0,93.0,11.0,20.0,2.0,28.0,13.0,18.0,10.0,116.0,111.0,111.0,11.0,136.0,13.0,20.0,6.0,76.0,107.0,101.0,13.0,88.0,112.0,126.0,80.0,1203.0,1.3788360353623041,0.07464253931077033,0.8272891911162747,0.8911205848949542,3.033669830830561,23.948927418032685,2.760020430656739,0.05725733385968158,0.73188697215263,0.7808024741433136,3.3154356719003775,22.422931976034857,mel
217.0,38.0,60.0,63.0,22.0,4.0,54.0,116.0,53.0,3.0,5.0,12.0,51.0,11.0,164.0,270.0,25.0,2.0,3.0,4.0,6.0,0.0,4.0,5.0,71.0,4.0,9.0,9.0,128.0,8.0,293.0,212.0,56.0,10.0,9.0,16.0,10.0,0.0,4.0,5.0,16.0,0.0,1.0,0.0,7.0,2.0,6.0,3.0,75.0,4.0,2.0,7.0,4.0,0.0,7.0,2.0,178.0,6.0,12.0,11.0,231.0,8.0,217.0,97.0,26.0,6.0,5.0,8.0,3.0,1.0,5.0,7.0,6.0,0.0,0.0,1.0,6.0,0.0,7.0,5.0,9.0,0.0,0.0,1.0,0.0,0.0,1.0,1.0,6.0,0.0,0.0,0.0,3.0,0.0,11.0,7.0,70.0,13.0,9.0,7.0,7.0,0.0,5.0,7.0,9.0,4.0,1.0,1.0,6.0,1.0,7.0,8.0,120.0,11.0,13.0,6.0,7.0,0.0,5.0,4.0,238.0,5.0,9.0,5.0,205.0,8.0,127.0,58.0,52.0,70.0,8.0,126.0,1.0,2.0,9.0,214.0,9.0,5.0,1.0,12.0,5.0,7.0,6.0,203.0,10.0,7.0,2.0,7.0,1.0,0.0,1.0,10.0,8.0,6.0,1.0,6.0,7.0,2.0,8.0,82.0,18.0,18.0,2.0,13.0,2.0,0.0,0.0,5.0,2.0,1.0,1.0,2.0,0.0,0.0,2.0,8.0,10.0,7.0,2.0,15.0,2.0,1.0,0.0,1.0,10.0,7.0,0.0,12.0,6.0,4.0,11.0,66.0,70.0,127.0,10.0,217.0,2.0,10.0,12.0,140.0,9.0,10.0,2.0,11.0,2.0,2.0,6.0,104.0,3.0,9.0,0.0,8.0,2.0,1.0,0.0,5.0,6.0,7.0,1.0,3.0,5.0,6.0,9.0,85.0,236.0,277.0,18.0,232.0,8.0,13.0,10.0,102.0,9.0,14.0,1.0,14.0,13.0,10.0,8.0,63.0,251.0,259.0,9.0,140.0,8.0,8.0,9.0,69.0,217.0,143.0,13.0,80.0,140.0,95.0,67.0,1404.0,1.8374088030145115,0.07951099350322043,0.8468181300889911,0.8650381783514606,2.96880969770668,25.391162663654008,3.282252412528976,0.05977202826912552,0.7436063406630207,0.7552992312828131,3.277211168517765,23.544409634638033,mel
231.0,23.0,78.0,51.0,37.0,4.0,69.0,118.0,50.0,5.0,11.0,4.0,46.0,6.0,148.0,169.0,36.0,0.0,4.0,7.0,6.0,0.0,10.0,5.0,73.0,9.0,13.0,4.0,164.0,4.0,185.0,140.0,73.0,3.0,10.0,14.0,8.0,0.0,6.0,5.0,17.0,1.0,0.0,0.0,18.0,1.0,15.0,9.0,64.0,3.0,12.0,4.0,10.0,0.0,8.0,10.0,215.0,2.0,19.0,8.0,371.0,16.0,242.0,118.0,42.0,5.0,9.0,9.0,7.0,0.0,3.0,4.0,6.0,1.0,0.0,0.0,13.0,0.0,3.0,3.0,6.0,0.0,2.0,1.0,2.0,0.0,0.0,0.0,8.0,0.0,2.0,3.0,7.0,0.0,13.0,9.0,81.0,8.0,9.0,9.0,3.0,0.0,6.0,2.0,13.0,2.0,3.0,0.0,11.0,0.0,11.0,7.0,143.0,9.0,10.0,3.0,5.0,0.0,5.0,4.0,256.0,8.0,10.0,4.0,265.0,13.0,121.0,79.0,52.0,49.0,15.0,168.0,7.0,3.0,11.0,273.0,8.0,2.0,3.0,9.0,10.0,11.0,7.0,202.0,2.0,4.0,0.0,15.0,1.0,0.0,0.0,11.0,7.0,1.0,0.0,2.0,5.0,4.0,9.0,109.0,11.0,19.0,2.0,13.0,1.0,0.0,1.0,11.0,1.0,1.0,0.0,0.0,0.0,0.0,1.0,10.0,8.0,12.0,1.0,4.0,0.0,0.0,2.0,5.0,10.0,7.0,1.0,14.0,11.0,9.0,21.0,88.0,55.0,122.0,20.0,376.0,7.0,3.0,13.0,227.0,8.0,4.0,1.0,15.0,3.0,2.0,8.0,109.0,4.0,10.0,3.0,14.0,0.0,0.0,2.0,10.0,3.0,4.0,1.0,11.0,8.0,6.0,14.0,75.0,172.0,232.0,15.0,241.0,8.0,15.0,6.0,84.0,10.0,11.0,1.0,6.0,18.0,11.0,14.0,58.0,232.0,198.0,7.0,119.0,7.0,10.0,8.0,48.0,193.0,149.0,11.0,89.0,153.0,106.0,92.0,1512.0,1.72833705810646,0.08088994206616307,0.8502709861772101,0.8729203716930375,2.953037690449303,25.472514583222562,3.21488322120181,0.06114861228032609,0.7479684370719049,0.7609440145119705,3.2618094724147655,23.681604767908166,mel
475.0,77.0,152.0,86.0,73.0,20.0,98.0,89.0,54.0,10.0,16.0,14.0,78.0,16.0,105.0,103.0,72.0,8.0,26.0,10.0,20.0,4.0,25.0,11.0,76.0,6.0,29.0,15.0,133.0,22.0,233.0,120.0,159.0,20.0,51.0,13.0,26.0,7.0,22.0,15.0,21.0,12.0,2.0,3.0,28.0,9.0,22.0,22.0,61.0,10.0,26.0,7.0,13.0,5.0,11.0,6.0,108.0,12.0,27.0,14.0,186.0,28.0,193.0,113.0,69.0,13.0,24.0,17.0,9.0,1.0,13.0,8.0,8.0,2.0,3.0,4.0,14.0,4.0,4.0,14.0,17.0,3.0,2.0,3.0,3.0,3.0,5.0,2.0,13.0,6.0,4.0,2.0,9.0,7.0,27.0,26.0,68.0,23.0,25.0,9.0,15.0,4.0,8.0,9.0,19.0,3.0,5.0,1.0,16.0,4.0,19.0,14.0,67.0,7.0,11.0,8.0,10.0,1.0,8.0,9.0,89.0,9.0,13.0,8.0,136.0,19.0,117.0,80.0,52.0,63.0,23.0,129.0,9.0,9.0,13.0,109.0,3.0,6.0,1.0,15.0,4.0,9.0,11.0,109.0,4.0,8.0,2.0,15.0,4.0,3.0,2.0,12.0,6.0,7.0,3.0,13.0,11.0,16.0,26.0,117.0,16.0,23.0,7.0,33.0,4.0,6.0,5.0,22.0,7.0,2.0,2.0,4.0,5.0,8.0,5.0,33.0,10.0,10.0,3.0,21.0,1.0,2.0,5.0,8.0,14.0,13.0,3.0,14.0,17.0,30.0,30.0,123.0,62.0,103.0,27.0,208.0,11.0,20.0,10.0,136.0,9.0,15.0,5.0,22.0,7.0,15.0,14.0,107.0,14.0,24.0,2.0,31.0,4.0,4.0,4.0,34.0,7.0,19.0,10.0,27.0,10.0,15.0,23.0,202.0,82.0,181.0,18.0,152.0,15.0,18.0,14.0,107.0,13.0,20.0,4.0,28.0,16.0,28.0,10.0,119.0,85.0,109.0,17.0,95.0,19.0,21.0,12.0,60.0,74.0,109.0,26.0,114.0,84.0,176.0,108.0,1269.0,1.39394473690839,0.0711900836476142,0.8258148506744405,0.8906673560381332,2.9883252924853254,24.10520513080306,2.5438876638024994,0.05705907791237655,0.7536992625419444,0.8030641813682369,3.221414361347202,23.29079981434634,mel
328.0,58.0,128.0,86.0,31.0,6.0,83.0,84.0,36.0,2.0,14.0,13.0,37.0,4.0,149.0,173.0,39.0,8.0,24.0,5.0,8.0,1.0,10.0,6.0,67.0,10.0,26.0,11.0,113.0,10.0,346.0,210.0,126.0,21.0,23.0,20.0,17.0,3.0,13.0,13.0,14.0,3.0,4.0,1.0,17.0,1.0,22.0,15.0,73.0,11.0,18.0,9.0,10.0,2.0,11.0,2.0,110.0,11.0,27.0,7.0,230.0,11.0,200.0,103.0,33.0,7.0,11.0,11.0,4.0,4.0,2.0,7.0,2.0,0.0,2.0,2.0,10.0,0.0,8.0,7.0,5.0,1.0,0.0,2.0,1.0,0.0,0.0,1.0,9.0,1.0,2.0,2.0,12.0,2.0,25.0,15.0,78.0,11.0,20.0,9.0,5.0,0.0,7.0,4.0,6.0,2.0,1.0,3.0,7.0,0.0,12.0,6.0,60.0,4.0,9.0,7.0,4.0,1.0,3.0,2.0,66.0,3.0,9.0,6.0,113.0,10.0,116.0,54.0,41.0,55.0,11.0,118.0,3.0,3.0,7.0,119.0,3.0,6.0,0.0,12.0,1.0,8.0,7.0,136.0,10.0,3.0,0.0,9.0,0.0,0.0,0.0,8.0,5.0,7.0,2.0,15.0,2.0,6.0,13.0,135.0,22.0,20.0,1.0,32.0,1.0,2.0,1.0,16.0,2.0,2.0,0.0,5.0,1.0,3.0,4.0,16.0,16.0,17.0,0.0,19.0,0.0,3.0,0.0,7.0,11.0,9.0,4.0,7.0,17.0,21.0,11.0,86.0,55.0,145.0,16.0,262.0,8.0,8.0,11.0,167.0,1.0,7.0,1.0,16.0,5.0,9.0,13.0,141.0,6.0,7.0,1.0,20.0,1.0,2.0,4.0,10.0,5.0,9.0,3.0,7.0,14.0,21.0,19.0,174.0,133.0,404.0,24.0,289.0,9.0,20.0,7.0,118.0,6.0,13.0,0.0,14.0,12.0,15.0,15.0,94.0,136.0,198.0,16.0,95.0,11.0,21.0,5.0,52.0,85.0,93.0,15.0,74.0,110.0,162.0,86.0,1501.0,1.9020010395010398,0.0758374510640298,0.8480185023360155,0.869234357381701,2.9229054364726585,27.188224824381606,3.499895040671739,0.05843530249582731,0.7617600970892314,0.7562080389762528,3.2003135122508164,25.212249740269726,mel
462.0,75.0,148.0,74.0,62.0,8.0,67.0,61.0,56.0,12.0,15.0,16.0,69.0,16.0,105.0,92.0,79.0,9.0,32.0,13.0,19.0,2.0,13.0,10.0,78.0,9.0,25.0,12.0,145.0,11.0,184.0,130.0,152.0,33.0,45.0,23.0,38.0,4.0,19.0,16.0,20.0,4.0,5.0,2.0,24.0,5.0,18.0,16.0,92.0,8.0,21.0,11.0,26.0,5.0,9.0,5.0,93.0,11.0,26.0,18.0,234.0,33.0,213.0,116.0,70.0,15.0,21.0,18.0,10.0,3.0,9.0,10.0,8.0,1.0,10.0,1.0,8.0,5.0,11.0,10.0,19.0,2.0,6.0,3.0,2.0,0.0,4.0,1.0,19.0,3.0,12.0,4.0,24.0,6.0,31.0,18.0,83.0,19.0,15.0,10.0,11.0,4.0,9.0,7.0,12.0,2.0,6.0,1.0,12.0,4.0,13.0,6.0,91.0,10.0,15.0,10.0,12.0,1.0,8.0,11.0,88.0,16.0,22.0,12.0,130.0,20.0,110.0,80.0,52.0,57.0,17.0,84.0,3.0,11.0,9.0,80.0,6.0,8.0,6.0,10.0,5.0,8.0,12.0,75.0,9.0,8.0,2.0,13.0,2.0,6.0,2.0,19.0,7.0,10.0,3.0,12.0,13.0,15.0,18.0,93.0,24.0,20.0,8.0,25.0,4.0,3.0,3.0,14.0,1.0,5.0,0.0,5.0,3.0,11.0,6.0,24.0,16.0,10.0,3.0,13.0,4.0,1.0,1.0,7.0,13.0,12.0,5.0,9.0,23.0,23.0,30.0,102.0,58.0,105.0,25.0,191.0,6.0,25.0,5.0,113.0,9.0,9.0,2.0,19.0,4.0,24.0,14.0,100.0,9.0,24.0,5.0,28.0,4.0,3.0,3.0,22.0,12.0,23.0,6.0,24.0,20.0,23.0,25.0,159.0,131.0,198.0,37.0,170.0,6.0,27.0,20.0,105.0,17.0,18.0,6.0,29.0,16.0,26.0,11.0,107.0,105.0,148.0,18.0,106.0,17.0,31.0,11.0,61.0,109.0,110.0,37.0,117.0,111.0,193.0,131.0,1306.0,1.2843757084204426,0.07369680563923092,0.8346387951817898,0.8972516163074786,2.964151113486086,23.716031349348594,2.3644336298887287,0.058333988617179734,0.7589098345115762,0.8127505089014876,3.20811810855915,22.889932788066364,mel
1170.0,186.0,305.0,165.0,183.0,52.0,159.0,104.0,123.0,30.0,77.0,23.0,175.0,42.0,198.0,171.0,177.0,31.0,71.0,13.0,71.0,11.0,48.0,35.0,154.0,24.0,57.0,31.0,337.0,40.0,475.0,256.0,288.0,60.0,88.0,35.0,45.0,14.0,37.0,29.0,39.0,7.0,18.0,6.0,61.0,19.0,50.0,37.0,144.0,27.0,38.0,16.0,42.0,6.0,38.0,27.0,179.0,29.0,52.0,27.0,355.0,49.0,424.0,195.0,167.0,48.0,49.0,31.0,33.0,12.0,26.0,29.0,24.0,10.0,9.0,4.0,29.0,16.0,30.0,25.0,43.0,10.0,9.0,14.0,5.0,4.0,10.0,6.0,28.0,4.0,13.0,10.0,48.0,14.0,56.0,60.0,130.0,39.0,32.0,30.0,26.0,5.0,15.0,19.0,30.0,6.0,12.0,8.0,20.0,7.0,23.0,29.0,107.0,16.0,22.0,14.0,13.0,9.0,14.0,21.0,117.0,26.0,26.0,21.0,177.0,41.0,168.0,180.0,135.0,149.0,34.0,162.0,19.0,31.0,37.0,162.0,16.0,18.0,7.0,23.0,12.0,19.0,33.0,158.0,21.0,20.0,7.0,19.0,2.0,4.0,4.0,30.0,17.0,18.0,11.0,25.0,27.0,28.0,52.0,206.0,61.0,59.0,24.0,54.0,9.0,13.0,13.0,40.0,8.0,9.0,6.0,11.0,14.0,15.0,16.0,66.0,21.0,29.0,8.0,16.0,8.0,10.0,7.0,29.0,22.0,21.0,12.0,37.0,33.0,52.0,86.0,260.0,124.0,291.0,47.0,346.0,15.0,45.0,27.0,181.0,13.0,12.0,14.0,33.0,19.0,39.0,21.0,178.0,27.0,30.0,10.0,50.0,11.0,9.0,11.0,57.0,19.0,32.0,11.0,50.0,36.0,57.0,51.0,329.0,209.0,535.0,47.0,354.0,18.0,62.0,33.0,156.0,24.0,38.0,15.0,63.0,29.0,69.0,24.0,232.0,171.0,224.0,37.0,175.0,35.0,60.0,21.0,144.0,127.0,165.0,55.0,224.0,146.0,292.0,200.0,2426.0,2.5923134983976146,0.03603170144113312,0.6895618297232118,0.9032838210725868,3.892812920326473,51.01430179899102,5.075527987370566,0.028388306883203637,0.5978476708700541,0.8103975252373774,4.1694794320699415,48.46309795857235,mel
1790.0,184.0,221.0,84.0,198.0,53.0,109.0,120.0,204.0,32.0,44.0,30.0,114.0,28.0,131.0,190.0,154.0,38.0,41.0,40.0,42.0,14.0,30.0,33.0,89.0,17.0,32.0,26.0,173.0,44.0,248.0,226.0,181.0,45.0,64.0,32.0,42.0,13.0,22.0,20.0,35.0,19.0,14.0,9.0,45.0,13.0,54.0,59.0,79.0,32.0,26.0,14.0,24.0,8.0,30.0,23.0,149.0,46.0,42.0,31.0,372.0,70.0,314.0,189.0,177.0,51.0,41.0,34.0,29.0,14.0,27.0,29.0,37.0,11.0,9.0,11.0,20.0,6.0,36.0,61.0,34.0,10.0,15.0,11.0,10.0,8.0,12.0,20.0,34.0,6.0,8.0,12.0,34.0,25.0,44.0,65.0,91.0,19.0,33.0,19.0,25.0,8.0,19.0,19.0,33.0,11.0,13.0,14.0,33.0,13.0,32.0,43.0,95.0,24.0,23.0,17.0,21.0,17.0,17.0,30.0,172.0,49.0,46.0,35.0,281.0,72.0,218.0,231.0,169.0,123.0,44.0,163.0,48.0,35.0,36.0,185.0,39.0,25.0,10.0,43.0,20.0,16.0,25.0,209.0,37.0,23.0,16.0,30.0,15.0,17.0,16.0,55.0,23.0,23.0,15.0,37.0,42.0,24.0,61.0,201.0,43.0,35.0,11.0,56.0,12.0,19.0,14.0,56.0,9.0,19.0,4.0,18.0,10.0,12.0,19.0,82.0,33.0,26.0,8.0,24.0,11.0,11.0,11.0,35.0,37.0,37.0,12.0,31.0,78.0,44.0,85.0,237.0,103.0,167.0,34.0,346.0,32.0,45.0,32.0,265.0,15.0,40.0,12.0,75.0,16.0,27.0,23.0,204.0,22.0,48.0,11.0,82.0,13.0,16.0,6.0,76.0,13.0,27.0,10.0,48.0,21.0,31.0,44.0,238.0,135.0,253.0,45.0,322.0,44.0,65.0,21.0,263.0,36.0,56.0,10.0,108.0,20.0,43.0,36.0,279.0,157.0,207.0,54.0,198.0,43.0,74.0,50.0,209.0,184.0,166.0,50.0,220.0,170.0,213.0,228.0,2662.0,5.2140595003729455,0.0273606649909221,0.6192121473016878,0.8181619221264864,4.220788965518965,52.134319467863136,7.68559855209859,0.02170729291164218,0.538078330777044,0.7301799118827769,4.428396971712613,49.28272138084561,mel
766.0,90.0,244.0,143.0,92.0,17.0,124.0,128.0,134.0,11.0,37.0,21.0,135.0,18.0,235.0,256.0,102.0,19.0,28.0,19.0,19.0,5.0,23.0,10.0,131.0,15.0,46.0,23.0,266.0,22.0,550.0,237.0,231.0,43.0,59.0,24.0,33.0,4.0,22.0,24.0,28.0,4.0,9.0,2.0,35.0,5.0,26.0,15.0,152.0,21.0,32.0,21.0,21.0,3.0,17.0,16.0,214.0,26.0,28.0,18.0,455.0,28.0,375.0,173.0,124.0,20.0,24.0,17.0,15.0,6.0,16.0,10.0,13.0,2.0,3.0,3.0,19.0,1.0,30.0,24.0,20.0,2.0,5.0,5.0,6.0,1.0,2.0,5.0,16.0,5.0,5.0,2.0,30.0,2.0,49.0,20.0,141.0,28.0,38.0,19.0,14.0,4.0,18.0,9.0,24.0,6.0,7.0,3.0,27.0,2.0,15.0,22.0,128.0,14.0,17.0,16.0,19.0,4.0,23.0,16.0,213.0,20.0,27.0,26.0,227.0,32.0,178.0,161.0,103.0,135.0,29.0,240.0,15.0,15.0,27.0,187.0,12.0,18.0,4.0,14.0,22.0,15.0,23.0,155.0,31.0,9.0,3.0,31.0,3.0,3.0,3.0,24.0,15.0,13.0,8.0,17.0,16.0,22.0,27.0,170.0,39.0,46.0,6.0,34.0,2.0,4.0,6.0,14.0,6.0,4.0,4.0,3.0,1.0,5.0,5.0,22.0,23.0,26.0,7.0,14.0,2.0,5.0,6.0,11.0,28.0,27.0,6.0,22.0,21.0,29.0,33.0,160.0,155.0,331.0,53.0,494.0,24.0,36.0,32.0,246.0,17.0,19.0,4.0,26.0,10.0,16.0,21.0,142.0,12.0,34.0,1.0,44.0,5.0,2.0,4.0,31.0,19.0,22.0,6.0,27.0,23.0,34.0,41.0,229.0,262.0,560.0,28.0,477.0,25.0,45.0,19.0,161.0,26.0,42.0,8.0,31.0,31.0,37.0,23.0,150.0,242.0,293.0,23.0,246.0,28.0,42.0,18.0,161.0,211.0,204.0,31.0,203.0,186.0,233.0,163.0,2687.0,2.069898780454534,0.041653613136013484,0.73585461426299,0.905934556080834,3.652143634901176,41.939860685163154,4.1902998889300225,0.031034789717473154,0.628640845389933,0.8086603525263575,3.9889493226929176,39.60929882735006,mel
753.0,122.0,215.0,153.0,105.0,20.0,131.0,117.0,135.0,9.0,38.0,23.0,129.0,25.0,188.0,138.0,95.0,22.0,40.0,21.0,18.0,9.0,22.0,15.0,125.0,13.0,31.0,28.0,185.0,20.0,261.0,177.0,227.0,30.0,45.0,33.0,48.0,9.0,25.0,27.0,50.0,2.0,7.0,6.0,51.0,8.0,45.0,27.0,160.0,27.0,26.0,20.0,29.0,6.0,22.0,12.0,310.0,34.0,38.0,14.0,384.0,49.0,258.0,188.0,106.0,15.0,38.0,20.0,24.0,4.0,30.0,19.0,17.0,4.0,4.0,2.0,15.0,2.0,17.0,23.0,18.0,1.0,5.0,4.0,3.0,1.0,6.0,8.0,23.0,1.0,7.0,4.0,30.0,3.0,44.0,26.0,145.0,8.0,31.0,23.0,27.0,3.0,21.0,18.0,24.0,4.0,8.0,3.0,34.0,2.0,33.0,14.0,154.0,19.0,25.0,16.0,19.0,1.0,15.0,14.0,250.0,17.0,31.0,25.0,302.0,37.0,218.0,172.0,107.0,105.0,43.0,220.0,14.0,19.0,29.0,159.0,18.0,9.0,5.0,20.0,14.0,20.0,15.0,138.0,22.0,20.0,6.0,23.0,6.0,5.0,2.0,21.0,14.0,12.0,4.0,29.0,27.0,27.0,22.0,171.0,33.0,43.0,10.0,23.0,8.0,9.0,4.0,25.0,7.0,9.0,1.0,2.0,5.0,12.0,8.0,29.0,19.0,23.0,4.0,26.0,3.0,1.0,5.0,18.0,30.0,31.0,7.0,31.0,26.0,49.0,33.0,189.0,117.0,183.0,45.0,358.0,14.0,23.0,36.0,243.0,14.0,22.0,6.0,31.0,15.0,23.0,27.0,149.0,12.0,26.0,8.0,55.0,3.0,9.0,4.0,44.0,21.0,15.0,9.0,48.0,21.0,25.0,37.0,305.0,184.0,246.0,47.0,252.0,21.0,33.0,23.0,167.0,22.0,25.0,4.0,31.0,22.0,38.0,23.0,163.0,139.0,168.0,20.0,170.0,15.0,34.0,20.0,135.0,181.0,178.0,29.0,151.0,238.0,304.0,183.0,2240.0,1.0723130858699084,0.11771307709634425,0.8360889672321671,0.7965921145886712,2.568120383393012,9.47116298145648,1.9799080821213682,0.09443833982260953,0.7647026170056656,0.6313062628451348,2.7841756740482047,8.760215129083248,mel
511.0,62.0,112.0,126.0,74.0,3.0,114.0,177.0,165.0,18.0,15.0,26.0,138.0,10.0,243.0,323.0,54.0,6.0,11.0,8.0,14.0,1.0,12.0,9.0,112.0,12.0,19.0,23.0,147.0,11.0,209.0,237.0,113.0,13.0,18.0,17.0,11.0,0.0,17.0,10.0,30.0,2.0,1.0,4.0,33.0,5.0,23.0,15.0,99.0,15.0,18.0,17.0,7.0,1.0,9.0,13.0,313.0,23.0,22.0,27.0,364.0,18.0,254.0,220.0,93.0,2.0,17.0,15.0,20.0,0.0,20.0,11.0,20.0,4.0,0.0,1.0,17.0,0.0,19.0,20.0,5.0,0.0,0.0,1.0,0.0,0.0,0.0,1.0,11.0,1.0,0.0,0.0,12.0,3.0,15.0,18.0,132.0,8.0,14.0,16.0,15.0,0.0,22.0,20.0,32.0,3.0,7.0,3.0,30.0,1.0,28.0,20.0,171.0,10.0,14.0,16.0,10.0,1.0,13.0,19.0,421.0,28.0,15.0,14.0,384.0,33.0,215.0,214.0,180.0,142.0,38.0,379.0,23.0,12.0,41.0,479.0,38.0,25.0,4.0,32.0,19.0,23.0,28.0,365.0,15.0,9.0,1.0,31.0,2.0,1.0,5.0,28.0,20.0,18.0,1.0,26.0,15.0,12.0,22.0,196.0,21.0,15.0,3.0,27.0,1.0,4.0,4.0,20.0,3.0,8.0,0.0,0.0,1.0,3.0,0.0,14.0,29.0,21.0,0.0,35.0,1.0,2.0,2.0,21.0,23.0,21.0,2.0,16.0,15.0,23.0,21.0,156.0,147.0,181.0,35.0,469.0,16.0,21.0,29.0,434.0,31.0,17.0,2.0,21.0,16.0,20.0,22.0,248.0,11.0,13.0,2.0,19.0,3.0,2.0,1.0,37.0,13.0,8.0,3.0,13.0,15.0,7.0,17.0,177.0,228.0,239.0,22.0,333.0,25.0,16.0,18.0,283.0,34.0,28.0,3.0,17.0,15.0,18.0,17.0,158.0,299.0,259.0,16.0,222.0,10.0,24.0,23.0,258.0,334.0,220.0,21.0,141.0,237.0,143.0,128.0,2641.0,1.2435281867353138,0.15324385209452804,0.8734968425261036,0.809062738658864,2.3560842913065336,11.781987922596297,2.3057259119314066,0.12141099239313645,0.7986730510568072,0.6476737474647146,2.592716323805975,10.782858292849008,mel
822.0,136.0,98.0,106.0,114.0,20.0,110.0,164.0,253.0,49.0,30.0,44.0,137.0,13.0,176.0,223.0,108.0,22.0,17.0,12.0,20.0,3.0,17.0,24.0,171.0,28.0,18.0,27.0,157.0,17.0,126.0,153.0,112.0,13.0,21.0,12.0,20.0,2.0,13.0,28.0,57.0,1.0,10.0,9.0,21.0,1.0,22.0,27.0,136.0,13.0,17.0,13.0,24.0,4.0,19.0,21.0,267.0,26.0,28.0,37.0,222.0,19.0,191.0,163.0,113.0,35.0,24.0,17.0,27.0,6.0,12.0,27.0,44.0,13.0,7.0,15.0,35.0,4.0,22.0,43.0,28.0,6.0,6.0,5.0,1.0,0.0,4.0,8.0,33.0,5.0,4.0,4.0,23.0,2.0,14.0,38.0,113.0,21.0,15.0,20.0,14.0,3.0,11.0,20.0,65.0,10.0,4.0,23.0,34.0,6.0,33.0,46.0,169.0,21.0,27.0,25.0,30.0,5.0,24.0,29.0,345.0,57.0,29.0,59.0,256.0,30.0,221.0,344.0,259.0,137.0,34.0,204.0,54.0,23.0,66.0,324.0,54.0,37.0,10.0,27.0,36.0,20.0,41.0,215.0,53.0,19.0,7.0,27.0,6.0,4.0,14.0,53.0,27.0,28.0,4.0,21.0,28.0,16.0,24.0,151.0,34.0,14.0,4.0,25.0,5.0,7.0,5.0,37.0,6.0,5.0,1.0,1.0,6.0,5.0,3.0,27.0,35.0,28.0,9.0,20.0,10.0,8.0,12.0,58.0,44.0,19.0,7.0,19.0,35.0,29.0,37.0,154.0,136.0,113.0,22.0,165.0,29.0,15.0,26.0,195.0,33.0,24.0,2.0,21.0,21.0,16.0,19.0,155.0,24.0,12.0,3.0,15.0,4.0,7.0,8.0,41.0,35.0,7.0,5.0,22.0,22.0,15.0,10.0,148.0,174.0,124.0,15.0,114.0,20.0,24.0,21.0,156.0,41.0,29.0,8.0,41.0,25.0,16.0,21.0,193.0,249.0,164.0,25.0,158.0,53.0,33.0,43.0,346.0,227.0,174.0,34.0,193.0,201.0,149.0,200.0,2346.0,1.1632356248594344,0.11369288312606589,0.829169002730527,0.7886068984946752,2.598799474609316,9.842190915326237,2.0961856880512992,0.09211623473348905,0.7602646717365983,0.6282403445104607,2.8066391502876966,9.180915832236078,mel
434.0,61.0,213.0,110.0,65.0,14.0,130.0,129.0,56.0,11.0,25.0,14.0,81.0,13.0,246.0,210.0,62.0,13.0,18.0,11.0,12.0,1.0,14.0,10.0,72.0,8.0,30.0,16.0,149.0,8.0,313.0,292.0,180.0,23.0,61.0,23.0,26.0,3.0,26.0,18.0,16.0,1.0,5.0,0.0,34.0,1.0,37.0,27.0,113.0,9.0,19.0,9.0,12.0,4.0,8.0,9.0,169.0,18.0,32.0,16.0,392.0,18.0,311.0,181.0,68.0,18.0,26.0,18.0,8.0,3.0,9.0,10.0,9.0,4.0,2.0,2.0,6.0,2.0,16.0,9.0,17.0,3.0,3.0,1.0,0.0,0.0,0.0,2.0,5.0,1.0,1.0,1.0,14.0,2.0,26.0,18.0,148.0,14.0,21.0,12.0,12.0,4.0,10.0,3.0,20.0,4.0,3.0,1.0,16.0,4.0,12.0,11.0,140.0,1.0,19.0,5.0,8.0,1.0,5.0,5.0,213.0,18.0,23.0,12.0,227.0,24.0,132.0,83.0,57.0,63.0,21.0,206.0,6.0,4.0,14.0,183.0,12.0,10.0,3.0,14.0,6.0,7.0,21.0,193.0,8.0,8.0,3.0,11.0,1.0,0.0,1.0,6.0,9.0,7.0,0.0,14.0,15.0,16.0,25.0,216.0,14.0,30.0,5.0,27.0,4.0,3.0,1.0,14.0,3.0,2.0,0.0,4.0,0.0,5.0,6.0,25.0,12.0,20.0,1.0,14.0,1.0,1.0,3.0,10.0,13.0,17.0,4.0,12.0,14.0,23.0,17.0,145.0,71.0,182.0,38.0,419.0,1.0,12.0,16.0,214.0,14.0,10.0,2.0,24.0,2.0,9.0,10.0,214.0,7.0,20.0,5.0,28.0,2.0,2.0,3.0,23.0,6.0,13.0,2.0,32.0,13.0,27.0,27.0,257.0,209.0,374.0,27.0,357.0,9.0,19.0,17.0,162.0,9.0,15.0,4.0,29.0,17.0,23.0,13.0,123.0,144.0,225.0,21.0,180.0,9.0,22.0,12.0,83.0,209.0,211.0,23.0,145.0,177.0,244.0,134.0,1806.0,1.071873200921128,0.0998863708076801,0.8353681975875291,0.9153668320833944,2.910573929611724,24.25798806522718,2.165025209172888,0.08257494000680542,0.7490901895431791,0.8252578475699321,3.15583584296055,22.614630747501092,nv
323.0,49.0,163.0,101.0,47.0,3.0,111.0,143.0,32.0,7.0,17.0,7.0,49.0,11.0,195.0,212.0,45.0,3.0,19.0,6.0,6.0,0.0,11.0,4.0,60.0,1.0,25.0,8.0,155.0,10.0,455.0,266.0,187.0,16.0,79.0,24.0,18.0,1.0,16.0,12.0,18.0,0.0,2.0,2.0,19.0,1.0,29.0,15.0,121.0,10.0,18.0,8.0,8.0,1.0,8.0,4.0,265.0,11.0,21.0,14.0,532.0,26.0,446.0,136.0,50.0,5.0,16.0,7.0,15.0,0.0,9.0,5.0,10.0,2.0,0.0,0.0,11.0,0.0,7.0,9.0,3.0,3.0,0.0,2.0,1.0,0.0,1.0,1.0,3.0,0.0,0.0,0.0,14.0,1.0,16.0,6.0,110.0,7.0,25.0,5.0,9.0,0.0,9.0,4.0,13.0,0.0,0.0,0.0,21.0,1.0,11.0,7.0,134.0,7.0,11.0,4.0,3.0,0.0,8.0,2.0,291.0,9.0,15.0,5.0,329.0,13.0,171.0,70.0,35.0,40.0,12.0,239.0,6.0,6.0,13.0,201.0,15.0,5.0,3.0,10.0,2.0,2.0,4.0,223.0,4.0,2.0,1.0,9.0,1.0,0.0,2.0,5.0,5.0,4.0,1.0,7.0,10.0,12.0,13.0,184.0,11.0,23.0,4.0,35.0,2.0,2.0,1.0,8.0,0.0,1.0,0.0,4.0,1.0,3.0,1.0,13.0,7.0,11.0,0.0,8.0,1.0,0.0,0.0,4.0,9.0,10.0,2.0,8.0,15.0,14.0,23.0,122.0,54.0,180.0,29.0,590.0,4.0,7.0,21.0,295.0,2.0,6.0,0.0,14.0,6.0,12.0,7.0,216.0,4.0,7.0,1.0,17.0,1.0,1.0,0.0,16.0,9.0,7.0,1.0,14.0,6.0,13.0,20.0,192.0,200.0,551.0,22.0,544.0,15.0,17.0,6.0,175.0,9.0,10.0,2.0,16.0,10.0,17.0,14.0,121.0,182.0,254.0,15.0,167.0,7.0,8.0,5.0,56.0,205.0,196.0,24.0,120.0,238.0,262.0,132.0,2087.0,1.2631430882301231,0.11110943998846577,0.8529946572254195,0.9021410473474004,2.8271599768753632,24.552442588724496,2.4202588493228188,0.09204295007368879,0.7603755213530123,0.8084517087242633,3.10386472178185,22.850223421268844,nv
447.0,59.0,180.0,104.0,63.0,15.0,138.0,142.0,52.0,7.0,16.0,13.0,73.0,6.0,212.0,152.0,61.0,14.0,22.0,12.0,19.0,3.0,16.0,1.0,66.0,10.0,26.0,14.0,181.0,20.0,362.0,235.0,218.0,18.0,62.0,12.0,27.0,5.0,24.0,19.0,17.0,2.0,7.0,2.0,35.0,3.0,35.0,22.0,111.0,9.0,26.0,11.0,12.0,1.0,14.0,4.0,211.0,11.0,23.0,13.0,418.0,36.0,352.0,177.0,69.0,15.0,25.0,12.0,8.0,1.0,12.0,7.0,6.0,0.0,4.0,2.0,3.0,2.0,10.0,10.0,15.0,1.0,5.0,3.0,3.0,0.0,4.0,1.0,4.0,0.0,3.0,1.0,15.0,3.0,21.0,23.0,131.0,17.0,24.0,10.0,13.0,0.0,11.0,7.0,13.0,1.0,1.0,3.0,20.0,3.0,11.0,7.0,125.0,11.0,21.0,9.0,11.0,2.0,2.0,5.0,177.0,9.0,15.0,8.0,210.0,25.0,170.0,86.0,53.0,78.0,17.0,174.0,6.0,9.0,17.0,209.0,13.0,8.0,3.0,17.0,9.0,7.0,9.0,205.0,10.0,8.0,0.0,18.0,3.0,0.0,2.0,19.0,10.0,9.0,3.0,13.0,10.0,14.0,20.0,201.0,25.0,29.0,4.0,30.0,1.0,0.0,3.0,20.0,4.0,0.0,0.0,4.0,1.0,2.0,4.0,22.0,17.0,14.0,2.0,15.0,1.0,1.0,2.0,13.0,19.0,11.0,3.0,13.0,19.0,34.0,28.0,146.0,66.0,149.0,31.0,392.0,6.0,14.0,17.0,215.0,6.0,12.0,0.0,15.0,5.0,14.0,16.0,192.0,13.0,13.0,5.0,21.0,1.0,2.0,2.0,28.0,7.0,16.0,3.0,23.0,5.0,23.0,22.0,247.0,255.0,320.0,43.0,302.0,13.0,25.0,13.0,137.0,16.0,26.0,7.0,24.0,9.0,24.0,15.0,126.0,204.0,299.0,26.0,185.0,8.0,26.0,8.0,77.0,186.0,205.0,23.0,157.0,207.0,265.0,133.0,1795.0,1.069078414794294,0.09988203415922364,0.8355483196933511,0.9156443214873937,2.910013655336538,24.27784389428355,2.1628146515115922,0.08252752249283621,0.7492565769629772,0.8255410218048942,3.156023150892636,22.631720704448284,nv
1033.0,203.0,278.0,168.0,209.0,50.0,194.0,197.0,154.0,27.0,67.0,38.0,143.0,42.0,245.0,240.0,190.0,17.0,48.0,23.0,45.0,9.0,46.0,18.0,152.0,26.0,84.0,42.0,240.0,46.0,365.0,278.0,299.0,48.0,49.0,39.0,52.0,11.0,29.0,28.0,52.0,6.0,16.0,7.0,53.0,13.0,54.0,41.0,211.0,40.0,41.0,27.0,33.0,10.0,30.0,24.0,250.0,36.0,54.0,26.0,404.0,56.0,339.0,240.0,170.0,46.0,51.0,45.0,25.0,5.0,26.0,31.0,34.0,7.0,10.0,8.0,26.0,4.0,20.0,37.0,38.0,9.0,8.0,7.0,5.0,4.0,8.0,4.0,38.0,10.0,13.0,5.0,39.0,10.0,53.0,61.0,208.0,33.0,33.0,28.0,28.0,7.0,34.0,11.0,38.0,9.0,14.0,7.0,25.0,6.0,23.0,26.0,175.0,24.0,29.0,19.0,25.0,7.0,32.0,20.0,261.0,21.0,38.0,25.0,310.0,48.0,271.0,218.0,156.0,151.0,52.0,260.0,31.0,31.0,36.0,261.0,36.0,17.0,12.0,32.0,28.0,40.0,40.0,234.0,19.0,11.0,9.0,28.0,14.0,8.0,6.0,43.0,24.0,18.0,14.0,26.0,27.0,24.0,46.0,245.0,49.0,61.0,13.0,53.0,4.0,22.0,8.0,35.0,13.0,4.0,4.0,14.0,6.0,11.0,10.0,51.0,42.0,41.0,3.0,27.0,4.0,7.0,8.0,33.0,24.0,31.0,8.0,37.0,36.0,63.0,68.0,265.0,148.0,260.0,66.0,388.0,15.0,42.0,34.0,254.0,21.0,22.0,11.0,39.0,23.0,33.0,24.0,252.0,34.0,35.0,17.0,40.0,5.0,10.0,7.0,42.0,26.0,23.0,17.0,53.0,21.0,46.0,60.0,394.0,249.0,415.0,53.0,330.0,33.0,67.0,28.0,206.0,33.0,55.0,14.0,59.0,30.0,75.0,34.0,272.0,268.0,320.0,42.0,236.0,32.0,54.0,27.0,208.0,246.0,267.0,64.0,271.0,292.0,409.0,257.0,2601.0,1.3800692820263891,0.08986678515723023,0.8261902022817117,0.8236863454514624,2.750999051512255,14.274637502427089,2.5687181757803863,0.07125998981095644,0.7568482523723895,0.6868908851881267,2.9718710041183383,13.839096571636075,mel
1218.0,222.0,156.0,134.0,187.0,36.0,170.0,210.0,409.0,69.0,47.0,73.0,188.0,42.0,213.0,334.0,201.0,34.0,33.0,27.0,41.0,11.0,25.0,34.0,199.0,29.0,29.0,25.0,155.0,18.0,187.0,252.0,155.0,34.0,33.0,24.0,22.0,12.0,12.0,28.0,61.0,11.0,9.0,10.0,27.0,6.0,27.0,47.0,131.0,26.0,17.0,22.0,42.0,9.0,33.0,31.0,212.0,30.0,36.0,36.0,206.0,31.0,227.0,264.0,214.0,63.0,24.0,41.0,33.0,12.0,26.0,39.0,64.0,20.0,15.0,26.0,33.0,7.0,34.0,61.0,50.0,12.0,8.0,9.0,13.0,3.0,11.0,13.0,40.0,9.0,8.0,7.0,27.0,7.0,23.0,56.0,159.0,33.0,25.0,41.0,23.0,8.0,19.0,34.0,59.0,18.0,8.0,25.0,40.0,16.0,39.0,76.0,185.0,39.0,20.0,37.0,33.0,11.0,32.0,67.0,334.0,71.0,47.0,81.0,262.0,56.0,236.0,485.0,357.0,176.0,68.0,190.0,85.0,27.0,91.0,302.0,59.0,48.0,17.0,52.0,47.0,42.0,45.0,285.0,59.0,30.0,12.0,37.0,27.0,11.0,22.0,62.0,47.0,28.0,16.0,36.0,38.0,24.0,45.0,221.0,52.0,36.0,13.0,33.0,11.0,18.0,12.0,50.0,19.0,11.0,5.0,13.0,5.0,9.0,11.0,69.0,75.0,35.0,22.0,40.0,18.0,11.0,21.0,75.0,57.0,30.0,16.0,34.0,46.0,40.0,54.0,265.0,197.0,149.0,37.0,191.0,31.0,24.0,47.0,226.0,37.0,35.0,8.0,52.0,28.0,29.0,27.0,198.0,44.0,34.0,9.0,31.0,17.0,9.0,11.0,63.0,36.0,20.0,6.0,37.0,22.0,23.0,32.0,231.0,209.0,189.0,37.0,181.0,24.0,37.0,25.0,251.0,46.0,62.0,12.0,68.0,31.0,21.0,39.0,261.0,319.0,217.0,53.0,245.0,78.0,56.0,65.0,461.0,274.0,192.0,56.0,269.0,212.0,221.0,262.0,2865.0,1.4329755476535408,0.11152365486489464,0.8267501616351774,0.8000928399997492,2.5683222300415403,12.903434890589292,2.536895674300254,0.09228294288549964,0.767586733884437,0.6607925777699643,2.752353887687842,12.420888312984335,mel
1492.0,228.0,295.0,166.0,220.0,58.0,157.0,163.0,171.0,44.0,56.0,35.0,153.0,38.0,163.0,211.0,216.0,29.0,51.0,39.0,77.0,17.0,46.0,28.0,144.0,22.0,50.0,32.0,216.0,59.0,281.0,248.0,256.0,46.0,65.0,34.0,56.0,17.0,35.0,37.0,57.0,15.0,14.0,10.0,41.0,23.0,62.0,44.0,132.0,30.0,37.0,23.0,53.0,10.0,34.0,19.0,174.0,35.0,60.0,41.0,286.0,48.0,301.0,219.0,216.0,73.0,52.0,47.0,51.0,9.0,28.0,37.0,28.0,9.0,20.0,13.0,28.0,10.0,39.0,47.0,64.0,13.0,17.0,6.0,15.0,5.0,13.0,13.0,44.0,14.0,16.0,10.0,43.0,17.0,71.0,66.0,141.0,45.0,34.0,44.0,22.0,11.0,27.0,23.0,41.0,15.0,14.0,13.0,26.0,10.0,22.0,37.0,130.0,30.0,40.0,30.0,42.0,12.0,26.0,26.0,201.0,45.0,58.0,29.0,208.0,67.0,203.0,214.0,166.0,133.0,57.0,195.0,38.0,39.0,43.0,181.0,36.0,34.0,10.0,49.0,20.0,31.0,48.0,185.0,38.0,27.0,14.0,40.0,11.0,9.0,13.0,40.0,24.0,29.0,13.0,23.0,24.0,40.0,63.0,227.0,65.0,63.0,20.0,46.0,13.0,19.0,21.0,62.0,19.0,13.0,12.0,21.0,13.0,16.0,18.0,75.0,45.0,37.0,11.0,34.0,8.0,13.0,15.0,36.0,36.0,22.0,18.0,42.0,57.0,57.0,89.0,299.0,127.0,208.0,51.0,271.0,20.0,47.0,29.0,226.0,27.0,32.0,18.0,51.0,25.0,38.0,39.0,257.0,54.0,52.0,21.0,73.0,8.0,17.0,8.0,69.0,25.0,27.0,7.0,58.0,31.0,59.0,66.0,370.0,189.0,287.0,58.0,295.0,29.0,72.0,34.0,249.0,37.0,53.0,10.0,97.0,33.0,62.0,56.0,324.0,197.0,210.0,54.0,223.0,40.0,67.0,30.0,236.0,185.0,215.0,70.0,289.0,221.0,384.0,298.0,2719.0,1.5543003397908304,0.07751827048980152,0.7892982486444448,0.8053226586109492,2.9275332670593657,14.413663149957623,2.748893070622095,0.06388502381895389,0.7289583299565906,0.6714296403259906,3.0990290737130564,13.983553966593329,mel
344.0,40.0,135.0,77.0,57.0,5.0,76.0,87.0,50.0,10.0,13.0,13.0,49.0,4.0,151.0,148.0,41.0,5.0,22.0,5.0,2.0,0.0,7.0,9.0,58.0,7.0,22.0,13.0,95.0,8.0,203.0,145.0,132.0,20.0,34.0,16.0,22.0,3.0,11.0,9.0,14.0,4.0,3.0,2.0,27.0,2.0,20.0,10.0,90.0,9.0,15.0,8.0,5.0,2.0,8.0,12.0,126.0,6.0,13.0,10.0,218.0,21.0,153.0,100.0,44.0,5.0,20.0,7.0,9.0,1.0,9.0,3.0,10.0,1.0,2.0,3.0,3.0,3.0,10.0,7.0,7.0,0.0,3.0,3.0,0.0,0.0,2.0,2.0,8.0,1.0,4.0,1.0,11.0,1.0,20.0,4.0,71.0,7.0,12.0,9.0,7.0,1.0,8.0,6.0,7.0,2.0,0.0,0.0,19.0,0.0,16.0,6.0,91.0,4.0,7.0,9.0,5.0,2.0,10.0,5.0,121.0,5.0,11.0,7.0,139.0,10.0,71.0,70.0,46.0,39.0,12.0,118.0,6.0,6.0,8.0,91.0,16.0,7.0,2.0,3.0,9.0,14.0,9.0,97.0,6.0,7.0,3.0,17.0,0.0,1.0,1.0,6.0,9.0,5.0,2.0,9.0,8.0,11.0,14.0,106.0,9.0,23.0,3.0,15.0,1.0,1.0,3.0,14.0,2.0,1.0,1.0,1.0,1.0,1.0,2.0,14.0,8.0,17.0,0.0,10.0,1.0,1.0,0.0,4.0,9.0,9.0,2.0,10.0,10.0,8.0,9.0,66.0,34.0,112.0,23.0,216.0,8.0,14.0,8.0,119.0,3.0,11.0,1.0,10.0,6.0,5.0,10.0,106.0,5.0,5.0,4.0,16.0,1.0,2.0,1.0,12.0,6.0,5.0,1.0,13.0,7.0,25.0,20.0,191.0,118.0,286.0,22.0,164.0,8.0,19.0,9.0,87.0,5.0,3.0,0.0,9.0,9.0,14.0,11.0,70.0,107.0,110.0,14.0,81.0,4.0,9.0,9.0,43.0,100.0,101.0,14.0,62.0,102.0,158.0,61.0,1164.0,1.3380323578396378,0.1451562379618603,0.7962915276079486,0.8532068701491192,2.7343594592938545,16.892144479439786,2.7369855628107587,0.1231906600809804,0.7039650417847964,0.6880268691877994,2.9806454329934366,14.809304758315328,nv
689.0,73.0,78.0,20.0,78.0,16.0,39.0,42.0,66.0,22.0,14.0,15.0,37.0,19.0,37.0,61.0,75.0,11.0,13.0,8.0,15.0,5.0,11.0,14.0,21.0,8.0,12.0,6.0,39.0,18.0,58.0,54.0,63.0,16.0,19.0,10.0,17.0,8.0,10.0,11.0,25.0,2.0,8.0,10.0,17.0,8.0,13.0,21.0,25.0,7.0,5.0,2.0,11.0,6.0,6.0,8.0,60.0,12.0,7.0,2.0,122.0,45.0,77.0,82.0,80.0,20.0,19.0,12.0,30.0,10.0,19.0,17.0,22.0,5.0,1.0,4.0,18.0,6.0,10.0,20.0,18.0,12.0,2.0,5.0,7.0,5.0,2.0,7.0,10.0,3.0,6.0,6.0,11.0,8.0,18.0,19.0,43.0,12.0,5.0,7.0,8.0,2.0,2.0,8.0,15.0,4.0,8.0,5.0,14.0,5.0,10.0,24.0,37.0,7.0,13.0,10.0,12.0,13.0,8.0,10.0,80.0,23.0,21.0,21.0,108.0,33.0,64.0,80.0,64.0,32.0,20.0,50.0,13.0,8.0,17.0,93.0,19.0,11.0,5.0,17.0,11.0,5.0,12.0,75.0,14.0,8.0,3.0,21.0,3.0,10.0,6.0,23.0,11.0,5.0,4.0,8.0,11.0,9.0,14.0,72.0,17.0,15.0,6.0,17.0,5.0,4.0,9.0,29.0,8.0,3.0,4.0,9.0,9.0,5.0,7.0,35.0,8.0,11.0,6.0,5.0,3.0,7.0,4.0,17.0,17.0,8.0,8.0,18.0,26.0,20.0,45.0,109.0,24.0,54.0,14.0,114.0,12.0,19.0,8.0,92.0,9.0,12.0,4.0,18.0,3.0,12.0,8.0,72.0,11.0,21.0,8.0,21.0,7.0,8.0,5.0,38.0,6.0,11.0,4.0,21.0,6.0,13.0,14.0,98.0,50.0,89.0,18.0,87.0,13.0,21.0,12.0,64.0,14.0,25.0,13.0,32.0,9.0,7.0,14.0,109.0,50.0,54.0,16.0,67.0,16.0,26.0,8.0,88.0,60.0,64.0,33.0,92.0,45.0,66.0,87.0,1443.0,6.352864752500974,0.0857834908960698,0.6467075064631206,0.5320925721127486,3.3971362875922644,20.80150114925931,7.933169533169529,0.07554988412580538,0.5795172249088913,0.40479372639256256,3.5610625341325415,18.723705183852594,nv
686.0,79.0,80.0,36.0,89.0,20.0,39.0,73.0,69.0,9.0,21.0,9.0,35.0,9.0,80.0,79.0,97.0,15.0,23.0,12.0,11.0,5.0,14.0,7.0,34.0,10.0,27.0,17.0,75.0,20.0,134.0,100.0,92.0,16.0,41.0,9.0,26.0,5.0,24.0,16.0,15.0,8.0,3.0,4.0,17.0,4.0,16.0,17.0,37.0,9.0,12.0,7.0,11.0,7.0,11.0,9.0,72.0,15.0,25.0,12.0,117.0,16.0,110.0,74.0,76.0,7.0,27.0,16.0,22.0,8.0,11.0,13.0,15.0,5.0,9.0,3.0,12.0,3.0,11.0,17.0,13.0,5.0,5.0,5.0,3.0,5.0,6.0,10.0,13.0,8.0,5.0,7.0,14.0,11.0,20.0,22.0,47.0,19.0,20.0,12.0,5.0,10.0,9.0,7.0,21.0,3.0,4.0,7.0,8.0,4.0,9.0,10.0,61.0,16.0,8.0,10.0,16.0,7.0,6.0,13.0,98.0,15.0,15.0,14.0,111.0,26.0,86.0,71.0,63.0,42.0,19.0,65.0,7.0,12.0,10.0,70.0,12.0,6.0,8.0,12.0,15.0,5.0,21.0,64.0,15.0,12.0,14.0,8.0,7.0,3.0,5.0,22.0,13.0,5.0,6.0,6.0,8.0,13.0,24.0,69.0,20.0,12.0,5.0,21.0,5.0,6.0,5.0,13.0,7.0,7.0,6.0,4.0,7.0,8.0,8.0,32.0,15.0,14.0,4.0,9.0,7.0,7.0,2.0,11.0,19.0,9.0,8.0,20.0,25.0,20.0,32.0,79.0,36.0,79.0,12.0,169.0,14.0,28.0,16.0,70.0,4.0,8.0,7.0,25.0,5.0,8.0,16.0,67.0,13.0,22.0,8.0,28.0,8.0,5.0,3.0,30.0,15.0,18.0,7.0,23.0,13.0,19.0,22.0,122.0,67.0,117.0,17.0,122.0,8.0,19.0,14.0,83.0,14.0,23.0,5.0,42.0,9.0,25.0,15.0,77.0,56.0,75.0,25.0,70.0,13.0,33.0,19.0,67.0,64.0,67.0,30.0,106.0,68.0,124.0,98.0,1239.0,3.296722579110156,0.1030124664814327,0.6988048042791101,0.6963237869329993,3.1741725252406923,18.415367056193617,4.714401246031273,0.09109199763540939,0.626454607512506,0.5523895497246423,3.344641349190007,16.350349333992508,nv
688.0,98.0,298.0,206.0,75.0,11.0,193.0,292.0,122.0,13.0,30.0,25.0,97.0,13.0,392.0,515.0,92.0,17.0,39.0,16.0,7.0,1.0,19.0,10.0,130.0,9.0,66.0,16.0,258.0,22.0,747.0,479.0,318.0,36.0,90.0,33.0,50.0,4.0,33.0,31.0,31.0,5.0,7.0,5.0,65.0,4.0,49.0,34.0,231.0,21.0,43.0,16.0,19.0,1.0,13.0,11.0,358.0,20.0,41.0,21.0,781.0,48.0,635.0,291.0,74.0,9.0,36.0,16.0,13.0,1.0,16.0,11.0,19.0,1.0,2.0,3.0,8.0,0.0,24.0,16.0,10.0,0.0,9.0,2.0,1.0,2.0,3.0,1.0,16.0,1.0,6.0,5.0,11.0,0.0,55.0,30.0,180.0,13.0,36.0,9.0,16.0,2.0,22.0,21.0,23.0,1.0,0.0,4.0,28.0,2.0,20.0,11.0,239.0,9.0,25.0,13.0,14.0,3.0,11.0,4.0,396.0,27.0,31.0,22.0,427.0,23.0,372.0,173.0,126.0,129.0,26.0,355.0,10.0,11.0,18.0,423.0,26.0,16.0,2.0,22.0,14.0,14.0,21.0,504.0,12.0,7.0,2.0,15.0,3.0,3.0,1.0,16.0,19.0,8.0,4.0,24.0,18.0,14.0,23.0,322.0,32.0,55.0,3.0,47.0,3.0,1.0,3.0,37.0,1.0,3.0,0.0,3.0,3.0,8.0,4.0,26.0,35.0,34.0,3.0,17.0,3.0,2.0,2.0,18.0,16.0,19.0,5.0,16.0,30.0,42.0,31.0,260.0,112.0,321.0,39.0,753.0,16.0,15.0,20.0,402.0,16.0,15.0,5.0,32.0,12.0,17.0,15.0,317.0,13.0,22.0,6.0,43.0,1.0,5.0,1.0,22.0,27.0,26.0,12.0,27.0,24.0,22.0,34.0,400.0,381.0,771.0,47.0,677.0,27.0,36.0,23.0,309.0,31.0,41.0,0.0,33.0,16.0,35.0,19.0,259.0,400.0,454.0,32.0,294.0,22.0,38.0,9.0,184.0,402.0,321.0,32.0,327.0,370.0,436.0,303.0,4274.0,0.9554973073440405,0.09495461481427143,0.8695948881157876,0.9221872505595787,2.847925043006634,23.603390900959894,1.8271476150371329,0.07771443012750455,0.7916604228609699,0.8480259624145833,3.110056106590548,22.218375476499993,mel
1418.0,200.0,350.0,204.0,197.0,42.0,217.0,225.0,188.0,43.0,60.0,40.0,177.0,35.0,297.0,276.0,193.0,31.0,62.0,32.0,41.0,10.0,44.0,26.0,163.0,21.0,82.0,45.0,221.0,26.0,402.0,329.0,310.0,55.0,90.0,48.0,63.0,18.0,47.0,51.0,66.0,13.0,11.0,9.0,79.0,17.0,61.0,43.0,198.0,40.0,53.0,28.0,39.0,11.0,28.0,23.0,255.0,37.0,51.0,29.0,443.0,60.0,318.0,275.0,178.0,65.0,62.0,52.0,32.0,13.0,29.0,27.0,49.0,11.0,13.0,7.0,23.0,6.0,51.0,31.0,50.0,13.0,12.0,22.0,8.0,1.0,9.0,6.0,39.0,7.0,17.0,12.0,35.0,22.0,56.0,61.0,204.0,43.0,35.0,29.0,28.0,12.0,28.0,21.0,43.0,8.0,5.0,10.0,38.0,14.0,40.0,42.0,248.0,37.0,47.0,23.0,24.0,17.0,25.0,28.0,333.0,38.0,49.0,47.0,307.0,68.0,262.0,258.0,199.0,159.0,51.0,275.0,28.0,29.0,33.0,236.0,44.0,26.0,11.0,34.0,26.0,31.0,33.0,274.0,31.0,16.0,8.0,31.0,10.0,9.0,17.0,53.0,30.0,20.0,5.0,40.0,38.0,49.0,59.0,296.0,58.0,64.0,17.0,50.0,9.0,17.0,10.0,41.0,10.0,13.0,8.0,28.0,13.0,17.0,13.0,58.0,43.0,36.0,11.0,35.0,10.0,10.0,13.0,47.0,48.0,36.0,12.0,46.0,52.0,54.0,53.0,307.0,154.0,277.0,69.0,402.0,26.0,48.0,39.0,300.0,27.0,38.0,16.0,38.0,22.0,40.0,33.0,262.0,35.0,41.0,18.0,56.0,11.0,9.0,9.0,46.0,32.0,31.0,13.0,69.0,39.0,57.0,70.0,471.0,232.0,433.0,50.0,364.0,25.0,72.0,37.0,248.0,38.0,41.0,18.0,68.0,37.0,73.0,46.0,293.0,300.0,289.0,54.0,235.0,50.0,60.0,45.0,238.0,294.0,244.0,69.0,291.0,275.0,431.0,291.0,3100.0,1.2956611249223118,0.06615635374746609,0.8181027410699675,0.901603001279603,3.149841326655951,25.039717835243664,2.492185445940814,0.05604992313978698,0.7501230777306958,0.8086550533422564,3.351363342404365,23.556952401410417,mel
1473.0,180.0,369.0,324.0,155.0,30.0,281.0,284.0,310.0,41.0,60.0,59.0,262.0,43.0,500.0,495.0,184.0,20.0,34.0,36.0,27.0,5.0,30.0,47.0,308.0,36.0,59.0,65.0,291.0,41.0,526.0,483.0,419.0,55.0,53.0,42.0,59.0,6.0,45.0,55.0,73.0,13.0,9.0,5.0,58.0,10.0,61.0,46.0,383.0,40.0,58.0,36.0,37.0,6.0,44.0,37.0,477.0,66.0,50.0,50.0,494.0,58.0,483.0,352.0,161.0,25.0,64.0,35.0,31.0,8.0,37.0,51.0,22.0,5.0,11.0,6.0,23.0,5.0,62.0,46.0,43.0,5.0,11.0,6.0,9.0,2.0,9.0,9.0,34.0,6.0,7.0,9.0,44.0,12.0,84.0,82.0,325.0,40.0,49.0,39.0,46.0,8.0,55.0,41.0,51.0,3.0,8.0,8.0,32.0,5.0,58.0,54.0,309.0,36.0,41.0,45.0,34.0,6.0,38.0,29.0,408.0,60.0,48.0,52.0,459.0,68.0,430.0,355.0,302.0,268.0,74.0,444.0,40.0,30.0,41.0,410.0,38.0,43.0,8.0,61.0,32.0,40.0,56.0,374.0,47.0,36.0,11.0,64.0,4.0,10.0,4.0,60.0,42.0,40.0,6.0,59.0,24.0,46.0,36.0,379.0,78.0,71.0,9.0,53.0,9.0,6.0,4.0,54.0,10.0,8.0,3.0,10.0,12.0,8.0,11.0,42.0,61.0,66.0,9.0,54.0,7.0,7.0,7.0,41.0,46.0,65.0,9.0,43.0,56.0,55.0,59.0,329.0,270.0,284.0,75.0,448.0,36.0,41.0,49.0,423.0,42.0,42.0,13.0,45.0,37.0,44.0,61.0,375.0,37.0,44.0,6.0,90.0,3.0,7.0,5.0,60.0,36.0,48.0,12.0,64.0,43.0,69.0,72.0,517.0,550.0,502.0,60.0,462.0,64.0,62.0,61.0,413.0,48.0,45.0,7.0,36.0,58.0,74.0,40.0,301.0,494.0,547.0,61.0,401.0,69.0,81.0,52.0,325.0,428.0,446.0,51.0,325.0,447.0,599.0,360.0,3395.0,1.004930193631834,0.07450545738747018,0.8144557527361038,0.8654999450601344,2.960639850168548,13.938263607755552,1.7891675698780292,0.05815284385937686,0.7407122271426049,0.7641798457790692,3.186848064316634,13.3848329373206,nv
1321.0,149.0,571.0,285.0,184.0,44.0,292.0,195.0,181.0,32.0,77.0,41.0,214.0,35.0,395.0,257.0,176.0,23.0,94.0,41.0,34.0,7.0,53.0,24.0,205.0,29.0,93.0,60.0,326.0,47.0,651.0,423.0,576.0,77.0,199.0,83.0,87.0,18.0,109.0,71.0,70.0,7.0,21.0,14.0,121.0,28.0,118.0,61.0,268.0,37.0,96.0,37.0,47.0,11.0,59.0,41.0,397.0,64.0,98.0,60.0,820.0,138.0,769.0,472.0,184.0,34.0,96.0,43.0,21.0,8.0,46.0,34.0,27.0,5.0,9.0,8.0,35.0,10.0,61.0,35.0,27.0,8.0,15.0,11.0,6.0,1.0,10.0,4.0,32.0,7.0,13.0,6.0,41.0,19.0,88.0,49.0,288.0,44.0,82.0,58.0,50.0,10.0,51.0,32.0,45.0,7.0,16.0,4.0,48.0,12.0,45.0,36.0,175.0,27.0,54.0,24.0,31.0,3.0,35.0,15.0,232.0,38.0,62.0,37.0,467.0,69.0,451.0,353.0,189.0,191.0,86.0,443.0,21.0,38.0,51.0,252.0,27.0,30.0,10.0,38.0,34.0,34.0,40.0,299.0,23.0,24.0,16.0,58.0,5.0,8.0,12.0,49.0,30.0,32.0,12.0,56.0,54.0,63.0,62.0,476.0,79.0,89.0,15.0,94.0,7.0,17.0,13.0,72.0,9.0,16.0,5.0,11.0,13.0,16.0,12.0,65.0,43.0,52.0,8.0,53.0,10.0,10.0,10.0,53.0,44.0,46.0,18.0,56.0,61.0,124.0,73.0,447.0,213.0,298.0,108.0,702.0,25.0,45.0,48.0,474.0,27.0,41.0,8.0,59.0,36.0,60.0,59.0,502.0,26.0,45.0,23.0,104.0,6.0,12.0,13.0,67.0,37.0,46.0,25.0,115.0,64.0,100.0,97.0,955.0,337.0,560.0,92.0,780.0,35.0,92.0,60.0,462.0,46.0,61.0,15.0,72.0,54.0,101.0,63.0,371.0,212.0,402.0,67.0,412.0,29.0,59.0,40.0,290.0,250.0,446.0,57.0,383.0,417.0,894.0,428.0,4441.0,0.4730325288562435,0.22003329025710064,0.8947454869026866,0.8597005482432932,1.955638977527601,6.2701517520991565,0.8948695969872407,0.19210022514958552,0.8536634900077638,0.74753607192792,2.1070425545939395,6.194219159738046,nv
803.0,127.0,531.0,326.0,93.0,13.0,231.0,181.0,118.0,18.0,63.0,36.0,140.0,18.0,522.0,385.0,127.0,13.0,79.0,46.0,23.0,5.0,38.0,24.0,175.0,26.0,107.0,67.0,278.0,40.0,1141.0,753.0,505.0,75.0,162.0,100.0,56.0,13.0,75.0,52.0,54.0,8.0,12.0,8.0,70.0,7.0,85.0,44.0,273.0,34.0,70.0,58.0,24.0,5.0,36.0,24.0,303.0,48.0,105.0,54.0,563.0,70.0,905.0,472.0,107.0,24.0,63.0,20.0,9.0,8.0,18.0,21.0,15.0,5.0,4.0,3.0,18.0,2.0,53.0,28.0,21.0,6.0,13.0,5.0,2.0,3.0,4.0,3.0,16.0,6.0,10.0,3.0,39.0,2.0,102.0,72.0,248.0,38.0,73.0,36.0,19.0,3.0,48.0,24.0,19.0,6.0,5.0,16.0,39.0,5.0,47.0,32.0,156.0,18.0,44.0,27.0,14.0,3.0,17.0,8.0,238.0,22.0,48.0,32.0,367.0,27.0,464.0,258.0,133.0,188.0,43.0,379.0,6.0,27.0,30.0,217.0,16.0,16.0,5.0,37.0,12.0,26.0,24.0,339.0,15.0,24.0,6.0,52.0,4.0,4.0,1.0,22.0,18.0,29.0,8.0,57.0,20.0,39.0,42.0,464.0,80.0,121.0,22.0,115.0,14.0,12.0,4.0,52.0,12.0,8.0,2.0,12.0,2.0,9.0,10.0,60.0,37.0,62.0,12.0,58.0,3.0,7.0,8.0,36.0,30.0,50.0,6.0,50.0,40.0,82.0,67.0,406.0,155.0,327.0,67.0,628.0,14.0,34.0,32.0,477.0,17.0,14.0,8.0,50.0,22.0,35.0,48.0,505.0,19.0,40.0,6.0,67.0,4.0,11.0,3.0,29.0,17.0,39.0,8.0,68.0,30.0,63.0,96.0,874.0,523.0,1299.0,109.0,1086.0,53.0,97.0,58.0,515.0,26.0,53.0,4.0,64.0,56.0,107.0,48.0,424.0,332.0,779.0,48.0,504.0,25.0,74.0,30.0,238.0,310.0,516.0,55.0,384.0,455.0,859.0,413.0,4767.0,0.5900939975256325,0.26988902855537356,0.9183221540066764,0.8602390032873846,1.7955526398959192,7.854236128983368,1.1375367783586139,0.2368115325981729,0.8759671268165476,0.7355250909446113,1.961652615930601,7.464691557187428,nv
1558.0,193.0,211.0,191.0,172.0,39.0,177.0,288.0,671.0,113.0,88.0,126.0,267.0,59.0,366.0,611.0,209.0,21.0,31.0,32.0,48.0,9.0,59.0,36.0,273.0,56.0,31.0,54.0,199.0,30.0,257.0,427.0,217.0,31.0,28.0,35.0,25.0,7.0,26.0,39.0,75.0,15.0,11.0,14.0,44.0,6.0,50.0,68.0,212.0,26.0,37.0,30.0,36.0,4.0,43.0,61.0,319.0,58.0,40.0,58.0,230.0,37.0,261.0,443.0,195.0,48.0,28.0,28.0,23.0,11.0,19.0,42.0,109.0,21.0,15.0,28.0,37.0,16.0,58.0,123.0,34.0,7.0,9.0,8.0,11.0,1.0,9.0,8.0,50.0,16.0,12.0,14.0,31.0,6.0,36.0,75.0,208.0,38.0,31.0,48.0,30.0,5.0,33.0,52.0,113.0,30.0,22.0,34.0,58.0,15.0,66.0,160.0,317.0,40.0,52.0,67.0,42.0,14.0,62.0,102.0,590.0,111.0,62.0,122.0,382.0,61.0,444.0,1040.0,625.0,275.0,78.0,291.0,122.0,44.0,107.0,523.0,203.0,93.0,25.0,89.0,94.0,54.0,95.0,642.0,113.0,41.0,8.0,37.0,37.0,11.0,34.0,103.0,98.0,52.0,12.0,64.0,74.0,28.0,76.0,414.0,83.0,32.0,10.0,40.0,11.0,5.0,12.0,69.0,20.0,11.0,7.0,14.0,13.0,5.0,15.0,55.0,139.0,43.0,15.0,56.0,36.0,8.0,41.0,111.0,108.0,42.0,13.0,55.0,62.0,39.0,87.0,396.0,271.0,151.0,57.0,206.0,35.0,19.0,44.0,361.0,96.0,64.0,16.0,73.0,42.0,33.0,39.0,377.0,49.0,34.0,9.0,20.0,14.0,8.0,10.0,69.0,57.0,43.0,14.0,34.0,38.0,25.0,46.0,304.0,351.0,217.0,31.0,232.0,63.0,38.0,56.0,397.0,91.0,67.0,18.0,74.0,63.0,38.0,54.0,388.0,739.0,419.0,71.0,405.0,137.0,69.0,132.0,999.0,680.0,447.0,77.0,406.0,445.0,347.0,419.0,4575.0,0.5658868756497288,0.21390840680279904,0.8880949918360805,0.8443374320069889,1.9910502550246378,6.704799750503511,0.9921569452037514,0.18806175437821898,0.8487971571879342,0.7369964813906266,2.1317753129521995,6.552661849995373,nv
1090.0,197.0,264.0,149.0,201.0,67.0,203.0,158.0,167.0,28.0,64.0,37.0,197.0,38.0,274.0,200.0,187.0,29.0,46.0,23.0,49.0,20.0,58.0,47.0,148.0,20.0,72.0,39.0,210.0,43.0,355.0,297.0,250.0,58.0,58.0,41.0,32.0,13.0,25.0,35.0,52.0,17.0,21.0,8.0,38.0,14.0,43.0,45.0,164.0,21.0,37.0,24.0,41.0,6.0,33.0,33.0,192.0,30.0,60.0,27.0,312.0,55.0,347.0,265.0,174.0,55.0,38.0,42.0,27.0,12.0,23.0,34.0,34.0,10.0,7.0,5.0,27.0,8.0,32.0,53.0,48.0,16.0,7.0,14.0,12.0,3.0,12.0,10.0,43.0,7.0,15.0,8.0,43.0,17.0,66.0,52.0,178.0,46.0,35.0,28.0,28.0,6.0,26.0,24.0,28.0,9.0,13.0,14.0,36.0,9.0,26.0,39.0,172.0,36.0,34.0,27.0,36.0,10.0,27.0,23.0,188.0,38.0,47.0,29.0,226.0,43.0,256.0,221.0,189.0,164.0,56.0,191.0,28.0,39.0,36.0,193.0,33.0,27.0,14.0,44.0,23.0,37.0,45.0,234.0,34.0,18.0,11.0,35.0,9.0,8.0,12.0,29.0,29.0,11.0,8.0,23.0,47.0,39.0,56.0,264.0,58.0,41.0,19.0,54.0,12.0,11.0,10.0,38.0,13.0,18.0,7.0,15.0,9.0,21.0,13.0,80.0,36.0,39.0,8.0,34.0,9.0,9.0,6.0,42.0,38.0,29.0,23.0,38.0,55.0,43.0,77.0,310.0,188.0,204.0,42.0,243.0,23.0,38.0,33.0,232.0,25.0,24.0,11.0,49.0,11.0,24.0,25.0,206.0,36.0,50.0,15.0,59.0,8.0,6.0,8.0,55.0,41.0,29.0,17.0,42.0,33.0,51.0,52.0,346.0,227.0,362.0,53.0,322.0,43.0,63.0,40.0,226.0,31.0,50.0,19.0,63.0,24.0,48.0,46.0,265.0,247.0,253.0,46.0,231.0,34.0,68.0,40.0,275.0,226.0,248.0,50.0,273.0,232.0,358.0,258.0,2869.0,1.0836807490803704,0.11096936305283026,0.8361304013694996,0.8658779289675569,2.712509385212131,15.075937734863752,2.1802278730357703,0.09052945686712269,0.7724353375312003,0.7414639615308718,2.929694232530357,14.685721539243996,mel
1095.0,173.0,240.0,161.0,188.0,53.0,181.0,162.0,170.0,29.0,49.0,33.0,166.0,42.0,245.0,246.0,188.0,31.0,46.0,29.0,55.0,10.0,46.0,35.0,167.0,21.0,54.0,34.0,212.0,44.0,356.0,290.0,267.0,40.0,68.0,40.0,32.0,14.0,27.0,31.0,50.0,7.0,16.0,10.0,42.0,11.0,58.0,36.0,154.0,25.0,43.0,25.0,42.0,11.0,36.0,29.0,192.0,35.0,58.0,35.0,246.0,54.0,337.0,234.0,206.0,50.0,31.0,39.0,29.0,12.0,35.0,35.0,34.0,7.0,8.0,9.0,19.0,10.0,42.0,35.0,67.0,9.0,14.0,8.0,7.0,4.0,10.0,11.0,42.0,10.0,18.0,9.0,38.0,6.0,58.0,64.0,204.0,54.0,26.0,38.0,31.0,12.0,19.0,28.0,43.0,9.0,11.0,8.0,30.0,4.0,34.0,37.0,154.0,50.0,27.0,21.0,31.0,16.0,14.0,28.0,206.0,32.0,43.0,44.0,247.0,58.0,210.0,268.0,161.0,150.0,58.0,226.0,32.0,37.0,37.0,197.0,28.0,31.0,16.0,31.0,27.0,27.0,31.0,228.0,33.0,14.0,8.0,26.0,7.0,5.0,10.0,42.0,24.0,9.0,13.0,25.0,27.0,28.0,54.0,244.0,55.0,74.0,20.0,58.0,9.0,18.0,10.0,50.0,14.0,6.0,3.0,22.0,9.0,14.0,18.0,68.0,37.0,31.0,6.0,37.0,6.0,6.0,11.0,31.0,40.0,31.0,20.0,40.0,42.0,49.0,60.0,289.0,195.0,229.0,39.0,312.0,22.0,43.0,36.0,235.0,16.0,37.0,10.0,47.0,17.0,29.0,25.0,237.0,50.0,47.0,13.0,58.0,7.0,15.0,8.0,47.0,33.0,25.0,11.0,53.0,27.0,53.0,53.0,343.0,291.0,378.0,50.0,345.0,30.0,61.0,28.0,249.0,48.0,46.0,14.0,68.0,27.0,55.0,53.0,273.0,207.0,284.0,54.0,273.0,44.0,61.0,39.0,220.0,247.0,273.0,71.0,303.0,206.0,336.0,254.0,2806.0,1.0995340957221515,0.10718326486202984,0.833237908730737,0.8694744617246704,2.75770664965755,15.748266116414136,2.2220443887315744,0.08661546345197407,0.7663299525369539,0.7464170771371147,2.9844562058559725,15.303145112558745,mel
710.0,111.0,229.0,171.0,108.0,22.0,187.0,210.0,152.0,22.0,43.0,32.0,203.0,18.0,362.0,324.0,107.0,10.0,27.0,26.0,20.0,2.0,30.0,34.0,188.0,12.0,35.0,40.0,276.0,22.0,518.0,439.0,222.0,24.0,31.0,35.0,19.0,5.0,30.0,22.0,40.0,5.0,7.0,5.0,53.0,4.0,37.0,40.0,167.0,22.0,30.0,19.0,27.0,5.0,21.0,14.0,358.0,32.0,34.0,36.0,512.0,38.0,534.0,318.0,86.0,19.0,26.0,32.0,9.0,0.0,20.0,17.0,23.0,3.0,4.0,7.0,19.0,2.0,32.0,20.0,18.0,3.0,5.0,4.0,8.0,0.0,3.0,7.0,21.0,2.0,10.0,4.0,31.0,4.0,39.0,36.0,186.0,22.0,30.0,34.0,26.0,1.0,22.0,23.0,23.0,5.0,1.0,5.0,26.0,4.0,36.0,25.0,187.0,29.0,22.0,21.0,24.0,5.0,26.0,14.0,393.0,27.0,31.0,33.0,455.0,42.0,333.0,235.0,174.0,172.0,41.0,302.0,14.0,19.0,31.0,362.0,32.0,29.0,11.0,32.0,22.0,26.0,39.0,350.0,27.0,24.0,2.0,17.0,2.0,2.0,8.0,36.0,15.0,25.0,3.0,23.0,32.0,31.0,39.0,315.0,47.0,48.0,8.0,49.0,9.0,7.0,4.0,36.0,11.0,6.0,3.0,2.0,10.0,6.0,7.0,22.0,35.0,24.0,4.0,32.0,4.0,4.0,4.0,25.0,41.0,27.0,6.0,25.0,28.0,24.0,45.0,226.0,188.0,254.0,35.0,469.0,15.0,24.0,25.0,363.0,23.0,23.0,5.0,33.0,18.0,32.0,33.0,308.0,21.0,23.0,3.0,38.0,2.0,1.0,2.0,26.0,23.0,32.0,9.0,26.0,25.0,24.0,31.0,312.0,325.0,471.0,47.0,469.0,23.0,33.0,36.0,309.0,29.0,41.0,9.0,49.0,27.0,37.0,19.0,208.0,392.0,444.0,26.0,322.0,29.0,37.0,27.0,278.0,360.0,304.0,37.0,201.0,321.0,275.0,238.0,3213.0,1.3080628451194638,0.12244493594918593,0.8676695960991012,0.8691053421526452,2.614371527894209,18.67843418434511,2.4142270186768515,0.09614583050964927,0.7946168221241516,0.7621465933733582,2.870438603328136,17.885898616828253,mel
167.0,26.0,41.0,27.0,21.0,3.0,26.0,23.0,20.0,8.0,8.0,8.0,21.0,4.0,32.0,41.0,23.0,5.0,8.0,5.0,5.0,2.0,2.0,2.0,15.0,1.0,9.0,10.0,31.0,3.0,49.0,42.0,40.0,12.0,17.0,8.0,8.0,0.0,3.0,2.0,8.0,0.0,2.0,0.0,4.0,0.0,6.0,4.0,18.0,2.0,3.0,4.0,1.0,0.0,4.0,2.0,33.0,4.0,7.0,1.0,48.0,7.0,38.0,26.0,21.0,1.0,7.0,3.0,4.0,0.0,4.0,2.0,6.0,3.0,3.0,1.0,2.0,1.0,2.0,7.0,6.0,1.0,1.0,1.0,1.0,0.0,0.0,0.0,4.0,3.0,3.0,0.0,4.0,0.0,4.0,9.0,28.0,5.0,6.0,2.0,2.0,0.0,8.0,1.0,8.0,0.0,0.0,1.0,6.0,0.0,5.0,2.0,27.0,2.0,4.0,8.0,3.0,3.0,1.0,1.0,44.0,4.0,1.0,2.0,40.0,9.0,28.0,29.0,24.0,17.0,5.0,29.0,9.0,4.0,10.0,33.0,10.0,2.0,2.0,4.0,0.0,2.0,3.0,30.0,2.0,3.0,2.0,8.0,0.0,1.0,0.0,2.0,2.0,5.0,1.0,4.0,1.0,0.0,4.0,35.0,5.0,18.0,2.0,9.0,0.0,1.0,0.0,2.0,1.0,1.0,0.0,1.0,3.0,0.0,0.0,2.0,9.0,9.0,0.0,3.0,1.0,1.0,0.0,0.0,3.0,3.0,2.0,4.0,4.0,3.0,6.0,24.0,26.0,35.0,9.0,68.0,0.0,1.0,7.0,52.0,5.0,1.0,0.0,7.0,2.0,7.0,2.0,46.0,3.0,4.0,2.0,3.0,0.0,1.0,1.0,4.0,2.0,5.0,1.0,7.0,5.0,3.0,8.0,41.0,34.0,85.0,6.0,54.0,1.0,2.0,3.0,33.0,5.0,7.0,1.0,6.0,3.0,7.0,2.0,38.0,30.0,47.0,2.0,34.0,6.0,4.0,4.0,31.0,40.0,40.0,4.0,31.0,32.0,38.0,25.0,542.0,1.6989791683957167,0.12264784139618672,0.8157995787502462,0.7599390086148193,2.6532736683201157,12.45558345831347,3.355767620960991,0.10170850794645439,0.7291045011071476,0.534559902853286,2.8836932763936844,11.06399398330491,vasc
147.0,17.0,27.0,19.0,17.0,1.0,21.0,28.0,18.0,6.0,11.0,8.0,18.0,1.0,43.0,82.0,18.0,6.0,6.0,5.0,1.0,0.0,4.0,4.0,19.0,4.0,9.0,11.0,30.0,0.0,85.0,72.0,13.0,4.0,9.0,2.0,7.0,1.0,3.0,4.0,5.0,2.0,4.0,0.0,11.0,0.0,7.0,6.0,29.0,3.0,3.0,0.0,2.0,0.0,4.0,3.0,49.0,7.0,3.0,4.0,49.0,0.0,59.0,31.0,15.0,2.0,5.0,2.0,4.0,0.0,4.0,2.0,4.0,1.0,0.0,0.0,5.0,0.0,4.0,2.0,3.0,0.0,0.0,0.0,1.0,0.0,0.0,1.0,4.0,1.0,1.0,0.0,2.0,0.0,2.0,1.0,21.0,6.0,1.0,0.0,1.0,0.0,2.0,2.0,5.0,0.0,0.0,0.0,5.0,0.0,1.0,0.0,39.0,1.0,2.0,2.0,1.0,1.0,2.0,5.0,52.0,1.0,2.0,4.0,47.0,0.0,48.0,29.0,28.0,21.0,5.0,36.0,4.0,2.0,4.0,67.0,4.0,2.0,0.0,4.0,3.0,1.0,5.0,73.0,2.0,5.0,0.0,2.0,0.0,0.0,0.0,1.0,6.0,3.0,1.0,4.0,3.0,1.0,6.0,47.0,11.0,10.0,0.0,4.0,1.0,0.0,0.0,4.0,1.0,0.0,0.0,0.0,1.0,0.0,0.0,7.0,10.0,5.0,0.0,4.0,0.0,0.0,0.0,6.0,2.0,4.0,0.0,4.0,1.0,5.0,5.0,27.0,20.0,22.0,5.0,67.0,3.0,3.0,6.0,58.0,2.0,4.0,0.0,2.0,3.0,7.0,3.0,44.0,3.0,4.0,0.0,2.0,0.0,0.0,0.0,4.0,2.0,1.0,0.0,2.0,2.0,2.0,6.0,40.0,35.0,65.0,6.0,62.0,0.0,10.0,2.0,36.0,5.0,6.0,3.0,5.0,4.0,2.0,3.0,34.0,64.0,47.0,1.0,25.0,3.0,5.0,2.0,32.0,65.0,26.0,4.0,21.0,43.0,23.0,29.0,710.0,2.2149081854964208,0.14075977764623154,0.8494448708013209,0.7814297464161456,2.471703851967951,18.052334489835626,4.1837637210771526,0.11781432272733171,0.7609590003650509,0.577161828979957,2.7146190785417876,15.605195780778411,vasc
236.0,34.0,31.0,18.0,23.0,8.0,16.0,17.0,26.0,5.0,8.0,5.0,19.0,8.0,22.0,23.0,20.0,8.0,9.0,5.0,12.0,3.0,2.0,4.0,15.0,1.0,3.0,11.0,31.0,12.0,47.0,29.0,30.0,2.0,13.0,4.0,6.0,5.0,5.0,3.0,4.0,1.0,1.0,0.0,7.0,1.0,13.0,4.0,16.0,1.0,4.0,5.0,9.0,2.0,3.0,0.0,27.0,4.0,3.0,5.0,45.0,3.0,44.0,30.0,26.0,9.0,11.0,8.0,4.0,3.0,7.0,2.0,8.0,1.0,3.0,3.0,0.0,2.0,5.0,8.0,7.0,0.0,2.0,3.0,1.0,1.0,0.0,3.0,6.0,1.0,1.0,1.0,4.0,1.0,3.0,6.0,15.0,4.0,4.0,2.0,4.0,2.0,4.0,1.0,8.0,1.0,0.0,2.0,3.0,4.0,5.0,8.0,24.0,6.0,6.0,1.0,3.0,2.0,2.0,3.0,44.0,6.0,16.0,6.0,44.0,14.0,20.0,21.0,24.0,17.0,11.0,19.0,10.0,9.0,9.0,30.0,5.0,3.0,1.0,6.0,2.0,2.0,5.0,26.0,5.0,3.0,0.0,4.0,2.0,1.0,1.0,9.0,4.0,1.0,0.0,3.0,0.0,1.0,5.0,22.0,7.0,8.0,7.0,7.0,4.0,1.0,1.0,6.0,2.0,1.0,2.0,5.0,1.0,1.0,1.0,13.0,2.0,0.0,1.0,1.0,1.0,3.0,0.0,6.0,7.0,1.0,2.0,6.0,7.0,11.0,10.0,39.0,15.0,34.0,14.0,70.0,5.0,8.0,5.0,52.0,4.0,7.0,3.0,13.0,1.0,5.0,6.0,25.0,6.0,9.0,2.0,10.0,3.0,5.0,0.0,16.0,0.0,3.0,2.0,7.0,4.0,6.0,4.0,25.0,16.0,40.0,0.0,63.0,3.0,11.0,6.0,32.0,9.0,9.0,1.0,14.0,3.0,4.0,7.0,52.0,30.0,38.0,10.0,25.0,7.0,7.0,5.0,28.0,47.0,24.0,6.0,49.0,27.0,40.0,44.0,812.0,2.3901996370235934,0.10440419459074388,0.7851201596213936,0.7465798222773952,2.8177382478394764,16.473330950820333,4.240806006742262,0.089039208450622,0.7082795812825854,0.5412892962847021,2.9974883438804847,14.249305396345259,vasc
87.0,10.0,11.0,7.0,20.0,3.0,6.0,9.0,9.0,1.0,5.0,1.0,5.0,0.0,9.0,4.0,12.0,2.0,3.0,1.0,3.0,0.0,3.0,0.0,12.0,1.0,4.0,2.0,17.0,4.0,21.0,10.0,18.0,6.0,9.0,5.0,5.0,1.0,3.0,0.0,3.0,0.0,0.0,1.0,3.0,0.0,2.0,2.0,4.0,0.0,2.0,0.0,3.0,0.0,0.0,1.0,10.0,3.0,1.0,0.0,21.0,3.0,21.0,11.0,12.0,2.0,7.0,3.0,1.0,1.0,1.0,1.0,1.0,1.0,0.0,0.0,1.0,0.0,2.0,1.0,2.0,0.0,1.0,0.0,0.0,0.0,0.0,1.0,1.0,0.0,0.0,0.0,4.0,1.0,1.0,2.0,5.0,1.0,2.0,0.0,2.0,1.0,0.0,0.0,0.0,0.0,0.0,0.0,3.0,0.0,2.0,1.0,6.0,1.0,0.0,0.0,3.0,0.0,4.0,0.0,4.0,2.0,1.0,0.0,17.0,2.0,16.0,10.0,7.0,1.0,2.0,4.0,3.0,2.0,1.0,8.0,4.0,0.0,1.0,0.0,3.0,0.0,1.0,6.0,2.0,0.0,0.0,2.0,1.0,1.0,2.0,0.0,2.0,2.0,2.0,2.0,1.0,0.0,2.0,12.0,3.0,4.0,0.0,2.0,1.0,1.0,0.0,3.0,1.0,0.0,1.0,0.0,1.0,1.0,0.0,2.0,0.0,2.0,0.0,0.0,0.0,0.0,0.0,4.0,1.0,0.0,1.0,2.0,6.0,5.0,8.0,11.0,2.0,10.0,9.0,25.0,0.0,2.0,4.0,10.0,1.0,1.0,0.0,3.0,0.0,0.0,1.0,9.0,1.0,1.0,2.0,5.0,0.0,0.0,0.0,0.0,3.0,6.0,0.0,2.0,3.0,2.0,4.0,7.0,8.0,8.0,3.0,11.0,1.0,3.0,0.0,5.0,1.0,1.0,1.0,1.0,0.0,2.0,2.0,13.0,1.0,6.0,3.0,11.0,2.0,1.0,0.0,7.0,13.0,6.0,2.0,15.0,2.0,16.0,14.0,218.0,3.0757020757020763,0.05196148851826507,0.6942963908167405,0.7432741233948458,3.2096808347270342,20.885280092313057,6.107026756689172,0.040579349638609964,0.5845923039220781,0.49932784944992414,3.452583689084464,18.288285624794547,nv
68.0,13.0,10.0,3.0,10.0,3.0,5.0,12.0,14.0,2.0,3.0,1.0,4.0,1.0,2.0,8.0,10.0,4.0,1.0,0.0,2.0,0.0,1.0,3.0,3.0,0.0,1.0,2.0,5.0,1.0,5.0,4.0,8.0,1.0,1.0,1.0,2.0,0.0,0.0,1.0,2.0,0.0,1.0,1.0,0.0,0.0,0.0,1.0,4.0,0.0,0.0,2.0,1.0,0.0,1.0,3.0,13.0,2.0,1.0,1.0,8.0,0.0,11.0,8.0,11.0,2.0,3.0,1.0,6.0,0.0,1.0,1.0,1.0,0.0,0.0,0.0,0.0,0.0,1.0,1.0,0.0,0.0,0.0,0.0,0.0,0.0,0.0,1.0,2.0,0.0,0.0,0.0,3.0,0.0,1.0,1.0,5.0,1.0,0.0,1.0,1.0,0.0,2.0,0.0,1.0,0.0,1.0,0.0,6.0,1.0,0.0,3.0,9.0,3.0,1.0,1.0,0.0,0.0,0.0,0.0,32.0,4.0,2.0,1.0,19.0,0.0,7.0,11.0,9.0,11.0,4.0,26.0,4.0,1.0,6.0,31.0,5.0,0.0,2.0,1.0,1.0,1.0,1.0,17.0,1.0,0.0,1.0,1.0,1.0,0.0,1.0,1.0,0.0,1.0,0.0,0.0,1.0,0.0,6.0,8.0,0.0,4.0,2.0,1.0,0.0,1.0,0.0,4.0,1.0,0.0,0.0,1.0,0.0,0.0,0.0,1.0,2.0,1.0,1.0,1.0,0.0,2.0,1.0,0.0,2.0,0.0,0.0,3.0,2.0,0.0,2.0,10.0,6.0,8.0,5.0,16.0,2.0,3.0,5.0,26.0,4.0,0.0,0.0,2.0,1.0,0.0,1.0,11.0,1.0,1.0,0.0,3.0,1.0,0.0,0.0,8.0,0.0,0.0,0.0,2.0,0.0,0.0,0.0,8.0,10.0,4.0,0.0,13.0,1.0,1.0,0.0,10.0,1.0,2.0,0.0,4.0,2.0,1.0,1.0,9.0,11.0,12.0,2.0,10.0,1.0,0.0,2.0,11.0,17.0,6.0,2.0,11.0,11.0,5.0,5.0,323.0,4.0533235938641345,0.06502571906397939,0.7378283449626709,0.7561813838172013,3.0314879324412396,29.195356571109244,7.572895791583168,0.04858222833442437,0.6148610680358644,0.5325410389973685,3.3234784281473155,24.82736358237517,nv
107.0,11.0,15.0,2.0,9.0,2.0,3.0,1.0,9.0,2.0,2.0,1.0,9.0,1.0,11.0,9.0,8.0,1.0,3.0,0.0,5.0,0.0,1.0,3.0,15.0,1.0,7.0,2.0,19.0,2.0,14.0,13.0,10.0,2.0,5.0,4.0,2.0,0.0,4.0,2.0,4.0,3.0,0.0,1.0,2.0,1.0,3.0,0.0,5.0,0.0,1.0,1.0,2.0,0.0,2.0,1.0,16.0,0.0,5.0,0.0,20.0,8.0,24.0,6.0,8.0,1.0,3.0,2.0,1.0,0.0,0.0,0.0,1.0,0.0,0.0,0.0,1.0,0.0,2.0,4.0,4.0,0.0,1.0,0.0,0.0,0.0,0.0,1.0,1.0,0.0,0.0,0.0,5.0,0.0,2.0,1.0,9.0,2.0,2.0,2.0,0.0,0.0,2.0,2.0,3.0,0.0,1.0,1.0,4.0,1.0,0.0,1.0,3.0,0.0,4.0,0.0,1.0,0.0,0.0,1.0,15.0,2.0,3.0,2.0,20.0,0.0,15.0,13.0,10.0,6.0,0.0,5.0,0.0,2.0,1.0,6.0,2.0,0.0,0.0,2.0,0.0,0.0,0.0,6.0,2.0,0.0,1.0,1.0,0.0,0.0,0.0,1.0,1.0,2.0,2.0,1.0,1.0,1.0,1.0,9.0,1.0,3.0,1.0,5.0,2.0,1.0,2.0,0.0,0.0,2.0,0.0,0.0,1.0,1.0,0.0,4.0,2.0,3.0,0.0,0.0,0.0,0.0,1.0,1.0,1.0,3.0,0.0,0.0,2.0,1.0,3.0,9.0,6.0,10.0,1.0,12.0,2.0,5.0,1.0,11.0,1.0,4.0,0.0,3.0,3.0,2.0,2.0,9.0,2.0,1.0,0.0,4.0,2.0,0.0,0.0,2.0,0.0,0.0,0.0,3.0,3.0,1.0,1.0,13.0,4.0,10.0,0.0,23.0,0.0,2.0,2.0,5.0,3.0,6.0,0.0,5.0,1.0,0.0,1.0,9.0,11.0,15.0,1.0,11.0,2.0,1.0,2.0,9.0,5.0,10.0,1.0,11.0,10.0,13.0,13.0,423.0,4.289632829373651,0.06171533663915958,0.7148642319711669,0.754797754764181,3.1543475481513275,30.69889531602051,7.354138999557327,0.04916833575637932,0.611947977272111,0.5748246310654034,3.3710745463211462,27.23929955256443,nv
164.0,33.0,38.0,25.0,22.0,2.0,13.0,21.0,19.0,4.0,6.0,5.0,6.0,1.0,27.0,33.0,24.0,8.0,7.0,3.0,1.0,3.0,4.0,1.0,16.0,2.0,8.0,6.0,30.0,8.0,51.0,38.0,37.0,7.0,21.0,5.0,11.0,1.0,5.0,4.0,5.0,1.0,1.0,0.0,15.0,0.0,5.0,5.0,15.0,1.0,4.0,6.0,5.0,0.0,1.0,2.0,34.0,1.0,9.0,4.0,67.0,11.0,61.0,21.0,31.0,6.0,10.0,3.0,4.0,0.0,1.0,2.0,1.0,0.0,0.0,2.0,4.0,1.0,2.0,4.0,9.0,0.0,1.0,0.0,0.0,0.0,1.0,1.0,3.0,1.0,0.0,0.0,5.0,1.0,3.0,8.0,20.0,5.0,5.0,3.0,1.0,0.0,2.0,0.0,6.0,1.0,0.0,0.0,6.0,8.0,1.0,0.0,35.0,8.0,1.0,3.0,6.0,0.0,1.0,2.0,55.0,2.0,3.0,5.0,47.0,7.0,21.0,16.0,16.0,13.0,4.0,25.0,2.0,5.0,4.0,47.0,11.0,1.0,1.0,8.0,1.0,2.0,1.0,28.0,4.0,4.0,0.0,3.0,0.0,1.0,0.0,2.0,2.0,3.0,0.0,3.0,2.0,2.0,0.0,25.0,8.0,11.0,0.0,14.0,2.0,2.0,2.0,5.0,0.0,3.0,0.0,3.0,0.0,1.0,1.0,5.0,6.0,4.0,3.0,3.0,0.0,0.0,0.0,4.0,3.0,3.0,2.0,4.0,7.0,4.0,4.0,28.0,30.0,39.0,11.0,67.0,2.0,9.0,7.0,45.0,3.0,6.0,0.0,6.0,2.0,4.0,3.0,42.0,2.0,3.0,4.0,4.0,0.0,0.0,3.0,3.0,3.0,4.0,2.0,3.0,2.0,4.0,8.0,36.0,40.0,87.0,6.0,58.0,6.0,4.0,3.0,32.0,9.0,6.0,0.0,10.0,7.0,8.0,0.0,33.0,37.0,49.0,6.0,46.0,7.0,9.0,5.0,30.0,46.0,43.0,14.0,51.0,30.0,32.0,34.0,576.0,1.8907327240660572,0.11148617696236743,0.8531500052831457,0.7794908887819453,2.558023193110735,15.258061841582238,3.6788031138501474,0.08931464770393424,0.770871904880697,0.5812420861641022,2.801986615646493,13.891267766251666,vasc
180.0,27.0,15.0,29.0,30.0,8.0,15.0,34.0,56.0,9.0,4.0,12.0,21.0,8.0,22.0,62.0,20.0,3.0,2.0,2.0,1.0,0.0,4.0,6.0,19.0,3.0,3.0,7.0,17.0,1.0,31.0,38.0,19.0,2.0,11.0,0.0,4.0,1.0,2.0,5.0,6.0,1.0,2.0,0.0,5.0,1.0,3.0,5.0,12.0,1.0,2.0,1.0,1.0,0.0,3.0,7.0,18.0,2.0,4.0,4.0,25.0,3.0,30.0,30.0,21.0,8.0,5.0,8.0,9.0,0.0,3.0,3.0,6.0,2.0,0.0,7.0,5.0,1.0,3.0,6.0,1.0,1.0,0.0,0.0,2.0,1.0,1.0,0.0,8.0,2.0,1.0,3.0,0.0,0.0,4.0,6.0,12.0,4.0,4.0,7.0,3.0,0.0,4.0,5.0,11.0,1.0,2.0,1.0,6.0,1.0,4.0,9.0,33.0,4.0,3.0,3.0,6.0,3.0,3.0,7.0,44.0,6.0,4.0,10.0,35.0,7.0,23.0,44.0,47.0,30.0,8.0,27.0,7.0,7.0,10.0,75.0,25.0,4.0,1.0,2.0,4.0,3.0,14.0,53.0,13.0,0.0,1.0,5.0,1.0,0.0,2.0,7.0,6.0,1.0,1.0,3.0,6.0,0.0,7.0,29.0,5.0,5.0,1.0,6.0,0.0,3.0,1.0,10.0,2.0,2.0,0.0,2.0,0.0,0.0,2.0,10.0,14.0,8.0,0.0,5.0,3.0,5.0,2.0,10.0,5.0,3.0,1.0,1.0,7.0,3.0,7.0,37.0,16.0,29.0,5.0,39.0,1.0,2.0,2.0,57.0,4.0,3.0,2.0,7.0,3.0,4.0,5.0,42.0,3.0,4.0,0.0,9.0,2.0,0.0,2.0,6.0,0.0,0.0,0.0,5.0,3.0,4.0,2.0,32.0,33.0,54.0,3.0,41.0,1.0,2.0,3.0,46.0,5.0,7.0,0.0,11.0,6.0,5.0,5.0,51.0,60.0,26.0,6.0,32.0,9.0,12.0,5.0,51.0,56.0,22.0,2.0,40.0,21.0,19.0,26.0,611.0,2.1777936168527754,0.10520664025152508,0.8441125448706056,0.7678715283805336,2.605553260504273,16.58589876141683,4.0118286445012785,0.08519786797513262,0.765095803667389,0.5865679922710982,2.834086520259932,15.395612334920617,vasc
108.0,12.0,20.0,8.0,9.0,1.0,6.0,27.0,20.0,10.0,8.0,6.0,10.0,6.0,25.0,78.0,12.0,1.0,3.0,2.0,0.0,0.0,2.0,3.0,25.0,1.0,10.0,2.0,35.0,0.0,62.0,47.0,19.0,0.0,6.0,2.0,3.0,0.0,2.0,4.0,4.0,0.0,0.0,2.0,4.0,0.0,1.0,0.0,21.0,0.0,1.0,1.0,6.0,0.0,2.0,0.0,50.0,2.0,4.0,2.0,77.0,1.0,59.0,32.0,15.0,2.0,7.0,1.0,6.0,1.0,1.0,1.0,5.0,1.0,0.0,1.0,5.0,0.0,3.0,3.0,2.0,0.0,1.0,0.0,0.0,0.0,0.0,0.0,2.0,0.0,0.0,0.0,2.0,0.0,3.0,5.0,19.0,1.0,2.0,2.0,1.0,0.0,0.0,4.0,7.0,0.0,1.0,1.0,5.0,0.0,2.0,3.0,30.0,4.0,2.0,0.0,2.0,0.0,1.0,2.0,72.0,3.0,5.0,2.0,77.0,4.0,47.0,28.0,23.0,4.0,1.0,21.0,4.0,1.0,10.0,69.0,9.0,1.0,1.0,2.0,3.0,2.0,3.0,55.0,3.0,3.0,1.0,3.0,0.0,1.0,1.0,4.0,4.0,5.0,0.0,2.0,2.0,2.0,0.0,26.0,4.0,4.0,1.0,2.0,1.0,0.0,0.0,2.0,2.0,0.0,0.0,1.0,0.0,0.0,0.0,5.0,5.0,5.0,1.0,0.0,0.0,0.0,1.0,4.0,8.0,7.0,1.0,5.0,4.0,4.0,4.0,20.0,17.0,22.0,4.0,47.0,3.0,1.0,7.0,37.0,4.0,2.0,0.0,3.0,0.0,1.0,3.0,24.0,4.0,0.0,1.0,2.0,1.0,1.0,0.0,4.0,0.0,1.0,0.0,2.0,2.0,0.0,1.0,15.0,22.0,30.0,3.0,42.0,1.0,1.0,2.0,15.0,6.0,3.0,0.0,2.0,1.0,3.0,7.0,17.0,67.0,51.0,5.0,33.0,5.0,3.0,4.0,29.0,79.0,29.0,1.0,22.0,36.0,19.0,48.0,662.0,2.7624726875455208,0.1084902793787587,0.8564476673761209,0.7782203805555006,2.5564027504699167,22.14939878617059,5.102717641639797,0.08460492472165118,0.7638035840799878,0.5901044825999197,2.8325851938834807,19.794932735245244,vasc
225.0,43.0,47.0,38.0,29.0,6.0,55.0,49.0,32.0,5.0,6.0,11.0,45.0,5.0,70.0,109.0,40.0,5.0,15.0,4.0,10.0,0.0,7.0,6.0,43.0,7.0,14.0,11.0,46.0,3.0,84.0,72.0,73.0,13.0,13.0,2.0,8.0,2.0,8.0,7.0,8.0,0.0,2.0,1.0,9.0,1.0,8.0,6.0,44.0,5.0,13.0,7.0,3.0,1.0,7.0,6.0,68.0,4.0,12.0,8.0,112.0,10.0,94.0,43.0,24.0,6.0,10.0,6.0,5.0,0.0,6.0,2.0,5.0,2.0,0.0,1.0,8.0,2.0,4.0,7.0,7.0,0.0,2.0,2.0,2.0,1.0,0.0,0.0,9.0,0.0,2.0,2.0,6.0,2.0,7.0,9.0,38.0,3.0,9.0,6.0,4.0,0.0,2.0,7.0,9.0,0.0,2.0,1.0,5.0,1.0,4.0,5.0,69.0,4.0,4.0,2.0,8.0,2.0,3.0,1.0,56.0,9.0,3.0,4.0,75.0,9.0,57.0,37.0,32.0,35.0,15.0,45.0,7.0,7.0,5.0,53.0,11.0,2.0,0.0,8.0,4.0,2.0,4.0,71.0,5.0,4.0,2.0,5.0,0.0,0.0,2.0,5.0,4.0,6.0,4.0,5.0,3.0,3.0,10.0,58.0,9.0,12.0,1.0,14.0,1.0,5.0,1.0,11.0,0.0,4.0,1.0,1.0,2.0,1.0,1.0,8.0,9.0,6.0,0.0,4.0,0.0,1.0,0.0,7.0,12.0,11.0,0.0,5.0,9.0,5.0,9.0,41.0,26.0,57.0,7.0,69.0,2.0,5.0,5.0,50.0,1.0,4.0,2.0,9.0,6.0,8.0,3.0,54.0,3.0,2.0,3.0,5.0,1.0,0.0,1.0,5.0,5.0,5.0,2.0,5.0,8.0,4.0,11.0,72.0,67.0,99.0,15.0,55.0,6.0,9.0,6.0,39.0,6.0,10.0,3.0,5.0,3.0,9.0,6.0,43.0,130.0,86.0,12.0,45.0,8.0,8.0,3.0,48.0,101.0,62.0,10.0,44.0,70.0,78.0,34.0,806.0,1.8292157867760124,0.059602400009878105,0.8079492259710898,0.8356857995661536,3.0687975298692964,20.43563754843486,3.4444272365907795,0.045151814350172556,0.7133143529185434,0.6938875232662038,3.337234220610766,19.05989714340594,nv
174.0,28.0,63.0,45.0,33.0,3.0,44.0,83.0,26.0,3.0,3.0,6.0,24.0,2.0,104.0,105.0,19.0,4.0,5.0,3.0,2.0,0.0,5.0,5.0,29.0,3.0,8.0,7.0,69.0,4.0,137.0,113.0,40.0,8.0,15.0,9.0,6.0,0.0,8.0,6.0,9.0,0.0,0.0,0.0,12.0,0.0,15.0,6.0,43.0,2.0,6.0,4.0,3.0,0.0,6.0,1.0,111.0,6.0,5.0,5.0,108.0,3.0,104.0,64.0,30.0,2.0,6.0,3.0,6.0,0.0,4.0,6.0,5.0,1.0,0.0,1.0,5.0,0.0,5.0,2.0,3.0,0.0,0.0,0.0,1.0,0.0,0.0,0.0,6.0,0.0,0.0,0.0,2.0,0.0,8.0,7.0,34.0,6.0,4.0,2.0,5.0,0.0,2.0,1.0,8.0,0.0,1.0,0.0,12.0,0.0,6.0,3.0,55.0,3.0,6.0,3.0,5.0,0.0,1.0,3.0,148.0,5.0,4.0,3.0,118.0,4.0,57.0,43.0,36.0,26.0,8.0,89.0,2.0,2.0,6.0,191.0,6.0,4.0,3.0,5.0,5.0,2.0,8.0,125.0,7.0,0.0,0.0,6.0,0.0,0.0,1.0,3.0,5.0,4.0,1.0,4.0,3.0,5.0,6.0,84.0,11.0,11.0,3.0,10.0,0.0,1.0,1.0,7.0,2.0,0.0,1.0,2.0,0.0,1.0,0.0,7.0,7.0,6.0,1.0,3.0,0.0,1.0,0.0,4.0,5.0,5.0,1.0,2.0,3.0,5.0,7.0,37.0,31.0,52.0,10.0,124.0,4.0,3.0,9.0,134.0,5.0,7.0,0.0,4.0,3.0,4.0,4.0,84.0,4.0,3.0,0.0,7.0,0.0,0.0,0.0,5.0,3.0,6.0,0.0,4.0,5.0,3.0,6.0,53.0,68.0,83.0,5.0,107.0,5.0,1.0,6.0,45.0,9.0,1.0,4.0,3.0,4.0,5.0,3.0,30.0,87.0,73.0,6.0,53.0,4.0,5.0,3.0,37.0,101.0,61.0,2.0,34.0,70.0,69.0,30.0,1075.0,1.9302325581395343,0.06680962873564146,0.8390874337116063,0.8487657724522143,2.9712678416246754,23.596165657894407,3.6966048071020445,0.049151753936367275,0.7387125758960508,0.7065906630323245,3.261333952316315,21.50099009772057,nv
157.0,23.0,44.0,39.0,30.0,4.0,47.0,65.0,24.0,3.0,5.0,5.0,25.0,2.0,91.0,83.0,15.0,1.0,2.0,2.0,4.0,0.0,4.0,2.0,20.0,3.0,10.0,4.0,52.0,2.0,142.0,120.0,57.0,4.0,12.0,9.0,8.0,1.0,8.0,1.0,7.0,0.0,1.0,1.0,20.0,2.0,5.0,7.0,32.0,3.0,11.0,4.0,5.0,1.0,5.0,1.0,82.0,1.0,8.0,5.0,134.0,8.0,94.0,63.0,22.0,4.0,8.0,4.0,5.0,0.0,9.0,5.0,3.0,0.0,1.0,0.0,5.0,0.0,5.0,2.0,2.0,0.0,0.0,2.0,0.0,0.0,1.0,0.0,2.0,0.0,0.0,1.0,5.0,0.0,8.0,5.0,38.0,1.0,9.0,4.0,4.0,0.0,5.0,7.0,6.0,0.0,0.0,0.0,3.0,1.0,1.0,1.0,47.0,1.0,7.0,5.0,2.0,1.0,2.0,0.0,62.0,3.0,3.0,2.0,84.0,4.0,50.0,20.0,26.0,29.0,14.0,90.0,2.0,4.0,7.0,101.0,3.0,3.0,1.0,7.0,6.0,2.0,5.0,69.0,3.0,3.0,0.0,3.0,0.0,0.0,0.0,5.0,1.0,5.0,1.0,2.0,4.0,1.0,7.0,61.0,4.0,9.0,0.0,14.0,0.0,0.0,0.0,4.0,2.0,2.0,0.0,2.0,1.0,1.0,0.0,7.0,4.0,7.0,0.0,7.0,1.0,0.0,1.0,2.0,4.0,4.0,0.0,5.0,2.0,6.0,4.0,39.0,32.0,52.0,16.0,162.0,3.0,6.0,7.0,101.0,1.0,2.0,1.0,2.0,2.0,5.0,4.0,64.0,2.0,6.0,0.0,9.0,0.0,0.0,0.0,7.0,5.0,3.0,0.0,5.0,6.0,1.0,9.0,68.0,90.0,159.0,8.0,98.0,2.0,9.0,3.0,44.0,7.0,5.0,0.0,6.0,6.0,5.0,3.0,30.0,56.0,100.0,5.0,59.0,1.0,3.0,2.0,30.0,55.0,71.0,6.0,31.0,60.0,61.0,20.0,1059.0,2.197943973271652,0.06609332530420814,0.8340722941818808,0.830068218142723,2.99002745786046,23.670601030483652,4.15130317633038,0.04863499090449118,0.7315523912182762,0.6775440402804215,3.284072064176547,21.596728771601523,nv
604.0,90.0,227.0,226.0,90.0,17.0,186.0,171.0,84.0,13.0,31.0,19.0,139.0,14.0,358.0,272.0,77.0,7.0,35.0,17.0,10.0,1.0,22.0,15.0,132.0,15.0,47.0,26.0,274.0,29.0,678.0,381.0,237.0,24.0,65.0,27.0,37.0,4.0,36.0,18.0,33.0,2.0,7.0,3.0,43.0,6.0,36.0,21.0,203.0,18.0,32.0,21.0,17.0,4.0,18.0,15.0,332.0,20.0,39.0,22.0,614.0,30.0,506.0,201.0,77.0,19.0,43.0,19.0,13.0,2.0,19.0,17.0,11.0,5.0,3.0,2.0,8.0,4.0,22.0,23.0,13.0,1.0,3.0,0.0,2.0,0.0,1.0,2.0,20.0,4.0,3.0,3.0,16.0,3.0,44.0,35.0,166.0,17.0,34.0,19.0,13.0,2.0,15.0,13.0,27.0,1.0,1.0,4.0,18.0,1.0,15.0,12.0,220.0,15.0,23.0,12.0,14.0,4.0,12.0,9.0,263.0,14.0,26.0,10.0,315.0,29.0,243.0,129.0,88.0,122.0,37.0,321.0,13.0,13.0,26.0,250.0,14.0,9.0,2.0,20.0,10.0,14.0,15.0,267.0,6.0,11.0,2.0,23.0,2.0,2.0,0.0,23.0,13.0,14.0,1.0,23.0,15.0,23.0,27.0,256.0,32.0,50.0,8.0,53.0,2.0,6.0,1.0,25.0,4.0,6.0,1.0,2.0,4.0,7.0,4.0,28.0,25.0,23.0,4.0,22.0,2.0,5.0,0.0,21.0,17.0,23.0,3.0,13.0,26.0,39.0,22.0,140.0,114.0,246.0,49.0,558.0,7.0,23.0,28.0,330.0,14.0,18.0,4.0,23.0,16.0,22.0,22.0,237.0,14.0,17.0,7.0,38.0,1.0,2.0,2.0,25.0,16.0,18.0,7.0,39.0,24.0,37.0,45.0,335.0,317.0,555.0,47.0,442.0,23.0,47.0,26.0,201.0,16.0,14.0,3.0,17.0,29.0,44.0,18.0,155.0,321.0,318.0,35.0,203.0,18.0,24.0,11.0,112.0,276.0,261.0,23.0,151.0,260.0,326.0,173.0,2143.0,0.9246234363032939,0.07564484139851367,0.8275505342241533,0.8687314835938003,2.876706582215668,13.1628891160915,1.8426262678004304,0.055356488895429594,0.7327826528367061,0.7411212046639435,3.166552428208014,12.392809781787749,mel
1145.0,155.0,219.0,130.0,146.0,40.0,141.0,170.0,117.0,20.0,39.0,23.0,140.0,36.0,211.0,179.0,146.0,22.0,42.0,32.0,45.0,9.0,37.0,27.0,126.0,17.0,61.0,25.0,246.0,43.0,431.0,231.0,207.0,42.0,54.0,34.0,50.0,11.0,27.0,18.0,42.0,8.0,12.0,12.0,44.0,11.0,57.0,38.0,150.0,24.0,28.0,14.0,34.0,12.0,25.0,9.0,236.0,23.0,65.0,24.0,480.0,58.0,405.0,235.0,168.0,46.0,39.0,28.0,19.0,11.0,20.0,42.0,19.0,8.0,9.0,10.0,14.0,7.0,36.0,37.0,28.0,14.0,9.0,4.0,11.0,2.0,7.0,9.0,31.0,9.0,7.0,5.0,44.0,8.0,42.0,39.0,153.0,37.0,35.0,20.0,15.0,7.0,15.0,16.0,24.0,3.0,10.0,6.0,29.0,2.0,26.0,22.0,137.0,36.0,17.0,14.0,31.0,10.0,15.0,21.0,197.0,41.0,34.0,20.0,272.0,47.0,202.0,182.0,115.0,109.0,42.0,187.0,26.0,29.0,40.0,228.0,11.0,15.0,5.0,31.0,19.0,13.0,18.0,195.0,14.0,21.0,6.0,25.0,7.0,7.0,8.0,33.0,14.0,13.0,7.0,17.0,25.0,27.0,50.0,227.0,39.0,56.0,18.0,50.0,4.0,10.0,16.0,39.0,6.0,9.0,4.0,13.0,13.0,9.0,10.0,56.0,37.0,26.0,12.0,24.0,6.0,5.0,8.0,21.0,35.0,18.0,6.0,29.0,53.0,40.0,75.0,236.0,112.0,225.0,55.0,367.0,14.0,38.0,17.0,216.0,12.0,11.0,7.0,59.0,17.0,24.0,30.0,188.0,39.0,47.0,12.0,53.0,10.0,13.0,7.0,54.0,19.0,37.0,13.0,60.0,27.0,49.0,34.0,282.0,204.0,408.0,51.0,357.0,34.0,55.0,20.0,183.0,31.0,51.0,11.0,71.0,20.0,45.0,31.0,213.0,176.0,240.0,37.0,179.0,37.0,44.0,28.0,136.0,206.0,205.0,51.0,201.0,218.0,281.0,206.0,2195.0,1.453931580291039,0.060959764569110814,0.7776365383235122,0.8338890236286036,3.1447858385246645,16.05161335179444,2.7013753713758843,0.04669601315212389,0.6950295633998277,0.6985033450427256,3.365490574083747,15.218394728618792,mel
611.0,85.0,241.0,194.0,83.0,15.0,176.0,201.0,73.0,10.0,31.0,24.0,107.0,15.0,312.0,300.0,91.0,8.0,33.0,20.0,16.0,1.0,16.0,8.0,132.0,13.0,41.0,32.0,238.0,22.0,570.0,294.0,238.0,36.0,65.0,34.0,51.0,2.0,30.0,28.0,36.0,4.0,10.0,1.0,52.0,5.0,43.0,39.0,211.0,18.0,41.0,17.0,18.0,0.0,19.0,14.0,317.0,15.0,56.0,16.0,562.0,45.0,409.0,212.0,94.0,10.0,29.0,21.0,13.0,0.0,17.0,16.0,11.0,2.0,3.0,3.0,13.0,2.0,23.0,20.0,14.0,1.0,4.0,3.0,3.0,0.0,5.0,3.0,20.0,2.0,5.0,5.0,22.0,1.0,43.0,21.0,183.0,26.0,37.0,20.0,22.0,0.0,13.0,5.0,19.0,0.0,1.0,2.0,36.0,1.0,23.0,14.0,193.0,26.0,14.0,9.0,15.0,3.0,17.0,8.0,252.0,17.0,26.0,19.0,337.0,32.0,194.0,129.0,86.0,135.0,29.0,292.0,11.0,13.0,26.0,273.0,17.0,11.0,3.0,23.0,8.0,22.0,18.0,265.0,13.0,10.0,4.0,19.0,3.0,3.0,3.0,15.0,9.0,16.0,5.0,21.0,13.0,20.0,19.0,250.0,29.0,38.0,8.0,41.0,1.0,3.0,1.0,30.0,5.0,4.0,1.0,4.0,3.0,8.0,1.0,29.0,21.0,25.0,2.0,21.0,2.0,3.0,4.0,14.0,18.0,27.0,3.0,17.0,33.0,44.0,24.0,156.0,147.0,274.0,48.0,645.0,8.0,16.0,26.0,314.0,10.0,13.0,2.0,23.0,10.0,19.0,27.0,273.0,11.0,26.0,8.0,33.0,5.0,4.0,0.0,29.0,14.0,22.0,9.0,41.0,19.0,41.0,46.0,351.0,335.0,663.0,47.0,513.0,19.0,50.0,20.0,241.0,23.0,26.0,3.0,32.0,20.0,36.0,25.0,157.0,276.0,348.0,23.0,210.0,17.0,34.0,14.0,128.0,247.0,270.0,27.0,144.0,220.0,339.0,157.0,2125.0,0.9030713848039216,0.07904506354010331,0.8285358171407329,0.8638673947631162,2.8386258680135654,12.364453808480848,1.7940656695010762,0.0578559745471318,0.7335405495556693,0.7324834600570506,3.1257376487214983,11.618680098545113,mel
1547.0,257.0,494.0,303.0,261.0,48.0,267.0,312.0,216.0,49.0,93.0,54.0,209.0,43.0,324.0,392.0,253.0,57.0,78.0,46.0,44.0,9.0,46.0,44.0,224.0,41.0,95.0,59.0,283.0,51.0,501.0,414.0,466.0,69.0,138.0,68.0,64.0,14.0,59.0,33.0,62.0,9.0,22.0,13.0,75.0,13.0,70.0,54.0,277.0,49.0,63.0,39.0,52.0,10.0,34.0,37.0,325.0,41.0,87.0,38.0,456.0,65.0,431.0,285.0,206.0,43.0,58.0,50.0,39.0,15.0,41.0,25.0,37.0,11.0,12.0,10.0,35.0,6.0,47.0,63.0,61.0,8.0,21.0,9.0,15.0,4.0,11.0,10.0,52.0,11.0,13.0,10.0,60.0,16.0,55.0,81.0,302.0,46.0,58.0,43.0,40.0,9.0,28.0,36.0,58.0,9.0,11.0,10.0,41.0,11.0,49.0,37.0,288.0,35.0,50.0,21.0,51.0,15.0,23.0,33.0,340.0,42.0,51.0,30.0,424.0,76.0,320.0,263.0,212.0,219.0,80.0,295.0,41.0,49.0,64.0,375.0,35.0,37.0,19.0,38.0,35.0,45.0,55.0,359.0,37.0,35.0,12.0,34.0,13.0,10.0,10.0,47.0,33.0,31.0,7.0,42.0,27.0,43.0,60.0,416.0,78.0,101.0,28.0,91.0,12.0,14.0,7.0,68.0,16.0,13.0,2.0,19.0,14.0,20.0,11.0,71.0,51.0,66.0,10.0,35.0,13.0,11.0,6.0,40.0,52.0,54.0,17.0,38.0,57.0,70.0,72.0,322.0,207.0,241.0,79.0,431.0,34.0,54.0,52.0,409.0,34.0,36.0,13.0,62.0,32.0,49.0,36.0,414.0,47.0,55.0,5.0,75.0,6.0,20.0,13.0,76.0,47.0,35.0,17.0,71.0,48.0,77.0,65.0,598.0,323.0,463.0,80.0,352.0,49.0,84.0,42.0,309.0,66.0,54.0,22.0,64.0,47.0,62.0,45.0,323.0,358.0,449.0,53.0,286.0,48.0,79.0,32.0,262.0,386.0,370.0,77.0,301.0,367.0,599.0,372.0,3156.0,1.0964218697374528,0.07765477071127878,0.7897827514078779,0.8538934185063253,2.957526338420095,13.912099423807776,2.000410528857764,0.061670121256122354,0.713162927168621,0.7386382064934981,3.178608495180423,13.3071866682666,nv
2426.0,267.0,328.0,171.0,302.0,68.0,182.0,214.0,236.0,49.0,68.0,65.0,142.0,47.0,225.0,324.0,246.0,46.0,72.0,41.0,78.0,28.0,53.0,54.0,137.0,35.0,52.0,49.0,242.0,67.0,328.0,393.0,316.0,64.0,91.0,43.0,64.0,16.0,47.0,49.0,75.0,12.0,35.0,17.0,78.0,19.0,75.0,95.0,174.0,42.0,45.0,18.0,57.0,17.0,32.0,34.0,223.0,46.0,82.0,37.0,413.0,96.0,468.0,335.0,314.0,65.0,72.0,66.0,66.0,22.0,49.0,47.0,48.0,16.0,19.0,21.0,33.0,14.0,39.0,61.0,78.0,16.0,21.0,15.0,25.0,5.0,18.0,24.0,62.0,13.0,15.0,15.0,80.0,30.0,71.0,95.0,215.0,66.0,46.0,27.0,52.0,16.0,33.0,32.0,60.0,17.0,21.0,13.0,44.0,18.0,45.0,48.0,210.0,52.0,46.0,21.0,63.0,15.0,23.0,33.0,327.0,78.0,77.0,53.0,399.0,110.0,288.0,274.0,216.0,118.0,76.0,204.0,51.0,42.0,51.0,314.0,31.0,34.0,25.0,47.0,39.0,31.0,66.0,388.0,67.0,30.0,23.0,43.0,19.0,23.0,26.0,75.0,27.0,20.0,18.0,48.0,43.0,30.0,81.0,408.0,83.0,64.0,33.0,87.0,16.0,24.0,18.0,68.0,18.0,17.0,13.0,27.0,23.0,21.0,28.0,112.0,53.0,37.0,18.0,48.0,15.0,9.0,15.0,57.0,69.0,43.0,29.0,63.0,88.0,72.0,137.0,423.0,164.0,218.0,63.0,445.0,38.0,66.0,45.0,435.0,28.0,50.0,25.0,88.0,21.0,29.0,45.0,356.0,48.0,69.0,15.0,110.0,11.0,36.0,19.0,104.0,32.0,30.0,13.0,55.0,35.0,58.0,74.0,456.0,231.0,344.0,97.0,441.0,51.0,79.0,44.0,267.0,55.0,99.0,26.0,112.0,32.0,59.0,62.0,365.0,299.0,377.0,82.0,346.0,62.0,76.0,49.0,236.0,342.0,386.0,128.0,441.0,339.0,503.0,362.0,3664.0,2.430220164805445,0.05955965938605474,0.7134434903466048,0.7525582400811072,3.428846927653563,17.21254478806295,3.3861691256307087,0.04687190016592203,0.6443617417871096,0.6566098328193012,3.6312300541185696,16.33582322745166,nv
1120.0,210.0,314.0,275.0,143.0,29.0,192.0,269.0,202.0,40.0,56.0,59.0,180.0,28.0,323.0,426.0,211.0,43.0,62.0,39.0,32.0,8.0,30.0,35.0,252.0,34.0,72.0,71.0,250.0,31.0,529.0,455.0,307.0,55.0,68.0,54.0,46.0,8.0,40.0,29.0,43.0,9.0,8.0,6.0,52.0,10.0,52.0,46.0,273.0,49.0,51.0,24.0,28.0,4.0,28.0,36.0,381.0,33.0,74.0,30.0,395.0,42.0,402.0,265.0,144.0,32.0,42.0,35.0,24.0,3.0,32.0,35.0,33.0,10.0,8.0,7.0,27.0,4.0,45.0,48.0,26.0,6.0,9.0,11.0,9.0,0.0,5.0,3.0,28.0,6.0,12.0,8.0,30.0,8.0,66.0,57.0,170.0,30.0,28.0,23.0,27.0,4.0,37.0,36.0,38.0,5.0,4.0,6.0,45.0,6.0,36.0,25.0,271.0,33.0,42.0,20.0,33.0,5.0,28.0,18.0,380.0,32.0,60.0,31.0,453.0,46.0,371.0,269.0,202.0,218.0,44.0,340.0,27.0,28.0,38.0,394.0,29.0,27.0,10.0,54.0,39.0,33.0,46.0,405.0,33.0,32.0,6.0,37.0,7.0,14.0,5.0,32.0,25.0,30.0,9.0,50.0,27.0,29.0,42.0,312.0,75.0,104.0,17.0,66.0,9.0,13.0,10.0,51.0,8.0,10.0,2.0,7.0,11.0,11.0,8.0,48.0,56.0,68.0,9.0,24.0,8.0,8.0,7.0,34.0,50.0,35.0,10.0,23.0,44.0,45.0,38.0,205.0,159.0,234.0,43.0,394.0,29.0,34.0,51.0,456.0,31.0,25.0,8.0,41.0,26.0,39.0,47.0,443.0,16.0,35.0,4.0,42.0,5.0,5.0,4.0,47.0,34.0,23.0,17.0,49.0,31.0,30.0,65.0,382.0,304.0,524.0,53.0,375.0,44.0,72.0,47.0,352.0,35.0,49.0,14.0,48.0,31.0,47.0,33.0,294.0,400.0,441.0,31.0,246.0,45.0,70.0,36.0,261.0,388.0,274.0,43.0,188.0,434.0,379.0,307.0,3300.0,1.1492562074876957,0.09977552589174835,0.8195791412189789,0.8539562230869733,2.765578934103125,14.589260445256965,2.1009494373704465,0.07808303479071861,0.7385339094363303,0.7346333867363052,3.005926373263553,13.733366805590629,nv
235.0,42.0,72.0,46.0,54.0,11.0,55.0,48.0,27.0,4.0,9.0,10.0,38.0,6.0,44.0,59.0,41.0,6.0,14.0,6.0,6.0,1.0,9.0,9.0,44.0,3.0,10.0,8.0,46.0,7.0,58.0,51.0,66.0,11.0,10.0,6.0,16.0,2.0,7.0,6.0,14.0,1.0,0.0,1.0,21.0,1.0,21.0,12.0,39.0,4.0,3.0,3.0,5.0,2.0,2.0,5.0,73.0,5.0,10.0,6.0,146.0,18.0,79.0,62.0,31.0,12.0,9.0,6.0,11.0,0.0,8.0,10.0,5.0,2.0,1.0,0.0,4.0,1.0,9.0,7.0,6.0,2.0,0.0,0.0,3.0,1.0,1.0,1.0,6.0,3.0,0.0,1.0,9.0,4.0,6.0,7.0,44.0,3.0,7.0,9.0,8.0,2.0,7.0,3.0,18.0,2.0,3.0,1.0,9.0,2.0,11.0,5.0,61.0,10.0,7.0,5.0,5.0,2.0,3.0,0.0,110.0,8.0,12.0,9.0,101.0,15.0,59.0,40.0,31.0,35.0,16.0,87.0,4.0,10.0,12.0,94.0,6.0,6.0,2.0,8.0,2.0,4.0,8.0,80.0,8.0,3.0,1.0,7.0,1.0,1.0,2.0,12.0,5.0,3.0,1.0,10.0,8.0,3.0,8.0,60.0,11.0,9.0,1.0,8.0,2.0,1.0,1.0,13.0,4.0,1.0,2.0,4.0,1.0,2.0,3.0,8.0,8.0,6.0,0.0,4.0,1.0,2.0,2.0,6.0,11.0,6.0,3.0,11.0,12.0,10.0,13.0,77.0,46.0,52.0,18.0,133.0,7.0,10.0,7.0,114.0,4.0,6.0,1.0,6.0,3.0,4.0,5.0,59.0,3.0,11.0,2.0,12.0,2.0,2.0,3.0,12.0,7.0,3.0,3.0,12.0,9.0,5.0,7.0,87.0,51.0,94.0,17.0,86.0,10.0,5.0,6.0,53.0,10.0,12.0,2.0,10.0,5.0,11.0,11.0,58.0,61.0,72.0,10.0,57.0,10.0,5.0,9.0,54.0,87.0,53.0,17.0,55.0,61.0,73.0,62.0,875.0,1.9246494263340004,0.12086014635760489,0.8340821511021091,0.8710314686791122,2.817189129015116,27.922157490389807,3.9650494366521043,0.09451921906125586,0.7484871467267542,0.7411180638317643,3.091321289191947,26.667056420864323,nv
459.0,57.0,51.0,18.0,55.0,17.0,21.0,29.0,39.0,11.0,5.0,7.0,26.0,11.0,30.0,70.0,52.0,8.0,11.0,6.0,11.0,6.0,11.0,20.0,25.0,3.0,4.0,4.0,31.0,5.0,49.0,57.0,48.0,9.0,11.0,2.0,12.0,3.0,5.0,8.0,10.0,4.0,3.0,0.0,7.0,4.0,6.0,23.0,19.0,6.0,6.0,1.0,5.0,3.0,4.0,3.0,20.0,8.0,8.0,8.0,48.0,10.0,50.0,52.0,61.0,13.0,10.0,12.0,3.0,6.0,2.0,6.0,6.0,4.0,5.0,4.0,6.0,3.0,4.0,21.0,17.0,4.0,5.0,1.0,5.0,1.0,4.0,9.0,9.0,3.0,2.0,4.0,11.0,4.0,11.0,22.0,15.0,9.0,8.0,6.0,11.0,4.0,1.0,4.0,6.0,3.0,5.0,4.0,7.0,1.0,6.0,17.0,33.0,18.0,5.0,3.0,7.0,5.0,1.0,6.0,32.0,16.0,15.0,10.0,45.0,17.0,60.0,57.0,48.0,16.0,10.0,20.0,14.0,9.0,11.0,47.0,12.0,6.0,6.0,9.0,7.0,9.0,15.0,69.0,14.0,7.0,3.0,6.0,3.0,5.0,5.0,15.0,7.0,5.0,8.0,10.0,7.0,3.0,12.0,41.0,21.0,7.0,3.0,7.0,1.0,3.0,5.0,10.0,4.0,2.0,4.0,6.0,2.0,3.0,6.0,25.0,10.0,4.0,4.0,5.0,3.0,2.0,2.0,13.0,7.0,7.0,4.0,16.0,12.0,8.0,24.0,84.0,19.0,32.0,8.0,25.0,8.0,8.0,3.0,37.0,7.0,8.0,7.0,9.0,4.0,6.0,5.0,48.0,12.0,10.0,4.0,11.0,4.0,2.0,3.0,20.0,6.0,5.0,2.0,11.0,5.0,6.0,12.0,34.0,31.0,45.0,10.0,44.0,11.0,13.0,4.0,43.0,11.0,11.0,8.0,27.0,7.0,10.0,11.0,71.0,72.0,56.0,26.0,51.0,14.0,27.0,9.0,61.0,45.0,45.0,27.0,78.0,50.0,50.0,69.0,1067.0,5.291056434290177,0.07280787347098482,0.6933070781200036,0.7594057552370627,3.4664050111541096,38.69217715887895,7.879833844327956,0.0580941691620207,0.6226127663040468,0.6386293105567008,3.7015221730600456,35.730973974463545,nv
255.0,42.0,30.0,33.0,46.0,9.0,41.0,42.0,75.0,8.0,12.0,8.0,59.0,11.0,45.0,51.0,31.0,7.0,9.0,2.0,13.0,2.0,7.0,7.0,55.0,5.0,17.0,7.0,59.0,10.0,51.0,57.0,36.0,7.0,9.0,10.0,7.0,1.0,5.0,8.0,19.0,1.0,1.0,2.0,6.0,3.0,11.0,7.0,29.0,4.0,7.0,2.0,12.0,0.0,5.0,2.0,77.0,8.0,6.0,7.0,85.0,12.0,71.0,67.0,41.0,18.0,5.0,10.0,12.0,4.0,8.0,9.0,15.0,2.0,3.0,3.0,4.0,1.0,3.0,6.0,8.0,4.0,0.0,2.0,1.0,0.0,1.0,3.0,7.0,0.0,1.0,1.0,8.0,1.0,12.0,8.0,35.0,3.0,3.0,4.0,6.0,2.0,3.0,7.0,17.0,3.0,2.0,6.0,5.0,3.0,4.0,9.0,49.0,7.0,8.0,5.0,10.0,1.0,6.0,4.0,129.0,9.0,10.0,14.0,90.0,9.0,63.0,93.0,68.0,44.0,16.0,73.0,25.0,10.0,26.0,135.0,9.0,6.0,3.0,13.0,8.0,4.0,20.0,75.0,9.0,6.0,3.0,4.0,1.0,1.0,1.0,28.0,7.0,5.0,0.0,11.0,6.0,2.0,11.0,45.0,7.0,7.0,1.0,8.0,1.0,1.0,3.0,8.0,2.0,0.0,0.0,1.0,2.0,5.0,4.0,19.0,14.0,6.0,4.0,7.0,2.0,3.0,5.0,9.0,8.0,8.0,1.0,12.0,13.0,4.0,15.0,71.0,50.0,50.0,10.0,89.0,9.0,5.0,8.0,91.0,6.0,5.0,1.0,15.0,6.0,3.0,11.0,53.0,6.0,8.0,1.0,14.0,1.0,0.0,1.0,16.0,7.0,5.0,2.0,8.0,7.0,0.0,7.0,38.0,56.0,64.0,11.0,87.0,3.0,6.0,7.0,58.0,12.0,11.0,2.0,14.0,8.0,8.0,12.0,69.0,89.0,69.0,5.0,56.0,11.0,7.0,12.0,88.0,76.0,56.0,12.0,54.0,50.0,45.0,56.0,956.0,2.459498401548922,0.11521155776596975,0.824464404073657,0.8454015285701449,2.8596061306777525,29.358389302015638,4.577003357836463,0.09036528359166372,0.7409703488772247,0.7222814809908021,3.120908947251059,28.384452537619108,nv
58.0,4.0,17.0,5.0,7.0,3.0,2.0,9.0,12.0,0.0,3.0,3.0,6.0,1.0,9.0,29.0,5.0,2.0,3.0,0.0,3.0,0.0,0.0,0.0,5.0,0.0,4.0,3.0,11.0,2.0,28.0,17.0,11.0,3.0,3.0,1.0,2.0,2.0,1.0,1.0,2.0,0.0,1.0,0.0,4.0,0.0,1.0,2.0,5.0,2.0,1.0,0.0,2.0,0.0,0.0,2.0,4.0,0.0,2.0,0.0,20.0,2.0,13.0,6.0,6.0,1.0,5.0,1.0,1.0,2.0,0.0,0.0,1.0,0.0,0.0,0.0,0.0,0.0,0.0,0.0,1.0,0.0,1.0,1.0,1.0,0.0,0.0,0.0,3.0,1.0,0.0,0.0,2.0,0.0,2.0,1.0,7.0,0.0,1.0,0.0,2.0,0.0,0.0,1.0,2.0,0.0,0.0,0.0,2.0,0.0,0.0,1.0,9.0,0.0,1.0,0.0,0.0,0.0,1.0,0.0,21.0,1.0,2.0,3.0,10.0,4.0,6.0,3.0,3.0,5.0,1.0,6.0,1.0,0.0,2.0,21.0,7.0,1.0,1.0,1.0,0.0,1.0,2.0,21.0,2.0,3.0,0.0,2.0,0.0,0.0,0.0,1.0,2.0,0.0,0.0,0.0,0.0,0.0,0.0,6.0,0.0,4.0,0.0,1.0,0.0,0.0,0.0,0.0,1.0,0.0,1.0,0.0,0.0,0.0,0.0,2.0,2.0,2.0,0.0,1.0,0.0,0.0,0.0,1.0,2.0,0.0,0.0,1.0,1.0,1.0,4.0,6.0,5.0,6.0,2.0,19.0,1.0,1.0,2.0,13.0,2.0,0.0,0.0,0.0,1.0,0.0,0.0,6.0,1.0,0.0,0.0,2.0,0.0,0.0,1.0,1.0,0.0,1.0,0.0,1.0,2.0,1.0,2.0,8.0,6.0,24.0,1.0,14.0,0.0,1.0,2.0,10.0,1.0,2.0,0.0,1.0,0.0,0.0,0.0,4.0,21.0,14.0,1.0,5.0,1.0,1.0,1.0,2.0,11.0,5.0,2.0,3.0,7.0,13.0,11.0,225.0,3.931754089114495,0.09584029604943996,0.7327179371216456,0.7286589543787865,3.0386436213830557,25.048410560233428,7.975057339449543,0.07828482878387757,0.603928820496077,0.4603821972162204,3.330745022634055,21.583112529327288,vasc
50.0,7.0,9.0,4.0,11.0,1.0,5.0,9.0,12.0,0.0,0.0,2.0,2.0,0.0,8.0,32.0,5.0,1.0,2.0,1.0,2.0,0.0,0.0,0.0,4.0,1.0,5.0,1.0,5.0,0.0,42.0,16.0,10.0,4.0,4.0,1.0,5.0,0.0,2.0,1.0,0.0,0.0,0.0,0.0,6.0,0.0,3.0,2.0,2.0,0.0,1.0,0.0,1.0,0.0,1.0,1.0,13.0,0.0,0.0,0.0,37.0,1.0,15.0,5.0,4.0,0.0,4.0,0.0,3.0,0.0,0.0,1.0,2.0,0.0,1.0,0.0,0.0,0.0,1.0,0.0,1.0,0.0,0.0,0.0,0.0,0.0,1.0,0.0,1.0,0.0,0.0,1.0,0.0,0.0,0.0,1.0,3.0,1.0,2.0,1.0,0.0,0.0,0.0,0.0,3.0,0.0,0.0,0.0,1.0,0.0,0.0,0.0,10.0,0.0,1.0,0.0,1.0,0.0,0.0,0.0,33.0,2.0,0.0,0.0,18.0,2.0,11.0,7.0,8.0,5.0,0.0,7.0,2.0,0.0,5.0,27.0,8.0,0.0,0.0,1.0,1.0,0.0,0.0,15.0,1.0,1.0,0.0,1.0,0.0,0.0,0.0,1.0,0.0,0.0,0.0,0.0,0.0,1.0,2.0,10.0,0.0,4.0,0.0,1.0,0.0,0.0,0.0,0.0,0.0,0.0,0.0,0.0,1.0,0.0,0.0,3.0,1.0,2.0,1.0,1.0,0.0,0.0,0.0,0.0,1.0,1.0,0.0,1.0,1.0,3.0,1.0,6.0,4.0,4.0,4.0,23.0,0.0,0.0,2.0,18.0,2.0,0.0,0.0,0.0,0.0,0.0,0.0,8.0,0.0,0.0,0.0,1.0,0.0,0.0,0.0,1.0,0.0,0.0,0.0,0.0,2.0,3.0,1.0,11.0,9.0,30.0,1.0,13.0,0.0,1.0,0.0,5.0,1.0,0.0,0.0,0.0,0.0,0.0,0.0,2.0,32.0,20.0,1.0,6.0,3.0,1.0,1.0,7.0,19.0,2.0,2.0,5.0,5.0,10.0,3.0,356.0,4.115328109696376,0.10965629589588284,0.7737038837238953,0.7923974347798942,2.878793205985486,35.530888258903865,8.707851031706094,0.08938833418731555,0.6407333142461649,0.5482657184846657,3.207734841775431,29.84512751353855,vasc
67.0,9.0,14.0,2.0,7.0,1.0,6.0,7.0,7.0,1.0,1.0,1.0,5.0,1.0,8.0,15.0,6.0,2.0,3.0,3.0,1.0,0.0,0.0,0.0,2.0,2.0,4.0,2.0,8.0,0.0,20.0,10.0,15.0,2.0,2.0,1.0,4.0,2.0,2.0,1.0,2.0,0.0,0.0,0.0,3.0,0.0,2.0,4.0,5.0,0.0,1.0,0.0,4.0,0.0,1.0,2.0,4.0,0.0,1.0,0.0,15.0,0.0,10.0,6.0,8.0,5.0,5.0,2.0,1.0,3.0,3.0,1.0,0.0,2.0,0.0,1.0,0.0,0.0,0.0,1.0,4.0,0.0,1.0,0.0,1.0,0.0,0.0,0.0,1.0,0.0,0.0,1.0,2.0,0.0,0.0,2.0,3.0,0.0,1.0,0.0,0.0,0.0,0.0,0.0,2.0,0.0,1.0,0.0,2.0,1.0,1.0,1.0,11.0,0.0,1.0,2.0,1.0,1.0,2.0,1.0,19.0,1.0,2.0,2.0,11.0,2.0,5.0,2.0,10.0,4.0,1.0,6.0,0.0,0.0,0.0,17.0,6.0,4.0,0.0,1.0,2.0,0.0,1.0,13.0,1.0,0.0,1.0,0.0,0.0,1.0,0.0,1.0,4.0,1.0,0.0,0.0,2.0,0.0,2.0,8.0,0.0,4.0,0.0,4.0,0.0,0.0,0.0,3.0,1.0,0.0,0.0,0.0,0.0,1.0,0.0,1.0,5.0,3.0,0.0,0.0,1.0,1.0,0.0,1.0,0.0,0.0,1.0,1.0,0.0,1.0,4.0,8.0,2.0,10.0,1.0,23.0,1.0,1.0,0.0,12.0,1.0,0.0,0.0,2.0,0.0,0.0,1.0,9.0,1.0,2.0,0.0,3.0,1.0,0.0,2.0,4.0,1.0,1.0,1.0,0.0,0.0,3.0,0.0,9.0,7.0,23.0,1.0,11.0,0.0,0.0,2.0,6.0,1.0,2.0,0.0,2.0,0.0,1.0,0.0,10.0,25.0,11.0,1.0,6.0,1.0,0.0,1.0,5.0,18.0,5.0,3.0,10.0,6.0,3.0,10.0,225.0,3.9968926553672324,0.06785179067317826,0.6989617747520306,0.7088858352092107,3.2067059263662423,23.46238716524626,7.724662647143268,0.05537198066916052,0.5779794733227431,0.44686551731490737,3.45479762973136,20.205842099714207,vasc
1861.0,228.0,270.0,271.0,247.0,74.0,246.0,360.0,275.0,46.0,68.0,54.0,247.0,50.0,437.0,532.0,232.0,52.0,57.0,41.0,79.0,26.0,65.0,71.0,253.0,47.0,67.0,56.0,371.0,72.0,644.0,531.0,280.0,57.0,50.0,43.0,47.0,14.0,41.0,40.0,60.0,21.0,20.0,13.0,65.0,16.0,94.0,59.0,254.0,44.0,35.0,29.0,43.0,13.0,31.0,39.0,357.0,48.0,83.0,42.0,439.0,82.0,505.0,384.0,234.0,79.0,40.0,46.0,37.0,29.0,37.0,61.0,41.0,14.0,9.0,10.0,39.0,16.0,59.0,88.0,68.0,15.0,13.0,14.0,19.0,8.0,8.0,20.0,57.0,10.0,15.0,16.0,52.0,20.0,85.0,101.0,204.0,47.0,29.0,26.0,42.0,11.0,28.0,45.0,68.0,14.0,10.0,13.0,52.0,11.0,48.0,57.0,277.0,60.0,29.0,39.0,58.0,20.0,38.0,43.0,371.0,66.0,63.0,46.0,400.0,100.0,408.0,378.0,254.0,223.0,85.0,384.0,36.0,45.0,56.0,417.0,43.0,35.0,14.0,66.0,37.0,31.0,74.0,482.0,47.0,38.0,14.0,57.0,8.0,13.0,16.0,75.0,29.0,32.0,15.0,47.0,49.0,33.0,76.0,446.0,79.0,61.0,20.0,88.0,17.0,11.0,13.0,61.0,19.0,16.0,10.0,16.0,16.0,15.0,21.0,123.0,74.0,70.0,11.0,54.0,13.0,10.0,15.0,62.0,63.0,56.0,21.0,71.0,69.0,57.0,107.0,438.0,218.0,271.0,48.0,412.0,40.0,74.0,54.0,426.0,33.0,37.0,10.0,61.0,36.0,44.0,50.0,416.0,48.0,64.0,22.0,74.0,7.0,13.0,12.0,89.0,35.0,36.0,9.0,51.0,25.0,53.0,68.0,391.0,416.0,503.0,56.0,441.0,59.0,74.0,48.0,367.0,50.0,80.0,36.0,111.0,53.0,52.0,68.0,434.0,505.0,502.0,62.0,354.0,96.0,93.0,58.0,347.0,431.0,376.0,90.0,393.0,397.0,340.0,461.0,4025.0,1.128030099044486,0.06998322117625878,0.8004000708949223,0.8517110544119331,3.0291154687013666,14.085917165481098,1.9643576789416801,0.055126572478279144,0.7285211027022639,0.7421466654041703,3.2381483008022376,13.271882581597863,nv
1059.0,122.0,268.0,209.0,119.0,18.0,227.0,276.0,242.0,35.0,77.0,54.0,232.0,19.0,436.0,441.0,130.0,18.0,25.0,28.0,23.0,3.0,20.0,39.0,250.0,27.0,63.0,49.0,272.0,27.0,476.0,461.0,284.0,25.0,51.0,42.0,18.0,3.0,26.0,21.0,54.0,4.0,7.0,4.0,31.0,4.0,39.0,32.0,294.0,35.0,28.0,35.0,24.0,2.0,30.0,32.0,440.0,46.0,49.0,50.0,430.0,37.0,394.0,332.0,118.0,18.0,31.0,25.0,16.0,1.0,23.0,30.0,37.0,5.0,5.0,3.0,29.0,1.0,46.0,51.0,20.0,4.0,3.0,9.0,4.0,0.0,4.0,11.0,29.0,7.0,2.0,3.0,25.0,6.0,67.0,65.0,226.0,20.0,36.0,28.0,30.0,0.0,36.0,23.0,43.0,2.0,8.0,8.0,50.0,4.0,49.0,38.0,303.0,33.0,34.0,25.0,37.0,4.0,21.0,38.0,453.0,42.0,32.0,34.0,466.0,48.0,379.0,359.0,244.0,250.0,51.0,407.0,35.0,29.0,35.0,449.0,48.0,25.0,6.0,41.0,33.0,32.0,46.0,422.0,33.0,28.0,5.0,53.0,8.0,4.0,3.0,41.0,33.0,26.0,4.0,47.0,39.0,27.0,28.0,347.0,51.0,52.0,3.0,45.0,8.0,10.0,9.0,27.0,5.0,13.0,0.0,6.0,6.0,4.0,10.0,26.0,43.0,37.0,9.0,46.0,11.0,3.0,7.0,46.0,55.0,44.0,4.0,35.0,29.0,24.0,25.0,206.0,238.0,222.0,40.0,381.0,35.0,32.0,59.0,419.0,17.0,27.0,9.0,24.0,32.0,35.0,55.0,360.0,21.0,32.0,5.0,47.0,0.0,1.0,5.0,45.0,26.0,34.0,9.0,31.0,33.0,31.0,43.0,338.0,419.0,467.0,32.0,388.0,44.0,53.0,45.0,366.0,50.0,28.0,6.0,33.0,55.0,56.0,39.0,248.0,520.0,485.0,38.0,355.0,46.0,75.0,34.0,323.0,449.0,377.0,42.0,264.0,409.0,364.0,254.0,3396.0,1.0242420930889082,0.0752347825556104,0.8276134628826957,0.8721050098617815,2.9491680387651464,14.992680727453054,1.8710317097688018,0.05732162679366787,0.7476204565552625,0.7667149656556105,3.1985203929655244,14.169703308034945,nv
484.0,46.0,39.0,39.0,69.0,25.0,52.0,50.0,54.0,12.0,15.0,24.0,38.0,14.0,82.0,105.0,56.0,12.0,12.0,9.0,21.0,10.0,13.0,8.0,42.0,6.0,10.0,10.0,47.0,14.0,87.0,105.0,54.0,11.0,10.0,11.0,17.0,3.0,3.0,14.0,15.0,1.0,3.0,6.0,10.0,5.0,10.0,17.0,41.0,8.0,10.0,5.0,8.0,2.0,5.0,7.0,43.0,9.0,19.0,12.0,58.0,11.0,81.0,84.0,62.0,13.0,16.0,9.0,11.0,4.0,16.0,10.0,11.0,7.0,2.0,8.0,9.0,7.0,6.0,13.0,14.0,3.0,2.0,3.0,5.0,0.0,0.0,4.0,12.0,5.0,2.0,2.0,13.0,0.0,16.0,23.0,56.0,15.0,5.0,4.0,7.0,3.0,13.0,8.0,13.0,7.0,6.0,1.0,12.0,3.0,12.0,9.0,71.0,16.0,9.0,10.0,6.0,6.0,9.0,11.0,67.0,11.0,11.0,15.0,56.0,19.0,69.0,65.0,68.0,35.0,12.0,48.0,13.0,8.0,14.0,73.0,7.0,13.0,2.0,16.0,6.0,9.0,20.0,86.0,17.0,11.0,4.0,8.0,4.0,1.0,6.0,10.0,8.0,7.0,4.0,8.0,9.0,12.0,27.0,83.0,19.0,11.0,6.0,16.0,1.0,0.0,5.0,15.0,11.0,1.0,3.0,8.0,5.0,3.0,11.0,29.0,19.0,10.0,7.0,8.0,5.0,2.0,5.0,11.0,13.0,7.0,6.0,12.0,17.0,13.0,16.0,90.0,41.0,57.0,13.0,61.0,6.0,8.0,7.0,57.0,7.0,8.0,4.0,10.0,5.0,0.0,5.0,76.0,18.0,17.0,3.0,13.0,2.0,3.0,3.0,21.0,10.0,6.0,5.0,8.0,7.0,10.0,12.0,86.0,75.0,72.0,15.0,65.0,11.0,17.0,13.0,62.0,18.0,15.0,6.0,21.0,8.0,8.0,14.0,59.0,102.0,91.0,26.0,75.0,13.0,24.0,16.0,77.0,93.0,82.0,38.0,103.0,84.0,91.0,75.0,1270.0,2.4055823322063157,0.07155965436596953,0.7831694212655141,0.8066652957208706,3.0229120277857677,22.479575675775777,4.33629983358657,0.056613097078122836,0.7102845005414812,0.6586670244387584,3.199313857762475,21.071733635529906,nv
235.0,55.0,66.0,72.0,31.0,9.0,57.0,114.0,58.0,8.0,20.0,8.0,50.0,4.0,108.0,150.0,34.0,4.0,8.0,5.0,11.0,1.0,4.0,10.0,67.0,7.0,12.0,6.0,94.0,6.0,141.0,121.0,63.0,5.0,12.0,9.0,5.0,0.0,11.0,8.0,11.0,1.0,1.0,1.0,16.0,0.0,15.0,13.0,72.0,11.0,8.0,11.0,11.0,2.0,8.0,7.0,180.0,12.0,10.0,9.0,144.0,9.0,133.0,79.0,36.0,10.0,11.0,8.0,5.0,0.0,12.0,9.0,10.0,1.0,2.0,0.0,6.0,0.0,13.0,15.0,12.0,0.0,1.0,0.0,2.0,1.0,1.0,0.0,9.0,1.0,1.0,0.0,8.0,3.0,11.0,15.0,62.0,3.0,6.0,5.0,9.0,1.0,8.0,3.0,20.0,3.0,4.0,1.0,10.0,0.0,10.0,9.0,106.0,7.0,6.0,5.0,11.0,1.0,4.0,4.0,230.0,20.0,14.0,12.0,209.0,12.0,100.0,73.0,50.0,59.0,13.0,156.0,16.0,10.0,16.0,222.0,9.0,8.0,2.0,13.0,8.0,13.0,16.0,168.0,8.0,5.0,2.0,8.0,3.0,1.0,1.0,12.0,10.0,8.0,0.0,8.0,6.0,5.0,8.0,113.0,16.0,12.0,0.0,22.0,1.0,2.0,1.0,12.0,2.0,1.0,1.0,4.0,2.0,1.0,3.0,11.0,11.0,9.0,2.0,12.0,5.0,1.0,1.0,9.0,12.0,10.0,1.0,10.0,9.0,6.0,15.0,41.0,70.0,74.0,14.0,194.0,7.0,9.0,17.0,222.0,8.0,5.0,2.0,9.0,5.0,11.0,6.0,115.0,8.0,3.0,1.0,11.0,2.0,0.0,0.0,17.0,8.0,4.0,0.0,6.0,5.0,7.0,7.0,91.0,105.0,117.0,10.0,159.0,15.0,22.0,7.0,105.0,13.0,6.0,3.0,9.0,11.0,10.0,12.0,69.0,141.0,127.0,10.0,104.0,14.0,15.0,15.0,65.0,187.0,101.0,13.0,73.0,108.0,99.0,90.0,1441.0,1.8962615166548544,0.08927660317134632,0.8521592875364679,0.8579270678965446,2.750691082852537,24.797936858501114,3.617610212969039,0.06692899883272904,0.7655338476045778,0.7247076623372375,3.0076919444909547,22.66434331819437,nv
1191.0,155.0,377.0,209.0,175.0,34.0,181.0,175.0,253.0,33.0,60.0,53.0,196.0,27.0,259.0,248.0,170.0,24.0,60.0,29.0,36.0,12.0,30.0,25.0,186.0,34.0,82.0,46.0,211.0,34.0,348.0,321.0,392.0,57.0,105.0,58.0,61.0,17.0,73.0,50.0,75.0,10.0,16.0,11.0,80.0,17.0,73.0,46.0,207.0,21.0,63.0,40.0,40.0,9.0,42.0,38.0,311.0,62.0,78.0,45.0,393.0,81.0,443.0,370.0,175.0,42.0,68.0,30.0,31.0,8.0,34.0,27.0,51.0,14.0,14.0,9.0,31.0,6.0,49.0,56.0,44.0,13.0,11.0,9.0,7.0,7.0,9.0,11.0,38.0,11.0,15.0,13.0,31.0,15.0,59.0,59.0,227.0,42.0,61.0,36.0,34.0,11.0,34.0,40.0,48.0,22.0,17.0,18.0,56.0,9.0,57.0,48.0,169.0,31.0,50.0,37.0,30.0,6.0,41.0,54.0,306.0,53.0,59.0,63.0,363.0,82.0,439.0,395.0,243.0,171.0,78.0,301.0,37.0,31.0,52.0,285.0,38.0,37.0,8.0,49.0,42.0,38.0,42.0,343.0,49.0,31.0,17.0,49.0,6.0,4.0,6.0,47.0,39.0,33.0,16.0,56.0,33.0,33.0,58.0,327.0,59.0,69.0,20.0,60.0,15.0,18.0,11.0,42.0,17.0,15.0,7.0,15.0,16.0,23.0,13.0,55.0,47.0,59.0,13.0,43.0,12.0,10.0,16.0,61.0,46.0,51.0,17.0,61.0,57.0,83.0,62.0,388.0,199.0,218.0,83.0,405.0,37.0,38.0,74.0,351.0,45.0,32.0,13.0,52.0,27.0,37.0,49.0,348.0,37.0,34.0,17.0,80.0,8.0,12.0,9.0,48.0,46.0,43.0,26.0,106.0,44.0,73.0,73.0,598.0,309.0,367.0,68.0,478.0,63.0,67.0,48.0,367.0,47.0,55.0,17.0,86.0,50.0,77.0,71.0,399.0,323.0,381.0,55.0,409.0,66.0,73.0,60.0,436.0,324.0,426.0,93.0,408.0,395.0,633.0,413.0,4426.0,0.7663141138726378,0.28676502414237093,0.9095831532993961,0.825734541084812,1.692781141445536,8.02847653073343,1.5543458582267649,0.2567838163484114,0.8747580159238624,0.672954390026109,1.8259662576169833,7.9510308282289825,nv
997.0,137.0,223.0,163.0,164.0,32.0,149.0,139.0,133.0,18.0,32.0,23.0,142.0,38.0,175.0,170.0,152.0,35.0,43.0,23.0,35.0,7.0,32.0,29.0,138.0,24.0,43.0,27.0,178.0,30.0,227.0,165.0,231.0,54.0,53.0,40.0,26.0,11.0,39.0,24.0,46.0,10.0,6.0,7.0,43.0,11.0,31.0,40.0,155.0,27.0,31.0,8.0,30.0,8.0,13.0,22.0,191.0,20.0,40.0,25.0,236.0,42.0,246.0,153.0,162.0,28.0,58.0,31.0,22.0,9.0,25.0,22.0,25.0,10.0,11.0,3.0,27.0,6.0,24.0,21.0,38.0,13.0,15.0,12.0,5.0,4.0,6.0,12.0,33.0,10.0,11.0,13.0,33.0,10.0,46.0,49.0,151.0,31.0,32.0,26.0,24.0,10.0,19.0,24.0,26.0,10.0,12.0,10.0,30.0,11.0,31.0,30.0,124.0,17.0,31.0,27.0,28.0,14.0,9.0,17.0,133.0,39.0,43.0,41.0,167.0,51.0,193.0,183.0,169.0,134.0,52.0,219.0,25.0,20.0,31.0,210.0,27.0,23.0,7.0,41.0,18.0,24.0,31.0,176.0,32.0,16.0,2.0,20.0,8.0,7.0,9.0,40.0,19.0,21.0,8.0,25.0,27.0,25.0,46.0,181.0,52.0,63.0,19.0,44.0,8.0,13.0,10.0,23.0,15.0,11.0,5.0,9.0,10.0,13.0,13.0,45.0,34.0,19.0,6.0,25.0,5.0,7.0,6.0,54.0,28.0,39.0,14.0,25.0,38.0,48.0,45.0,200.0,106.0,169.0,44.0,296.0,33.0,36.0,24.0,224.0,18.0,26.0,6.0,32.0,20.0,27.0,37.0,205.0,23.0,29.0,9.0,52.0,8.0,12.0,9.0,40.0,34.0,31.0,8.0,50.0,34.0,41.0,49.0,296.0,192.0,241.0,34.0,219.0,28.0,43.0,24.0,185.0,33.0,36.0,6.0,48.0,28.0,59.0,33.0,206.0,181.0,182.0,39.0,150.0,31.0,57.0,30.0,214.0,175.0,178.0,56.0,225.0,178.0,290.0,210.0,2344.0,1.1460680362270816,0.07637799140516961,0.7955818402721724,0.8444568555651264,2.924333461735444,13.59026817956727,2.143485744426862,0.06102782774781888,0.7240870635401634,0.7145606433495229,3.1400723996140325,12.875366382903152,nv
74.0,3.0,13.0,8.0,6.0,0.0,4.0,2.0,6.0,0.0,1.0,0.0,4.0,0.0,7.0,3.0,4.0,1.0,2.0,1.0,3.0,0.0,2.0,0.0,6.0,0.0,0.0,3.0,10.0,2.0,11.0,5.0,10.0,3.0,5.0,0.0,5.0,0.0,1.0,1.0,2.0,0.0,1.0,0.0,9.0,0.0,3.0,2.0,4.0,1.0,0.0,0.0,0.0,0.0,0.0,1.0,11.0,0.0,4.0,2.0,16.0,7.0,13.0,8.0,8.0,0.0,6.0,2.0,1.0,0.0,1.0,0.0,1.0,0.0,0.0,0.0,1.0,1.0,1.0,2.0,1.0,0.0,0.0,0.0,0.0,0.0,0.0,0.0,2.0,0.0,2.0,0.0,2.0,1.0,1.0,3.0,6.0,0.0,0.0,1.0,1.0,0.0,2.0,0.0,1.0,0.0,0.0,0.0,0.0,0.0,0.0,1.0,1.0,1.0,1.0,0.0,1.0,1.0,0.0,0.0,2.0,0.0,2.0,0.0,11.0,3.0,7.0,2.0,7.0,2.0,1.0,7.0,0.0,0.0,0.0,2.0,2.0,0.0,0.0,1.0,0.0,2.0,0.0,2.0,0.0,1.0,0.0,0.0,0.0,0.0,0.0,2.0,1.0,0.0,0.0,0.0,3.0,1.0,1.0,4.0,1.0,1.0,0.0,1.0,0.0,0.0,0.0,1.0,0.0,1.0,0.0,0.0,0.0,0.0,0.0,0.0,0.0,1.0,0.0,1.0,0.0,0.0,0.0,1.0,0.0,0.0,0.0,0.0,2.0,1.0,2.0,8.0,5.0,13.0,3.0,22.0,0.0,1.0,0.0,4.0,0.0,1.0,0.0,2.0,0.0,0.0,1.0,3.0,1.0,1.0,0.0,1.0,0.0,1.0,0.0,0.0,1.0,2.0,0.0,0.0,1.0,2.0,1.0,6.0,2.0,16.0,2.0,13.0,0.0,1.0,1.0,4.0,1.0,0.0,0.0,1.0,1.0,2.0,1.0,6.0,4.0,8.0,1.0,6.0,3.0,2.0,1.0,2.0,4.0,6.0,1.0,3.0,4.0,7.0,7.0,203.0,6.54847032805013,0.038179335845797975,0.5985900441383624,0.667793280661245,3.594365125186927,32.87559876413806,11.588500563697856,0.029927533438093727,0.48380531780378716,0.43989754546825116,3.858156300255847,29.791430803987208,mel
66.0,5.0,9.0,6.0,8.0,0.0,6.0,2.0,7.0,2.0,2.0,1.0,6.0,0.0,9.0,2.0,4.0,1.0,0.0,2.0,2.0,0.0,3.0,0.0,7.0,1.0,2.0,0.0,17.0,2.0,10.0,9.0,11.0,0.0,4.0,0.0,1.0,0.0,2.0,1.0,3.0,0.0,1.0,0.0,2.0,0.0,2.0,1.0,3.0,1.0,0.0,1.0,0.0,0.0,0.0,1.0,15.0,1.0,1.0,0.0,20.0,3.0,17.0,12.0,4.0,0.0,2.0,0.0,2.0,0.0,0.0,0.0,2.0,0.0,0.0,0.0,5.0,0.0,2.0,2.0,0.0,0.0,0.0,0.0,0.0,0.0,0.0,1.0,1.0,1.0,1.0,1.0,1.0,0.0,1.0,1.0,9.0,0.0,4.0,0.0,1.0,0.0,0.0,0.0,1.0,0.0,0.0,0.0,3.0,1.0,1.0,0.0,2.0,2.0,1.0,1.0,0.0,0.0,0.0,0.0,15.0,1.0,2.0,1.0,15.0,1.0,8.0,3.0,3.0,2.0,2.0,12.0,0.0,1.0,2.0,7.0,0.0,0.0,0.0,0.0,2.0,1.0,1.0,3.0,2.0,1.0,1.0,1.0,0.0,0.0,0.0,1.0,0.0,0.0,0.0,1.0,0.0,0.0,2.0,7.0,2.0,1.0,0.0,0.0,0.0,0.0,0.0,0.0,0.0,1.0,0.0,1.0,0.0,0.0,1.0,0.0,1.0,0.0,1.0,0.0,0.0,0.0,0.0,0.0,0.0,5.0,1.0,2.0,1.0,1.0,2.0,3.0,9.0,16.0,2.0,18.0,1.0,1.0,2.0,18.0,1.0,2.0,0.0,1.0,1.0,1.0,1.0,6.0,0.0,1.0,0.0,2.0,0.0,0.0,0.0,1.0,0.0,0.0,0.0,1.0,0.0,0.0,0.0,8.0,2.0,14.0,1.0,18.0,1.0,1.0,0.0,4.0,0.0,2.0,0.0,0.0,0.0,0.0,2.0,2.0,2.0,9.0,0.0,8.0,0.0,1.0,0.0,3.0,7.0,6.0,0.0,4.0,9.0,4.0,4.0,288.0,6.273462783171521,0.0516445680292414,0.6634117653774234,0.7173604334829192,3.370102635374513,38.1185015867031,10.821713147410362,0.03911726930260365,0.5326068699965109,0.5149945193782041,3.6870638383082706,33.80340380399608,mel
57.0,4.0,7.0,1.0,7.0,1.0,8.0,7.0,4.0,0.0,0.0,1.0,5.0,0.0,5.0,4.0,3.0,0.0,1.0,0.0,0.0,0.0,2.0,0.0,6.0,1.0,0.0,0.0,11.0,0.0,5.0,7.0,2.0,3.0,3.0,1.0,2.0,0.0,1.0,0.0,5.0,0.0,0.0,0.0,4.0,0.0,1.0,1.0,4.0,2.0,1.0,0.0,0.0,0.0,0.0,0.0,9.0,2.0,2.0,0.0,20.0,3.0,10.0,7.0,10.0,0.0,5.0,2.0,1.0,0.0,0.0,0.0,2.0,0.0,1.0,0.0,0.0,1.0,0.0,0.0,2.0,0.0,0.0,0.0,0.0,0.0,0.0,0.0,0.0,0.0,0.0,0.0,3.0,1.0,1.0,1.0,6.0,1.0,1.0,1.0,0.0,0.0,0.0,1.0,1.0,1.0,1.0,0.0,3.0,0.0,0.0,0.0,4.0,1.0,0.0,0.0,0.0,0.0,0.0,0.0,11.0,0.0,0.0,0.0,12.0,0.0,4.0,3.0,9.0,5.0,2.0,17.0,2.0,1.0,1.0,13.0,0.0,3.0,0.0,4.0,1.0,0.0,3.0,6.0,0.0,2.0,0.0,2.0,0.0,0.0,0.0,2.0,0.0,0.0,0.0,1.0,0.0,0.0,2.0,6.0,1.0,3.0,0.0,1.0,0.0,0.0,0.0,3.0,0.0,0.0,0.0,0.0,0.0,0.0,0.0,0.0,0.0,1.0,0.0,1.0,1.0,1.0,0.0,0.0,2.0,1.0,0.0,0.0,0.0,1.0,1.0,3.0,3.0,7.0,1.0,23.0,4.0,1.0,5.0,17.0,0.0,1.0,0.0,0.0,2.0,1.0,1.0,5.0,0.0,1.0,0.0,1.0,0.0,0.0,1.0,2.0,0.0,0.0,0.0,3.0,0.0,0.0,2.0,7.0,7.0,10.0,4.0,7.0,0.0,0.0,0.0,5.0,0.0,2.0,0.0,0.0,0.0,2.0,1.0,2.0,4.0,7.0,0.0,13.0,1.0,0.0,1.0,3.0,3.0,6.0,0.0,3.0,3.0,3.0,4.0,270.0,5.488576449912126,0.057251120425251954,0.6736594377722688,0.7617317730666601,3.3255374220274803,40.581993013364794,11.000730994152049,0.039367214484798733,0.5317432943367791,0.5107535603780726,3.6881676630239593,33.96937038319483,mel
1434.0,173.0,144.0,97.0,185.0,50.0,95.0,129.0,149.0,29.0,50.0,43.0,92.0,26.0,142.0,176.0,184.0,27.0,27.0,19.0,52.0,12.0,27.0,38.0,117.0,24.0,28.0,33.0,137.0,30.0,195.0,201.0,163.0,33.0,29.0,24.0,31.0,12.0,27.0,28.0,46.0,12.0,15.0,13.0,38.0,14.0,33.0,47.0,90.0,23.0,26.0,13.0,29.0,9.0,22.0,22.0,115.0,27.0,34.0,25.0,169.0,61.0,204.0,194.0,163.0,44.0,36.0,30.0,37.0,19.0,21.0,31.0,35.0,11.0,8.0,12.0,27.0,14.0,34.0,58.0,58.0,14.0,14.0,12.0,10.0,3.0,10.0,8.0,33.0,12.0,13.0,13.0,36.0,12.0,48.0,42.0,108.0,41.0,28.0,19.0,19.0,6.0,14.0,19.0,29.0,18.0,15.0,5.0,27.0,11.0,29.0,44.0,154.0,52.0,23.0,30.0,32.0,16.0,18.0,26.0,202.0,55.0,40.0,38.0,185.0,67.0,193.0,214.0,146.0,116.0,39.0,121.0,32.0,28.0,31.0,181.0,33.0,20.0,10.0,42.0,18.0,20.0,39.0,213.0,36.0,36.0,10.0,31.0,19.0,18.0,12.0,49.0,19.0,18.0,15.0,18.0,32.0,27.0,58.0,166.0,44.0,39.0,9.0,34.0,12.0,9.0,15.0,49.0,13.0,11.0,4.0,16.0,13.0,14.0,18.0,71.0,37.0,24.0,15.0,27.0,11.0,7.0,13.0,42.0,41.0,26.0,19.0,34.0,55.0,28.0,72.0,243.0,98.0,127.0,31.0,178.0,21.0,30.0,15.0,181.0,20.0,21.0,15.0,52.0,13.0,24.0,22.0,165.0,39.0,33.0,6.0,30.0,9.0,12.0,12.0,58.0,25.0,31.0,13.0,37.0,29.0,21.0,35.0,177.0,143.0,186.0,31.0,185.0,41.0,48.0,23.0,158.0,50.0,52.0,24.0,68.0,23.0,32.0,41.0,243.0,208.0,188.0,55.0,168.0,50.0,81.0,50.0,203.0,227.0,183.0,63.0,235.0,199.0,197.0,242.0,2807.0,2.7186702163970247,0.05341087353461867,0.7138044207032233,0.7617135314210374,3.425825566659087,20.099832509418594,4.03703957935778,0.041971736781793015,0.6469797049293277,0.6466121945245935,3.6126892618015134,18.810605510867223,nv
686.0,107.0,152.0,178.0,74.0,18.0,134.0,233.0,163.0,22.0,39.0,39.0,141.0,14.0,298.0,357.0,99.0,14.0,24.0,14.0,14.0,3.0,21.0,17.0,172.0,17.0,34.0,29.0,199.0,20.0,328.0,295.0,152.0,20.0,29.0,17.0,21.0,5.0,15.0,16.0,26.0,4.0,4.0,7.0,31.0,3.0,22.0,32.0,162.0,15.0,22.0,19.0,26.0,3.0,20.0,26.0,256.0,19.0,25.0,25.0,293.0,29.0,262.0,228.0,73.0,9.0,19.0,25.0,21.0,2.0,14.0,26.0,26.0,5.0,8.0,6.0,22.0,3.0,34.0,41.0,20.0,2.0,4.0,6.0,1.0,0.0,2.0,4.0,18.0,2.0,7.0,3.0,20.0,1.0,23.0,30.0,123.0,15.0,20.0,25.0,13.0,1.0,16.0,17.0,24.0,3.0,7.0,2.0,20.0,8.0,24.0,23.0,198.0,22.0,20.0,17.0,21.0,2.0,16.0,27.0,346.0,29.0,21.0,23.0,262.0,41.0,233.0,243.0,193.0,142.0,28.0,296.0,24.0,20.0,29.0,362.0,20.0,40.0,4.0,33.0,23.0,17.0,32.0,324.0,22.0,22.0,4.0,26.0,5.0,2.0,8.0,23.0,25.0,20.0,5.0,15.0,23.0,19.0,32.0,237.0,35.0,41.0,4.0,27.0,6.0,6.0,2.0,31.0,6.0,7.0,1.0,8.0,4.0,8.0,4.0,35.0,35.0,21.0,7.0,21.0,7.0,8.0,7.0,27.0,22.0,26.0,9.0,26.0,27.0,17.0,33.0,162.0,123.0,172.0,20.0,311.0,16.0,20.0,35.0,295.0,23.0,10.0,4.0,22.0,19.0,28.0,29.0,282.0,13.0,20.0,5.0,31.0,3.0,0.0,1.0,29.0,18.0,24.0,6.0,25.0,20.0,20.0,30.0,184.0,294.0,331.0,35.0,270.0,27.0,26.0,20.0,223.0,17.0,24.0,4.0,23.0,27.0,19.0,23.0,176.0,380.0,317.0,27.0,190.0,35.0,33.0,17.0,219.0,292.0,192.0,23.0,126.0,234.0,201.0,174.0,2610.0,1.4298975237163283,0.08948800612277603,0.83725689181849,0.8360357303941179,2.7885580245493506,16.011677121215154,2.6012674652061674,0.06792264586679991,0.7550294725758964,0.7022834874182794,3.0518459848176103,14.873527215469405,nv
885.0,197.0,259.0,270.0,115.0,31.0,175.0,254.0,158.0,30.0,67.0,59.0,133.0,29.0,432.0,579.0,176.0,47.0,39.0,23.0,30.0,7.0,26.0,24.0,223.0,17.0,81.0,45.0,307.0,35.0,786.0,563.0,348.0,51.0,77.0,48.0,55.0,8.0,46.0,29.0,33.0,5.0,13.0,5.0,62.0,9.0,68.0,42.0,264.0,30.0,48.0,35.0,38.0,3.0,25.0,13.0,395.0,40.0,77.0,33.0,651.0,54.0,683.0,342.0,162.0,36.0,54.0,37.0,27.0,6.0,37.0,33.0,21.0,5.0,6.0,16.0,30.0,4.0,29.0,34.0,54.0,5.0,13.0,4.0,8.0,3.0,2.0,6.0,31.0,8.0,14.0,6.0,34.0,5.0,66.0,55.0,216.0,39.0,59.0,26.0,20.0,4.0,29.0,24.0,33.0,3.0,12.0,7.0,43.0,2.0,35.0,40.0,266.0,24.0,53.0,26.0,27.0,3.0,24.0,13.0,404.0,33.0,51.0,29.0,560.0,46.0,413.0,243.0,174.0,204.0,51.0,410.0,21.0,21.0,32.0,376.0,31.0,28.0,6.0,40.0,23.0,30.0,31.0,507.0,30.0,30.0,5.0,41.0,4.0,5.0,2.0,27.0,19.0,20.0,9.0,34.0,25.0,28.0,52.0,371.0,53.0,88.0,14.0,73.0,7.0,10.0,5.0,65.0,11.0,4.0,6.0,16.0,6.0,12.0,10.0,64.0,78.0,65.0,6.0,41.0,4.0,4.0,6.0,28.0,42.0,31.0,5.0,41.0,56.0,55.0,85.0,285.0,156.0,386.0,70.0,808.0,21.0,33.0,37.0,578.0,19.0,24.0,7.0,59.0,14.0,34.0,44.0,437.0,33.0,36.0,11.0,66.0,6.0,7.0,3.0,48.0,26.0,30.0,6.0,62.0,36.0,43.0,62.0,447.0,424.0,872.0,59.0,844.0,30.0,81.0,43.0,456.0,45.0,58.0,12.0,69.0,43.0,60.0,42.0,352.0,508.0,570.0,50.0,370.0,41.0,54.0,46.0,284.0,441.0,401.0,85.0,338.0,458.0,527.0,408.0,3489.0,0.7630115263544058,0.09662350826199549,0.8807642749436573,0.9045509436580844,2.7168483038722644,15.224816024735512,1.5102011744408745,0.07601909563847982,0.8161234496404428,0.8153028843436531,2.9546908812520485,14.843071794377991,mel
2063.0,331.0,196.0,174.0,286.0,122.0,149.0,281.0,266.0,99.0,60.0,96.0,175.0,84.0,220.0,475.0,317.0,66.0,46.0,50.0,107.0,38.0,50.0,75.0,194.0,38.0,87.0,70.0,184.0,43.0,281.0,332.0,189.0,66.0,37.0,22.0,42.0,26.0,17.0,47.0,85.0,30.0,14.0,29.0,42.0,17.0,53.0,107.0,160.0,44.0,32.0,19.0,78.0,11.0,40.0,41.0,197.0,34.0,54.0,42.0,201.0,59.0,256.0,297.0,287.0,108.0,52.0,58.0,55.0,35.0,32.0,87.0,74.0,24.0,27.0,34.0,41.0,27.0,51.0,105.0,107.0,30.0,19.0,21.0,31.0,21.0,22.0,35.0,66.0,27.0,23.0,17.0,67.0,28.0,59.0,108.0,137.0,58.0,20.0,32.0,26.0,18.0,13.0,35.0,58.0,30.0,12.0,35.0,36.0,16.0,41.0,82.0,242.0,66.0,37.0,43.0,58.0,23.0,46.0,71.0,308.0,93.0,89.0,72.0,331.0,98.0,303.0,470.0,239.0,153.0,76.0,224.0,82.0,71.0,66.0,432.0,64.0,29.0,28.0,91.0,47.0,39.0,85.0,509.0,85.0,49.0,16.0,45.0,30.0,25.0,27.0,95.0,38.0,23.0,20.0,40.0,42.0,33.0,87.0,305.0,68.0,75.0,15.0,61.0,20.0,25.0,23.0,106.0,24.0,21.0,13.0,44.0,22.0,33.0,28.0,181.0,87.0,47.0,24.0,39.0,42.0,33.0,32.0,86.0,90.0,40.0,38.0,59.0,75.0,60.0,164.0,537.0,151.0,201.0,35.0,218.0,39.0,56.0,47.0,306.0,49.0,32.0,14.0,68.0,24.0,23.0,60.0,337.0,72.0,56.0,19.0,39.0,14.0,27.0,20.0,97.0,47.0,33.0,20.0,40.0,34.0,40.0,66.0,285.0,225.0,337.0,41.0,254.0,39.0,61.0,38.0,297.0,81.0,79.0,39.0,153.0,44.0,76.0,70.0,516.0,408.0,310.0,73.0,254.0,104.0,107.0,85.0,401.0,407.0,260.0,174.0,471.0,316.0,266.0,564.0,3928.0,1.4486208251473471,0.07580526911660838,0.8094017247910492,0.8353197631961499,3.089092873557281,16.144514249983594,2.2037261889743913,0.062250900766823616,0.7578070869278496,0.7538626168098683,3.2658119610285556,15.702746695496764,mel
2546.0,317.0,222.0,143.0,345.0,110.0,136.0,174.0,262.0,51.0,70.0,44.0,108.0,74.0,136.0,232.0,353.0,64.0,63.0,39.0,160.0,40.0,75.0,66.0,166.0,39.0,52.0,41.0,268.0,80.0,330.0,270.0,214.0,71.0,36.0,38.0,74.0,31.0,26.0,40.0,75.0,20.0,33.0,24.0,70.0,27.0,72.0,83.0,140.0,45.0,41.0,17.0,81.0,35.0,52.0,35.0,210.0,48.0,88.0,44.0,430.0,94.0,495.0,325.0,306.0,137.0,61.0,77.0,81.0,50.0,38.0,78.0,71.0,39.0,19.0,32.0,42.0,40.0,49.0,77.0,122.0,48.0,35.0,25.0,58.0,33.0,20.0,41.0,74.0,28.0,31.0,25.0,83.0,37.0,92.0,106.0,121.0,64.0,30.0,30.0,36.0,23.0,15.0,20.0,64.0,28.0,30.0,34.0,47.0,32.0,36.0,78.0,191.0,59.0,43.0,24.0,64.0,22.0,39.0,45.0,338.0,85.0,96.0,70.0,400.0,137.0,373.0,416.0,204.0,153.0,64.0,188.0,62.0,61.0,68.0,296.0,49.0,37.0,31.0,73.0,25.0,45.0,72.0,288.0,68.0,33.0,21.0,49.0,42.0,32.0,36.0,95.0,31.0,15.0,18.0,45.0,70.0,40.0,101.0,294.0,56.0,51.0,19.0,70.0,30.0,32.0,31.0,107.0,23.0,17.0,22.0,33.0,23.0,31.0,41.0,203.0,50.0,23.0,23.0,40.0,33.0,25.0,31.0,79.0,71.0,34.0,49.0,83.0,118.0,74.0,263.0,629.0,137.0,263.0,52.0,382.0,31.0,86.0,49.0,354.0,35.0,52.0,28.0,100.0,16.0,44.0,40.0,304.0,51.0,70.0,27.0,93.0,28.0,30.0,26.0,148.0,25.0,36.0,31.0,72.0,28.0,43.0,71.0,326.0,174.0,324.0,76.0,418.0,37.0,66.0,36.0,337.0,55.0,94.0,55.0,252.0,49.0,55.0,72.0,625.0,212.0,265.0,66.0,298.0,71.0,90.0,64.0,329.0,322.0,266.0,177.0,531.0,323.0,331.0,660.0,4435.0,2.495024210557587,0.06935157074538341,0.7659279368347539,0.7516403917805163,3.2471693889843145,17.597004670021494,3.23708680382083,0.05679679863198271,0.7172470161211482,0.678690293999991,3.427225023455728,16.91223793410502,mel
413.0,61.0,122.0,58.0,49.0,12.0,58.0,57.0,65.0,6.0,21.0,18.0,58.0,11.0,109.0,68.0,53.0,8.0,20.0,7.0,5.0,2.0,12.0,9.0,73.0,9.0,16.0,12.0,119.0,7.0,176.0,102.0,109.0,14.0,36.0,17.0,20.0,2.0,16.0,6.0,16.0,1.0,1.0,2.0,21.0,3.0,14.0,15.0,52.0,3.0,14.0,14.0,8.0,5.0,11.0,13.0,136.0,15.0,16.0,17.0,178.0,17.0,130.0,80.0,66.0,12.0,15.0,18.0,6.0,3.0,8.0,13.0,6.0,3.0,0.0,2.0,6.0,0.0,19.0,7.0,14.0,0.0,1.0,1.0,0.0,1.0,4.0,0.0,7.0,2.0,4.0,2.0,8.0,1.0,27.0,18.0,79.0,19.0,12.0,11.0,10.0,8.0,7.0,5.0,8.0,1.0,3.0,0.0,8.0,6.0,6.0,9.0,55.0,13.0,10.0,13.0,11.0,2.0,11.0,13.0,63.0,11.0,14.0,6.0,92.0,21.0,103.0,88.0,69.0,66.0,21.0,83.0,8.0,11.0,7.0,59.0,7.0,3.0,3.0,11.0,4.0,8.0,9.0,60.0,10.0,6.0,1.0,5.0,2.0,3.0,4.0,12.0,7.0,6.0,2.0,8.0,18.0,12.0,16.0,85.0,22.0,22.0,4.0,17.0,0.0,1.0,7.0,15.0,2.0,1.0,5.0,2.0,2.0,3.0,2.0,19.0,4.0,10.0,3.0,9.0,1.0,5.0,1.0,9.0,10.0,12.0,5.0,13.0,20.0,19.0,12.0,62.0,50.0,90.0,22.0,167.0,8.0,15.0,11.0,83.0,8.0,9.0,3.0,18.0,5.0,10.0,14.0,77.0,6.0,20.0,3.0,23.0,2.0,5.0,3.0,15.0,11.0,14.0,2.0,20.0,11.0,18.0,23.0,137.0,91.0,160.0,27.0,141.0,13.0,26.0,8.0,75.0,10.0,15.0,1.0,22.0,11.0,23.0,17.0,74.0,63.0,102.0,22.0,74.0,9.0,22.0,9.0,56.0,66.0,83.0,17.0,93.0,79.0,138.0,76.0,1122.0,1.3710182114024658,0.05992968239288313,0.7997527474302278,0.854370298999483,3.087420690173054,17.457808627946793,2.4549815381702276,0.04688751083445986,0.7209711429479138,0.7398782108096517,3.3156326793831683,16.420650109694126,nv
266.0,23.0,52.0,54.0,41.0,6.0,66.0,92.0,99.0,9.0,10.0,15.0,77.0,6.0,88.0,188.0,27.0,2.0,4.0,3.0,6.0,0.0,4.0,11.0,67.0,3.0,5.0,4.0,48.0,8.0,78.0,94.0,46.0,9.0,4.0,2.0,5.0,2.0,8.0,9.0,13.0,2.0,2.0,0.0,12.0,1.0,5.0,9.0,64.0,9.0,2.0,3.0,3.0,1.0,7.0,10.0,141.0,10.0,11.0,9.0,106.0,9.0,60.0,85.0,42.0,2.0,11.0,6.0,3.0,0.0,5.0,5.0,12.0,1.0,0.0,2.0,9.0,1.0,8.0,14.0,5.0,0.0,0.0,0.0,0.0,1.0,2.0,1.0,10.0,1.0,2.0,0.0,5.0,1.0,1.0,14.0,50.0,7.0,6.0,7.0,4.0,1.0,5.0,4.0,21.0,2.0,2.0,4.0,5.0,2.0,11.0,6.0,106.0,5.0,7.0,15.0,5.0,0.0,7.0,20.0,235.0,19.0,10.0,13.0,151.0,14.0,95.0,114.0,101.0,68.0,9.0,104.0,19.0,10.0,28.0,257.0,17.0,14.0,4.0,12.0,15.0,8.0,20.0,178.0,9.0,6.0,1.0,8.0,0.0,4.0,3.0,16.0,12.0,10.0,2.0,5.0,7.0,3.0,7.0,77.0,10.0,9.0,0.0,9.0,1.0,2.0,0.0,7.0,5.0,3.0,0.0,1.0,1.0,1.0,2.0,8.0,16.0,5.0,0.0,9.0,3.0,0.0,1.0,9.0,8.0,14.0,0.0,7.0,10.0,6.0,11.0,81.0,63.0,42.0,4.0,79.0,9.0,4.0,6.0,119.0,12.0,7.0,0.0,4.0,8.0,10.0,7.0,76.0,8.0,3.0,2.0,4.0,2.0,1.0,2.0,17.0,10.0,10.0,1.0,7.0,4.0,10.0,4.0,53.0,107.0,88.0,3.0,85.0,5.0,7.0,7.0,93.0,11.0,10.0,2.0,4.0,8.0,7.0,7.0,52.0,184.0,86.0,8.0,75.0,8.0,8.0,16.0,94.0,171.0,72.0,14.0,59.0,92.0,51.0,48.0,1248.0,1.6302872420648522,0.0665099922728377,0.8303613649598073,0.8476071927538409,2.995041175993007,19.765568264835306,3.0524786383920848,0.04926527921604207,0.7376705264027611,0.7125173249787033,3.264323271595001,18.183435060866195,nv
322.0,40.0,74.0,86.0,46.0,8.0,63.0,71.0,64.0,10.0,20.0,9.0,57.0,6.0,161.0,193.0,51.0,5.0,9.0,11.0,8.0,1.0,10.0,6.0,70.0,4.0,26.0,20.0,86.0,7.0,283.0,193.0,56.0,20.0,15.0,8.0,10.0,2.0,9.0,11.0,10.0,3.0,1.0,3.0,10.0,2.0,18.0,7.0,80.0,9.0,11.0,7.0,10.0,1.0,5.0,3.0,98.0,9.0,10.0,11.0,133.0,9.0,153.0,111.0,33.0,14.0,7.0,5.0,7.0,1.0,10.0,4.0,4.0,0.0,1.0,1.0,4.0,2.0,10.0,19.0,6.0,1.0,0.0,0.0,0.0,0.0,1.0,0.0,8.0,2.0,0.0,4.0,10.0,2.0,15.0,13.0,57.0,12.0,6.0,9.0,7.0,1.0,4.0,8.0,14.0,0.0,1.0,4.0,6.0,1.0,11.0,13.0,86.0,10.0,11.0,6.0,11.0,1.0,6.0,10.0,103.0,11.0,13.0,10.0,100.0,8.0,81.0,91.0,67.0,70.0,9.0,108.0,7.0,8.0,9.0,92.0,9.0,10.0,2.0,11.0,11.0,6.0,22.0,137.0,5.0,11.0,0.0,12.0,1.0,3.0,2.0,13.0,8.0,6.0,3.0,9.0,4.0,12.0,15.0,123.0,19.0,26.0,7.0,9.0,2.0,3.0,3.0,12.0,3.0,1.0,1.0,1.0,1.0,2.0,2.0,9.0,21.0,25.0,2.0,10.0,2.0,1.0,2.0,6.0,11.0,14.0,1.0,5.0,2.0,6.0,10.0,81.0,63.0,127.0,9.0,140.0,7.0,4.0,4.0,105.0,11.0,10.0,2.0,10.0,8.0,13.0,13.0,105.0,6.0,14.0,2.0,10.0,0.0,1.0,0.0,18.0,4.0,8.0,0.0,12.0,9.0,9.0,13.0,99.0,176.0,279.0,12.0,187.0,14.0,20.0,8.0,109.0,15.0,18.0,0.0,13.0,6.0,15.0,15.0,65.0,189.0,173.0,12.0,116.0,7.0,14.0,5.0,86.0,117.0,128.0,10.0,62.0,100.0,108.0,65.0,1413.0,1.7522726616836461,0.07337459573441352,0.8401357975355895,0.8353455277208736,2.910095123687288,19.53196744948872,3.073946015050702,0.05482461827520842,0.7518834415817878,0.7107614344596496,3.1708390867891723,18.181490716271817,nv
127.0,28.0,29.0,26.0,12.0,3.0,19.0,16.0,9.0,1.0,3.0,2.0,17.0,2.0,39.0,37.0,19.0,4.0,8.0,1.0,7.0,1.0,5.0,5.0,14.0,3.0,14.0,4.0,41.0,3.0,104.0,57.0,29.0,10.0,7.0,3.0,3.0,0.0,3.0,2.0,3.0,0.0,1.0,0.0,4.0,2.0,8.0,1.0,18.0,3.0,4.0,0.0,4.0,1.0,2.0,2.0,35.0,1.0,9.0,3.0,90.0,4.0,72.0,20.0,15.0,2.0,3.0,3.0,2.0,0.0,1.0,1.0,1.0,0.0,0.0,0.0,2.0,0.0,1.0,3.0,2.0,0.0,1.0,0.0,0.0,0.0,0.0,0.0,3.0,0.0,0.0,2.0,4.0,0.0,3.0,3.0,12.0,2.0,4.0,2.0,2.0,0.0,1.0,0.0,3.0,0.0,0.0,0.0,2.0,0.0,6.0,0.0,27.0,1.0,1.0,0.0,3.0,0.0,2.0,0.0,51.0,2.0,4.0,2.0,51.0,1.0,23.0,17.0,11.0,12.0,4.0,39.0,1.0,1.0,2.0,28.0,2.0,3.0,0.0,4.0,0.0,3.0,4.0,29.0,4.0,3.0,0.0,1.0,0.0,0.0,0.0,1.0,0.0,3.0,0.0,2.0,0.0,2.0,3.0,15.0,6.0,18.0,4.0,8.0,0.0,0.0,0.0,1.0,0.0,0.0,0.0,2.0,1.0,1.0,0.0,4.0,3.0,2.0,0.0,2.0,0.0,0.0,0.0,2.0,5.0,2.0,0.0,3.0,5.0,3.0,4.0,13.0,8.0,45.0,6.0,85.0,2.0,5.0,0.0,52.0,1.0,0.0,0.0,2.0,1.0,3.0,6.0,41.0,1.0,4.0,0.0,2.0,0.0,0.0,1.0,2.0,2.0,1.0,0.0,4.0,1.0,1.0,5.0,28.0,22.0,97.0,5.0,73.0,2.0,7.0,3.0,29.0,4.0,5.0,0.0,2.0,2.0,4.0,3.0,16.0,37.0,46.0,4.0,18.0,4.0,3.0,4.0,8.0,50.0,27.0,2.0,13.0,39.0,31.0,16.0,504.0,2.99645049884881,0.05154490195157405,0.7697199758432762,0.8327607811750525,3.293732422215533,32.83785343897636,6.094037809015998,0.03473325581083885,0.6327658699250207,0.6660372972119116,3.6805904497057744,30.40128192663056,mel
90.0,8.0,22.0,21.0,9.0,1.0,16.0,45.0,8.0,3.0,4.0,3.0,16.0,1.0,18.0,43.0,11.0,1.0,3.0,1.0,3.0,1.0,1.0,1.0,11.0,1.0,4.0,2.0,43.0,3.0,91.0,42.0,21.0,1.0,13.0,4.0,3.0,0.0,3.0,2.0,5.0,0.0,1.0,0.0,4.0,0.0,5.0,0.0,14.0,3.0,2.0,2.0,2.0,0.0,0.0,0.0,41.0,1.0,3.0,2.0,110.0,3.0,75.0,17.0,8.0,2.0,7.0,2.0,2.0,0.0,0.0,1.0,2.0,0.0,1.0,0.0,1.0,0.0,1.0,1.0,1.0,0.0,0.0,0.0,0.0,0.0,0.0,1.0,0.0,1.0,0.0,0.0,3.0,0.0,1.0,0.0,12.0,2.0,0.0,3.0,3.0,0.0,3.0,1.0,8.0,0.0,0.0,0.0,7.0,0.0,1.0,0.0,29.0,2.0,1.0,0.0,2.0,0.0,0.0,1.0,69.0,3.0,0.0,0.0,78.0,0.0,22.0,6.0,11.0,9.0,3.0,47.0,2.0,1.0,2.0,54.0,1.0,1.0,0.0,4.0,1.0,1.0,1.0,54.0,1.0,3.0,0.0,1.0,0.0,0.0,0.0,0.0,0.0,1.0,0.0,1.0,1.0,2.0,4.0,25.0,5.0,3.0,1.0,1.0,0.0,0.0,1.0,2.0,1.0,0.0,1.0,0.0,0.0,1.0,1.0,2.0,1.0,4.0,0.0,0.0,0.0,0.0,0.0,3.0,3.0,0.0,1.0,2.0,3.0,4.0,2.0,5.0,13.0,29.0,8.0,124.0,1.0,0.0,3.0,80.0,0.0,6.0,0.0,1.0,0.0,1.0,2.0,28.0,1.0,0.0,0.0,2.0,1.0,0.0,0.0,0.0,1.0,1.0,0.0,2.0,1.0,1.0,1.0,17.0,24.0,55.0,3.0,57.0,2.0,0.0,0.0,16.0,1.0,1.0,0.0,1.0,2.0,0.0,1.0,5.0,61.0,54.0,2.0,17.0,1.0,1.0,2.0,5.0,70.0,26.0,2.0,9.0,21.0,16.0,10.0,657.0,3.5847290640394087,0.051477075396151296,0.7735451439594526,0.8419466821676758,3.3258964276361,41.77628091921668,7.110308140118439,0.03439838715099729,0.6224091413386056,0.681289166009076,3.745782609655556,37.50887252018456,mel
122.0,21.0,27.0,24.0,19.0,1.0,14.0,34.0,11.0,3.0,3.0,2.0,9.0,0.0,22.0,38.0,26.0,4.0,10.0,3.0,3.0,0.0,1.0,1.0,13.0,3.0,16.0,4.0,53.0,5.0,96.0,43.0,32.0,9.0,6.0,2.0,4.0,0.0,3.0,1.0,4.0,0.0,4.0,0.0,5.0,1.0,6.0,4.0,19.0,2.0,5.0,0.0,1.0,0.0,3.0,0.0,41.0,2.0,10.0,2.0,75.0,4.0,70.0,23.0,19.0,7.0,4.0,4.0,2.0,0.0,3.0,2.0,2.0,0.0,0.0,0.0,4.0,0.0,3.0,4.0,2.0,1.0,0.0,1.0,0.0,0.0,0.0,0.0,0.0,0.0,0.0,0.0,3.0,0.0,4.0,2.0,19.0,5.0,2.0,2.0,0.0,0.0,4.0,2.0,3.0,0.0,0.0,0.0,2.0,0.0,2.0,3.0,21.0,2.0,3.0,2.0,2.0,0.0,0.0,0.0,28.0,2.0,1.0,1.0,54.0,2.0,32.0,9.0,10.0,14.0,2.0,39.0,1.0,3.0,4.0,47.0,1.0,0.0,0.0,2.0,0.0,4.0,4.0,46.0,2.0,3.0,0.0,0.0,0.0,0.0,0.0,2.0,4.0,3.0,0.0,3.0,0.0,0.0,5.0,22.0,4.0,12.0,2.0,7.0,1.0,0.0,0.0,4.0,0.0,0.0,0.0,0.0,0.0,0.0,1.0,5.0,3.0,5.0,0.0,3.0,1.0,1.0,0.0,1.0,4.0,1.0,2.0,3.0,3.0,3.0,5.0,14.0,16.0,39.0,5.0,92.0,1.0,4.0,2.0,49.0,0.0,0.0,0.0,8.0,1.0,0.0,2.0,47.0,2.0,1.0,1.0,6.0,0.0,0.0,0.0,1.0,1.0,2.0,1.0,4.0,3.0,1.0,2.0,31.0,43.0,106.0,6.0,66.0,1.0,5.0,3.0,26.0,2.0,2.0,0.0,4.0,2.0,5.0,2.0,16.0,38.0,57.0,2.0,21.0,2.0,0.0,0.0,12.0,30.0,20.0,3.0,15.0,42.0,27.0,17.0,487.0,3.413531669865643,0.05065870207522076,0.7663538047876429,0.827985564293293,3.310597689810721,36.275366018766505,6.940548928328968,0.03429223988200314,0.6309578099614119,0.6584157362592447,3.6917458300697277,33.69685545512638,mel
556.0,74.0,144.0,70.0,103.0,25.0,81.0,84.0,72.0,13.0,19.0,15.0,84.0,6.0,110.0,97.0,87.0,11.0,17.0,12.0,28.0,7.0,17.0,17.0,54.0,18.0,30.0,14.0,126.0,23.0,244.0,115.0,142.0,15.0,30.0,19.0,32.0,1.0,13.0,14.0,33.0,8.0,8.0,6.0,46.0,6.0,23.0,9.0,98.0,7.0,11.0,10.0,18.0,7.0,15.0,14.0,125.0,18.0,22.0,16.0,277.0,25.0,180.0,101.0,108.0,17.0,29.0,16.0,21.0,7.0,14.0,10.0,43.0,9.0,6.0,3.0,13.0,3.0,16.0,16.0,16.0,3.0,6.0,2.0,1.0,0.0,1.0,4.0,11.0,5.0,3.0,2.0,21.0,9.0,28.0,17.0,66.0,21.0,14.0,10.0,8.0,3.0,2.0,7.0,52.0,3.0,9.0,3.0,15.0,1.0,8.0,13.0,40.0,13.0,10.0,7.0,9.0,5.0,7.0,9.0,153.0,23.0,10.0,20.0,171.0,34.0,72.0,95.0,66.0,62.0,22.0,103.0,33.0,18.0,55.0,156.0,12.0,10.0,4.0,15.0,9.0,4.0,19.0,102.0,13.0,9.0,5.0,9.0,3.0,8.0,10.0,30.0,9.0,3.0,2.0,15.0,7.0,10.0,23.0,103.0,17.0,24.0,4.0,18.0,2.0,3.0,4.0,11.0,3.0,2.0,3.0,2.0,2.0,2.0,4.0,22.0,12.0,15.0,2.0,12.0,2.0,5.0,5.0,26.0,14.0,11.0,3.0,15.0,20.0,25.0,31.0,124.0,49.0,85.0,41.0,146.0,5.0,14.0,15.0,121.0,4.0,4.0,3.0,17.0,12.0,9.0,10.0,103.0,17.0,19.0,6.0,35.0,1.0,3.0,3.0,15.0,13.0,17.0,6.0,24.0,9.0,18.0,17.0,140.0,84.0,196.0,23.0,108.0,5.0,29.0,8.0,93.0,14.0,23.0,5.0,11.0,13.0,23.0,19.0,94.0,100.0,123.0,20.0,64.0,14.0,20.0,12.0,79.0,86.0,83.0,21.0,122.0,75.0,142.0,95.0,1248.0,3.8830817751745883,0.050173283628606326,0.6569450118736957,0.7123321478948226,3.7140698485072936,23.113899269164353,6.5676254821388085,0.03862498119595017,0.55903602601617,0.5146339745125017,3.948087706208482,20.49494230077234,nv
441.0,70.0,103.0,88.0,57.0,9.0,59.0,72.0,64.0,8.0,17.0,17.0,66.0,10.0,144.0,186.0,56.0,13.0,9.0,8.0,12.0,0.0,6.0,10.0,95.0,11.0,22.0,15.0,106.0,19.0,266.0,177.0,93.0,8.0,30.0,12.0,29.0,3.0,11.0,9.0,12.0,3.0,3.0,2.0,25.0,2.0,17.0,10.0,89.0,12.0,16.0,4.0,7.0,4.0,7.0,7.0,94.0,11.0,13.0,8.0,190.0,23.0,164.0,79.0,54.0,13.0,34.0,7.0,5.0,1.0,12.0,12.0,3.0,3.0,2.0,2.0,8.0,0.0,7.0,21.0,5.0,2.0,2.0,1.0,0.0,1.0,2.0,1.0,9.0,1.0,4.0,3.0,8.0,3.0,22.0,13.0,54.0,10.0,10.0,8.0,7.0,2.0,8.0,3.0,10.0,0.0,0.0,1.0,16.0,1.0,8.0,10.0,62.0,5.0,9.0,7.0,12.0,1.0,7.0,7.0,87.0,13.0,9.0,8.0,105.0,7.0,76.0,67.0,62.0,72.0,13.0,97.0,5.0,10.0,10.0,95.0,7.0,4.0,4.0,11.0,3.0,8.0,18.0,108.0,8.0,11.0,3.0,9.0,3.0,3.0,1.0,17.0,8.0,7.0,1.0,7.0,8.0,10.0,11.0,83.0,15.0,24.0,2.0,15.0,6.0,0.0,1.0,11.0,1.0,1.0,0.0,1.0,1.0,1.0,1.0,11.0,18.0,13.0,3.0,8.0,2.0,2.0,0.0,9.0,14.0,15.0,1.0,5.0,9.0,19.0,12.0,77.0,47.0,88.0,43.0,214.0,6.0,12.0,10.0,106.0,6.0,6.0,2.0,14.0,7.0,6.0,11.0,97.0,10.0,13.0,1.0,20.0,3.0,3.0,2.0,10.0,10.0,9.0,0.0,27.0,13.0,18.0,12.0,114.0,94.0,198.0,14.0,126.0,11.0,24.0,9.0,78.0,17.0,11.0,1.0,22.0,7.0,7.0,13.0,90.0,173.0,110.0,13.0,77.0,23.0,18.0,16.0,60.0,113.0,59.0,4.0,67.0,94.0,112.0,74.0,1342.0,3.5641468556037,0.05603343957028811,0.6906182361697395,0.7653619699129607,3.5176478191259477,26.815812047746977,6.7526422704389555,0.041513928240747726,0.5797960591607693,0.5595616008465112,3.7980010274650886,23.910634516586704,nv
567.0,106.0,62.0,48.0,87.0,12.0,65.0,86.0,137.0,34.0,27.0,40.0,69.0,21.0,111.0,144.0,109.0,25.0,28.0,9.0,27.0,5.0,15.0,13.0,79.0,11.0,56.0,23.0,78.0,9.0,139.0,114.0,69.0,41.0,11.0,5.0,7.0,7.0,9.0,3.0,22.0,8.0,3.0,2.0,15.0,2.0,13.0,15.0,68.0,15.0,11.0,8.0,10.0,2.0,7.0,10.0,97.0,18.0,15.0,10.0,94.0,21.0,90.0,93.0,86.0,20.0,12.0,16.0,10.0,4.0,7.0,22.0,24.0,5.0,4.0,11.0,17.0,3.0,11.0,29.0,26.0,2.0,8.0,1.0,5.0,1.0,6.0,6.0,22.0,5.0,11.0,3.0,18.0,7.0,24.0,27.0,71.0,15.0,5.0,15.0,11.0,4.0,3.0,15.0,33.0,5.0,4.0,4.0,11.0,2.0,13.0,32.0,122.0,24.0,9.0,10.0,28.0,5.0,8.0,20.0,231.0,33.0,16.0,22.0,107.0,18.0,102.0,147.0,149.0,67.0,23.0,95.0,18.0,19.0,27.0,189.0,31.0,10.0,4.0,16.0,19.0,7.0,15.0,114.0,40.0,8.0,2.0,9.0,6.0,3.0,6.0,24.0,11.0,3.0,5.0,7.0,7.0,4.0,21.0,73.0,25.0,51.0,0.0,12.0,8.0,4.0,7.0,19.0,10.0,9.0,1.0,4.0,5.0,5.0,2.0,13.0,43.0,21.0,3.0,9.0,6.0,2.0,2.0,31.0,22.0,10.0,11.0,15.0,20.0,6.0,28.0,103.0,91.0,45.0,16.0,98.0,10.0,15.0,9.0,111.0,14.0,16.0,2.0,12.0,12.0,9.0,14.0,61.0,11.0,12.0,2.0,13.0,5.0,2.0,5.0,21.0,14.0,5.0,5.0,15.0,13.0,7.0,23.0,80.0,128.0,151.0,10.0,86.0,20.0,23.0,10.0,72.0,21.0,19.0,8.0,18.0,12.0,17.0,16.0,138.0,262.0,146.0,24.0,77.0,31.0,29.0,22.0,147.0,164.0,78.0,29.0,94.0,94.0,101.0,142.0,1344.0,3.7847729872196507,0.04545747797681314,0.6475422827594411,0.7100535980114991,3.7732299377885954,22.32193474402341,6.234535759881844,0.035170723169799176,0.5513191886780121,0.5208214624520627,4.004746107481437,19.787229704762478,nv
368.0,54.0,101.0,104.0,51.0,8.0,67.0,83.0,37.0,8.0,17.0,10.0,50.0,7.0,111.0,128.0,41.0,10.0,18.0,4.0,9.0,2.0,11.0,6.0,48.0,6.0,16.0,10.0,130.0,11.0,235.0,116.0,117.0,11.0,27.0,8.0,13.0,2.0,4.0,8.0,13.0,1.0,4.0,3.0,21.0,4.0,16.0,5.0,82.0,9.0,10.0,7.0,13.0,1.0,7.0,4.0,120.0,8.0,20.0,7.0,239.0,15.0,193.0,78.0,56.0,9.0,16.0,15.0,12.0,0.0,11.0,6.0,11.0,1.0,3.0,2.0,9.0,1.0,13.0,14.0,6.0,1.0,0.0,4.0,1.0,1.0,0.0,3.0,9.0,2.0,0.0,1.0,8.0,1.0,21.0,12.0,99.0,13.0,17.0,5.0,5.0,1.0,12.0,7.0,17.0,3.0,2.0,2.0,12.0,2.0,7.0,8.0,83.0,14.0,10.0,14.0,4.0,2.0,6.0,9.0,90.0,9.0,9.0,7.0,110.0,17.0,72.0,48.0,58.0,78.0,16.0,146.0,5.0,2.0,9.0,128.0,8.0,4.0,2.0,7.0,5.0,5.0,13.0,110.0,6.0,2.0,5.0,12.0,1.0,0.0,2.0,5.0,1.0,6.0,3.0,10.0,7.0,10.0,13.0,82.0,22.0,22.0,4.0,18.0,2.0,3.0,3.0,15.0,3.0,2.0,0.0,2.0,1.0,3.0,3.0,16.0,9.0,9.0,3.0,18.0,3.0,0.0,1.0,4.0,11.0,9.0,1.0,11.0,4.0,21.0,16.0,60.0,73.0,151.0,24.0,234.0,4.0,15.0,13.0,128.0,5.0,12.0,1.0,12.0,5.0,14.0,13.0,99.0,12.0,18.0,4.0,26.0,1.0,1.0,2.0,12.0,10.0,6.0,1.0,18.0,16.0,25.0,21.0,130.0,164.0,260.0,15.0,171.0,14.0,28.0,5.0,97.0,10.0,22.0,2.0,16.0,13.0,17.0,11.0,82.0,114.0,151.0,16.0,106.0,11.0,25.0,13.0,79.0,75.0,102.0,14.0,105.0,90.0,145.0,72.0,1088.0,2.0231898182652075,0.046458196027414835,0.8014003462949164,0.8935890239876331,3.363696691660141,36.00277130119813,3.8986057208566924,0.03441799002306805,0.6984052115743429,0.7959644781564562,3.659115766878665,34.31636474733629,nv
254.0,42.0,84.0,62.0,28.0,3.0,56.0,115.0,37.0,7.0,8.0,9.0,44.0,1.0,134.0,176.0,17.0,4.0,4.0,5.0,3.0,0.0,6.0,2.0,37.0,7.0,7.0,13.0,107.0,4.0,220.0,127.0,93.0,7.0,16.0,6.0,10.0,1.0,6.0,3.0,11.0,1.0,1.0,1.0,17.0,3.0,8.0,7.0,53.0,7.0,7.0,9.0,3.0,0.0,5.0,5.0,158.0,10.0,11.0,7.0,291.0,6.0,171.0,83.0,44.0,3.0,10.0,10.0,6.0,0.0,6.0,5.0,3.0,0.0,1.0,0.0,4.0,1.0,4.0,11.0,4.0,0.0,1.0,2.0,0.0,0.0,0.0,0.0,7.0,0.0,2.0,1.0,8.0,0.0,12.0,7.0,73.0,12.0,8.0,6.0,9.0,0.0,10.0,5.0,10.0,1.0,1.0,1.0,11.0,0.0,6.0,6.0,83.0,5.0,6.0,6.0,5.0,0.0,2.0,3.0,160.0,7.0,8.0,11.0,178.0,12.0,77.0,45.0,52.0,48.0,14.0,181.0,9.0,8.0,8.0,186.0,6.0,11.0,0.0,7.0,5.0,6.0,14.0,131.0,6.0,6.0,0.0,10.0,0.0,0.0,2.0,10.0,2.0,4.0,0.0,8.0,6.0,6.0,7.0,90.0,11.0,17.0,4.0,19.0,2.0,1.0,0.0,9.0,1.0,1.0,0.0,3.0,2.0,0.0,2.0,6.0,6.0,7.0,0.0,8.0,0.0,0.0,0.0,5.0,3.0,7.0,4.0,12.0,6.0,12.0,9.0,60.0,75.0,146.0,17.0,280.0,7.0,9.0,8.0,181.0,5.0,6.0,0.0,9.0,7.0,8.0,10.0,99.0,5.0,5.0,0.0,12.0,1.0,0.0,1.0,10.0,5.0,8.0,1.0,14.0,8.0,12.0,11.0,80.0,177.0,225.0,12.0,201.0,8.0,10.0,6.0,121.0,8.0,11.0,2.0,10.0,11.0,6.0,10.0,64.0,151.0,175.0,8.0,127.0,6.0,13.0,8.0,77.0,115.0,113.0,8.0,56.0,93.0,108.0,52.0,1204.0,2.3832884097035048,0.05045557771913534,0.8251990752001532,0.8821235811123116,3.2841019830550913,38.05378004203278,4.5263619324021995,0.03620164662292664,0.7123198958716702,0.7727137092889941,3.6074319144889992,35.30324607644566,nv
341.0,49.0,90.0,68.0,55.0,4.0,110.0,86.0,55.0,6.0,11.0,11.0,68.0,7.0,164.0,150.0,58.0,7.0,18.0,7.0,11.0,3.0,15.0,5.0,84.0,7.0,16.0,13.0,145.0,18.0,251.0,133.0,110.0,12.0,34.0,10.0,17.0,2.0,10.0,6.0,21.0,2.0,3.0,3.0,21.0,5.0,25.0,11.0,95.0,7.0,16.0,6.0,12.0,0.0,5.0,7.0,167.0,13.0,20.0,7.0,270.0,23.0,168.0,102.0,46.0,7.0,22.0,7.0,7.0,1.0,8.0,7.0,8.0,0.0,2.0,0.0,2.0,0.0,13.0,4.0,6.0,0.0,0.0,3.0,1.0,0.0,7.0,5.0,8.0,1.0,6.0,1.0,17.0,1.0,20.0,11.0,93.0,5.0,10.0,7.0,5.0,1.0,6.0,1.0,9.0,2.0,2.0,3.0,11.0,0.0,10.0,4.0,78.0,5.0,13.0,5.0,12.0,4.0,5.0,7.0,122.0,11.0,9.0,10.0,139.0,17.0,127.0,79.0,36.0,50.0,13.0,120.0,8.0,4.0,9.0,136.0,7.0,6.0,2.0,15.0,3.0,4.0,7.0,118.0,12.0,8.0,1.0,14.0,0.0,1.0,0.0,13.0,10.0,6.0,2.0,14.0,6.0,11.0,5.0,112.0,13.0,14.0,6.0,17.0,2.0,2.0,2.0,6.0,1.0,1.0,0.0,2.0,0.0,4.0,2.0,14.0,11.0,12.0,3.0,11.0,2.0,1.0,1.0,10.0,16.0,13.0,2.0,11.0,15.0,17.0,13.0,83.0,46.0,124.0,15.0,248.0,12.0,8.0,8.0,125.0,0.0,5.0,2.0,15.0,5.0,8.0,8.0,81.0,7.0,12.0,2.0,17.0,1.0,1.0,0.0,11.0,13.0,9.0,1.0,17.0,15.0,24.0,15.0,118.0,129.0,253.0,16.0,201.0,6.0,16.0,8.0,72.0,13.0,9.0,2.0,8.0,9.0,17.0,9.0,56.0,95.0,115.0,6.0,75.0,12.0,19.0,12.0,40.0,83.0,91.0,13.0,59.0,118.0,131.0,102.0,1072.0,1.8485004874132698,0.04107360921066085,0.7887988122122686,0.9106911274804074,3.4593466189843562,39.54717354279547,3.62278204353953,0.030022232042084766,0.6812526898395052,0.8244679909691368,3.768508920618085,37.65495486087367,nv
905.0,143.0,309.0,139.0,126.0,20.0,161.0,109.0,97.0,19.0,37.0,21.0,119.0,25.0,202.0,167.0,130.0,22.0,45.0,20.0,27.0,7.0,33.0,18.0,122.0,20.0,55.0,26.0,255.0,42.0,458.0,257.0,301.0,41.0,95.0,38.0,48.0,14.0,22.0,25.0,33.0,12.0,10.0,9.0,52.0,9.0,37.0,28.0,148.0,19.0,34.0,20.0,28.0,3.0,21.0,12.0,195.0,18.0,48.0,23.0,394.0,40.0,364.0,171.0,133.0,29.0,50.0,39.0,16.0,5.0,24.0,25.0,18.0,6.0,7.0,2.0,13.0,4.0,23.0,23.0,22.0,11.0,12.0,5.0,12.0,4.0,6.0,4.0,26.0,4.0,12.0,7.0,32.0,8.0,56.0,56.0,160.0,39.0,42.0,28.0,24.0,8.0,8.0,10.0,23.0,3.0,5.0,4.0,34.0,3.0,21.0,20.0,105.0,18.0,18.0,18.0,28.0,1.0,16.0,8.0,157.0,25.0,32.0,19.0,257.0,37.0,208.0,129.0,101.0,125.0,35.0,173.0,13.0,12.0,15.0,139.0,22.0,12.0,5.0,23.0,12.0,14.0,23.0,137.0,29.0,18.0,7.0,27.0,4.0,5.0,6.0,15.0,13.0,9.0,2.0,19.0,17.0,24.0,39.0,203.0,37.0,51.0,13.0,50.0,6.0,7.0,8.0,33.0,5.0,8.0,2.0,10.0,4.0,9.0,10.0,30.0,30.0,26.0,9.0,10.0,5.0,6.0,3.0,10.0,26.0,22.0,18.0,22.0,34.0,37.0,37.0,184.0,105.0,287.0,43.0,398.0,18.0,24.0,21.0,208.0,15.0,31.0,5.0,35.0,9.0,29.0,27.0,207.0,34.0,41.0,8.0,47.0,5.0,4.0,7.0,39.0,16.0,30.0,9.0,41.0,19.0,39.0,47.0,332.0,255.0,526.0,48.0,420.0,22.0,57.0,20.0,185.0,18.0,35.0,13.0,58.0,21.0,44.0,30.0,187.0,174.0,288.0,37.0,211.0,21.0,41.0,17.0,128.0,136.0,251.0,43.0,211.0,221.0,344.0,207.0,2138.0,1.2319225173770136,0.06594698669926898,0.8033416710000401,0.8552263510813269,3.0209886999949873,15.786678955727403,2.3594022584353227,0.05095762178497513,0.7224034614722663,0.7260342259447808,3.2634936014285603,14.864663532788482,nv
674.0,96.0,298.0,206.0,88.0,10.0,195.0,187.0,120.0,23.0,44.0,30.0,122.0,19.0,450.0,373.0,102.0,15.0,35.0,24.0,21.0,3.0,16.0,15.0,156.0,10.0,55.0,32.0,322.0,29.0,931.0,620.0,233.0,37.0,53.0,47.0,35.0,2.0,48.0,19.0,19.0,6.0,5.0,3.0,32.0,5.0,50.0,25.0,208.0,26.0,37.0,29.0,11.0,4.0,17.0,9.0,267.0,14.0,48.0,28.0,476.0,33.0,613.0,272.0,79.0,14.0,24.0,14.0,6.0,4.0,19.0,23.0,6.0,1.0,1.0,0.0,15.0,1.0,18.0,30.0,7.0,3.0,7.0,1.0,2.0,1.0,2.0,2.0,16.0,0.0,2.0,0.0,25.0,1.0,55.0,35.0,163.0,24.0,23.0,15.0,18.0,2.0,22.0,11.0,10.0,2.0,5.0,1.0,22.0,4.0,28.0,17.0,187.0,14.0,10.0,12.0,14.0,3.0,7.0,5.0,214.0,9.0,19.0,19.0,314.0,18.0,269.0,142.0,111.0,163.0,22.0,297.0,19.0,15.0,22.0,217.0,15.0,14.0,3.0,18.0,16.0,14.0,29.0,290.0,19.0,19.0,2.0,27.0,0.0,4.0,2.0,16.0,10.0,21.0,2.0,26.0,16.0,19.0,39.0,332.0,41.0,66.0,6.0,40.0,3.0,4.0,4.0,33.0,7.0,6.0,0.0,4.0,2.0,2.0,5.0,36.0,34.0,33.0,3.0,23.0,5.0,2.0,4.0,18.0,27.0,24.0,5.0,16.0,17.0,31.0,22.0,159.0,125.0,264.0,37.0,495.0,13.0,18.0,17.0,389.0,15.0,19.0,6.0,32.0,12.0,16.0,24.0,330.0,11.0,20.0,2.0,36.0,0.0,2.0,2.0,17.0,19.0,16.0,7.0,35.0,15.0,26.0,34.0,388.0,390.0,890.0,36.0,556.0,28.0,39.0,21.0,292.0,26.0,29.0,1.0,20.0,19.0,31.0,18.0,175.0,342.0,511.0,29.0,222.0,27.0,34.0,18.0,119.0,314.0,283.0,13.0,116.0,289.0,304.0,190.0,2820.0,1.2856965916384229,0.0760082288530655,0.8439723268755491,0.8674320947262285,2.888549425703953,18.11110369698762,2.4117134745676454,0.056365025859106715,0.7563698092844213,0.750319258183382,3.1654581135513857,16.906664523035094,nv
659.0,133.0,125.0,182.0,79.0,22.0,134.0,282.0,174.0,42.0,45.0,76.0,113.0,15.0,427.0,801.0,132.0,18.0,27.0,23.0,21.0,3.0,17.0,24.0,166.0,16.0,44.0,55.0,157.0,28.0,400.0,541.0,117.0,19.0,16.0,13.0,11.0,3.0,17.0,23.0,23.0,3.0,6.0,1.0,16.0,3.0,20.0,30.0,148.0,21.0,15.0,17.0,9.0,2.0,10.0,19.0,220.0,15.0,19.0,22.0,206.0,18.0,208.0,245.0,70.0,7.0,9.0,15.0,14.0,1.0,17.0,25.0,10.0,0.0,5.0,7.0,10.0,2.0,28.0,66.0,8.0,2.0,2.0,1.0,1.0,2.0,1.0,3.0,9.0,5.0,4.0,5.0,16.0,1.0,24.0,34.0,121.0,17.0,16.0,5.0,10.0,4.0,15.0,18.0,27.0,3.0,3.0,2.0,14.0,3.0,20.0,40.0,240.0,16.0,22.0,14.0,17.0,2.0,17.0,16.0,341.0,19.0,22.0,15.0,273.0,14.0,259.0,235.0,174.0,180.0,25.0,251.0,23.0,10.0,30.0,347.0,37.0,24.0,7.0,35.0,25.0,24.0,33.0,531.0,33.0,17.0,0.0,21.0,7.0,3.0,1.0,19.0,21.0,20.0,1.0,30.0,25.0,15.0,25.0,229.0,37.0,51.0,2.0,26.0,6.0,5.0,2.0,32.0,6.0,5.0,3.0,3.0,4.0,7.0,2.0,20.0,60.0,53.0,4.0,19.0,5.0,7.0,3.0,21.0,33.0,28.0,3.0,12.0,20.0,14.0,34.0,151.0,140.0,171.0,27.0,224.0,7.0,19.0,12.0,276.0,28.0,20.0,2.0,25.0,17.0,17.0,26.0,296.0,28.0,15.0,2.0,16.0,1.0,1.0,1.0,18.0,19.0,10.0,3.0,15.0,19.0,8.0,27.0,173.0,365.0,442.0,23.0,303.0,23.0,35.0,26.0,249.0,34.0,21.0,4.0,16.0,22.0,18.0,28.0,207.0,667.0,493.0,24.0,212.0,39.0,43.0,33.0,246.0,433.0,205.0,20.0,138.0,258.0,156.0,162.0,2525.0,1.430354373889036,0.07367602971527103,0.8365594978638438,0.8540277381573103,2.914044747040177,18.16726445907098,2.6598311371030006,0.05465520517028709,0.7477085365585332,0.7279900440377969,3.1911882221658363,16.897034917260047,nv
1010.0,166.0,283.0,154.0,137.0,34.0,175.0,185.0,168.0,29.0,55.0,41.0,186.0,27.0,295.0,281.0,166.0,24.0,54.0,32.0,27.0,11.0,25.0,33.0,146.0,30.0,65.0,48.0,175.0,38.0,364.0,355.0,259.0,53.0,44.0,28.0,41.0,3.0,46.0,31.0,48.0,12.0,8.0,10.0,42.0,8.0,42.0,35.0,160.0,24.0,40.0,19.0,27.0,6.0,27.0,18.0,198.0,36.0,53.0,34.0,255.0,48.0,311.0,232.0,119.0,42.0,40.0,30.0,17.0,9.0,23.0,31.0,33.0,3.0,11.0,2.0,19.0,6.0,39.0,30.0,45.0,10.0,4.0,3.0,6.0,0.0,7.0,4.0,27.0,3.0,15.0,15.0,37.0,6.0,52.0,55.0,175.0,39.0,34.0,26.0,33.0,5.0,32.0,24.0,41.0,7.0,8.0,8.0,28.0,9.0,43.0,33.0,221.0,27.0,36.0,25.0,22.0,5.0,25.0,26.0,185.0,29.0,48.0,29.0,188.0,40.0,226.0,229.0,151.0,158.0,40.0,223.0,20.0,32.0,40.0,212.0,25.0,25.0,9.0,34.0,28.0,38.0,30.0,214.0,29.0,24.0,14.0,32.0,6.0,8.0,10.0,43.0,20.0,29.0,6.0,39.0,19.0,28.0,58.0,285.0,57.0,53.0,7.0,33.0,9.0,16.0,12.0,42.0,4.0,10.0,5.0,7.0,9.0,8.0,6.0,55.0,41.0,36.0,11.0,44.0,5.0,14.0,5.0,31.0,39.0,36.0,15.0,38.0,40.0,49.0,49.0,230.0,141.0,173.0,42.0,237.0,18.0,30.0,33.0,242.0,16.0,29.0,5.0,47.0,27.0,26.0,33.0,268.0,39.0,44.0,9.0,40.0,6.0,11.0,9.0,35.0,25.0,24.0,11.0,56.0,19.0,27.0,48.0,373.0,271.0,407.0,38.0,259.0,35.0,51.0,35.0,239.0,28.0,42.0,13.0,63.0,48.0,71.0,33.0,235.0,357.0,318.0,37.0,241.0,37.0,54.0,37.0,253.0,256.0,275.0,64.0,239.0,269.0,400.0,224.0,2809.0,1.1615635104191835,0.1370196302780257,0.8604389889753883,0.8051157227603786,2.4552336764214533,10.758982640063504,2.076422013050759,0.11539016911613162,0.8024151434684159,0.65846839150507,2.6288158071245236,10.0830499737512,nv
668.0,84.0,199.0,178.0,94.0,10.0,177.0,180.0,172.0,8.0,40.0,36.0,145.0,20.0,389.0,360.0,92.0,13.0,20.0,20.0,18.0,3.0,16.0,14.0,132.0,15.0,42.0,32.0,225.0,16.0,567.0,451.0,217.0,22.0,46.0,29.0,19.0,3.0,27.0,16.0,35.0,2.0,8.0,4.0,37.0,5.0,38.0,35.0,182.0,22.0,24.0,31.0,18.0,3.0,21.0,12.0,306.0,30.0,38.0,39.0,448.0,28.0,432.0,313.0,83.0,12.0,23.0,15.0,8.0,0.0,23.0,11.0,18.0,1.0,1.0,4.0,14.0,0.0,34.0,28.0,5.0,3.0,3.0,1.0,1.0,0.0,0.0,3.0,22.0,3.0,5.0,2.0,23.0,3.0,37.0,38.0,177.0,23.0,32.0,25.0,19.0,0.0,19.0,15.0,27.0,0.0,5.0,5.0,35.0,8.0,23.0,20.0,181.0,19.0,28.0,23.0,12.0,0.0,16.0,21.0,279.0,21.0,25.0,25.0,356.0,24.0,279.0,246.0,148.0,148.0,42.0,292.0,23.0,16.0,28.0,286.0,34.0,17.0,7.0,32.0,31.0,19.0,42.0,287.0,21.0,20.0,4.0,23.0,1.0,2.0,3.0,27.0,25.0,27.0,3.0,23.0,17.0,19.0,28.0,322.0,48.0,45.0,8.0,37.0,3.0,4.0,3.0,26.0,1.0,4.0,1.0,0.0,2.0,1.0,1.0,18.0,30.0,44.0,5.0,45.0,4.0,3.0,2.0,20.0,33.0,23.0,4.0,24.0,28.0,38.0,25.0,185.0,152.0,264.0,32.0,352.0,17.0,18.0,31.0,307.0,26.0,25.0,4.0,19.0,30.0,15.0,26.0,288.0,14.0,20.0,4.0,33.0,1.0,2.0,1.0,25.0,15.0,17.0,4.0,27.0,22.0,28.0,39.0,310.0,345.0,584.0,29.0,442.0,27.0,56.0,34.0,297.0,36.0,31.0,2.0,33.0,38.0,28.0,25.0,185.0,399.0,398.0,32.0,317.0,24.0,31.0,22.0,251.0,348.0,326.0,28.0,174.0,302.0,263.0,186.0,2941.0,1.3339391343604938,0.14865816093716505,0.890813822982474,0.8160656906111606,2.342692305930277,13.170577600910804,2.414383083651252,0.12255073950289913,0.8290453206007683,0.6655506046584525,2.548297383748343,12.023574450615644,nv
969.0,148.0,281.0,183.0,155.0,31.0,154.0,168.0,153.0,21.0,38.0,32.0,153.0,27.0,199.0,206.0,135.0,15.0,45.0,21.0,35.0,9.0,22.0,28.0,138.0,19.0,48.0,33.0,157.0,28.0,238.0,240.0,277.0,41.0,46.0,55.0,43.0,7.0,39.0,29.0,54.0,12.0,12.0,7.0,73.0,9.0,28.0,44.0,181.0,29.0,32.0,33.0,35.0,5.0,30.0,31.0,235.0,42.0,48.0,29.0,397.0,57.0,261.0,243.0,155.0,27.0,53.0,30.0,29.0,9.0,32.0,31.0,37.0,4.0,11.0,10.0,16.0,8.0,34.0,36.0,46.0,7.0,6.0,4.0,8.0,1.0,3.0,2.0,46.0,6.0,15.0,10.0,34.0,8.0,44.0,31.0,163.0,32.0,45.0,23.0,23.0,4.0,26.0,20.0,38.0,5.0,7.0,8.0,35.0,13.0,39.0,35.0,186.0,25.0,25.0,34.0,22.0,4.0,26.0,24.0,326.0,35.0,39.0,45.0,309.0,57.0,251.0,257.0,169.0,153.0,64.0,277.0,29.0,37.0,40.0,246.0,23.0,24.0,5.0,34.0,21.0,28.0,33.0,207.0,29.0,24.0,9.0,38.0,3.0,5.0,7.0,37.0,13.0,24.0,6.0,31.0,19.0,35.0,50.0,285.0,49.0,47.0,13.0,55.0,7.0,12.0,11.0,26.0,8.0,7.0,5.0,5.0,9.0,16.0,10.0,55.0,39.0,25.0,5.0,30.0,4.0,5.0,3.0,38.0,38.0,44.0,11.0,37.0,42.0,46.0,53.0,248.0,141.0,181.0,59.0,351.0,29.0,35.0,44.0,358.0,20.0,23.0,9.0,55.0,32.0,35.0,51.0,283.0,32.0,26.0,14.0,60.0,4.0,7.0,15.0,44.0,25.0,29.0,11.0,51.0,25.0,25.0,66.0,393.0,183.0,220.0,53.0,290.0,34.0,58.0,41.0,242.0,35.0,40.0,13.0,60.0,40.0,53.0,40.0,215.0,182.0,202.0,49.0,228.0,29.0,37.0,34.0,233.0,254.0,259.0,57.0,235.0,277.0,407.0,247.0,3038.0,0.9190150163972148,0.13872402220938315,0.8622528858567784,0.80703897027695,2.4146791766825877,8.606380009906747,1.6114011179378207,0.11706079600692122,0.8063966031467049,0.6665308701970734,2.5821832835758167,8.053068387171251,nv
1437.0,178.0,512.0,286.0,169.0,30.0,319.0,300.0,282.0,37.0,102.0,39.0,257.0,35.0,553.0,441.0,213.0,28.0,68.0,41.0,37.0,11.0,46.0,40.0,300.0,30.0,85.0,67.0,362.0,48.0,733.0,598.0,557.0,72.0,99.0,58.0,71.0,12.0,82.0,71.0,80.0,6.0,14.0,11.0,94.0,22.0,79.0,61.0,384.0,42.0,63.0,50.0,49.0,12.0,47.0,49.0,569.0,64.0,105.0,56.0,700.0,102.0,655.0,468.0,165.0,30.0,67.0,45.0,23.0,4.0,37.0,39.0,38.0,8.0,10.0,8.0,20.0,3.0,56.0,53.0,40.0,4.0,14.0,5.0,3.0,4.0,9.0,5.0,35.0,10.0,18.0,9.0,43.0,6.0,103.0,80.0,331.0,43.0,75.0,49.0,50.0,7.0,40.0,33.0,55.0,7.0,14.0,4.0,54.0,8.0,58.0,47.0,373.0,31.0,55.0,43.0,42.0,5.0,41.0,31.0,555.0,48.0,68.0,46.0,665.0,80.0,537.0,449.0,265.0,242.0,76.0,503.0,30.0,23.0,47.0,430.0,42.0,40.0,7.0,51.0,49.0,55.0,59.0,424.0,46.0,44.0,12.0,59.0,6.0,4.0,5.0,46.0,48.0,36.0,11.0,59.0,42.0,53.0,55.0,532.0,82.0,86.0,16.0,71.0,13.0,19.0,2.0,59.0,8.0,11.0,2.0,9.0,13.0,13.0,8.0,67.0,63.0,57.0,8.0,48.0,6.0,11.0,11.0,44.0,54.0,59.0,8.0,54.0,71.0,115.0,59.0,354.0,251.0,308.0,75.0,600.0,36.0,38.0,55.0,506.0,37.0,45.0,14.0,58.0,47.0,56.0,61.0,481.0,55.0,36.0,19.0,85.0,4.0,8.0,13.0,71.0,52.0,35.0,19.0,101.0,46.0,67.0,89.0,686.0,475.0,652.0,87.0,602.0,61.0,100.0,59.0,450.0,51.0,60.0,12.0,65.0,44.0,70.0,56.0,383.0,551.0,553.0,80.0,442.0,59.0,67.0,55.0,404.0,545.0,532.0,72.0,387.0,608.0,741.0,443.0,4194.0,0.683718616983484,0.12037648241524866,0.8810200717290407,0.8772545648189864,2.4933505201624144,10.456713872016191,1.2683331927620949,0.09879810399427882,0.8276045399750954,0.7789751665933542,2.6820201359944673,10.208505615016474,nv
2229.0,276.0,445.0,232.0,323.0,74.0,267.0,246.0,300.0,59.0,92.0,68.0,255.0,64.0,346.0,331.0,327.0,57.0,71.0,49.0,80.0,17.0,79.0,56.0,265.0,41.0,99.0,62.0,304.0,76.0,523.0,424.0,489.0,67.0,92.0,67.0,84.0,19.0,72.0,64.0,111.0,21.0,32.0,23.0,98.0,26.0,80.0,77.0,305.0,53.0,75.0,47.0,90.0,20.0,63.0,50.0,376.0,65.0,99.0,68.0,503.0,112.0,499.0,411.0,306.0,97.0,102.0,77.0,48.0,22.0,39.0,62.0,54.0,13.0,22.0,18.0,57.0,12.0,60.0,73.0,92.0,37.0,29.0,14.0,19.0,12.0,24.0,18.0,64.0,15.0,27.0,25.0,64.0,36.0,110.0,112.0,270.0,59.0,68.0,60.0,58.0,19.0,40.0,52.0,54.0,26.0,21.0,23.0,59.0,19.0,58.0,73.0,270.0,48.0,59.0,29.0,72.0,17.0,45.0,52.0,382.0,70.0,100.0,71.0,479.0,132.0,474.0,474.0,300.0,209.0,102.0,307.0,52.0,56.0,57.0,312.0,46.0,39.0,22.0,56.0,45.0,54.0,65.0,311.0,57.0,48.0,27.0,57.0,22.0,21.0,21.0,74.0,48.0,29.0,24.0,61.0,53.0,57.0,85.0,422.0,77.0,81.0,33.0,77.0,27.0,27.0,18.0,74.0,14.0,25.0,7.0,31.0,21.0,24.0,32.0,116.0,67.0,77.0,17.0,56.0,16.0,26.0,23.0,66.0,65.0,62.0,22.0,71.0,96.0,111.0,127.0,528.0,237.0,263.0,94.0,434.0,45.0,55.0,58.0,368.0,41.0,48.0,19.0,90.0,37.0,56.0,58.0,393.0,64.0,64.0,34.0,112.0,23.0,21.0,18.0,98.0,52.0,49.0,26.0,120.0,55.0,73.0,101.0,601.0,328.0,402.0,83.0,455.0,51.0,98.0,60.0,380.0,65.0,84.0,27.0,140.0,54.0,84.0,92.0,460.0,379.0,411.0,88.0,410.0,91.0,128.0,77.0,430.0,426.0,436.0,125.0,521.0,472.0,695.0,551.0,4291.0,0.812525432596353,0.10535787209368981,0.8476321507222765,0.8566456362059914,2.6675928832956775,10.523375492804226,1.3917915047394132,0.08892241222621923,0.8008840293182877,0.7615581955270828,2.816756718534846,10.28226462661732,nv
723.0,123.0,221.0,274.0,95.0,22.0,243.0,357.0,325.0,35.0,91.0,80.0,230.0,20.0,777.0,1090.0,129.0,21.0,25.0,32.0,14.0,2.0,30.0,27.0,302.0,39.0,61.0,81.0,371.0,31.0,1036.0,1066.0,213.0,15.0,37.0,29.0,31.0,5.0,31.0,26.0,37.0,3.0,7.0,8.0,48.0,3.0,58.0,60.0,299.0,30.0,29.0,24.0,28.0,3.0,22.0,33.0,672.0,49.0,74.0,70.0,734.0,47.0,845.0,616.0,76.0,13.0,16.0,17.0,18.0,5.0,21.0,19.0,34.0,3.0,4.0,11.0,28.0,3.0,61.0,64.0,9.0,3.0,3.0,6.0,2.0,1.0,1.0,2.0,23.0,2.0,4.0,5.0,29.0,2.0,56.0,62.0,175.0,17.0,31.0,20.0,17.0,3.0,33.0,30.0,46.0,7.0,1.0,10.0,45.0,2.0,59.0,52.0,335.0,24.0,28.0,28.0,28.0,3.0,34.0,22.0,668.0,36.0,44.0,41.0,789.0,32.0,698.0,528.0,294.0,284.0,40.0,525.0,25.0,26.0,41.0,640.0,50.0,41.0,7.0,73.0,47.0,31.0,68.0,940.0,42.0,42.0,3.0,55.0,7.0,2.0,2.0,54.0,59.0,38.0,5.0,46.0,41.0,31.0,44.0,609.0,70.0,61.0,5.0,47.0,7.0,6.0,5.0,35.0,6.0,5.0,3.0,4.0,3.0,8.0,5.0,51.0,84.0,61.0,8.0,71.0,8.0,6.0,9.0,51.0,74.0,57.0,8.0,36.0,41.0,31.0,49.0,375.0,210.0,317.0,27.0,512.0,28.0,28.0,46.0,639.0,32.0,29.0,10.0,42.0,33.0,24.0,47.0,576.0,22.0,23.0,3.0,38.0,2.0,1.0,2.0,29.0,18.0,22.0,3.0,37.0,26.0,19.0,41.0,423.0,599.0,802.0,39.0,657.0,59.0,49.0,62.0,582.0,62.0,49.0,6.0,44.0,41.0,30.0,59.0,419.0,1060.0,907.0,48.0,538.0,70.0,59.0,49.0,514.0,865.0,508.0,50.0,348.0,654.0,423.0,458.0,3944.0,0.5970882503848126,0.15502877825530378,0.9108772208452389,0.8741353583092148,2.2440293094427766,8.890695488779945,1.0458610380908198,0.12733114829150324,0.8590506578798981,0.785275332097819,2.4458791457767908,8.695553847387261,nv
383.0,71.0,58.0,29.0,71.0,20.0,24.0,39.0,51.0,14.0,12.0,12.0,33.0,9.0,29.0,41.0,68.0,18.0,12.0,8.0,24.0,10.0,16.0,10.0,40.0,6.0,9.0,9.0,43.0,9.0,27.0,37.0,51.0,11.0,11.0,4.0,20.0,7.0,11.0,3.0,14.0,5.0,6.0,5.0,19.0,6.0,12.0,11.0,44.0,10.0,4.0,2.0,9.0,5.0,6.0,6.0,50.0,4.0,12.0,5.0,49.0,11.0,48.0,39.0,60.0,26.0,15.0,12.0,14.0,3.0,14.0,11.0,15.0,3.0,7.0,3.0,4.0,4.0,7.0,13.0,19.0,4.0,9.0,0.0,12.0,5.0,1.0,5.0,14.0,4.0,5.0,3.0,13.0,9.0,8.0,17.0,38.0,8.0,7.0,9.0,11.0,7.0,3.0,8.0,13.0,7.0,9.0,6.0,5.0,5.0,7.0,14.0,49.0,9.0,6.0,8.0,9.0,3.0,9.0,9.0,56.0,12.0,13.0,9.0,55.0,14.0,49.0,64.0,67.0,34.0,8.0,41.0,8.0,12.0,23.0,46.0,28.0,10.0,5.0,10.0,8.0,8.0,11.0,35.0,14.0,10.0,7.0,3.0,7.0,2.0,5.0,14.0,9.0,6.0,5.0,11.0,7.0,7.0,10.0,47.0,14.0,12.0,9.0,8.0,6.0,1.0,5.0,15.0,2.0,6.0,3.0,4.0,4.0,3.0,9.0,18.0,10.0,8.0,2.0,11.0,4.0,3.0,7.0,9.0,19.0,10.0,10.0,20.0,19.0,11.0,28.0,76.0,26.0,40.0,16.0,40.0,5.0,7.0,12.0,41.0,8.0,8.0,3.0,10.0,4.0,6.0,9.0,45.0,11.0,9.0,9.0,15.0,4.0,3.0,11.0,20.0,2.0,5.0,4.0,18.0,8.0,11.0,8.0,62.0,34.0,30.0,11.0,43.0,7.0,13.0,8.0,44.0,14.0,8.0,6.0,28.0,10.0,8.0,12.0,68.0,34.0,34.0,13.0,48.0,13.0,21.0,18.0,64.0,50.0,48.0,24.0,76.0,51.0,62.0,91.0,944.0,1.39451744449479,0.09679696291139385,0.785818724217291,0.7948897684264953,2.674380884556009,12.203219087678544,2.4585276634659357,0.07994488151606252,0.7254018205311245,0.656287392215123,2.847192345732028,11.847189425647539,mel
381.0,53.0,52.0,31.0,47.0,10.0,27.0,35.0,50.0,15.0,11.0,10.0,34.0,6.0,43.0,44.0,46.0,6.0,11.0,5.0,13.0,3.0,8.0,7.0,25.0,4.0,8.0,4.0,34.0,12.0,58.0,45.0,58.0,10.0,11.0,6.0,8.0,5.0,7.0,9.0,13.0,4.0,6.0,1.0,16.0,1.0,13.0,10.0,34.0,8.0,4.0,4.0,13.0,4.0,8.0,7.0,50.0,8.0,12.0,10.0,61.0,14.0,43.0,53.0,60.0,13.0,10.0,4.0,11.0,3.0,8.0,14.0,15.0,1.0,5.0,6.0,10.0,2.0,8.0,8.0,10.0,3.0,3.0,4.0,6.0,2.0,4.0,3.0,10.0,2.0,1.0,3.0,10.0,3.0,9.0,15.0,23.0,8.0,8.0,10.0,9.0,0.0,8.0,6.0,10.0,5.0,1.0,1.0,15.0,1.0,6.0,13.0,30.0,13.0,9.0,8.0,11.0,5.0,7.0,10.0,60.0,16.0,10.0,9.0,63.0,24.0,41.0,63.0,52.0,33.0,11.0,57.0,15.0,9.0,17.0,51.0,11.0,7.0,5.0,13.0,12.0,9.0,5.0,50.0,8.0,4.0,5.0,7.0,3.0,4.0,2.0,17.0,6.0,6.0,2.0,9.0,8.0,11.0,8.0,51.0,15.0,13.0,7.0,18.0,6.0,4.0,2.0,14.0,3.0,3.0,3.0,5.0,4.0,4.0,6.0,7.0,8.0,6.0,3.0,6.0,5.0,1.0,0.0,10.0,14.0,10.0,5.0,14.0,13.0,14.0,25.0,64.0,34.0,56.0,14.0,67.0,13.0,6.0,4.0,69.0,11.0,6.0,4.0,10.0,7.0,6.0,10.0,47.0,7.0,13.0,7.0,11.0,3.0,6.0,1.0,18.0,3.0,4.0,4.0,8.0,11.0,12.0,3.0,61.0,31.0,66.0,11.0,59.0,6.0,14.0,6.0,59.0,16.0,14.0,6.0,20.0,9.0,6.0,16.0,70.0,40.0,48.0,10.0,50.0,6.0,14.0,10.0,63.0,40.0,51.0,17.0,61.0,50.0,55.0,75.0,1277.0,1.8721161675563192,0.0933039115573272,0.7904716052987536,0.8291821834422517,2.7193054095417653,20.047332345279727,3.252458266636176,0.076241488513726,0.7261403877599382,0.7024535270169167,2.8999191447388446,18.609392314406268,mel
453.0,50.0,57.0,40.0,53.0,23.0,39.0,53.0,57.0,10.0,20.0,10.0,35.0,9.0,48.0,85.0,56.0,15.0,12.0,8.0,12.0,3.0,10.0,13.0,38.0,8.0,16.0,8.0,32.0,10.0,56.0,54.0,56.0,15.0,7.0,8.0,8.0,3.0,6.0,8.0,11.0,3.0,7.0,0.0,10.0,5.0,13.0,14.0,37.0,6.0,6.0,8.0,10.0,5.0,6.0,6.0,40.0,9.0,14.0,13.0,52.0,14.0,46.0,52.0,50.0,16.0,14.0,16.0,13.0,4.0,13.0,7.0,12.0,2.0,1.0,2.0,8.0,4.0,5.0,15.0,23.0,9.0,4.0,4.0,4.0,1.0,5.0,5.0,7.0,5.0,1.0,4.0,8.0,2.0,14.0,17.0,31.0,12.0,4.0,6.0,3.0,3.0,3.0,9.0,12.0,3.0,4.0,8.0,11.0,7.0,4.0,14.0,53.0,9.0,13.0,8.0,14.0,7.0,7.0,14.0,63.0,16.0,16.0,10.0,62.0,14.0,55.0,71.0,56.0,30.0,26.0,56.0,17.0,14.0,14.0,82.0,14.0,4.0,7.0,19.0,5.0,9.0,17.0,77.0,14.0,9.0,4.0,4.0,2.0,2.0,5.0,20.0,9.0,6.0,2.0,16.0,8.0,6.0,11.0,67.0,13.0,15.0,4.0,12.0,6.0,4.0,1.0,20.0,4.0,1.0,3.0,11.0,0.0,4.0,3.0,21.0,24.0,9.0,0.0,6.0,5.0,2.0,3.0,17.0,13.0,10.0,5.0,17.0,14.0,9.0,23.0,76.0,38.0,31.0,11.0,52.0,9.0,11.0,14.0,77.0,11.0,12.0,7.0,13.0,5.0,4.0,9.0,49.0,17.0,11.0,5.0,7.0,2.0,8.0,5.0,26.0,5.0,3.0,4.0,17.0,8.0,9.0,13.0,63.0,43.0,44.0,9.0,46.0,7.0,12.0,13.0,55.0,14.0,13.0,5.0,22.0,12.0,10.0,12.0,80.0,83.0,48.0,14.0,53.0,14.0,11.0,9.0,72.0,66.0,44.0,19.0,63.0,59.0,79.0,83.0,1264.0,1.6059237560519148,0.09550362834904838,0.7942804979492172,0.8272860042242333,2.7919233808104846,16.990412329378817,2.809482758620689,0.07680004839827333,0.7254971567819616,0.6998081307349924,2.9843913296936586,15.908430991005188,mel
733.0,77.0,213.0,167.0,96.0,19.0,178.0,205.0,250.0,31.0,51.0,55.0,196.0,17.0,379.0,453.0,76.0,11.0,28.0,26.0,11.0,6.0,22.0,24.0,186.0,21.0,29.0,35.0,212.0,19.0,401.0,481.0,191.0,15.0,44.0,31.0,29.0,5.0,37.0,35.0,70.0,2.0,10.0,5.0,31.0,7.0,44.0,54.0,167.0,26.0,23.0,26.0,23.0,3.0,26.0,22.0,360.0,51.0,45.0,55.0,384.0,38.0,469.0,439.0,110.0,19.0,29.0,24.0,15.0,6.0,18.0,24.0,24.0,3.0,3.0,15.0,24.0,4.0,47.0,48.0,26.0,3.0,3.0,1.0,2.0,1.0,1.0,2.0,23.0,4.0,5.0,8.0,18.0,3.0,33.0,43.0,162.0,20.0,23.0,27.0,18.0,4.0,29.0,24.0,41.0,6.0,12.0,15.0,44.0,2.0,33.0,32.0,212.0,26.0,32.0,14.0,23.0,5.0,28.0,31.0,476.0,56.0,39.0,40.0,475.0,41.0,425.0,473.0,216.0,172.0,61.0,302.0,34.0,13.0,50.0,501.0,60.0,37.0,9.0,53.0,29.0,25.0,47.0,569.0,30.0,20.0,3.0,42.0,6.0,8.0,6.0,59.0,37.0,36.0,9.0,40.0,29.0,26.0,44.0,432.0,39.0,51.0,9.0,40.0,4.0,6.0,6.0,39.0,10.0,7.0,2.0,9.0,8.0,11.0,13.0,56.0,59.0,34.0,7.0,49.0,4.0,5.0,5.0,58.0,77.0,40.0,7.0,44.0,42.0,35.0,51.0,355.0,147.0,174.0,26.0,354.0,18.0,22.0,54.0,415.0,39.0,27.0,3.0,29.0,36.0,34.0,41.0,391.0,21.0,24.0,8.0,39.0,3.0,6.0,4.0,40.0,34.0,24.0,10.0,41.0,28.0,32.0,46.0,414.0,301.0,305.0,47.0,395.0,30.0,50.0,40.0,362.0,61.0,35.0,20.0,32.0,50.0,39.0,68.0,320.0,401.0,380.0,53.0,371.0,47.0,35.0,41.0,436.0,559.0,393.0,39.0,356.0,405.0,401.0,341.0,4517.0,0.9359127306906714,0.30056416296897653,0.9230381933203797,0.8500461067528919,1.677461821192687,11.546760582077356,1.7983161986413345,0.2677955796248325,0.8833617355922261,0.7098413487897564,1.8313750595333658,10.597083291538311,nv
740.0,76.0,189.0,194.0,106.0,14.0,211.0,247.0,253.0,23.0,56.0,54.0,247.0,25.0,397.0,476.0,72.0,11.0,23.0,21.0,15.0,10.0,31.0,22.0,207.0,24.0,39.0,46.0,207.0,22.0,433.0,484.0,200.0,13.0,45.0,31.0,28.0,4.0,33.0,30.0,67.0,9.0,13.0,9.0,53.0,5.0,66.0,45.0,184.0,16.0,34.0,20.0,18.0,3.0,30.0,37.0,464.0,62.0,62.0,52.0,587.0,45.0,573.0,498.0,100.0,15.0,25.0,21.0,20.0,8.0,31.0,17.0,30.0,6.0,10.0,4.0,26.0,6.0,41.0,38.0,29.0,4.0,4.0,4.0,3.0,4.0,3.0,3.0,22.0,6.0,7.0,3.0,29.0,7.0,43.0,43.0,174.0,22.0,26.0,19.0,36.0,0.0,32.0,24.0,64.0,6.0,6.0,3.0,54.0,5.0,54.0,49.0,252.0,23.0,37.0,27.0,26.0,6.0,39.0,39.0,638.0,48.0,48.0,50.0,697.0,49.0,506.0,527.0,231.0,176.0,68.0,466.0,41.0,37.0,78.0,626.0,53.0,40.0,16.0,56.0,44.0,38.0,70.0,669.0,28.0,20.0,5.0,48.0,6.0,3.0,9.0,55.0,29.0,32.0,13.0,55.0,27.0,26.0,55.0,495.0,40.0,48.0,9.0,42.0,9.0,7.0,12.0,36.0,8.0,11.0,2.0,9.0,12.0,7.0,7.0,51.0,44.0,42.0,6.0,49.0,11.0,3.0,8.0,59.0,51.0,47.0,12.0,46.0,38.0,40.0,60.0,435.0,190.0,187.0,44.0,459.0,37.0,16.0,61.0,625.0,35.0,28.0,7.0,36.0,43.0,20.0,56.0,490.0,23.0,12.0,6.0,38.0,3.0,4.0,9.0,49.0,24.0,19.0,8.0,49.0,23.0,37.0,48.0,392.0,359.0,372.0,48.0,499.0,40.0,37.0,37.0,458.0,58.0,32.0,10.0,43.0,55.0,44.0,55.0,383.0,453.0,423.0,43.0,413.0,36.0,47.0,43.0,468.0,652.0,500.0,70.0,393.0,489.0,439.0,401.0,4672.0,0.8774377212973841,0.3067565162654618,0.9281804952609913,0.8422606833421705,1.6104519182911687,10.247724221691596,1.6082571424044114,0.2712361853861898,0.8900972119357281,0.7132387290119843,1.763190163067977,9.60843984644121,nv
768.0,103.0,265.0,120.0,96.0,17.0,119.0,113.0,121.0,11.0,42.0,22.0,114.0,18.0,178.0,179.0,118.0,14.0,34.0,19.0,41.0,13.0,27.0,20.0,95.0,23.0,45.0,26.0,191.0,28.0,277.0,253.0,231.0,40.0,49.0,32.0,40.0,8.0,28.0,21.0,29.0,5.0,13.0,6.0,47.0,8.0,34.0,31.0,108.0,23.0,23.0,27.0,26.0,3.0,23.0,18.0,120.0,22.0,33.0,20.0,233.0,39.0,271.0,172.0,106.0,22.0,34.0,20.0,22.0,5.0,21.0,11.0,14.0,7.0,9.0,8.0,14.0,5.0,24.0,25.0,25.0,5.0,4.0,9.0,6.0,1.0,1.0,10.0,25.0,2.0,12.0,1.0,28.0,10.0,46.0,48.0,100.0,18.0,25.0,15.0,22.0,5.0,8.0,11.0,24.0,3.0,3.0,9.0,21.0,2.0,14.0,19.0,135.0,18.0,22.0,12.0,25.0,2.0,8.0,10.0,139.0,20.0,30.0,18.0,157.0,35.0,161.0,130.0,115.0,94.0,28.0,144.0,16.0,19.0,30.0,134.0,30.0,14.0,6.0,16.0,27.0,26.0,32.0,147.0,14.0,13.0,1.0,23.0,1.0,6.0,9.0,22.0,12.0,14.0,12.0,26.0,25.0,22.0,39.0,148.0,43.0,38.0,14.0,33.0,5.0,8.0,10.0,22.0,7.0,8.0,4.0,15.0,8.0,6.0,5.0,39.0,24.0,31.0,5.0,23.0,5.0,10.0,4.0,29.0,19.0,19.0,8.0,20.0,29.0,30.0,57.0,181.0,92.0,167.0,22.0,234.0,15.0,33.0,23.0,211.0,21.0,12.0,7.0,26.0,10.0,18.0,31.0,164.0,19.0,28.0,6.0,30.0,5.0,9.0,4.0,47.0,14.0,16.0,11.0,34.0,19.0,31.0,39.0,270.0,160.0,300.0,39.0,252.0,19.0,33.0,21.0,138.0,22.0,27.0,9.0,32.0,24.0,31.0,25.0,153.0,149.0,216.0,31.0,163.0,31.0,33.0,23.0,130.0,143.0,162.0,35.0,134.0,148.0,225.0,173.0,1944.0,1.0604048956463008,0.09123524336330474,0.810190670011183,0.8326577838077573,2.8116809090291466,11.613084433885543,1.9747680583167664,0.07435698557165953,0.7354421746379443,0.6866280625599906,3.0100637637016288,10.628581650971132,nv
1230.0,203.0,327.0,236.0,176.0,49.0,214.0,216.0,168.0,26.0,69.0,28.0,191.0,43.0,274.0,234.0,184.0,26.0,62.0,23.0,71.0,12.0,47.0,32.0,190.0,19.0,73.0,28.0,336.0,44.0,466.0,287.0,377.0,60.0,78.0,41.0,45.0,18.0,40.0,28.0,59.0,13.0,25.0,16.0,61.0,17.0,59.0,48.0,256.0,29.0,43.0,29.0,38.0,7.0,39.0,29.0,347.0,37.0,68.0,33.0,576.0,54.0,472.0,214.0,180.0,55.0,54.0,31.0,29.0,11.0,34.0,29.0,29.0,8.0,17.0,8.0,24.0,4.0,35.0,36.0,43.0,13.0,5.0,9.0,13.0,1.0,15.0,9.0,43.0,2.0,21.0,8.0,69.0,14.0,66.0,51.0,228.0,38.0,40.0,25.0,34.0,5.0,26.0,25.0,30.0,7.0,5.0,9.0,33.0,13.0,21.0,22.0,200.0,25.0,34.0,27.0,30.0,12.0,21.0,27.0,325.0,28.0,57.0,29.0,332.0,51.0,286.0,211.0,151.0,186.0,52.0,314.0,27.0,39.0,45.0,279.0,17.0,17.0,5.0,34.0,29.0,39.0,43.0,262.0,21.0,16.0,9.0,24.0,8.0,9.0,10.0,28.0,29.0,18.0,13.0,29.0,32.0,25.0,49.0,274.0,55.0,64.0,17.0,71.0,9.0,7.0,10.0,58.0,9.0,14.0,5.0,10.0,5.0,14.0,10.0,72.0,39.0,28.0,12.0,30.0,11.0,11.0,11.0,39.0,44.0,37.0,11.0,31.0,39.0,69.0,88.0,246.0,171.0,313.0,65.0,451.0,13.0,51.0,30.0,304.0,15.0,27.0,9.0,48.0,23.0,30.0,27.0,284.0,52.0,44.0,10.0,68.0,9.0,12.0,13.0,55.0,26.0,34.0,13.0,52.0,45.0,68.0,62.0,412.0,285.0,436.0,49.0,409.0,23.0,63.0,32.0,244.0,43.0,43.0,10.0,47.0,33.0,68.0,34.0,248.0,230.0,279.0,53.0,240.0,29.0,54.0,37.0,189.0,221.0,239.0,58.0,272.0,304.0,479.0,275.0,2887.0,1.2711812365048238,0.05894177025944468,0.7889467014718471,0.8632643891470498,3.171079464283255,17.322091263252315,2.3371831378561887,0.04522163358984553,0.7085899738513283,0.7531644114077153,3.412805464137158,16.59998188915841,mel
831.0,91.0,227.0,168.0,160.0,21.0,246.0,218.0,164.0,21.0,22.0,16.0,223.0,20.0,346.0,323.0,104.0,10.0,30.0,30.0,32.0,3.0,37.0,19.0,173.0,23.0,43.0,32.0,311.0,26.0,488.0,375.0,225.0,22.0,31.0,25.0,40.0,4.0,31.0,21.0,64.0,1.0,5.0,4.0,72.0,8.0,44.0,21.0,177.0,21.0,23.0,28.0,30.0,3.0,23.0,23.0,397.0,44.0,40.0,44.0,704.0,63.0,469.0,318.0,141.0,21.0,34.0,15.0,18.0,2.0,42.0,21.0,21.0,4.0,5.0,2.0,29.0,2.0,24.0,24.0,17.0,5.0,3.0,1.0,1.0,0.0,2.0,3.0,16.0,3.0,5.0,2.0,22.0,3.0,23.0,29.0,253.0,21.0,33.0,25.0,29.0,3.0,19.0,24.0,42.0,4.0,4.0,4.0,43.0,4.0,36.0,13.0,261.0,18.0,24.0,26.0,20.0,2.0,16.0,9.0,472.0,46.0,17.0,26.0,494.0,53.0,271.0,200.0,169.0,151.0,53.0,378.0,24.0,18.0,48.0,432.0,19.0,11.0,5.0,28.0,27.0,23.0,28.0,340.0,13.0,20.0,3.0,43.0,1.0,2.0,5.0,40.0,17.0,19.0,7.0,26.0,26.0,22.0,33.0,333.0,38.0,41.0,6.0,40.0,6.0,4.0,6.0,21.0,4.0,4.0,2.0,8.0,5.0,0.0,5.0,28.0,38.0,37.0,6.0,30.0,1.0,5.0,3.0,31.0,27.0,27.0,9.0,34.0,36.0,42.0,37.0,227.0,198.0,255.0,61.0,609.0,24.0,26.0,43.0,445.0,18.0,24.0,5.0,27.0,34.0,27.0,32.0,240.0,18.0,29.0,11.0,65.0,4.0,2.0,8.0,43.0,22.0,18.0,8.0,31.0,27.0,26.0,38.0,299.0,351.0,443.0,54.0,412.0,27.0,39.0,28.0,246.0,31.0,21.0,3.0,24.0,32.0,23.0,27.0,151.0,334.0,379.0,37.0,289.0,26.0,21.0,30.0,179.0,360.0,337.0,42.0,234.0,252.0,255.0,152.0,2999.0,1.4303306557864757,0.06528748348255257,0.8188855646035516,0.8622226388398624,3.0629570798356527,19.332596486126324,2.6440972778008986,0.04761616529459532,0.7261117159937055,0.7486573079903845,3.350265044480415,18.3956811749559,mel
1605.0,168.0,144.0,141.0,196.0,67.0,122.0,300.0,276.0,56.0,49.0,40.0,181.0,46.0,198.0,371.0,187.0,35.0,24.0,20.0,49.0,15.0,39.0,69.0,193.0,28.0,32.0,21.0,231.0,38.0,241.0,259.0,141.0,23.0,20.0,16.0,36.0,6.0,22.0,32.0,66.0,11.0,11.0,12.0,39.0,10.0,50.0,61.0,140.0,24.0,22.0,18.0,43.0,12.0,29.0,26.0,307.0,44.0,49.0,31.0,345.0,51.0,307.0,259.0,200.0,61.0,26.0,38.0,40.0,14.0,16.0,53.0,53.0,18.0,10.0,9.0,33.0,10.0,25.0,78.0,74.0,18.0,8.0,9.0,27.0,8.0,7.0,16.0,61.0,15.0,9.0,7.0,43.0,10.0,36.0,62.0,151.0,36.0,22.0,31.0,21.0,13.0,20.0,32.0,55.0,14.0,12.0,12.0,21.0,5.0,25.0,41.0,340.0,58.0,30.0,27.0,65.0,12.0,26.0,54.0,628.0,94.0,83.0,57.0,402.0,90.0,323.0,367.0,239.0,163.0,62.0,264.0,63.0,45.0,60.0,542.0,61.0,26.0,16.0,47.0,37.0,20.0,79.0,436.0,50.0,21.0,7.0,37.0,12.0,16.0,19.0,89.0,26.0,12.0,17.0,28.0,33.0,16.0,53.0,237.0,50.0,25.0,7.0,40.0,13.0,7.0,9.0,89.0,21.0,9.0,5.0,22.0,18.0,8.0,22.0,117.0,64.0,31.0,9.0,25.0,16.0,9.0,10.0,41.0,73.0,22.0,21.0,34.0,69.0,28.0,118.0,337.0,151.0,206.0,36.0,343.0,34.0,49.0,28.0,369.0,41.0,42.0,13.0,60.0,21.0,16.0,29.0,257.0,37.0,34.0,16.0,50.0,5.0,10.0,6.0,79.0,24.0,15.0,9.0,19.0,15.0,16.0,19.0,214.0,236.0,253.0,41.0,290.0,31.0,41.0,36.0,243.0,53.0,67.0,23.0,91.0,30.0,19.0,35.0,288.0,435.0,276.0,57.0,257.0,66.0,63.0,50.0,319.0,480.0,271.0,117.0,330.0,303.0,205.0,323.0,3343.0,1.6889219974047192,0.05648762831624566,0.764107757846763,0.8281890272750857,3.2972947472560743,17.971312394130265,2.8076145128666656,0.04311263378295795,0.683067483178111,0.7127296536235108,3.506654009351245,16.7392308074441,mel
42.0,4.0,9.0,12.0,10.0,1.0,11.0,12.0,12.0,1.0,1.0,1.0,8.0,2.0,18.0,22.0,13.0,2.0,2.0,0.0,2.0,0.0,3.0,1.0,13.0,0.0,2.0,4.0,11.0,0.0,27.0,11.0,9.0,1.0,2.0,2.0,3.0,0.0,1.0,2.0,2.0,1.0,0.0,0.0,2.0,0.0,2.0,0.0,13.0,1.0,2.0,0.0,1.0,0.0,1.0,0.0,24.0,1.0,4.0,2.0,47.0,2.0,17.0,7.0,10.0,2.0,2.0,0.0,2.0,0.0,2.0,0.0,1.0,1.0,0.0,0.0,0.0,0.0,3.0,0.0,1.0,0.0,1.0,0.0,0.0,0.0,0.0,0.0,0.0,1.0,1.0,0.0,0.0,0.0,2.0,1.0,18.0,1.0,0.0,3.0,3.0,0.0,2.0,0.0,2.0,0.0,0.0,0.0,2.0,0.0,1.0,0.0,20.0,1.0,2.0,1.0,1.0,0.0,1.0,0.0,34.0,2.0,5.0,0.0,28.0,3.0,8.0,11.0,7.0,10.0,4.0,25.0,0.0,0.0,0.0,15.0,2.0,0.0,0.0,3.0,3.0,3.0,2.0,21.0,1.0,1.0,0.0,1.0,0.0,0.0,0.0,1.0,0.0,0.0,0.0,2.0,1.0,0.0,1.0,12.0,5.0,3.0,1.0,1.0,0.0,0.0,0.0,2.0,0.0,0.0,0.0,0.0,0.0,0.0,2.0,2.0,2.0,1.0,0.0,2.0,0.0,0.0,0.0,2.0,0.0,1.0,0.0,0.0,2.0,1.0,2.0,8.0,7.0,10.0,8.0,55.0,1.0,2.0,1.0,30.0,1.0,0.0,1.0,2.0,0.0,3.0,1.0,14.0,1.0,0.0,0.0,2.0,0.0,0.0,1.0,4.0,2.0,0.0,0.0,2.0,1.0,0.0,2.0,11.0,8.0,15.0,2.0,21.0,1.0,1.0,2.0,17.0,2.0,0.0,1.0,1.0,4.0,2.0,0.0,3.0,24.0,11.0,1.0,16.0,1.0,1.0,0.0,3.0,19.0,23.0,1.0,9.0,19.0,12.0,9.0,280.0,2.6715447154471543,0.07611323864763038,0.8021219432152339,0.7952902429985038,2.8687030818428685,23.42926019565073,5.832438016528923,0.051667662727955734,0.6744894798170411,0.5672907253534871,3.2011691656199734,21.12532951130388,nv
78.0,14.0,10.0,11.0,13.0,4.0,14.0,12.0,3.0,0.0,6.0,1.0,9.0,2.0,11.0,9.0,10.0,3.0,1.0,2.0,2.0,0.0,3.0,2.0,7.0,0.0,4.0,1.0,19.0,0.0,7.0,7.0,4.0,4.0,3.0,0.0,1.0,2.0,0.0,2.0,4.0,0.0,4.0,0.0,5.0,1.0,2.0,1.0,14.0,1.0,2.0,0.0,1.0,1.0,0.0,2.0,22.0,0.0,1.0,2.0,43.0,3.0,26.0,8.0,12.0,1.0,1.0,2.0,1.0,0.0,2.0,3.0,5.0,1.0,1.0,0.0,2.0,0.0,1.0,1.0,1.0,1.0,0.0,0.0,1.0,0.0,1.0,0.0,2.0,0.0,0.0,1.0,2.0,0.0,1.0,2.0,11.0,2.0,1.0,1.0,2.0,0.0,1.0,0.0,1.0,2.0,0.0,0.0,3.0,1.0,2.0,0.0,11.0,0.0,0.0,0.0,4.0,0.0,0.0,0.0,16.0,4.0,0.0,2.0,16.0,3.0,13.0,7.0,8.0,11.0,1.0,18.0,1.0,2.0,3.0,30.0,0.0,2.0,0.0,1.0,2.0,3.0,4.0,19.0,0.0,1.0,1.0,4.0,0.0,0.0,1.0,4.0,0.0,1.0,1.0,3.0,0.0,0.0,1.0,16.0,1.0,1.0,0.0,1.0,1.0,1.0,0.0,10.0,1.0,0.0,0.0,0.0,1.0,0.0,0.0,4.0,5.0,2.0,1.0,0.0,0.0,3.0,0.0,1.0,3.0,1.0,0.0,1.0,4.0,3.0,1.0,13.0,8.0,12.0,1.0,27.0,0.0,3.0,4.0,17.0,1.0,1.0,1.0,4.0,0.0,0.0,1.0,10.0,1.0,0.0,1.0,4.0,1.0,1.0,0.0,5.0,0.0,2.0,0.0,2.0,3.0,0.0,1.0,11.0,16.0,11.0,2.0,23.0,1.0,4.0,1.0,13.0,3.0,3.0,2.0,3.0,2.0,2.0,3.0,15.0,11.0,16.0,9.0,9.0,1.0,2.0,0.0,7.0,15.0,10.0,6.0,7.0,12.0,13.0,9.0,286.0,3.20825706731747,0.06805991457378993,0.7610064921806332,0.7555473691066154,3.0672629002385565,23.04023987536196,6.325418129258723,0.04844357295647442,0.6498789362904368,0.5359049885228496,3.334401992320208,20.933733435959756,nv
32.0,5.0,11.0,6.0,7.0,0.0,12.0,12.0,10.0,1.0,3.0,1.0,9.0,0.0,20.0,17.0,3.0,1.0,1.0,0.0,0.0,0.0,2.0,0.0,8.0,2.0,4.0,3.0,14.0,0.0,40.0,23.0,5.0,0.0,1.0,2.0,0.0,0.0,2.0,2.0,0.0,0.0,0.0,1.0,2.0,0.0,6.0,2.0,6.0,0.0,1.0,1.0,1.0,0.0,0.0,0.0,16.0,1.0,3.0,0.0,56.0,0.0,22.0,13.0,5.0,3.0,2.0,1.0,0.0,0.0,2.0,0.0,1.0,1.0,0.0,0.0,1.0,0.0,3.0,1.0,1.0,0.0,1.0,0.0,0.0,0.0,0.0,0.0,0.0,0.0,0.0,0.0,0.0,0.0,1.0,1.0,10.0,1.0,1.0,0.0,0.0,0.0,0.0,0.0,1.0,0.0,0.0,0.0,2.0,0.0,2.0,1.0,17.0,2.0,0.0,0.0,2.0,0.0,1.0,0.0,20.0,0.0,0.0,1.0,19.0,2.0,8.0,6.0,8.0,5.0,1.0,9.0,1.0,0.0,2.0,13.0,3.0,0.0,0.0,1.0,1.0,0.0,3.0,9.0,1.0,2.0,1.0,2.0,0.0,0.0,1.0,1.0,1.0,1.0,0.0,1.0,2.0,1.0,0.0,19.0,2.0,1.0,0.0,1.0,0.0,0.0,0.0,0.0,0.0,0.0,0.0,0.0,0.0,0.0,0.0,1.0,2.0,0.0,0.0,2.0,0.0,0.0,0.0,0.0,2.0,1.0,0.0,0.0,1.0,1.0,1.0,6.0,4.0,22.0,2.0,74.0,3.0,1.0,2.0,26.0,0.0,1.0,0.0,0.0,0.0,1.0,1.0,4.0,0.0,0.0,0.0,0.0,0.0,0.0,0.0,0.0,1.0,0.0,0.0,1.0,0.0,0.0,1.0,12.0,16.0,19.0,4.0,19.0,1.0,0.0,3.0,9.0,0.0,0.0,0.0,2.0,1.0,1.0,0.0,8.0,20.0,19.0,0.0,12.0,2.0,1.0,0.0,5.0,18.0,12.0,0.0,2.0,9.0,4.0,5.0,368.0,3.8658911325724317,0.07786404155178246,0.8036568587955986,0.7853149466380758,2.8374296694114274,32.14864338702603,7.466320072332732,0.0532300185736849,0.6670207607844051,0.5749416343057593,3.1802456520887334,27.664479248076404,nv
464.0,89.0,110.0,77.0,76.0,16.0,92.0,124.0,75.0,15.0,26.0,13.0,62.0,19.0,142.0,144.0,87.0,14.0,19.0,8.0,8.0,3.0,13.0,14.0,88.0,10.0,20.0,10.0,135.0,15.0,226.0,160.0,101.0,18.0,34.0,19.0,19.0,5.0,15.0,14.0,20.0,3.0,6.0,2.0,18.0,2.0,16.0,15.0,102.0,12.0,18.0,4.0,23.0,2.0,16.0,8.0,156.0,5.0,19.0,11.0,223.0,27.0,183.0,104.0,83.0,12.0,18.0,15.0,11.0,3.0,7.0,12.0,11.0,3.0,4.0,1.0,4.0,4.0,12.0,13.0,26.0,4.0,5.0,1.0,2.0,1.0,4.0,2.0,15.0,2.0,3.0,4.0,20.0,3.0,26.0,24.0,106.0,8.0,23.0,17.0,4.0,1.0,6.0,6.0,20.0,3.0,0.0,2.0,23.0,2.0,15.0,7.0,149.0,16.0,18.0,11.0,7.0,3.0,8.0,7.0,153.0,16.0,17.0,14.0,147.0,22.0,127.0,76.0,61.0,67.0,28.0,135.0,7.0,15.0,17.0,157.0,15.0,5.0,2.0,11.0,12.0,16.0,17.0,150.0,15.0,5.0,3.0,9.0,1.0,2.0,2.0,15.0,15.0,8.0,2.0,8.0,11.0,10.0,15.0,108.0,22.0,14.0,6.0,15.0,2.0,4.0,5.0,22.0,8.0,5.0,4.0,9.0,3.0,4.0,2.0,17.0,22.0,20.0,2.0,15.0,2.0,0.0,2.0,8.0,30.0,6.0,5.0,15.0,26.0,20.0,24.0,107.0,88.0,128.0,17.0,237.0,7.0,5.0,13.0,157.0,11.0,8.0,4.0,22.0,5.0,15.0,12.0,127.0,28.0,16.0,4.0,29.0,6.0,7.0,0.0,13.0,11.0,9.0,5.0,27.0,8.0,20.0,18.0,141.0,145.0,179.0,16.0,185.0,11.0,28.0,11.0,94.0,18.0,13.0,4.0,28.0,16.0,17.0,9.0,103.0,191.0,149.0,21.0,114.0,12.0,23.0,8.0,96.0,175.0,120.0,25.0,111.0,142.0,150.0,110.0,1396.0,1.7794169466043357,0.048060809983077046,0.8043839402718882,0.8936724846036336,3.309834163340821,31.691071665323555,3.6562595942658764,0.03510047370520112,0.707171856665601,0.7833754051267783,3.606758411714858,30.100383749078162,nv
512.0,91.0,64.0,98.0,76.0,18.0,69.0,118.0,127.0,18.0,23.0,28.0,97.0,13.0,141.0,202.0,89.0,13.0,13.0,11.0,20.0,3.0,17.0,18.0,93.0,10.0,12.0,17.0,110.0,18.0,130.0,136.0,63.0,17.0,10.0,16.0,4.0,0.0,10.0,9.0,25.0,4.0,2.0,4.0,20.0,1.0,17.0,14.0,70.0,7.0,8.0,5.0,14.0,3.0,16.0,6.0,124.0,11.0,12.0,10.0,144.0,12.0,145.0,113.0,82.0,27.0,11.0,21.0,7.0,4.0,4.0,18.0,22.0,10.0,6.0,4.0,10.0,2.0,12.0,31.0,13.0,6.0,1.0,0.0,4.0,1.0,4.0,7.0,15.0,2.0,4.0,8.0,11.0,2.0,10.0,20.0,77.0,22.0,8.0,17.0,7.0,6.0,5.0,18.0,20.0,7.0,7.0,5.0,16.0,1.0,7.0,20.0,116.0,16.0,14.0,9.0,10.0,9.0,11.0,22.0,218.0,26.0,17.0,27.0,134.0,24.0,122.0,153.0,136.0,116.0,19.0,133.0,24.0,29.0,20.0,203.0,42.0,16.0,4.0,22.0,11.0,9.0,14.0,172.0,25.0,8.0,7.0,7.0,5.0,4.0,4.0,39.0,16.0,7.0,5.0,6.0,12.0,10.0,17.0,106.0,29.0,19.0,2.0,17.0,3.0,2.0,2.0,25.0,5.0,2.0,2.0,3.0,4.0,1.0,3.0,28.0,21.0,23.0,4.0,13.0,5.0,2.0,4.0,23.0,19.0,17.0,7.0,19.0,27.0,6.0,22.0,98.0,105.0,138.0,21.0,128.0,7.0,17.0,21.0,133.0,20.0,20.0,1.0,26.0,8.0,12.0,17.0,119.0,19.0,14.0,0.0,20.0,2.0,2.0,2.0,12.0,12.0,11.0,3.0,11.0,5.0,7.0,13.0,76.0,126.0,174.0,21.0,161.0,8.0,14.0,11.0,133.0,16.0,16.0,6.0,34.0,12.0,10.0,14.0,120.0,176.0,154.0,13.0,106.0,28.0,21.0,25.0,183.0,150.0,104.0,30.0,112.0,107.0,83.0,103.0,1515.0,1.9958942776494728,0.04659295621981594,0.7979143385985888,0.8840345007701179,3.3402427650768103,32.42631389467868,3.8735049950752765,0.03458861067097893,0.7049571808707866,0.7765597597031237,3.620958134078288,30.79800260739333,nv
382.0,59.0,98.0,120.0,48.0,7.0,88.0,158.0,47.0,9.0,22.0,10.0,68.0,11.0,252.0,238.0,42.0,8.0,20.0,6.0,11.0,1.0,14.0,7.0,81.0,5.0,26.0,16.0,148.0,10.0,351.0,300.0,96.0,19.0,20.0,16.0,13.0,1.0,7.0,11.0,7.0,1.0,4.0,0.0,17.0,0.0,23.0,16.0,91.0,9.0,14.0,10.0,10.0,2.0,9.0,9.0,166.0,10.0,10.0,12.0,305.0,16.0,261.0,116.0,51.0,5.0,15.0,14.0,7.0,0.0,6.0,9.0,6.0,2.0,2.0,0.0,6.0,1.0,13.0,14.0,6.0,0.0,0.0,4.0,1.0,0.0,3.0,1.0,6.0,1.0,3.0,2.0,11.0,1.0,17.0,21.0,70.0,8.0,16.0,12.0,8.0,2.0,9.0,5.0,2.0,0.0,1.0,1.0,13.0,0.0,14.0,8.0,136.0,5.0,6.0,5.0,11.0,0.0,5.0,11.0,228.0,7.0,13.0,4.0,192.0,13.0,130.0,96.0,57.0,97.0,17.0,210.0,6.0,18.0,16.0,250.0,8.0,9.0,4.0,10.0,8.0,6.0,20.0,227.0,10.0,9.0,1.0,17.0,1.0,0.0,0.0,5.0,5.0,9.0,3.0,11.0,8.0,12.0,7.0,158.0,21.0,28.0,4.0,26.0,1.0,1.0,6.0,11.0,2.0,1.0,1.0,4.0,0.0,1.0,1.0,16.0,9.0,10.0,0.0,14.0,2.0,2.0,0.0,9.0,15.0,10.0,3.0,15.0,11.0,9.0,10.0,69.0,56.0,155.0,23.0,282.0,3.0,13.0,15.0,223.0,8.0,11.0,2.0,10.0,7.0,8.0,12.0,165.0,4.0,13.0,2.0,10.0,1.0,3.0,0.0,9.0,6.0,7.0,1.0,8.0,4.0,14.0,15.0,141.0,214.0,345.0,17.0,237.0,11.0,17.0,10.0,133.0,9.0,8.0,0.0,16.0,10.0,20.0,12.0,93.0,226.0,258.0,19.0,115.0,8.0,15.0,9.0,79.0,201.0,149.0,11.0,73.0,143.0,130.0,85.0,1698.0,2.1017623526867775,0.0530028037851538,0.8343006213675491,0.8853988678490183,3.2148682961327792,34.5778465349078,3.975949504842747,0.03763421634745449,0.7316164461731982,0.7824352778970439,3.539216910865391,32.57362954833895,nv
852.0,119.0,242.0,159.0,117.0,27.0,135.0,135.0,144.0,16.0,35.0,20.0,133.0,24.0,208.0,203.0,120.0,19.0,40.0,18.0,35.0,4.0,25.0,28.0,112.0,26.0,33.0,28.0,147.0,34.0,252.0,199.0,291.0,38.0,35.0,19.0,40.0,8.0,34.0,26.0,31.0,4.0,10.0,8.0,51.0,6.0,25.0,30.0,157.0,14.0,37.0,17.0,19.0,3.0,20.0,16.0,215.0,31.0,39.0,19.0,213.0,30.0,252.0,170.0,124.0,29.0,46.0,20.0,12.0,4.0,20.0,17.0,18.0,2.0,3.0,6.0,15.0,6.0,24.0,31.0,29.0,3.0,9.0,4.0,5.0,2.0,7.0,5.0,27.0,4.0,6.0,5.0,19.0,4.0,45.0,38.0,177.0,23.0,26.0,26.0,35.0,4.0,33.0,15.0,18.0,5.0,7.0,3.0,19.0,6.0,24.0,36.0,170.0,17.0,19.0,21.0,24.0,7.0,25.0,18.0,190.0,23.0,32.0,17.0,188.0,31.0,181.0,181.0,115.0,106.0,33.0,145.0,19.0,22.0,29.0,122.0,18.0,13.0,3.0,19.0,16.0,23.0,25.0,177.0,17.0,13.0,8.0,32.0,3.0,6.0,8.0,24.0,27.0,24.0,11.0,35.0,25.0,22.0,20.0,200.0,48.0,38.0,10.0,35.0,5.0,11.0,10.0,30.0,9.0,9.0,3.0,7.0,5.0,6.0,10.0,42.0,25.0,28.0,14.0,20.0,7.0,4.0,4.0,28.0,31.0,32.0,5.0,18.0,31.0,49.0,32.0,186.0,110.0,140.0,57.0,228.0,9.0,28.0,19.0,153.0,24.0,13.0,7.0,40.0,15.0,23.0,20.0,184.0,21.0,31.0,13.0,39.0,4.0,6.0,13.0,41.0,26.0,22.0,5.0,41.0,19.0,43.0,42.0,278.0,248.0,286.0,40.0,240.0,32.0,55.0,21.0,160.0,29.0,35.0,5.0,31.0,25.0,43.0,18.0,181.0,228.0,268.0,44.0,182.0,31.0,41.0,28.0,178.0,208.0,247.0,34.0,215.0,202.0,355.0,168.0,2124.0,1.2351847479636402,0.07181425117273943,0.8342707821502342,0.8808742621758441,2.9620938597458277,19.502311120257925,2.3398888477213786,0.05695302339826164,0.7697216838616923,0.7789863818305154,3.167295581726499,18.834271071483535,nv
588.0,66.0,188.0,140.0,88.0,14.0,121.0,165.0,133.0,17.0,32.0,29.0,131.0,10.0,260.0,322.0,89.0,12.0,17.0,10.0,10.0,0.0,12.0,13.0,133.0,20.0,21.0,36.0,177.0,15.0,318.0,291.0,184.0,28.0,30.0,12.0,22.0,5.0,27.0,18.0,29.0,6.0,5.0,2.0,28.0,6.0,25.0,24.0,134.0,16.0,23.0,18.0,15.0,1.0,17.0,12.0,249.0,26.0,28.0,10.0,296.0,33.0,274.0,194.0,82.0,9.0,24.0,15.0,6.0,1.0,19.0,17.0,6.0,3.0,5.0,2.0,12.0,1.0,20.0,28.0,7.0,2.0,3.0,4.0,1.0,0.0,4.0,2.0,17.0,0.0,4.0,2.0,19.0,1.0,29.0,22.0,153.0,12.0,25.0,11.0,18.0,2.0,21.0,12.0,22.0,1.0,0.0,3.0,30.0,5.0,25.0,26.0,209.0,16.0,14.0,14.0,11.0,2.0,17.0,16.0,278.0,28.0,27.0,24.0,235.0,17.0,232.0,171.0,121.0,106.0,25.0,201.0,12.0,8.0,25.0,216.0,23.0,15.0,1.0,28.0,13.0,14.0,22.0,252.0,24.0,13.0,0.0,20.0,0.0,3.0,3.0,24.0,13.0,19.0,9.0,23.0,11.0,22.0,29.0,234.0,27.0,27.0,7.0,26.0,3.0,2.0,2.0,19.0,7.0,2.0,0.0,3.0,3.0,6.0,4.0,19.0,34.0,29.0,1.0,15.0,1.0,0.0,3.0,19.0,21.0,25.0,5.0,12.0,28.0,26.0,20.0,129.0,136.0,185.0,37.0,287.0,15.0,17.0,23.0,262.0,18.0,22.0,4.0,12.0,15.0,16.0,18.0,185.0,10.0,17.0,9.0,35.0,1.0,3.0,4.0,20.0,18.0,28.0,7.0,32.0,13.0,19.0,25.0,198.0,307.0,366.0,20.0,312.0,26.0,31.0,16.0,184.0,23.0,27.0,2.0,24.0,16.0,29.0,22.0,136.0,389.0,344.0,33.0,226.0,21.0,27.0,20.0,182.0,322.0,239.0,25.0,155.0,204.0,233.0,159.0,2280.0,1.4421272628856678,0.07047910062214383,0.8536081834001575,0.8891656539528251,2.9757777444991405,24.580984061682482,2.823788546255507,0.05298305047894067,0.7739262117025346,0.7810215555922202,3.2255881904648414,22.966773204170273,nv
554.0,62.0,160.0,147.0,69.0,13.0,117.0,145.0,127.0,16.0,30.0,23.0,114.0,13.0,263.0,268.0,63.0,6.0,26.0,12.0,11.0,1.0,16.0,12.0,130.0,14.0,29.0,20.0,152.0,24.0,332.0,280.0,178.0,24.0,32.0,11.0,17.0,3.0,20.0,21.0,27.0,0.0,3.0,2.0,21.0,5.0,25.0,19.0,126.0,8.0,18.0,18.0,14.0,2.0,22.0,16.0,240.0,27.0,35.0,15.0,290.0,28.0,276.0,171.0,64.0,12.0,18.0,8.0,10.0,1.0,18.0,15.0,11.0,2.0,3.0,2.0,16.0,1.0,24.0,25.0,13.0,1.0,10.0,2.0,2.0,1.0,4.0,1.0,16.0,1.0,3.0,1.0,10.0,1.0,23.0,26.0,148.0,21.0,18.0,15.0,12.0,1.0,18.0,9.0,20.0,1.0,1.0,5.0,24.0,3.0,26.0,16.0,190.0,15.0,18.0,12.0,15.0,5.0,18.0,15.0,272.0,19.0,22.0,20.0,207.0,21.0,217.0,185.0,92.0,91.0,26.0,192.0,14.0,17.0,29.0,222.0,25.0,14.0,5.0,23.0,15.0,11.0,13.0,266.0,14.0,12.0,2.0,19.0,2.0,1.0,0.0,16.0,13.0,24.0,6.0,21.0,17.0,19.0,21.0,217.0,27.0,32.0,3.0,24.0,1.0,3.0,4.0,20.0,3.0,5.0,0.0,1.0,3.0,3.0,2.0,29.0,21.0,17.0,7.0,21.0,3.0,4.0,1.0,17.0,30.0,21.0,4.0,19.0,24.0,25.0,21.0,147.0,110.0,154.0,26.0,278.0,6.0,10.0,27.0,233.0,16.0,14.0,3.0,18.0,14.0,16.0,21.0,198.0,15.0,22.0,2.0,22.0,1.0,4.0,4.0,23.0,17.0,20.0,8.0,27.0,15.0,21.0,23.0,225.0,277.0,374.0,32.0,328.0,24.0,23.0,10.0,193.0,26.0,22.0,3.0,19.0,25.0,21.0,15.0,132.0,329.0,320.0,28.0,214.0,21.0,20.0,14.0,162.0,318.0,235.0,26.0,177.0,221.0,265.0,146.0,2404.0,1.095380168756701,0.08350476773173995,0.8648522009350309,0.8853999963245526,2.8142650731235044,18.02120156991179,2.0661627779603458,0.0642080876421554,0.7928556832957212,0.7820125746673194,3.044463710201242,16.890552498685356,nv
72.0,6.0,21.0,4.0,11.0,2.0,7.0,0.0,5.0,0.0,1.0,0.0,5.0,0.0,6.0,4.0,12.0,0.0,2.0,1.0,2.0,2.0,1.0,2.0,3.0,3.0,5.0,3.0,8.0,3.0,14.0,8.0,13.0,0.0,9.0,2.0,3.0,0.0,1.0,0.0,4.0,0.0,1.0,0.0,5.0,1.0,2.0,2.0,1.0,0.0,0.0,0.0,0.0,0.0,3.0,0.0,10.0,2.0,3.0,0.0,28.0,3.0,7.0,1.0,8.0,3.0,7.0,0.0,7.0,0.0,1.0,2.0,0.0,1.0,0.0,0.0,1.0,1.0,0.0,1.0,0.0,0.0,0.0,0.0,2.0,0.0,0.0,0.0,1.0,0.0,0.0,0.0,2.0,0.0,2.0,2.0,4.0,0.0,3.0,0.0,1.0,0.0,0.0,1.0,2.0,0.0,0.0,1.0,5.0,0.0,1.0,1.0,4.0,0.0,0.0,0.0,2.0,0.0,0.0,2.0,4.0,2.0,2.0,2.0,10.0,1.0,7.0,5.0,6.0,2.0,0.0,2.0,0.0,1.0,2.0,5.0,4.0,0.0,0.0,0.0,0.0,1.0,3.0,3.0,0.0,1.0,0.0,1.0,0.0,0.0,0.0,3.0,0.0,0.0,1.0,1.0,1.0,1.0,3.0,6.0,1.0,1.0,0.0,1.0,0.0,0.0,0.0,0.0,1.0,0.0,0.0,0.0,0.0,0.0,0.0,3.0,2.0,2.0,0.0,1.0,1.0,0.0,1.0,2.0,0.0,1.0,0.0,0.0,0.0,2.0,2.0,12.0,4.0,13.0,2.0,15.0,3.0,0.0,0.0,2.0,0.0,0.0,0.0,1.0,0.0,2.0,0.0,5.0,1.0,2.0,0.0,1.0,0.0,0.0,1.0,3.0,0.0,2.0,1.0,1.0,1.0,0.0,5.0,6.0,6.0,18.0,2.0,5.0,2.0,1.0,2.0,1.0,0.0,2.0,3.0,0.0,1.0,3.0,0.0,2.0,7.0,4.0,2.0,8.0,0.0,0.0,1.0,7.0,7.0,8.0,0.0,7.0,6.0,4.0,2.0,255.0,5.787601957585646,0.05959608163525998,0.6925721736519633,0.7017074663464634,3.298653611979001,33.017271142643494,10.861988693049549,0.04725228761755213,0.5759952418095714,0.4464150485033308,3.600973901020904,28.380366662467743,nv
96.0,4.0,5.0,0.0,10.0,2.0,4.0,7.0,7.0,0.0,1.0,0.0,4.0,1.0,3.0,5.0,6.0,0.0,1.0,0.0,4.0,0.0,2.0,0.0,2.0,0.0,0.0,1.0,6.0,0.0,4.0,7.0,9.0,1.0,2.0,1.0,1.0,0.0,0.0,2.0,4.0,1.0,0.0,0.0,0.0,1.0,1.0,3.0,6.0,0.0,1.0,0.0,2.0,0.0,0.0,0.0,4.0,1.0,2.0,3.0,11.0,5.0,8.0,5.0,8.0,3.0,1.0,0.0,2.0,0.0,2.0,1.0,4.0,0.0,0.0,2.0,0.0,0.0,0.0,3.0,2.0,0.0,2.0,0.0,0.0,0.0,0.0,0.0,2.0,1.0,0.0,0.0,2.0,0.0,0.0,2.0,2.0,1.0,1.0,0.0,2.0,0.0,1.0,2.0,2.0,4.0,0.0,0.0,2.0,1.0,2.0,0.0,7.0,1.0,2.0,0.0,0.0,0.0,1.0,1.0,17.0,4.0,6.0,3.0,8.0,2.0,6.0,6.0,5.0,4.0,3.0,7.0,4.0,0.0,3.0,10.0,4.0,2.0,3.0,0.0,2.0,0.0,0.0,12.0,4.0,2.0,1.0,0.0,0.0,1.0,0.0,2.0,0.0,0.0,0.0,0.0,2.0,0.0,0.0,10.0,2.0,1.0,0.0,4.0,1.0,0.0,1.0,1.0,1.0,0.0,0.0,0.0,0.0,0.0,0.0,0.0,0.0,0.0,1.0,0.0,0.0,0.0,0.0,1.0,0.0,2.0,1.0,2.0,5.0,0.0,3.0,5.0,5.0,0.0,1.0,8.0,5.0,0.0,5.0,5.0,0.0,0.0,0.0,1.0,0.0,0.0,0.0,4.0,2.0,1.0,1.0,0.0,0.0,2.0,0.0,1.0,3.0,0.0,0.0,2.0,1.0,1.0,1.0,4.0,5.0,2.0,2.0,4.0,0.0,1.0,0.0,2.0,3.0,1.0,0.0,2.0,1.0,2.0,2.0,4.0,8.0,12.0,3.0,6.0,1.0,1.0,1.0,8.0,13.0,7.0,2.0,8.0,8.0,11.0,7.0,364.0,9.813780813780811,0.07424685461513503,0.6398152565359956,0.6710552636420041,3.4687313037175076,49.85448396793808,15.09542927733169,0.05684890207049474,0.5403043631620358,0.47806597311219406,3.7534414278813313,42.74877516108321,nv
72.0,6.0,6.0,5.0,7.0,2.0,4.0,6.0,8.0,1.0,1.0,0.0,3.0,2.0,6.0,10.0,4.0,0.0,0.0,0.0,2.0,0.0,0.0,2.0,0.0,3.0,1.0,2.0,2.0,3.0,3.0,9.0,3.0,1.0,2.0,0.0,0.0,0.0,2.0,3.0,2.0,0.0,0.0,1.0,0.0,0.0,2.0,2.0,3.0,1.0,3.0,0.0,0.0,1.0,0.0,0.0,6.0,1.0,0.0,0.0,5.0,2.0,4.0,12.0,13.0,2.0,2.0,0.0,0.0,0.0,1.0,0.0,3.0,0.0,0.0,0.0,2.0,0.0,0.0,2.0,1.0,2.0,1.0,0.0,0.0,0.0,0.0,0.0,1.0,0.0,1.0,0.0,1.0,0.0,0.0,2.0,4.0,0.0,0.0,0.0,2.0,1.0,0.0,1.0,6.0,0.0,0.0,0.0,2.0,0.0,0.0,2.0,6.0,3.0,1.0,0.0,1.0,1.0,2.0,0.0,18.0,0.0,3.0,2.0,4.0,1.0,7.0,2.0,10.0,1.0,0.0,5.0,1.0,2.0,3.0,24.0,4.0,0.0,0.0,0.0,2.0,0.0,3.0,11.0,1.0,1.0,0.0,1.0,1.0,1.0,0.0,4.0,1.0,0.0,0.0,1.0,0.0,0.0,2.0,6.0,3.0,2.0,0.0,1.0,0.0,0.0,0.0,3.0,2.0,1.0,0.0,0.0,0.0,0.0,0.0,0.0,1.0,1.0,0.0,2.0,0.0,0.0,0.0,0.0,1.0,0.0,1.0,0.0,1.0,2.0,7.0,7.0,1.0,2.0,1.0,15.0,1.0,0.0,3.0,10.0,4.0,0.0,1.0,2.0,0.0,1.0,0.0,7.0,0.0,0.0,0.0,0.0,0.0,0.0,0.0,2.0,0.0,0.0,0.0,2.0,0.0,0.0,0.0,8.0,3.0,6.0,0.0,8.0,1.0,0.0,1.0,5.0,1.0,2.0,2.0,1.0,1.0,1.0,1.0,4.0,10.0,6.0,0.0,4.0,2.0,4.0,0.0,8.0,10.0,4.0,0.0,5.0,1.0,4.0,5.0,321.0,6.836666666666668,0.06517377777777779,0.660535350428742,0.7143677983130091,3.4297424030360544,41.03375288888891,12.584215920737952,0.05133811249690539,0.5512444677005303,0.4701781222317041,3.6777687494810523,34.9193563128018,nv
1717.0,321.0,465.0,354.0,285.0,66.0,328.0,366.0,255.0,50.0,97.0,68.0,272.0,46.0,514.0,504.0,319.0,43.0,94.0,37.0,79.0,22.0,84.0,52.0,283.0,30.0,119.0,59.0,397.0,79.0,689.0,552.0,471.0,55.0,97.0,45.0,86.0,18.0,75.0,64.0,82.0,18.0,17.0,21.0,97.0,21.0,94.0,78.0,372.0,41.0,50.0,39.0,74.0,15.0,46.0,33.0,497.0,51.0,89.0,49.0,753.0,95.0,603.0,372.0,298.0,90.0,85.0,67.0,35.0,11.0,54.0,40.0,43.0,9.0,12.0,14.0,30.0,10.0,53.0,50.0,94.0,10.0,21.0,15.0,11.0,4.0,18.0,16.0,60.0,15.0,22.0,13.0,66.0,24.0,97.0,85.0,341.0,56.0,66.0,38.0,48.0,9.0,29.0,35.0,74.0,12.0,13.0,11.0,47.0,13.0,58.0,69.0,350.0,43.0,65.0,29.0,48.0,10.0,34.0,33.0,474.0,69.0,87.0,58.0,541.0,85.0,425.0,326.0,244.0,288.0,84.0,487.0,42.0,55.0,60.0,472.0,48.0,38.0,12.0,62.0,37.0,43.0,52.0,471.0,48.0,41.0,16.0,48.0,9.0,15.0,14.0,48.0,27.0,43.0,14.0,57.0,40.0,57.0,80.0,432.0,72.0,98.0,25.0,83.0,11.0,13.0,15.0,76.0,15.0,10.0,12.0,16.0,17.0,22.0,19.0,123.0,59.0,58.0,13.0,54.0,13.0,19.0,13.0,67.0,58.0,45.0,25.0,52.0,78.0,95.0,111.0,408.0,278.0,423.0,87.0,638.0,34.0,73.0,57.0,496.0,29.0,43.0,15.0,69.0,31.0,56.0,52.0,476.0,55.0,74.0,15.0,87.0,12.0,16.0,9.0,81.0,38.0,42.0,24.0,93.0,51.0,85.0,82.0,677.0,451.0,726.0,95.0,676.0,52.0,100.0,53.0,444.0,52.0,90.0,28.0,110.0,65.0,93.0,51.0,451.0,514.0,517.0,89.0,435.0,73.0,100.0,46.0,369.0,452.0,485.0,114.0,399.0,464.0,635.0,425.0,3911.0,1.0422003616270687,0.06600361484201585,0.8100431645661818,0.8900477353159808,3.127385511484781,17.91512379394431,1.895699722787854,0.051391047253447335,0.7314922420874101,0.8001942340421899,3.372019689929431,17.079725873169586,mel
2696.0,377.0,278.0,237.0,304.0,83.0,189.0,307.0,213.0,48.0,81.0,76.0,166.0,58.0,362.0,504.0,350.0,62.0,72.0,52.0,115.0,32.0,60.0,83.0,228.0,61.0,86.0,58.0,372.0,105.0,706.0,520.0,266.0,64.0,62.0,48.0,63.0,16.0,32.0,59.0,73.0,16.0,31.0,23.0,52.0,15.0,96.0,90.0,257.0,66.0,52.0,39.0,75.0,18.0,36.0,28.0,265.0,64.0,97.0,41.0,436.0,91.0,596.0,420.0,259.0,98.0,56.0,71.0,56.0,25.0,45.0,57.0,53.0,15.0,25.0,25.0,35.0,21.0,73.0,115.0,88.0,34.0,12.0,14.0,37.0,11.0,17.0,20.0,64.0,18.0,20.0,22.0,83.0,35.0,143.0,137.0,198.0,62.0,36.0,36.0,41.0,21.0,25.0,38.0,36.0,14.0,19.0,16.0,38.0,10.0,38.0,81.0,319.0,72.0,49.0,24.0,61.0,17.0,44.0,54.0,317.0,70.0,96.0,56.0,395.0,105.0,407.0,344.0,249.0,209.0,64.0,276.0,49.0,72.0,58.0,293.0,47.0,43.0,25.0,80.0,34.0,35.0,85.0,438.0,53.0,51.0,22.0,48.0,22.0,18.0,25.0,67.0,46.0,35.0,21.0,47.0,52.0,36.0,138.0,357.0,76.0,98.0,23.0,104.0,22.0,23.0,27.0,95.0,24.0,19.0,12.0,32.0,25.0,17.0,28.0,145.0,74.0,58.0,28.0,52.0,28.0,14.0,14.0,48.0,96.0,35.0,46.0,73.0,95.0,58.0,158.0,477.0,177.0,375.0,42.0,438.0,55.0,77.0,40.0,364.0,23.0,55.0,20.0,119.0,29.0,40.0,50.0,403.0,64.0,85.0,22.0,96.0,15.0,34.0,20.0,95.0,32.0,37.0,12.0,69.0,34.0,56.0,82.0,438.0,331.0,646.0,96.0,583.0,67.0,134.0,47.0,405.0,73.0,112.0,39.0,164.0,43.0,71.0,71.0,594.0,531.0,523.0,106.0,353.0,115.0,150.0,73.0,316.0,421.0,371.0,155.0,469.0,466.0,422.0,553.0,3834.0,2.0137393044849907,0.052850359910552994,0.7383202314808914,0.8132278864520927,3.514879802664261,19.549857811081885,2.875439343913092,0.04105511474700281,0.6670892111927045,0.7322865940362138,3.712266800356925,18.606035097468126,mel
1717.0,321.0,465.0,354.0,285.0,66.0,328.0,366.0,255.0,50.0,97.0,68.0,272.0,46.0,514.0,504.0,319.0,43.0,94.0,37.0,79.0,22.0,84.0,52.0,283.0,30.0,119.0,59.0,397.0,79.0,689.0,552.0,471.0,55.0,97.0,45.0,86.0,18.0,75.0,64.0,82.0,18.0,17.0,21.0,97.0,21.0,94.0,78.0,372.0,41.0,50.0,39.0,74.0,15.0,46.0,33.0,497.0,51.0,89.0,49.0,753.0,95.0,603.0,372.0,298.0,90.0,85.0,67.0,35.0,11.0,54.0,40.0,43.0,9.0,12.0,14.0,30.0,10.0,53.0,50.0,94.0,10.0,21.0,15.0,11.0,4.0,18.0,16.0,60.0,15.0,22.0,13.0,66.0,24.0,97.0,85.0,341.0,56.0,66.0,38.0,48.0,9.0,29.0,35.0,74.0,12.0,13.0,11.0,47.0,13.0,58.0,69.0,350.0,43.0,65.0,29.0,48.0,10.0,34.0,33.0,474.0,69.0,87.0,58.0,541.0,85.0,425.0,326.0,244.0,288.0,84.0,487.0,42.0,55.0,60.0,472.0,48.0,38.0,12.0,62.0,37.0,43.0,52.0,471.0,48.0,41.0,16.0,48.0,9.0,15.0,14.0,48.0,27.0,43.0,14.0,57.0,40.0,57.0,80.0,432.0,72.0,98.0,25.0,83.0,11.0,13.0,15.0,76.0,15.0,10.0,12.0,16.0,17.0,22.0,19.0,123.0,59.0,58.0,13.0,54.0,13.0,19.0,13.0,67.0,58.0,45.0,25.0,52.0,78.0,95.0,111.0,408.0,278.0,423.0,87.0,638.0,34.0,73.0,57.0,496.0,29.0,43.0,15.0,69.0,31.0,56.0,52.0,476.0,55.0,74.0,15.0,87.0,12.0,16.0,9.0,81.0,38.0,42.0,24.0,93.0,51.0,85.0,82.0,677.0,451.0,726.0,95.0,676.0,52.0,100.0,53.0,444.0,52.0,90.0,28.0,110.0,65.0,93.0,51.0,451.0,514.0,517.0,89.0,435.0,73.0,100.0,46.0,369.0,452.0,485.0,114.0,399.0,464.0,635.0,425.0,3911.0,1.0422003616270687,0.06600361484201585,0.8100431645661818,0.8900477353159808,3.127385511484781,17.91512379394431,1.895699722787854,0.051391047253447335,0.7314922420874101,0.8001942340421899,3.372019689929431,17.079725873169586,mel
1283.0,207.0,326.0,195.0,178.0,46.0,217.0,169.0,194.0,37.0,69.0,37.0,161.0,48.0,276.0,254.0,236.0,37.0,57.0,29.0,47.0,9.0,38.0,32.0,221.0,22.0,73.0,41.0,214.0,57.0,334.0,278.0,351.0,58.0,66.0,38.0,53.0,16.0,41.0,40.0,49.0,9.0,25.0,14.0,58.0,17.0,61.0,45.0,202.0,27.0,41.0,35.0,35.0,14.0,44.0,22.0,261.0,33.0,63.0,35.0,312.0,66.0,339.0,228.0,156.0,46.0,48.0,51.0,29.0,9.0,28.0,28.0,24.0,11.0,13.0,14.0,32.0,8.0,32.0,44.0,53.0,10.0,15.0,7.0,8.0,4.0,10.0,10.0,32.0,6.0,19.0,17.0,41.0,17.0,77.0,90.0,177.0,34.0,29.0,32.0,31.0,12.0,28.0,25.0,36.0,10.0,9.0,9.0,30.0,9.0,35.0,46.0,171.0,28.0,35.0,19.0,24.0,11.0,29.0,30.0,186.0,33.0,51.0,43.0,251.0,67.0,256.0,255.0,194.0,165.0,46.0,233.0,37.0,42.0,30.0,193.0,33.0,34.0,12.0,41.0,24.0,40.0,39.0,224.0,28.0,28.0,13.0,34.0,9.0,10.0,3.0,39.0,29.0,29.0,16.0,42.0,41.0,39.0,43.0,262.0,80.0,50.0,20.0,73.0,17.0,14.0,16.0,43.0,15.0,14.0,9.0,12.0,13.0,17.0,15.0,70.0,47.0,29.0,12.0,33.0,9.0,16.0,12.0,41.0,37.0,45.0,15.0,32.0,43.0,64.0,74.0,256.0,159.0,216.0,48.0,295.0,26.0,46.0,29.0,215.0,27.0,35.0,15.0,35.0,17.0,33.0,30.0,255.0,28.0,43.0,13.0,66.0,12.0,7.0,13.0,54.0,37.0,31.0,18.0,62.0,37.0,69.0,72.0,414.0,244.0,348.0,56.0,325.0,47.0,62.0,32.0,247.0,27.0,42.0,10.0,68.0,34.0,69.0,44.0,285.0,235.0,301.0,37.0,226.0,46.0,58.0,48.0,263.0,226.0,253.0,65.0,261.0,267.0,411.0,348.0,2747.0,1.1729888850477175,0.10158467795619472,0.8214433805642218,0.822850019136249,2.6779801580467755,12.069901453731173,2.1681799530758465,0.08255761663309599,0.7608229590632576,0.6877443518682925,2.8674361529365746,11.719030517245711,mel
867.0,100.0,347.0,198.0,135.0,27.0,243.0,166.0,148.0,13.0,46.0,36.0,188.0,19.0,318.0,275.0,121.0,13.0,38.0,18.0,28.0,6.0,32.0,29.0,153.0,24.0,63.0,32.0,263.0,31.0,513.0,386.0,352.0,39.0,88.0,52.0,50.0,5.0,56.0,30.0,46.0,3.0,4.0,4.0,70.0,8.0,64.0,36.0,187.0,28.0,38.0,29.0,27.0,8.0,25.0,19.0,347.0,46.0,59.0,38.0,643.0,82.0,554.0,298.0,132.0,24.0,46.0,28.0,16.0,1.0,29.0,16.0,20.0,2.0,2.0,8.0,17.0,3.0,30.0,15.0,26.0,4.0,10.0,5.0,6.0,0.0,4.0,3.0,12.0,2.0,9.0,7.0,30.0,7.0,66.0,40.0,242.0,28.0,43.0,31.0,29.0,1.0,25.0,10.0,36.0,4.0,4.0,6.0,52.0,1.0,30.0,18.0,185.0,17.0,28.0,13.0,17.0,4.0,18.0,7.0,320.0,36.0,33.0,24.0,446.0,53.0,259.0,206.0,126.0,139.0,60.0,357.0,23.0,20.0,38.0,285.0,20.0,17.0,4.0,34.0,27.0,23.0,33.0,272.0,19.0,13.0,11.0,33.0,2.0,3.0,5.0,27.0,13.0,15.0,6.0,33.0,20.0,27.0,42.0,308.0,32.0,49.0,15.0,57.0,9.0,11.0,3.0,32.0,8.0,6.0,3.0,7.0,6.0,9.0,4.0,29.0,33.0,23.0,4.0,26.0,9.0,6.0,8.0,22.0,30.0,33.0,4.0,27.0,35.0,52.0,29.0,257.0,170.0,254.0,62.0,614.0,13.0,23.0,42.0,412.0,15.0,29.0,5.0,33.0,32.0,30.0,37.0,290.0,18.0,25.0,9.0,76.0,4.0,5.0,6.0,42.0,21.0,26.0,8.0,52.0,45.0,43.0,40.0,481.0,311.0,534.0,56.0,474.0,33.0,48.0,29.0,268.0,20.0,25.0,5.0,32.0,41.0,46.0,32.0,184.0,261.0,328.0,37.0,315.0,29.0,38.0,22.0,186.0,271.0,294.0,37.0,237.0,286.0,516.0,237.0,3256.0,1.3058596067680097,0.11413285368696342,0.8572554068938404,0.8522623432303408,2.5591220206375187,16.372227826336466,2.494059069820074,0.08907433871395318,0.7864640471142167,0.7177020683501538,2.790472967215354,15.175635180108975,mel
875.0,102.0,228.0,166.0,107.0,15.0,209.0,223.0,196.0,23.0,40.0,30.0,185.0,26.0,328.0,379.0,106.0,14.0,28.0,22.0,16.0,2.0,25.0,22.0,152.0,23.0,41.0,40.0,219.0,16.0,405.0,337.0,244.0,28.0,40.0,28.0,39.0,5.0,24.0,39.0,56.0,6.0,4.0,7.0,46.0,9.0,37.0,30.0,182.0,24.0,32.0,28.0,19.0,1.0,24.0,20.0,367.0,40.0,48.0,25.0,465.0,44.0,387.0,301.0,141.0,22.0,24.0,30.0,20.0,4.0,30.0,31.0,19.0,5.0,6.0,3.0,30.0,2.0,32.0,35.0,22.0,4.0,4.0,3.0,5.0,0.0,4.0,6.0,22.0,3.0,7.0,8.0,21.0,3.0,38.0,38.0,201.0,24.0,37.0,21.0,27.0,1.0,15.0,23.0,47.0,8.0,2.0,7.0,36.0,4.0,43.0,30.0,217.0,17.0,18.0,20.0,27.0,9.0,22.0,19.0,415.0,55.0,30.0,35.0,421.0,49.0,310.0,287.0,215.0,211.0,53.0,376.0,33.0,25.0,29.0,396.0,34.0,25.0,6.0,59.0,32.0,13.0,32.0,367.0,27.0,26.0,4.0,30.0,11.0,5.0,10.0,46.0,27.0,26.0,7.0,31.0,24.0,27.0,33.0,316.0,32.0,37.0,9.0,47.0,2.0,4.0,6.0,50.0,5.0,6.0,1.0,7.0,0.0,5.0,7.0,30.0,36.0,35.0,5.0,31.0,4.0,9.0,1.0,37.0,43.0,24.0,11.0,29.0,34.0,41.0,32.0,208.0,208.0,248.0,42.0,428.0,27.0,25.0,41.0,390.0,36.0,25.0,4.0,38.0,17.0,20.0,28.0,337.0,25.0,19.0,5.0,53.0,2.0,4.0,6.0,48.0,35.0,24.0,5.0,44.0,27.0,32.0,40.0,299.0,353.0,380.0,40.0,392.0,36.0,42.0,41.0,289.0,48.0,37.0,7.0,44.0,26.0,44.0,31.0,212.0,408.0,401.0,38.0,325.0,34.0,44.0,33.0,279.0,344.0,306.0,41.0,245.0,315.0,334.0,209.0,2961.0,1.2092814907722629,0.11366588082923748,0.8574108109584374,0.8538910308211337,2.5539784556851997,15.343863707204799,2.307255226222279,0.08848650638083462,0.7862600161705157,0.7231984805473053,2.785915923514128,14.363572526344225,mel
708.0,139.0,166.0,93.0,111.0,35.0,80.0,81.0,66.0,18.0,33.0,27.0,55.0,21.0,116.0,96.0,119.0,24.0,38.0,15.0,36.0,5.0,24.0,15.0,79.0,16.0,49.0,21.0,180.0,25.0,300.0,126.0,164.0,36.0,46.0,16.0,33.0,12.0,17.0,12.0,34.0,3.0,13.0,6.0,35.0,10.0,30.0,29.0,87.0,13.0,15.0,13.0,26.0,5.0,11.0,11.0,128.0,21.0,32.0,9.0,319.0,42.0,307.0,120.0,145.0,49.0,28.0,30.0,10.0,9.0,15.0,16.0,25.0,7.0,8.0,8.0,13.0,8.0,18.0,25.0,34.0,8.0,7.0,7.0,11.0,1.0,6.0,2.0,17.0,9.0,7.0,7.0,20.0,4.0,40.0,29.0,109.0,24.0,20.0,15.0,16.0,5.0,10.0,13.0,31.0,7.0,4.0,8.0,21.0,7.0,16.0,28.0,90.0,17.0,7.0,9.0,19.0,4.0,12.0,13.0,96.0,23.0,34.0,26.0,143.0,39.0,131.0,93.0,69.0,80.0,33.0,130.0,26.0,26.0,21.0,98.0,20.0,9.0,4.0,14.0,12.0,12.0,20.0,88.0,15.0,9.0,5.0,16.0,5.0,13.0,7.0,16.0,12.0,7.0,0.0,19.0,19.0,20.0,22.0,123.0,32.0,40.0,6.0,35.0,5.0,6.0,6.0,22.0,6.0,3.0,1.0,10.0,5.0,8.0,11.0,52.0,23.0,18.0,5.0,20.0,7.0,9.0,10.0,22.0,23.0,14.0,9.0,21.0,21.0,45.0,62.0,164.0,86.0,165.0,39.0,268.0,4.0,35.0,22.0,127.0,11.0,13.0,7.0,24.0,8.0,16.0,14.0,118.0,17.0,36.0,11.0,30.0,5.0,12.0,6.0,40.0,11.0,10.0,11.0,43.0,25.0,27.0,34.0,204.0,141.0,254.0,29.0,243.0,18.0,37.0,21.0,123.0,12.0,26.0,7.0,64.0,18.0,35.0,29.0,190.0,119.0,140.0,29.0,116.0,22.0,27.0,23.0,98.0,109.0,119.0,43.0,169.0,103.0,220.0,181.0,1814.0,1.502775693923481,0.07506592860471309,0.8073152296019981,0.8563437768704648,3.056162700009652,19.41905645766279,2.8198974397647136,0.0585797490646091,0.7310460000643737,0.7377980304148738,3.2975943336424534,18.689456164455372,mel
1110.0,130.0,83.0,52.0,126.0,43.0,59.0,117.0,134.0,27.0,34.0,21.0,48.0,28.0,64.0,124.0,130.0,13.0,22.0,8.0,41.0,8.0,19.0,29.0,58.0,18.0,18.0,10.0,66.0,20.0,69.0,89.0,93.0,25.0,16.0,19.0,18.0,7.0,16.0,21.0,33.0,15.0,11.0,3.0,38.0,10.0,29.0,30.0,54.0,10.0,12.0,6.0,21.0,5.0,15.0,12.0,118.0,14.0,25.0,17.0,160.0,40.0,123.0,106.0,133.0,40.0,27.0,27.0,31.0,9.0,17.0,35.0,40.0,15.0,10.0,8.0,26.0,8.0,16.0,41.0,46.0,10.0,4.0,7.0,14.0,7.0,5.0,16.0,24.0,6.0,7.0,7.0,27.0,10.0,9.0,24.0,66.0,21.0,13.0,12.0,17.0,5.0,13.0,18.0,38.0,15.0,9.0,11.0,17.0,10.0,15.0,27.0,110.0,36.0,23.0,19.0,35.0,16.0,21.0,29.0,265.0,62.0,42.0,36.0,197.0,64.0,121.0,161.0,126.0,65.0,31.0,97.0,36.0,27.0,27.0,287.0,41.0,16.0,21.0,37.0,32.0,15.0,30.0,205.0,30.0,21.0,11.0,18.0,11.0,13.0,8.0,56.0,20.0,6.0,8.0,16.0,26.0,8.0,26.0,116.0,26.0,25.0,10.0,24.0,5.0,5.0,12.0,51.0,14.0,5.0,9.0,16.0,5.0,5.0,8.0,76.0,29.0,12.0,7.0,17.0,10.0,9.0,11.0,45.0,36.0,13.0,11.0,25.0,43.0,24.0,58.0,198.0,55.0,75.0,28.0,146.0,27.0,21.0,16.0,173.0,21.0,24.0,5.0,49.0,8.0,9.0,16.0,126.0,28.0,15.0,13.0,40.0,5.0,16.0,12.0,58.0,19.0,10.0,6.0,25.0,14.0,8.0,20.0,114.0,53.0,61.0,18.0,106.0,15.0,20.0,18.0,118.0,20.0,31.0,11.0,56.0,18.0,19.0,14.0,192.0,106.0,68.0,33.0,74.0,31.0,30.0,34.0,193.0,185.0,110.0,63.0,204.0,140.0,127.0,185.0,2303.0,2.779135998816438,0.05694342432462486,0.7312934946308217,0.7960650316822475,3.4237256696628737,24.47598382434446,4.259057903556136,0.045037538251394615,0.6661825973947244,0.6882529905023658,3.61415543860532,23.064751299421665,mel
400.0,78.0,131.0,85.0,62.0,15.0,72.0,92.0,46.0,8.0,18.0,28.0,68.0,9.0,143.0,138.0,60.0,5.0,23.0,15.0,15.0,0.0,14.0,11.0,63.0,12.0,46.0,12.0,168.0,15.0,346.0,156.0,122.0,35.0,30.0,14.0,27.0,4.0,25.0,13.0,19.0,3.0,5.0,1.0,26.0,5.0,30.0,25.0,84.0,12.0,14.0,11.0,14.0,3.0,11.0,5.0,146.0,11.0,19.0,12.0,448.0,24.0,352.0,137.0,69.0,13.0,28.0,17.0,13.0,4.0,16.0,8.0,19.0,2.0,2.0,2.0,10.0,1.0,10.0,25.0,8.0,2.0,5.0,3.0,4.0,3.0,2.0,2.0,6.0,1.0,6.0,3.0,6.0,3.0,27.0,15.0,86.0,15.0,21.0,9.0,20.0,1.0,4.0,6.0,16.0,8.0,3.0,2.0,19.0,3.0,13.0,18.0,99.0,12.0,8.0,9.0,10.0,0.0,11.0,6.0,136.0,22.0,16.0,13.0,200.0,15.0,141.0,78.0,67.0,84.0,18.0,146.0,17.0,21.0,12.0,165.0,7.0,5.0,3.0,15.0,11.0,12.0,20.0,145.0,9.0,6.0,2.0,9.0,0.0,3.0,5.0,9.0,10.0,2.0,1.0,15.0,5.0,17.0,14.0,138.0,23.0,37.0,4.0,19.0,1.0,4.0,5.0,28.0,1.0,1.0,0.0,4.0,4.0,5.0,2.0,26.0,14.0,15.0,3.0,10.0,2.0,5.0,6.0,18.0,15.0,11.0,3.0,8.0,15.0,20.0,32.0,135.0,81.0,139.0,32.0,352.0,9.0,14.0,14.0,204.0,9.0,11.0,7.0,26.0,3.0,14.0,10.0,136.0,9.0,15.0,3.0,34.0,1.0,3.0,1.0,19.0,15.0,9.0,9.0,16.0,16.0,18.0,26.0,189.0,160.0,362.0,21.0,301.0,10.0,19.0,11.0,120.0,18.0,19.0,1.0,17.0,14.0,29.0,16.0,123.0,153.0,179.0,18.0,131.0,17.0,19.0,14.0,113.0,135.0,140.0,20.0,143.0,128.0,179.0,118.0,2001.0,1.042187150894725,0.09578125776406192,0.849315154405282,0.8834273097284385,2.8159938678169745,16.838281224106368,2.076450595798697,0.07312070349339853,0.7647045115317117,0.7666975380951038,3.095756975329261,15.724052483719996,mel
1503.0,170.0,328.0,205.0,251.0,37.0,217.0,220.0,275.0,41.0,60.0,40.0,209.0,52.0,243.0,226.0,189.0,32.0,50.0,28.0,36.0,8.0,46.0,52.0,204.0,29.0,48.0,45.0,203.0,41.0,218.0,221.0,369.0,37.0,69.0,39.0,64.0,17.0,42.0,44.0,84.0,18.0,13.0,6.0,55.0,27.0,43.0,58.0,219.0,21.0,38.0,38.0,54.0,9.0,21.0,39.0,330.0,42.0,53.0,36.0,292.0,64.0,238.0,225.0,228.0,39.0,69.0,42.0,42.0,6.0,42.0,36.0,57.0,9.0,4.0,8.0,45.0,7.0,46.0,46.0,56.0,4.0,22.0,16.0,8.0,0.0,15.0,16.0,39.0,9.0,11.0,9.0,42.0,14.0,58.0,70.0,256.0,31.0,34.0,27.0,38.0,13.0,31.0,40.0,56.0,16.0,11.0,11.0,43.0,19.0,36.0,39.0,203.0,41.0,40.0,31.0,37.0,15.0,43.0,53.0,294.0,70.0,57.0,74.0,267.0,109.0,253.0,339.0,254.0,174.0,82.0,324.0,62.0,48.0,61.0,322.0,69.0,37.0,16.0,52.0,54.0,32.0,45.0,266.0,48.0,24.0,21.0,46.0,10.0,11.0,17.0,64.0,30.0,27.0,8.0,44.0,27.0,29.0,55.0,248.0,58.0,54.0,10.0,42.0,6.0,11.0,9.0,52.0,13.0,11.0,4.0,10.0,15.0,18.0,15.0,69.0,38.0,31.0,6.0,35.0,10.0,16.0,7.0,55.0,42.0,46.0,14.0,40.0,55.0,77.0,43.0,348.0,213.0,212.0,59.0,314.0,35.0,34.0,62.0,247.0,37.0,30.0,11.0,41.0,31.0,44.0,39.0,269.0,46.0,34.0,21.0,86.0,12.0,25.0,13.0,74.0,44.0,46.0,31.0,64.0,37.0,51.0,71.0,426.0,253.0,206.0,52.0,224.0,39.0,53.0,23.0,237.0,36.0,54.0,3.0,43.0,35.0,63.0,42.0,298.0,218.0,168.0,59.0,238.0,43.0,70.0,53.0,342.0,275.0,272.0,71.0,352.0,244.0,444.0,316.0,3436.0,0.9984170495347666,0.0863222024751265,0.793105302616485,0.8313519671482418,2.840737056344862,10.841828373456606,1.7481732397774015,0.07237888506224414,0.7280340030421757,0.7065908700615052,3.0248292204075233,10.16811062053641,mel
990.0,90.0,368.0,214.0,107.0,18.0,246.0,270.0,179.0,18.0,38.0,20.0,189.0,29.0,391.0,318.0,115.0,19.0,51.0,31.0,15.0,1.0,34.0,23.0,216.0,25.0,42.0,26.0,272.0,26.0,434.0,347.0,394.0,38.0,76.0,47.0,41.0,9.0,23.0,32.0,59.0,7.0,11.0,9.0,66.0,11.0,45.0,35.0,239.0,24.0,46.0,23.0,32.0,5.0,27.0,23.0,418.0,44.0,46.0,29.0,557.0,55.0,368.0,278.0,136.0,15.0,64.0,24.0,13.0,3.0,22.0,19.0,24.0,0.0,6.0,1.0,16.0,4.0,35.0,17.0,26.0,2.0,6.0,2.0,4.0,1.0,7.0,3.0,24.0,7.0,9.0,6.0,28.0,3.0,52.0,38.0,249.0,19.0,41.0,23.0,45.0,6.0,32.0,33.0,53.0,7.0,5.0,0.0,47.0,4.0,36.0,20.0,227.0,19.0,32.0,25.0,25.0,8.0,21.0,30.0,370.0,47.0,52.0,28.0,465.0,63.0,282.0,280.0,201.0,178.0,59.0,406.0,23.0,15.0,54.0,440.0,34.0,22.0,4.0,32.0,20.0,30.0,27.0,359.0,11.0,19.0,5.0,24.0,3.0,1.0,4.0,24.0,33.0,25.0,7.0,32.0,17.0,30.0,33.0,374.0,42.0,45.0,8.0,37.0,4.0,6.0,6.0,39.0,4.0,5.0,0.0,7.0,9.0,10.0,9.0,37.0,22.0,26.0,4.0,27.0,5.0,5.0,3.0,33.0,32.0,34.0,7.0,35.0,39.0,50.0,26.0,237.0,193.0,273.0,73.0,520.0,31.0,29.0,55.0,399.0,31.0,20.0,9.0,35.0,29.0,29.0,35.0,319.0,29.0,31.0,15.0,55.0,5.0,8.0,5.0,54.0,23.0,35.0,7.0,68.0,27.0,57.0,63.0,413.0,355.0,450.0,46.0,377.0,34.0,48.0,26.0,313.0,29.0,40.0,2.0,31.0,35.0,46.0,23.0,224.0,307.0,322.0,43.0,289.0,34.0,44.0,25.0,274.0,311.0,320.0,39.0,258.0,318.0,456.0,235.0,3764.0,1.0283629607408629,0.10174541942637688,0.8377961266453996,0.8425294905055577,2.707370709420966,12.032659881471496,1.8521030151487141,0.0808079715522182,0.7604525079899443,0.712157195254665,2.932331621751353,11.016747514482116,mel
1622.0,251.0,259.0,197.0,197.0,46.0,192.0,204.0,427.0,73.0,88.0,61.0,239.0,51.0,279.0,300.0,248.0,36.0,54.0,42.0,53.0,9.0,59.0,28.0,255.0,45.0,58.0,49.0,188.0,44.0,252.0,268.0,255.0,54.0,72.0,45.0,39.0,8.0,40.0,28.0,62.0,12.0,11.0,9.0,42.0,15.0,43.0,46.0,214.0,29.0,35.0,28.0,41.0,17.0,56.0,40.0,219.0,37.0,37.0,42.0,214.0,39.0,235.0,247.0,168.0,44.0,45.0,50.0,30.0,4.0,24.0,42.0,52.0,28.0,18.0,32.0,33.0,9.0,40.0,78.0,34.0,4.0,13.0,10.0,9.0,4.0,10.0,15.0,30.0,15.0,16.0,19.0,42.0,13.0,73.0,78.0,172.0,46.0,42.0,42.0,23.0,12.0,24.0,32.0,49.0,14.0,15.0,22.0,32.0,15.0,44.0,88.0,199.0,46.0,28.0,42.0,29.0,24.0,46.0,61.0,192.0,53.0,40.0,71.0,187.0,67.0,229.0,492.0,396.0,227.0,62.0,224.0,57.0,50.0,57.0,215.0,65.0,41.0,15.0,47.0,41.0,29.0,43.0,220.0,63.0,45.0,14.0,52.0,31.0,18.0,22.0,59.0,45.0,23.0,8.0,32.0,46.0,38.0,73.0,235.0,80.0,52.0,18.0,43.0,15.0,19.0,8.0,52.0,16.0,8.0,5.0,15.0,8.0,9.0,23.0,41.0,70.0,50.0,11.0,46.0,24.0,18.0,30.0,77.0,52.0,28.0,11.0,40.0,48.0,46.0,81.0,321.0,191.0,252.0,35.0,201.0,33.0,37.0,37.0,205.0,35.0,53.0,10.0,65.0,31.0,39.0,35.0,240.0,50.0,41.0,11.0,46.0,14.0,17.0,13.0,70.0,41.0,39.0,11.0,35.0,40.0,44.0,67.0,316.0,291.0,301.0,52.0,246.0,46.0,61.0,42.0,244.0,44.0,59.0,6.0,71.0,30.0,71.0,40.0,346.0,285.0,228.0,50.0,234.0,97.0,76.0,71.0,451.0,210.0,216.0,49.0,302.0,211.0,287.0,356.0,3537.0,1.275193463109829,0.08234303067456528,0.7830010761927457,0.8144472169029551,2.898485985226971,12.469612104618014,2.1980953849712783,0.06983923630169442,0.7199735078725699,0.6836098227236784,3.075353833149197,11.696744232957558,mel
101.0,24.0,28.0,23.0,21.0,4.0,15.0,22.0,13.0,0.0,3.0,1.0,14.0,1.0,26.0,27.0,15.0,2.0,6.0,5.0,0.0,0.0,0.0,0.0,17.0,0.0,4.0,2.0,21.0,2.0,51.0,21.0,33.0,2.0,7.0,2.0,4.0,0.0,3.0,0.0,4.0,0.0,0.0,0.0,3.0,0.0,4.0,1.0,22.0,3.0,4.0,6.0,2.0,1.0,1.0,0.0,35.0,3.0,6.0,1.0,28.0,5.0,31.0,8.0,20.0,1.0,7.0,5.0,2.0,1.0,3.0,4.0,0.0,0.0,1.0,0.0,1.0,0.0,2.0,2.0,7.0,0.0,0.0,0.0,0.0,0.0,0.0,1.0,3.0,0.0,1.0,1.0,6.0,1.0,2.0,3.0,14.0,2.0,2.0,0.0,3.0,0.0,1.0,2.0,3.0,0.0,0.0,0.0,4.0,0.0,3.0,2.0,17.0,3.0,4.0,3.0,2.0,0.0,1.0,2.0,24.0,6.0,3.0,4.0,23.0,4.0,14.0,3.0,11.0,16.0,3.0,30.0,0.0,3.0,1.0,18.0,2.0,6.0,1.0,3.0,2.0,0.0,4.0,15.0,4.0,4.0,0.0,2.0,0.0,0.0,0.0,2.0,2.0,0.0,1.0,4.0,2.0,3.0,1.0,13.0,4.0,6.0,3.0,4.0,0.0,0.0,1.0,4.0,0.0,2.0,0.0,1.0,0.0,2.0,0.0,6.0,2.0,6.0,0.0,2.0,1.0,0.0,0.0,1.0,2.0,1.0,1.0,0.0,0.0,3.0,3.0,9.0,14.0,15.0,12.0,41.0,3.0,0.0,2.0,37.0,0.0,1.0,0.0,2.0,2.0,5.0,3.0,24.0,2.0,4.0,0.0,3.0,2.0,0.0,1.0,4.0,1.0,2.0,2.0,7.0,1.0,2.0,5.0,35.0,29.0,35.0,3.0,26.0,2.0,2.0,2.0,12.0,1.0,2.0,0.0,2.0,1.0,5.0,1.0,14.0,25.0,22.0,5.0,13.0,5.0,3.0,0.0,17.0,17.0,20.0,4.0,13.0,24.0,35.0,16.0,350.0,2.657169990503322,0.045677692672672986,0.6950957471895609,0.7865834980506003,3.41299954019935,22.244090842019666,5.364788538366164,0.03435526003878954,0.5739259641043407,0.5690625648481413,3.7139199895302095,19.533436126082663,mel
96.0,15.0,29.0,15.0,18.0,4.0,24.0,26.0,14.0,2.0,4.0,1.0,17.0,3.0,28.0,16.0,18.0,2.0,6.0,3.0,1.0,0.0,3.0,5.0,18.0,3.0,12.0,4.0,14.0,1.0,41.0,35.0,32.0,2.0,8.0,3.0,4.0,0.0,2.0,1.0,4.0,0.0,2.0,0.0,2.0,1.0,3.0,5.0,14.0,2.0,2.0,1.0,1.0,0.0,1.0,1.0,29.0,3.0,2.0,2.0,36.0,2.0,29.0,15.0,11.0,1.0,6.0,0.0,3.0,0.0,4.0,0.0,2.0,1.0,0.0,0.0,4.0,0.0,2.0,2.0,6.0,0.0,1.0,0.0,0.0,0.0,0.0,1.0,2.0,1.0,0.0,0.0,1.0,0.0,2.0,3.0,22.0,1.0,7.0,2.0,3.0,1.0,6.0,0.0,5.0,0.0,0.0,0.0,6.0,0.0,2.0,1.0,17.0,1.0,3.0,1.0,2.0,0.0,3.0,3.0,26.0,6.0,5.0,0.0,23.0,3.0,14.0,15.0,16.0,14.0,5.0,28.0,1.0,0.0,1.0,19.0,2.0,3.0,1.0,4.0,5.0,0.0,4.0,21.0,1.0,2.0,1.0,1.0,0.0,0.0,1.0,1.0,1.0,1.0,1.0,2.0,2.0,4.0,3.0,24.0,3.0,3.0,0.0,5.0,0.0,0.0,0.0,2.0,1.0,0.0,0.0,0.0,2.0,2.0,1.0,5.0,2.0,3.0,0.0,2.0,0.0,0.0,0.0,2.0,1.0,3.0,0.0,0.0,1.0,5.0,2.0,13.0,18.0,21.0,2.0,51.0,0.0,2.0,3.0,17.0,2.0,1.0,1.0,2.0,1.0,2.0,2.0,18.0,5.0,4.0,1.0,4.0,0.0,1.0,0.0,3.0,2.0,3.0,0.0,5.0,2.0,0.0,7.0,33.0,32.0,25.0,6.0,33.0,4.0,4.0,2.0,9.0,1.0,2.0,0.0,1.0,3.0,3.0,0.0,9.0,26.0,25.0,3.0,14.0,5.0,5.0,2.0,3.0,16.0,24.0,3.0,15.0,17.0,37.0,14.0,365.0,2.309727309727308,0.044136629335381226,0.6920268757085883,0.7946538161024612,3.432727111475026,20.186208732403276,4.645681223308996,0.03268994652258047,0.5698653244190046,0.5837631892717047,3.735932497888894,17.67661754301291,mel
101.0,20.0,27.0,13.0,18.0,4.0,24.0,22.0,13.0,1.0,5.0,1.0,22.0,3.0,29.0,17.0,19.0,0.0,7.0,3.0,1.0,0.0,4.0,6.0,17.0,3.0,11.0,3.0,14.0,1.0,44.0,35.0,30.0,2.0,8.0,4.0,4.0,1.0,2.0,0.0,4.0,0.0,1.0,1.0,3.0,0.0,4.0,2.0,14.0,4.0,2.0,1.0,2.0,0.0,0.0,1.0,31.0,3.0,3.0,2.0,34.0,3.0,25.0,12.0,12.0,0.0,6.0,0.0,2.0,0.0,4.0,0.0,4.0,0.0,0.0,0.0,4.0,0.0,3.0,3.0,6.0,0.0,0.0,0.0,0.0,0.0,0.0,1.0,2.0,1.0,0.0,0.0,2.0,0.0,3.0,3.0,23.0,2.0,7.0,0.0,3.0,1.0,6.0,0.0,2.0,0.0,0.0,0.0,5.0,0.0,2.0,2.0,20.0,2.0,2.0,1.0,3.0,0.0,2.0,2.0,27.0,4.0,6.0,0.0,22.0,2.0,13.0,16.0,16.0,13.0,2.0,26.0,2.0,0.0,2.0,25.0,2.0,2.0,1.0,5.0,4.0,2.0,3.0,17.0,0.0,2.0,1.0,1.0,0.0,0.0,0.0,3.0,0.0,2.0,0.0,4.0,1.0,5.0,2.0,23.0,3.0,3.0,1.0,4.0,0.0,0.0,0.0,1.0,1.0,1.0,0.0,0.0,2.0,1.0,1.0,6.0,4.0,4.0,0.0,3.0,0.0,0.0,0.0,2.0,0.0,2.0,0.0,0.0,1.0,5.0,3.0,14.0,20.0,22.0,2.0,55.0,0.0,2.0,2.0,20.0,3.0,1.0,1.0,1.0,1.0,3.0,2.0,14.0,4.0,6.0,0.0,2.0,0.0,1.0,0.0,2.0,1.0,3.0,0.0,5.0,3.0,2.0,8.0,32.0,33.0,23.0,6.0,31.0,3.0,4.0,2.0,10.0,1.0,1.0,1.0,3.0,1.0,3.0,0.0,10.0,24.0,28.0,3.0,13.0,5.0,3.0,3.0,4.0,19.0,22.0,6.0,16.0,19.0,37.0,16.0,348.0,2.660697327363993,0.04564032954572455,0.6938204792476265,0.7868071479243054,3.4163176249629963,22.29977673599073,5.383523901363823,0.034250834564029393,0.5730284439822614,0.5686407607023957,3.7178543177437073,19.57722069810265,mel
1411.0,151.0,140.0,82.0,141.0,42.0,70.0,93.0,154.0,36.0,40.0,42.0,86.0,28.0,118.0,150.0,182.0,32.0,41.0,29.0,41.0,23.0,37.0,34.0,90.0,22.0,33.0,30.0,123.0,40.0,206.0,206.0,143.0,30.0,29.0,19.0,31.0,6.0,16.0,22.0,47.0,12.0,16.0,12.0,23.0,7.0,40.0,50.0,76.0,24.0,21.0,19.0,29.0,11.0,16.0,17.0,104.0,26.0,28.0,20.0,153.0,40.0,192.0,177.0,180.0,51.0,34.0,35.0,28.0,15.0,24.0,47.0,29.0,14.0,8.0,15.0,24.0,16.0,26.0,52.0,51.0,22.0,9.0,10.0,9.0,9.0,7.0,12.0,26.0,9.0,9.0,15.0,31.0,14.0,64.0,71.0,79.0,38.0,23.0,23.0,24.0,12.0,18.0,10.0,26.0,14.0,12.0,14.0,26.0,13.0,26.0,26.0,103.0,41.0,23.0,17.0,24.0,12.0,12.0,21.0,116.0,40.0,35.0,22.0,158.0,46.0,164.0,184.0,143.0,89.0,31.0,75.0,24.0,33.0,28.0,118.0,35.0,16.0,10.0,30.0,19.0,19.0,26.0,174.0,30.0,27.0,9.0,30.0,13.0,10.0,16.0,40.0,15.0,16.0,8.0,26.0,22.0,22.0,53.0,144.0,43.0,48.0,14.0,58.0,14.0,11.0,13.0,57.0,10.0,9.0,10.0,26.0,9.0,9.0,14.0,86.0,34.0,34.0,18.0,21.0,15.0,21.0,8.0,27.0,28.0,23.0,16.0,45.0,49.0,34.0,80.0,257.0,85.0,144.0,30.0,120.0,20.0,46.0,21.0,144.0,20.0,33.0,14.0,41.0,17.0,20.0,23.0,160.0,32.0,53.0,9.0,46.0,8.0,9.0,11.0,74.0,15.0,29.0,8.0,24.0,16.0,24.0,24.0,185.0,152.0,211.0,36.0,230.0,31.0,57.0,27.0,166.0,43.0,56.0,18.0,98.0,20.0,39.0,49.0,284.0,148.0,240.0,53.0,201.0,47.0,74.0,37.0,216.0,154.0,185.0,90.0,272.0,133.0,177.0,250.0,2688.0,4.92328380963339,0.06666575079812355,0.7017110394210231,0.5376071809037014,3.3114703101295704,16.37152703650156,5.918783930510312,0.054335107226470815,0.6410134064156282,0.4380208674053855,3.5085701527347606,15.145286200292412,nv
537.0,64.0,176.0,97.0,59.0,10.0,97.0,89.0,88.0,7.0,35.0,19.0,97.0,17.0,144.0,167.0,66.0,13.0,39.0,18.0,12.0,3.0,13.0,7.0,92.0,10.0,35.0,23.0,107.0,14.0,270.0,223.0,196.0,22.0,46.0,23.0,26.0,5.0,18.0,10.0,29.0,4.0,3.0,5.0,24.0,4.0,23.0,17.0,114.0,21.0,28.0,16.0,13.0,3.0,19.0,9.0,152.0,16.0,32.0,16.0,228.0,20.0,215.0,137.0,67.0,11.0,19.0,16.0,4.0,2.0,11.0,14.0,11.0,0.0,4.0,3.0,13.0,0.0,14.0,21.0,13.0,2.0,4.0,6.0,1.0,1.0,3.0,5.0,12.0,2.0,5.0,3.0,23.0,3.0,34.0,23.0,102.0,14.0,25.0,14.0,18.0,4.0,16.0,11.0,21.0,8.0,4.0,2.0,24.0,4.0,18.0,17.0,111.0,12.0,15.0,11.0,11.0,3.0,11.0,8.0,142.0,19.0,29.0,16.0,186.0,18.0,136.0,142.0,115.0,99.0,22.0,139.0,12.0,10.0,23.0,164.0,13.0,11.0,6.0,20.0,9.0,14.0,15.0,174.0,6.0,13.0,2.0,15.0,3.0,2.0,2.0,12.0,11.0,16.0,3.0,20.0,16.0,14.0,17.0,171.0,28.0,27.0,5.0,30.0,5.0,6.0,2.0,15.0,3.0,3.0,0.0,4.0,2.0,4.0,1.0,17.0,21.0,28.0,2.0,20.0,1.0,4.0,3.0,15.0,13.0,15.0,2.0,19.0,19.0,28.0,20.0,101.0,108.0,147.0,35.0,209.0,14.0,14.0,22.0,169.0,16.0,17.0,6.0,15.0,13.0,21.0,23.0,157.0,8.0,24.0,5.0,31.0,2.0,5.0,1.0,26.0,15.0,21.0,4.0,34.0,12.0,21.0,22.0,173.0,195.0,329.0,24.0,261.0,18.0,29.0,22.0,153.0,18.0,17.0,5.0,22.0,22.0,29.0,19.0,119.0,141.0,244.0,17.0,173.0,28.0,32.0,12.0,146.0,147.0,190.0,23.0,130.0,160.0,236.0,151.0,1988.0,1.1194523673702224,0.12260472788144201,0.849949062199276,0.8123516588141806,2.5059875807455336,10.811933333094691,2.021502903466912,0.10024159857979964,0.780818967771011,0.655598165075808,2.7018746384909784,9.717708090643365,nv
146.0,20.0,28.0,13.0,21.0,7.0,17.0,10.0,10.0,6.0,2.0,3.0,11.0,1.0,12.0,18.0,27.0,5.0,6.0,3.0,7.0,1.0,4.0,4.0,16.0,1.0,7.0,1.0,31.0,3.0,25.0,19.0,32.0,4.0,8.0,2.0,8.0,2.0,4.0,1.0,7.0,1.0,5.0,0.0,9.0,2.0,5.0,6.0,8.0,1.0,4.0,2.0,4.0,1.0,7.0,4.0,20.0,3.0,6.0,0.0,41.0,11.0,28.0,13.0,23.0,6.0,7.0,5.0,8.0,2.0,3.0,4.0,2.0,0.0,0.0,0.0,3.0,2.0,4.0,2.0,14.0,0.0,5.0,0.0,2.0,1.0,1.0,1.0,5.0,1.0,5.0,4.0,2.0,1.0,4.0,7.0,13.0,7.0,5.0,2.0,5.0,3.0,1.0,1.0,5.0,0.0,1.0,0.0,7.0,2.0,4.0,2.0,22.0,5.0,1.0,3.0,5.0,1.0,0.0,1.0,20.0,3.0,3.0,6.0,27.0,7.0,21.0,21.0,19.0,13.0,8.0,16.0,5.0,3.0,1.0,25.0,7.0,0.0,1.0,2.0,1.0,2.0,3.0,14.0,2.0,4.0,1.0,1.0,0.0,0.0,0.0,4.0,1.0,1.0,2.0,6.0,3.0,3.0,4.0,19.0,4.0,10.0,2.0,2.0,1.0,0.0,1.0,1.0,2.0,2.0,0.0,2.0,1.0,3.0,1.0,13.0,2.0,3.0,2.0,4.0,2.0,1.0,0.0,3.0,6.0,3.0,1.0,3.0,6.0,7.0,11.0,33.0,16.0,30.0,9.0,36.0,3.0,2.0,3.0,26.0,1.0,2.0,0.0,10.0,2.0,4.0,4.0,11.0,2.0,5.0,2.0,6.0,1.0,1.0,5.0,5.0,3.0,3.0,1.0,3.0,4.0,6.0,6.0,28.0,9.0,43.0,8.0,40.0,2.0,2.0,4.0,13.0,4.0,4.0,0.0,5.0,2.0,6.0,3.0,35.0,15.0,20.0,3.0,20.0,4.0,4.0,4.0,13.0,24.0,18.0,15.0,28.0,27.0,23.0,34.0,470.0,1.7250249473334074,0.08102388373015137,0.7603868380664441,0.7614589013557153,2.974054180086117,12.738100754169158,3.3868621307072515,0.0677275021058934,0.6667259591740295,0.5325712709212654,3.198997231324734,11.104596866186206,mel
1373.0,208.0,465.0,321.0,185.0,54.0,296.0,276.0,203.0,36.0,88.0,60.0,230.0,44.0,521.0,455.0,217.0,33.0,77.0,38.0,46.0,12.0,48.0,40.0,228.0,32.0,83.0,59.0,284.0,56.0,747.0,581.0,478.0,85.0,104.0,72.0,62.0,12.0,49.0,49.0,65.0,10.0,25.0,13.0,62.0,16.0,78.0,70.0,283.0,38.0,74.0,51.0,43.0,12.0,49.0,35.0,370.0,65.0,94.0,56.0,471.0,66.0,569.0,459.0,231.0,40.0,66.0,41.0,29.0,13.0,42.0,39.0,42.0,13.0,15.0,9.0,32.0,10.0,52.0,46.0,50.0,15.0,15.0,14.0,6.0,3.0,5.0,18.0,32.0,16.0,27.0,17.0,46.0,12.0,96.0,81.0,323.0,45.0,77.0,47.0,49.0,10.0,44.0,17.0,50.0,11.0,8.0,15.0,53.0,10.0,54.0,53.0,219.0,44.0,44.0,34.0,39.0,6.0,29.0,37.0,283.0,38.0,58.0,35.0,421.0,72.0,403.0,341.0,204.0,273.0,75.0,470.0,32.0,39.0,44.0,407.0,36.0,21.0,7.0,62.0,33.0,38.0,53.0,475.0,32.0,32.0,5.0,54.0,12.0,9.0,11.0,36.0,31.0,40.0,18.0,47.0,54.0,52.0,46.0,511.0,89.0,96.0,17.0,80.0,11.0,20.0,15.0,74.0,15.0,13.0,3.0,15.0,15.0,23.0,17.0,89.0,54.0,67.0,4.0,52.0,8.0,9.0,16.0,52.0,43.0,55.0,14.0,60.0,57.0,75.0,82.0,379.0,243.0,362.0,109.0,633.0,27.0,47.0,63.0,525.0,29.0,44.0,14.0,52.0,42.0,35.0,51.0,459.0,52.0,59.0,22.0,76.0,7.0,13.0,11.0,65.0,35.0,43.0,26.0,91.0,46.0,78.0,89.0,688.0,455.0,732.0,93.0,660.0,63.0,96.0,58.0,463.0,62.0,73.0,12.0,65.0,72.0,101.0,56.0,410.0,375.0,565.0,68.0,461.0,51.0,81.0,50.0,383.0,357.0,516.0,72.0,386.0,401.0,724.0,383.0,3738.0,0.5834189460329716,0.1396064607200701,0.8756101187724581,0.8598826597870758,2.366649628735715,7.744157714306129,1.0475807625397664,0.1158819928109453,0.8237705990197577,0.7552003341320014,2.5433699854502114,7.511097279975591,nv
1258.0,208.0,419.0,303.0,181.0,49.0,296.0,319.0,227.0,29.0,80.0,52.0,220.0,49.0,504.0,490.0,221.0,32.0,74.0,47.0,42.0,17.0,54.0,33.0,227.0,37.0,102.0,49.0,342.0,44.0,695.0,597.0,473.0,68.0,108.0,70.0,69.0,13.0,55.0,48.0,65.0,13.0,23.0,11.0,67.0,15.0,81.0,69.0,280.0,50.0,54.0,52.0,50.0,8.0,44.0,31.0,379.0,58.0,91.0,71.0,504.0,71.0,568.0,427.0,225.0,52.0,81.0,42.0,38.0,14.0,32.0,28.0,37.0,7.0,17.0,10.0,24.0,8.0,51.0,57.0,54.0,10.0,16.0,12.0,4.0,3.0,9.0,10.0,30.0,13.0,27.0,17.0,60.0,11.0,107.0,84.0,293.0,69.0,60.0,41.0,43.0,8.0,43.0,36.0,50.0,11.0,10.0,10.0,44.0,14.0,56.0,50.0,250.0,35.0,47.0,34.0,38.0,3.0,35.0,27.0,311.0,55.0,48.0,30.0,420.0,67.0,419.0,349.0,210.0,236.0,62.0,465.0,31.0,32.0,55.0,431.0,26.0,27.0,10.0,61.0,39.0,43.0,56.0,494.0,27.0,32.0,13.0,47.0,7.0,11.0,15.0,43.0,36.0,28.0,14.0,47.0,43.0,49.0,66.0,497.0,92.0,110.0,17.0,71.0,13.0,18.0,16.0,75.0,19.0,11.0,4.0,13.0,9.0,24.0,13.0,81.0,55.0,54.0,9.0,45.0,7.0,16.0,16.0,48.0,49.0,72.0,14.0,53.0,56.0,67.0,63.0,412.0,235.0,360.0,103.0,660.0,38.0,54.0,46.0,510.0,35.0,34.0,15.0,51.0,32.0,47.0,52.0,484.0,53.0,50.0,11.0,78.0,13.0,16.0,7.0,63.0,45.0,38.0,25.0,86.0,39.0,65.0,82.0,667.0,464.0,809.0,89.0,716.0,53.0,91.0,47.0,467.0,55.0,78.0,8.0,73.0,67.0,81.0,49.0,398.0,417.0,600.0,64.0,449.0,56.0,73.0,54.0,393.0,361.0,525.0,71.0,388.0,439.0,687.0,384.0,3665.0,0.5467996938627762,0.10998997049718266,0.8783856559903168,0.9018117434870948,2.5517565276575755,10.590982221857654,0.9870391804880755,0.08970411087427031,0.8244485950264404,0.8253446537612583,2.742883749937613,10.315668715311043,nv
2621.0,352.0,250.0,181.0,371.0,132.0,151.0,237.0,388.0,108.0,121.0,85.0,205.0,82.0,246.0,383.0,382.0,84.0,70.0,43.0,142.0,37.0,83.0,68.0,199.0,53.0,64.0,62.0,213.0,59.0,251.0,344.0,238.0,64.0,39.0,36.0,62.0,21.0,28.0,57.0,105.0,35.0,36.0,26.0,40.0,30.0,60.0,97.0,194.0,39.0,37.0,27.0,79.0,26.0,48.0,49.0,218.0,49.0,70.0,59.0,195.0,69.0,239.0,355.0,362.0,114.0,58.0,83.0,88.0,37.0,41.0,75.0,82.0,44.0,24.0,52.0,58.0,30.0,55.0,134.0,136.0,52.0,26.0,23.0,30.0,14.0,24.0,54.0,80.0,28.0,30.0,40.0,56.0,45.0,86.0,105.0,193.0,72.0,36.0,47.0,66.0,36.0,28.0,42.0,92.0,44.0,34.0,35.0,54.0,39.0,60.0,110.0,250.0,99.0,54.0,46.0,97.0,37.0,59.0,99.0,322.0,117.0,121.0,132.0,287.0,118.0,307.0,598.0,367.0,198.0,74.0,168.0,72.0,71.0,87.0,242.0,111.0,56.0,46.0,78.0,50.0,47.0,103.0,349.0,115.0,49.0,25.0,57.0,37.0,32.0,41.0,95.0,68.0,31.0,34.0,61.0,50.0,46.0,111.0,335.0,109.0,59.0,36.0,47.0,29.0,27.0,33.0,85.0,35.0,33.0,21.0,55.0,30.0,25.0,41.0,158.0,92.0,61.0,22.0,61.0,40.0,23.0,49.0,130.0,98.0,62.0,59.0,100.0,98.0,79.0,141.0,573.0,177.0,155.0,54.0,146.0,69.0,64.0,66.0,243.0,69.0,50.0,33.0,71.0,39.0,48.0,59.0,295.0,99.0,48.0,31.0,69.0,28.0,28.0,23.0,100.0,57.0,47.0,28.0,53.0,37.0,45.0,84.0,367.0,212.0,223.0,77.0,203.0,76.0,77.0,65.0,268.0,112.0,91.0,56.0,149.0,53.0,81.0,96.0,531.0,380.0,315.0,80.0,351.0,119.0,132.0,118.0,598.0,387.0,331.0,189.0,566.0,335.0,363.0,592.0,4153.0,1.8121463287026196,0.10701854602577349,0.7922172213672912,0.666933328462655,2.7836091127847262,9.069436750974763,2.27495587777278,0.09227351741173774,0.7523336093699111,0.5891279740412989,2.9198155864501185,8.798837099320512,nv
835.0,130.0,309.0,246.0,152.0,26.0,262.0,233.0,119.0,11.0,39.0,25.0,153.0,28.0,339.0,341.0,120.0,16.0,35.0,30.0,32.0,3.0,25.0,17.0,179.0,19.0,61.0,38.0,309.0,38.0,571.0,411.0,379.0,42.0,76.0,43.0,46.0,5.0,49.0,37.0,40.0,6.0,12.0,4.0,80.0,5.0,77.0,42.0,254.0,24.0,49.0,19.0,26.0,4.0,15.0,11.0,386.0,31.0,68.0,32.0,744.0,63.0,575.0,276.0,142.0,31.0,45.0,34.0,16.0,9.0,35.0,24.0,17.0,0.0,10.0,3.0,16.0,1.0,31.0,22.0,29.0,7.0,8.0,5.0,4.0,1.0,3.0,6.0,21.0,2.0,6.0,3.0,38.0,5.0,52.0,44.0,262.0,18.0,39.0,25.0,32.0,3.0,29.0,21.0,39.0,5.0,10.0,2.0,32.0,4.0,23.0,27.0,236.0,23.0,30.0,19.0,24.0,3.0,14.0,19.0,351.0,22.0,36.0,19.0,530.0,33.0,290.0,157.0,107.0,165.0,57.0,402.0,15.0,24.0,32.0,371.0,18.0,16.0,10.0,37.0,24.0,31.0,33.0,363.0,20.0,16.0,8.0,25.0,2.0,4.0,7.0,24.0,19.0,21.0,7.0,34.0,18.0,29.0,27.0,328.0,48.0,49.0,11.0,66.0,5.0,11.0,4.0,32.0,3.0,6.0,3.0,11.0,9.0,3.0,13.0,40.0,26.0,29.0,5.0,27.0,4.0,5.0,5.0,19.0,32.0,42.0,6.0,27.0,36.0,54.0,35.0,227.0,154.0,295.0,53.0,770.0,20.0,39.0,40.0,494.0,13.0,24.0,3.0,39.0,19.0,21.0,34.0,363.0,29.0,36.0,6.0,57.0,3.0,6.0,3.0,42.0,16.0,32.0,11.0,48.0,21.0,38.0,37.0,484.0,341.0,672.0,60.0,568.0,24.0,42.0,24.0,270.0,18.0,41.0,5.0,42.0,36.0,45.0,19.0,229.0,326.0,458.0,43.0,281.0,24.0,48.0,29.0,178.0,361.0,377.0,40.0,213.0,361.0,440.0,214.0,2581.0,1.5394738120924083,0.08157291021379905,0.832323379694961,0.9113429183284394,3.0567606761923507,33.189253618741944,3.089234851145189,0.06299710694700338,0.7495308117210127,0.8256901265175344,3.3275945402248266,32.35608777374838,nv
710.0,123.0,143.0,218.0,83.0,24.0,160.0,338.0,219.0,40.0,74.0,87.0,222.0,18.0,564.0,1084.0,142.0,19.0,28.0,28.0,27.0,4.0,21.0,23.0,278.0,32.0,55.0,46.0,316.0,19.0,806.0,879.0,154.0,23.0,28.0,23.0,16.0,2.0,15.0,22.0,46.0,2.0,6.0,3.0,22.0,2.0,37.0,34.0,238.0,23.0,21.0,21.0,21.0,3.0,21.0,17.0,494.0,27.0,39.0,30.0,483.0,26.0,603.0,385.0,79.0,18.0,13.0,19.0,9.0,5.0,23.0,19.0,21.0,6.0,3.0,3.0,20.0,2.0,37.0,52.0,15.0,1.0,6.0,2.0,1.0,1.0,1.0,1.0,23.0,0.0,4.0,4.0,24.0,4.0,39.0,59.0,173.0,13.0,17.0,20.0,13.0,4.0,29.0,24.0,20.0,4.0,2.0,7.0,30.0,1.0,40.0,33.0,350.0,29.0,23.0,25.0,20.0,5.0,18.0,29.0,639.0,33.0,37.0,35.0,624.0,35.0,495.0,339.0,229.0,295.0,48.0,446.0,19.0,15.0,24.0,592.0,39.0,35.0,8.0,62.0,26.0,14.0,42.0,718.0,39.0,28.0,6.0,28.0,2.0,6.0,3.0,25.0,44.0,27.0,2.0,42.0,26.0,20.0,28.0,329.0,64.0,49.0,1.0,49.0,1.0,4.0,5.0,35.0,9.0,10.0,3.0,12.0,6.0,2.0,10.0,29.0,65.0,50.0,3.0,39.0,4.0,7.0,7.0,22.0,50.0,37.0,8.0,27.0,28.0,8.0,38.0,200.0,179.0,319.0,19.0,547.0,23.0,16.0,27.0,591.0,25.0,28.0,8.0,35.0,29.0,21.0,34.0,424.0,18.0,24.0,1.0,34.0,2.0,2.0,2.0,31.0,27.0,16.0,6.0,19.0,17.0,18.0,22.0,214.0,575.0,837.0,33.0,592.0,39.0,31.0,29.0,514.0,40.0,32.0,8.0,33.0,39.0,23.0,33.0,279.0,1102.0,923.0,30.0,385.0,53.0,55.0,32.0,342.0,725.0,333.0,48.0,221.0,448.0,252.0,293.0,3269.0,1.7890756574685844,0.09748357961373597,0.8638946445243965,0.9035720155581568,2.8915708081682703,35.31790459985699,3.3014441166670716,0.07455486765240413,0.7802014104672221,0.8228344027782891,3.1722910396728015,33.968140593230466,nv
1544.0,207.0,269.0,210.0,171.0,43.0,187.0,199.0,168.0,31.0,54.0,46.0,150.0,43.0,293.0,339.0,192.0,32.0,56.0,42.0,72.0,21.0,39.0,29.0,162.0,26.0,70.0,35.0,313.0,60.0,660.0,511.0,293.0,70.0,68.0,46.0,41.0,17.0,43.0,32.0,48.0,4.0,22.0,21.0,51.0,16.0,62.0,60.0,207.0,20.0,49.0,21.0,37.0,7.0,32.0,18.0,288.0,40.0,78.0,50.0,531.0,68.0,610.0,303.0,182.0,53.0,43.0,45.0,33.0,20.0,27.0,31.0,28.0,11.0,10.0,15.0,22.0,8.0,38.0,67.0,40.0,15.0,21.0,16.0,11.0,5.0,16.0,10.0,28.0,8.0,7.0,5.0,43.0,16.0,94.0,91.0,163.0,51.0,36.0,37.0,31.0,6.0,15.0,23.0,36.0,13.0,11.0,14.0,27.0,11.0,37.0,36.0,200.0,37.0,33.0,28.0,38.0,12.0,23.0,22.0,256.0,42.0,59.0,34.0,369.0,40.0,354.0,255.0,156.0,157.0,54.0,248.0,21.0,35.0,25.0,228.0,22.0,26.0,12.0,50.0,26.0,31.0,43.0,306.0,38.0,28.0,11.0,37.0,7.0,8.0,11.0,43.0,29.0,22.0,9.0,30.0,43.0,28.0,76.0,312.0,49.0,74.0,18.0,76.0,6.0,9.0,9.0,47.0,11.0,7.0,5.0,17.0,10.0,14.0,12.0,91.0,35.0,42.0,14.0,43.0,15.0,7.0,8.0,38.0,43.0,28.0,16.0,48.0,58.0,58.0,108.0,320.0,144.0,355.0,40.0,476.0,25.0,64.0,33.0,400.0,24.0,31.0,9.0,65.0,15.0,39.0,29.0,369.0,32.0,42.0,11.0,64.0,9.0,17.0,10.0,75.0,23.0,30.0,12.0,46.0,40.0,54.0,66.0,419.0,307.0,681.0,60.0,614.0,40.0,96.0,42.0,346.0,43.0,74.0,16.0,134.0,37.0,68.0,33.0,382.0,358.0,489.0,45.0,296.0,48.0,80.0,40.0,234.0,290.0,299.0,101.0,312.0,358.0,395.0,351.0,3413.0,1.761853570710646,0.08952180180937037,0.8358683915919194,0.8979889746972137,2.976712920742462,32.780561143408164,3.278329426431726,0.07290731207938521,0.767744528733477,0.810399891405659,3.1862042900222107,31.303184800924296,nv
146.0,18.0,34.0,11.0,22.0,4.0,16.0,15.0,14.0,6.0,7.0,8.0,22.0,6.0,43.0,53.0,19.0,5.0,5.0,5.0,4.0,1.0,3.0,2.0,24.0,2.0,9.0,5.0,30.0,2.0,51.0,76.0,41.0,8.0,12.0,6.0,3.0,0.0,4.0,1.0,3.0,1.0,1.0,0.0,5.0,1.0,6.0,5.0,17.0,5.0,1.0,1.0,6.0,1.0,6.0,4.0,44.0,2.0,3.0,3.0,102.0,4.0,66.0,29.0,17.0,3.0,11.0,4.0,2.0,1.0,3.0,2.0,3.0,1.0,1.0,0.0,1.0,0.0,3.0,2.0,6.0,1.0,1.0,1.0,0.0,0.0,2.0,0.0,4.0,1.0,1.0,1.0,3.0,0.0,5.0,7.0,29.0,4.0,8.0,2.0,5.0,1.0,1.0,3.0,2.0,1.0,2.0,1.0,6.0,1.0,3.0,2.0,35.0,4.0,2.0,1.0,6.0,0.0,3.0,2.0,39.0,3.0,5.0,5.0,70.0,9.0,28.0,30.0,22.0,21.0,5.0,27.0,2.0,2.0,3.0,28.0,5.0,5.0,3.0,5.0,1.0,1.0,6.0,33.0,6.0,2.0,0.0,1.0,2.0,0.0,0.0,4.0,8.0,3.0,0.0,6.0,2.0,5.0,3.0,39.0,5.0,2.0,4.0,10.0,0.0,1.0,1.0,4.0,1.0,0.0,0.0,1.0,0.0,1.0,2.0,9.0,4.0,7.0,1.0,2.0,0.0,0.0,0.0,1.0,9.0,2.0,1.0,6.0,8.0,2.0,6.0,30.0,19.0,48.0,9.0,110.0,1.0,6.0,6.0,60.0,2.0,4.0,2.0,7.0,4.0,3.0,3.0,32.0,6.0,6.0,1.0,5.0,0.0,0.0,1.0,4.0,2.0,5.0,1.0,5.0,2.0,5.0,2.0,30.0,38.0,82.0,15.0,104.0,4.0,7.0,4.0,28.0,4.0,6.0,2.0,8.0,4.0,4.0,4.0,31.0,78.0,60.0,5.0,36.0,5.0,7.0,2.0,20.0,53.0,39.0,7.0,35.0,40.0,44.0,31.0,537.0,1.7247442212959452,0.12645354227641148,0.8495954116081852,0.7503288233302242,2.4430877615459723,12.091381807357816,3.3634002902314215,0.09553618469203119,0.762779234227215,0.5476279267728681,2.6942631162605233,11.506661277617345,vasc
109.0,21.0,41.0,23.0,15.0,1.0,22.0,17.0,24.0,1.0,5.0,6.0,18.0,3.0,44.0,46.0,25.0,6.0,5.0,3.0,0.0,0.0,3.0,2.0,17.0,1.0,14.0,4.0,41.0,1.0,129.0,79.0,43.0,1.0,14.0,7.0,4.0,0.0,4.0,2.0,4.0,1.0,0.0,1.0,2.0,1.0,9.0,1.0,29.0,1.0,6.0,2.0,3.0,0.0,6.0,0.0,43.0,1.0,8.0,4.0,135.0,2.0,144.0,42.0,11.0,3.0,2.0,3.0,3.0,1.0,3.0,2.0,4.0,0.0,2.0,0.0,1.0,0.0,2.0,3.0,3.0,1.0,1.0,0.0,3.0,0.0,1.0,0.0,4.0,0.0,0.0,1.0,7.0,0.0,6.0,2.0,20.0,4.0,5.0,2.0,0.0,1.0,2.0,1.0,5.0,0.0,1.0,0.0,5.0,0.0,3.0,0.0,41.0,3.0,3.0,2.0,2.0,0.0,0.0,2.0,118.0,6.0,4.0,7.0,99.0,3.0,50.0,26.0,24.0,19.0,3.0,45.0,2.0,1.0,7.0,108.0,6.0,4.0,1.0,3.0,3.0,5.0,6.0,38.0,0.0,1.0,1.0,0.0,2.0,0.0,0.0,3.0,4.0,3.0,0.0,3.0,1.0,0.0,7.0,43.0,9.0,7.0,1.0,9.0,0.0,0.0,0.0,5.0,1.0,0.0,0.0,2.0,0.0,0.0,1.0,4.0,4.0,6.0,1.0,5.0,0.0,0.0,0.0,9.0,4.0,2.0,0.0,2.0,1.0,4.0,6.0,37.0,25.0,38.0,7.0,85.0,2.0,7.0,7.0,83.0,6.0,4.0,1.0,2.0,2.0,5.0,1.0,48.0,1.0,2.0,0.0,3.0,0.0,1.0,0.0,3.0,1.0,2.0,0.0,1.0,2.0,3.0,7.0,40.0,63.0,135.0,4.0,93.0,2.0,3.0,3.0,47.0,6.0,6.0,0.0,4.0,2.0,7.0,6.0,24.0,51.0,89.0,6.0,49.0,4.0,3.0,2.0,18.0,83.0,57.0,6.0,37.0,43.0,45.0,38.0,816.0,1.8589507154213036,0.14163478911437385,0.8819513241755099,0.826415893405589,2.303245715322357,19.559493079837527,3.7555484284797944,0.10682210434889226,0.7958729107682662,0.6584632998356409,2.5676268427659137,18.236515245336204,vasc
155.0,24.0,20.0,29.0,16.0,5.0,20.0,40.0,36.0,12.0,12.0,13.0,14.0,4.0,24.0,102.0,20.0,1.0,2.0,1.0,7.0,0.0,2.0,6.0,15.0,3.0,3.0,6.0,19.0,5.0,28.0,52.0,20.0,2.0,6.0,1.0,7.0,2.0,3.0,2.0,10.0,2.0,0.0,1.0,6.0,0.0,4.0,9.0,12.0,1.0,3.0,3.0,3.0,1.0,2.0,2.0,44.0,4.0,4.0,2.0,50.0,5.0,27.0,27.0,23.0,9.0,9.0,3.0,3.0,1.0,4.0,9.0,7.0,1.0,0.0,3.0,3.0,2.0,2.0,7.0,6.0,0.0,1.0,0.0,2.0,0.0,0.0,1.0,5.0,3.0,1.0,0.0,3.0,2.0,0.0,3.0,30.0,4.0,2.0,5.0,3.0,0.0,2.0,4.0,9.0,0.0,2.0,2.0,3.0,0.0,5.0,5.0,27.0,5.0,2.0,1.0,6.0,1.0,3.0,7.0,56.0,3.0,6.0,1.0,70.0,7.0,28.0,38.0,50.0,25.0,4.0,32.0,6.0,3.0,5.0,74.0,12.0,9.0,2.0,12.0,4.0,4.0,4.0,102.0,4.0,4.0,0.0,3.0,2.0,2.0,1.0,7.0,1.0,3.0,1.0,2.0,0.0,2.0,6.0,33.0,7.0,2.0,1.0,7.0,0.0,1.0,1.0,8.0,0.0,0.0,0.0,0.0,1.0,2.0,1.0,12.0,8.0,4.0,1.0,3.0,2.0,0.0,1.0,6.0,7.0,1.0,2.0,4.0,8.0,2.0,8.0,31.0,25.0,30.0,11.0,64.0,5.0,2.0,3.0,58.0,3.0,3.0,0.0,6.0,0.0,2.0,6.0,39.0,6.0,7.0,0.0,6.0,2.0,0.0,0.0,7.0,4.0,1.0,0.0,6.0,4.0,3.0,2.0,17.0,37.0,35.0,6.0,56.0,2.0,7.0,3.0,36.0,7.0,3.0,2.0,5.0,5.0,8.0,4.0,39.0,95.0,56.0,8.0,39.0,4.0,2.0,6.0,53.0,59.0,34.0,4.0,36.0,34.0,27.0,26.0,573.0,1.8996693221103265,0.12202916644234164,0.8429074387570588,0.7471244850972758,2.4795190683444326,13.124872083894035,3.5905918057663118,0.09379746638697065,0.7588933962495772,0.5425170834021711,2.716989430162102,12.106570538430185,vasc
50.0,7.0,10.0,8.0,4.0,1.0,10.0,5.0,2.0,0.0,3.0,4.0,7.0,0.0,10.0,14.0,7.0,3.0,3.0,2.0,0.0,0.0,0.0,0.0,12.0,0.0,4.0,3.0,24.0,0.0,23.0,20.0,9.0,2.0,3.0,1.0,8.0,0.0,1.0,0.0,0.0,0.0,0.0,0.0,5.0,0.0,2.0,0.0,11.0,3.0,3.0,1.0,0.0,0.0,1.0,0.0,8.0,0.0,2.0,1.0,30.0,0.0,26.0,4.0,9.0,0.0,2.0,3.0,2.0,0.0,0.0,1.0,0.0,0.0,0.0,0.0,1.0,0.0,0.0,0.0,1.0,0.0,0.0,0.0,0.0,0.0,0.0,0.0,1.0,0.0,0.0,0.0,0.0,0.0,0.0,1.0,2.0,3.0,2.0,2.0,1.0,0.0,0.0,0.0,2.0,0.0,0.0,0.0,3.0,0.0,1.0,1.0,9.0,0.0,1.0,0.0,1.0,0.0,0.0,1.0,20.0,1.0,0.0,0.0,18.0,0.0,7.0,4.0,3.0,5.0,0.0,10.0,1.0,3.0,3.0,16.0,2.0,0.0,0.0,2.0,0.0,0.0,1.0,13.0,1.0,3.0,0.0,0.0,0.0,0.0,0.0,2.0,0.0,0.0,0.0,0.0,0.0,0.0,0.0,15.0,4.0,5.0,1.0,1.0,1.0,0.0,1.0,2.0,0.0,0.0,0.0,0.0,0.0,0.0,0.0,0.0,3.0,2.0,0.0,1.0,0.0,0.0,0.0,1.0,0.0,1.0,0.0,0.0,1.0,2.0,3.0,7.0,3.0,18.0,2.0,35.0,2.0,1.0,1.0,19.0,0.0,0.0,0.0,2.0,0.0,0.0,1.0,15.0,1.0,3.0,0.0,2.0,0.0,0.0,0.0,1.0,0.0,1.0,0.0,1.0,0.0,1.0,1.0,8.0,12.0,38.0,3.0,33.0,0.0,2.0,0.0,12.0,3.0,2.0,0.0,3.0,1.0,3.0,2.0,7.0,10.0,17.0,2.0,10.0,1.0,2.0,0.0,2.0,15.0,11.0,2.0,10.0,13.0,13.0,3.0,191.0,2.9336734693877573,0.046641959079550176,0.717487775598044,0.7624263859079178,3.3706572020099843,21.763290295710114,5.822454308093993,0.029977367082739664,0.5656485554813563,0.532557885893882,3.7692336451999786,19.089525731309106,nv
40.0,6.0,12.0,6.0,9.0,0.0,11.0,10.0,5.0,3.0,2.0,2.0,6.0,0.0,15.0,21.0,8.0,1.0,2.0,1.0,0.0,1.0,0.0,0.0,6.0,0.0,4.0,1.0,21.0,0.0,21.0,22.0,13.0,1.0,2.0,3.0,3.0,0.0,1.0,1.0,0.0,0.0,1.0,0.0,4.0,0.0,2.0,0.0,9.0,1.0,3.0,0.0,0.0,0.0,1.0,0.0,20.0,0.0,0.0,1.0,41.0,3.0,39.0,13.0,5.0,0.0,1.0,2.0,2.0,0.0,2.0,0.0,2.0,0.0,0.0,0.0,2.0,0.0,0.0,1.0,0.0,0.0,0.0,0.0,0.0,0.0,0.0,0.0,0.0,0.0,0.0,0.0,1.0,0.0,1.0,0.0,6.0,1.0,1.0,1.0,0.0,0.0,2.0,0.0,4.0,0.0,0.0,0.0,1.0,0.0,2.0,0.0,11.0,1.0,0.0,1.0,0.0,0.0,0.0,0.0,18.0,1.0,1.0,0.0,28.0,1.0,7.0,7.0,9.0,5.0,3.0,23.0,1.0,2.0,3.0,20.0,2.0,0.0,0.0,1.0,1.0,1.0,1.0,20.0,0.0,0.0,0.0,0.0,0.0,0.0,0.0,1.0,1.0,0.0,0.0,0.0,0.0,0.0,0.0,14.0,1.0,2.0,1.0,2.0,0.0,0.0,1.0,1.0,1.0,0.0,0.0,0.0,0.0,0.0,0.0,1.0,2.0,0.0,0.0,0.0,0.0,0.0,0.0,1.0,0.0,0.0,0.0,0.0,1.0,0.0,0.0,9.0,5.0,13.0,2.0,73.0,0.0,1.0,2.0,42.0,1.0,2.0,0.0,2.0,0.0,0.0,2.0,9.0,1.0,0.0,0.0,3.0,0.0,1.0,0.0,2.0,2.0,0.0,0.0,1.0,1.0,0.0,0.0,7.0,13.0,34.0,1.0,30.0,0.0,2.0,2.0,5.0,2.0,0.0,0.0,1.0,2.0,0.0,1.0,6.0,27.0,23.0,1.0,15.0,0.0,1.0,0.0,2.0,17.0,12.0,0.0,6.0,17.0,11.0,5.0,357.0,2.834058421379737,0.058664234556251214,0.7653009513792608,0.8060067843111564,3.1924347272392066,26.384060483617784,5.840008521516828,0.03808200335160297,0.6067833706837618,0.5913720023435498,3.612513720714635,22.743488228633723,nv
66.0,7.0,9.0,1.0,15.0,2.0,3.0,7.0,5.0,2.0,0.0,4.0,3.0,1.0,5.0,10.0,7.0,0.0,1.0,2.0,0.0,0.0,1.0,2.0,3.0,2.0,2.0,2.0,8.0,0.0,19.0,9.0,9.0,1.0,2.0,1.0,4.0,1.0,1.0,1.0,0.0,0.0,2.0,0.0,4.0,1.0,2.0,1.0,4.0,3.0,1.0,0.0,0.0,0.0,2.0,0.0,4.0,2.0,0.0,1.0,35.0,2.0,20.0,10.0,7.0,2.0,2.0,2.0,2.0,0.0,0.0,0.0,0.0,2.0,0.0,0.0,1.0,0.0,1.0,0.0,0.0,1.0,0.0,1.0,0.0,0.0,0.0,0.0,2.0,0.0,0.0,1.0,1.0,0.0,3.0,0.0,5.0,1.0,3.0,0.0,0.0,0.0,0.0,0.0,5.0,0.0,0.0,1.0,1.0,0.0,2.0,1.0,4.0,0.0,1.0,1.0,2.0,0.0,0.0,0.0,20.0,3.0,2.0,1.0,17.0,0.0,6.0,3.0,2.0,4.0,4.0,4.0,1.0,0.0,7.0,11.0,4.0,0.0,0.0,3.0,0.0,1.0,0.0,20.0,2.0,0.0,0.0,1.0,0.0,0.0,0.0,3.0,0.0,0.0,0.0,0.0,2.0,0.0,5.0,12.0,0.0,3.0,3.0,1.0,0.0,0.0,0.0,3.0,0.0,0.0,0.0,0.0,0.0,0.0,0.0,3.0,2.0,1.0,0.0,0.0,0.0,0.0,0.0,4.0,0.0,0.0,0.0,1.0,1.0,2.0,1.0,7.0,3.0,9.0,2.0,32.0,3.0,2.0,1.0,20.0,1.0,3.0,0.0,3.0,1.0,1.0,0.0,6.0,2.0,1.0,0.0,1.0,0.0,1.0,1.0,3.0,2.0,0.0,1.0,0.0,0.0,1.0,0.0,6.0,6.0,20.0,3.0,27.0,2.0,2.0,0.0,9.0,0.0,3.0,0.0,4.0,0.0,2.0,0.0,7.0,14.0,14.0,2.0,13.0,1.0,3.0,1.0,3.0,11.0,11.0,3.0,12.0,4.0,11.0,8.0,326.0,3.730162767039676,0.053172271701323284,0.6832122812686439,0.666270886412676,3.439142265960854,18.624271504177337,5.886493506493506,0.036121403272052634,0.5485358612537952,0.4690322151073906,3.781089368850187,16.286201990217567,nv
713.0,114.0,210.0,98.0,111.0,26.0,138.0,126.0,121.0,23.0,38.0,31.0,95.0,33.0,220.0,200.0,106.0,25.0,33.0,17.0,24.0,8.0,28.0,16.0,98.0,15.0,44.0,27.0,150.0,24.0,351.0,249.0,235.0,38.0,53.0,30.0,34.0,10.0,26.0,20.0,34.0,6.0,17.0,14.0,35.0,10.0,50.0,36.0,145.0,26.0,37.0,23.0,24.0,4.0,24.0,22.0,198.0,27.0,43.0,32.0,251.0,39.0,333.0,231.0,115.0,34.0,29.0,18.0,12.0,4.0,14.0,11.0,12.0,3.0,5.0,8.0,19.0,8.0,31.0,26.0,23.0,4.0,10.0,2.0,6.0,0.0,5.0,4.0,19.0,4.0,7.0,7.0,24.0,5.0,51.0,37.0,124.0,25.0,39.0,30.0,18.0,4.0,24.0,17.0,19.0,4.0,9.0,15.0,21.0,4.0,23.0,32.0,124.0,22.0,22.0,24.0,17.0,5.0,25.0,22.0,141.0,21.0,32.0,27.0,203.0,38.0,229.0,231.0,138.0,121.0,39.0,141.0,16.0,23.0,21.0,160.0,26.0,12.0,5.0,30.0,15.0,22.0,23.0,183.0,25.0,17.0,7.0,20.0,6.0,3.0,9.0,27.0,17.0,16.0,10.0,21.0,23.0,23.0,44.0,246.0,32.0,46.0,9.0,41.0,8.0,9.0,5.0,32.0,6.0,7.0,4.0,8.0,11.0,15.0,8.0,49.0,24.0,24.0,5.0,29.0,9.0,3.0,7.0,27.0,24.0,23.0,11.0,30.0,33.0,54.0,45.0,257.0,114.0,143.0,26.0,190.0,19.0,20.0,21.0,179.0,18.0,32.0,4.0,39.0,13.0,19.0,24.0,191.0,24.0,29.0,9.0,36.0,5.0,9.0,7.0,37.0,22.0,26.0,12.0,61.0,25.0,34.0,46.0,341.0,220.0,305.0,58.0,277.0,30.0,34.0,22.0,206.0,23.0,39.0,10.0,66.0,20.0,43.0,26.0,244.0,187.0,235.0,42.0,223.0,32.0,43.0,34.0,234.0,220.0,256.0,62.0,234.0,219.0,379.0,227.0,2589.0,0.9935132150990269,0.32441635743908037,0.9077830093660215,0.810338932510569,1.7297698368604268,9.483209585740315,1.8967530756321165,0.2921275014847977,0.8694066329700245,0.6615636120604685,1.8724556013629723,9.312166196789674,nv
1077.0,111.0,173.0,118.0,132.0,63.0,109.0,156.0,166.0,51.0,42.0,41.0,95.0,35.0,142.0,216.0,116.0,24.0,45.0,33.0,39.0,15.0,31.0,26.0,113.0,24.0,27.0,25.0,85.0,26.0,115.0,199.0,174.0,36.0,32.0,27.0,35.0,9.0,20.0,18.0,38.0,12.0,14.0,13.0,26.0,7.0,26.0,53.0,109.0,20.0,25.0,22.0,23.0,8.0,23.0,22.0,138.0,22.0,31.0,32.0,108.0,29.0,107.0,156.0,128.0,38.0,26.0,24.0,20.0,12.0,24.0,32.0,35.0,7.0,8.0,18.0,13.0,9.0,28.0,53.0,46.0,9.0,16.0,9.0,15.0,6.0,13.0,14.0,31.0,11.0,18.0,11.0,23.0,12.0,34.0,59.0,110.0,45.0,21.0,18.0,20.0,8.0,22.0,20.0,32.0,10.0,11.0,7.0,24.0,10.0,15.0,58.0,156.0,22.0,36.0,42.0,24.0,14.0,27.0,43.0,169.0,46.0,37.0,39.0,151.0,54.0,189.0,260.0,158.0,105.0,43.0,133.0,27.0,42.0,40.0,201.0,38.0,29.0,13.0,47.0,22.0,28.0,41.0,236.0,32.0,27.0,10.0,32.0,7.0,4.0,11.0,51.0,22.0,18.0,3.0,28.0,25.0,24.0,32.0,233.0,40.0,42.0,20.0,32.0,6.0,11.0,7.0,51.0,8.0,9.0,7.0,7.0,16.0,14.0,15.0,75.0,45.0,19.0,11.0,27.0,18.0,20.0,14.0,39.0,36.0,35.0,14.0,36.0,30.0,36.0,62.0,283.0,104.0,89.0,24.0,118.0,18.0,26.0,28.0,159.0,33.0,26.0,9.0,33.0,16.0,19.0,34.0,235.0,44.0,24.0,10.0,32.0,11.0,11.0,9.0,41.0,30.0,28.0,16.0,41.0,15.0,20.0,56.0,226.0,162.0,145.0,31.0,140.0,27.0,31.0,31.0,165.0,32.0,33.0,14.0,54.0,23.0,41.0,39.0,300.0,291.0,224.0,29.0,186.0,51.0,62.0,36.0,270.0,265.0,211.0,85.0,312.0,201.0,239.0,281.0,3070.0,1.3780424438002514,0.29348569478239955,0.8915308880448051,0.825276719698451,1.8416226555471855,14.395956778535023,2.4935604030074363,0.2671763827265816,0.8549731299753928,0.6866071487002562,1.9649152623071933,13.419759844508228,nv
711.0,105.0,210.0,138.0,114.0,20.0,112.0,133.0,135.0,26.0,44.0,32.0,133.0,19.0,228.0,202.0,104.0,14.0,35.0,17.0,30.0,10.0,19.0,15.0,126.0,9.0,40.0,22.0,145.0,31.0,314.0,241.0,218.0,35.0,49.0,35.0,28.0,6.0,37.0,34.0,28.0,6.0,11.0,14.0,29.0,10.0,50.0,36.0,111.0,20.0,33.0,21.0,20.0,7.0,33.0,21.0,158.0,25.0,48.0,28.0,220.0,35.0,282.0,243.0,98.0,21.0,30.0,21.0,12.0,6.0,20.0,24.0,20.0,7.0,11.0,5.0,15.0,8.0,31.0,38.0,19.0,7.0,13.0,4.0,5.0,4.0,5.0,7.0,24.0,8.0,8.0,4.0,23.0,3.0,40.0,38.0,144.0,30.0,28.0,18.0,24.0,7.0,34.0,19.0,22.0,9.0,5.0,5.0,24.0,4.0,20.0,30.0,129.0,16.0,25.0,23.0,8.0,5.0,20.0,18.0,134.0,20.0,24.0,26.0,182.0,31.0,220.0,237.0,127.0,108.0,37.0,196.0,13.0,18.0,23.0,146.0,17.0,12.0,9.0,28.0,17.0,24.0,32.0,232.0,23.0,25.0,4.0,21.0,7.0,5.0,7.0,30.0,17.0,20.0,8.0,22.0,34.0,24.0,54.0,248.0,35.0,45.0,6.0,37.0,9.0,8.0,3.0,41.0,8.0,8.0,4.0,10.0,10.0,12.0,6.0,62.0,36.0,27.0,12.0,33.0,2.0,7.0,7.0,25.0,31.0,16.0,9.0,25.0,33.0,52.0,64.0,247.0,111.0,165.0,42.0,225.0,10.0,24.0,24.0,207.0,20.0,23.0,8.0,31.0,11.0,26.0,23.0,197.0,26.0,23.0,8.0,42.0,12.0,3.0,5.0,34.0,16.0,29.0,11.0,46.0,34.0,33.0,44.0,376.0,227.0,334.0,54.0,319.0,29.0,62.0,23.0,231.0,24.0,47.0,8.0,51.0,24.0,39.0,25.0,230.0,192.0,269.0,35.0,260.0,23.0,35.0,31.0,225.0,176.0,248.0,51.0,220.0,183.0,351.0,221.0,2526.0,1.0063209903805017,0.3085115832168256,0.9060060971934978,0.8108738331479804,1.775903072611781,9.63547445369351,1.920571959557855,0.2756944691918063,0.8650398517646642,0.6623540353027354,1.9257999854671768,9.45567511793854,nv
347.0,58.0,116.0,95.0,61.0,16.0,98.0,84.0,57.0,10.0,19.0,12.0,97.0,15.0,182.0,162.0,50.0,11.0,25.0,12.0,17.0,2.0,20.0,9.0,73.0,10.0,45.0,18.0,171.0,13.0,529.0,207.0,122.0,17.0,41.0,18.0,25.0,4.0,14.0,10.0,13.0,2.0,4.0,2.0,18.0,3.0,21.0,15.0,108.0,5.0,20.0,10.0,19.0,1.0,10.0,6.0,163.0,5.0,20.0,9.0,328.0,19.0,277.0,141.0,48.0,15.0,15.0,13.0,12.0,3.0,12.0,10.0,8.0,1.0,3.0,3.0,9.0,0.0,6.0,11.0,10.0,0.0,2.0,0.0,3.0,1.0,1.0,1.0,11.0,0.0,3.0,0.0,17.0,2.0,22.0,20.0,79.0,10.0,19.0,9.0,4.0,1.0,4.0,9.0,12.0,2.0,2.0,5.0,13.0,0.0,14.0,10.0,158.0,12.0,16.0,8.0,8.0,1.0,6.0,7.0,202.0,9.0,17.0,3.0,199.0,20.0,122.0,84.0,60.0,79.0,20.0,135.0,5.0,8.0,16.0,125.0,14.0,8.0,1.0,12.0,11.0,7.0,13.0,131.0,4.0,4.0,3.0,11.0,0.0,0.0,2.0,9.0,6.0,6.0,1.0,7.0,14.0,11.0,23.0,111.0,14.0,27.0,6.0,16.0,2.0,5.0,5.0,13.0,1.0,2.0,1.0,5.0,2.0,5.0,3.0,22.0,12.0,15.0,0.0,13.0,2.0,2.0,1.0,9.0,16.0,8.0,0.0,7.0,18.0,19.0,20.0,103.0,70.0,206.0,20.0,356.0,4.0,16.0,11.0,135.0,8.0,6.0,1.0,19.0,4.0,9.0,13.0,110.0,10.0,18.0,3.0,17.0,1.0,1.0,4.0,9.0,6.0,8.0,1.0,19.0,7.0,18.0,24.0,149.0,190.0,399.0,11.0,328.0,6.0,23.0,11.0,125.0,6.0,11.0,0.0,14.0,11.0,20.0,15.0,92.0,272.0,190.0,16.0,135.0,14.0,13.0,15.0,74.0,253.0,139.0,17.0,101.0,131.0,166.0,107.0,1431.0,1.2643577472010934,0.06267065189440439,0.8135100809112557,0.9344110986878773,3.222185218127837,37.289657395827184,2.535355486862441,0.0483416355852595,0.7076982101862167,0.8667810959824148,3.5323155990918553,35.5276432378196,mel
347.0,48.0,122.0,79.0,50.0,10.0,108.0,158.0,57.0,8.0,13.0,12.0,73.0,11.0,163.0,202.0,61.0,12.0,25.0,4.0,17.0,3.0,19.0,8.0,97.0,9.0,18.0,13.0,171.0,17.0,328.0,199.0,116.0,15.0,41.0,19.0,25.0,2.0,20.0,16.0,19.0,3.0,4.0,2.0,45.0,3.0,20.0,17.0,98.0,12.0,14.0,4.0,20.0,1.0,10.0,6.0,182.0,6.0,21.0,14.0,529.0,22.0,277.0,122.0,58.0,15.0,17.0,10.0,11.0,0.0,5.0,12.0,10.0,1.0,2.0,2.0,10.0,0.0,5.0,9.0,16.0,3.0,4.0,1.0,2.0,1.0,1.0,1.0,15.0,0.0,3.0,0.0,13.0,2.0,19.0,20.0,95.0,13.0,18.0,9.0,12.0,0.0,10.0,8.0,12.0,3.0,2.0,5.0,18.0,0.0,9.0,3.0,84.0,10.0,10.0,9.0,9.0,1.0,6.0,7.0,162.0,11.0,15.0,10.0,207.0,20.0,141.0,84.0,60.0,70.0,14.0,190.0,4.0,10.0,12.0,272.0,14.0,8.0,1.0,6.0,6.0,6.0,16.0,253.0,5.0,4.0,2.0,6.0,0.0,1.0,2.0,14.0,11.0,4.0,2.0,11.0,14.0,7.0,18.0,131.0,20.0,20.0,6.0,11.0,3.0,3.0,0.0,16.0,1.0,1.0,1.0,0.0,1.0,1.0,0.0,17.0,16.0,11.0,5.0,11.0,2.0,4.0,1.0,15.0,13.0,13.0,3.0,15.0,23.0,24.0,20.0,107.0,79.0,206.0,27.0,399.0,4.0,18.0,15.0,190.0,8.0,6.0,2.0,11.0,6.0,8.0,8.0,139.0,8.0,16.0,5.0,23.0,0.0,1.0,2.0,13.0,7.0,9.0,5.0,20.0,11.0,18.0,19.0,166.0,135.0,356.0,16.0,328.0,11.0,17.0,13.0,135.0,12.0,19.0,5.0,14.0,7.0,19.0,7.0,101.0,125.0,135.0,13.0,125.0,9.0,9.0,9.0,74.0,131.0,110.0,22.0,92.0,111.0,149.0,103.0,1431.0,1.2643577472010934,0.06267065189440439,0.8135100809112557,0.9344110986878773,3.222185218127837,37.289657395827184,2.535355486862441,0.0483416355852595,0.7076982101862167,0.8667810959824148,3.5323155990918553,35.5276432378196,mel
1083.0,120.0,79.0,52.0,105.0,31.0,40.0,74.0,97.0,26.0,25.0,19.0,45.0,18.0,71.0,173.0,104.0,32.0,18.0,17.0,41.0,14.0,18.0,22.0,37.0,16.0,24.0,12.0,119.0,31.0,272.0,182.0,106.0,16.0,22.0,9.0,18.0,5.0,11.0,11.0,15.0,10.0,9.0,8.0,11.0,2.0,28.0,52.0,37.0,7.0,14.0,11.0,9.0,5.0,14.0,18.0,57.0,13.0,33.0,9.0,121.0,30.0,220.0,135.0,99.0,46.0,21.0,23.0,19.0,9.0,9.0,29.0,19.0,8.0,8.0,10.0,14.0,5.0,14.0,52.0,26.0,10.0,5.0,9.0,19.0,9.0,8.0,10.0,15.0,7.0,6.0,9.0,31.0,14.0,53.0,65.0,33.0,19.0,13.0,5.0,16.0,12.0,7.0,9.0,12.0,7.0,8.0,5.0,8.0,3.0,9.0,32.0,54.0,15.0,14.0,11.0,15.0,6.0,9.0,11.0,63.0,19.0,28.0,16.0,103.0,26.0,114.0,118.0,103.0,54.0,17.0,69.0,10.0,17.0,12.0,94.0,15.0,16.0,5.0,25.0,24.0,6.0,28.0,156.0,17.0,19.0,7.0,16.0,6.0,9.0,9.0,23.0,12.0,3.0,5.0,13.0,16.0,9.0,65.0,122.0,23.0,27.0,6.0,30.0,8.0,11.0,6.0,32.0,5.0,4.0,10.0,13.0,6.0,5.0,11.0,78.0,21.0,17.0,8.0,18.0,9.0,9.0,8.0,22.0,18.0,6.0,9.0,17.0,32.0,17.0,90.0,163.0,52.0,97.0,9.0,125.0,12.0,27.0,10.0,129.0,14.0,12.0,5.0,31.0,7.0,12.0,6.0,113.0,20.0,26.0,7.0,33.0,5.0,16.0,3.0,45.0,9.0,10.0,8.0,20.0,14.0,11.0,28.0,97.0,85.0,233.0,28.0,215.0,18.0,52.0,12.0,123.0,23.0,59.0,9.0,70.0,14.0,27.0,27.0,179.0,173.0,213.0,52.0,135.0,38.0,63.0,15.0,101.0,104.0,112.0,53.0,138.0,87.0,101.0,137.0,1948.0,9.337525089091885,0.0387582686596595,0.6437158851939886,0.6388374578694349,3.9083348517542826,42.37063397972005,10.999381277455813,0.030485703824184657,0.564085253804879,0.5715282137862878,4.179331194957598,40.34300172822277,mel
481.0,94.0,120.0,79.0,73.0,15.0,77.0,82.0,77.0,7.0,22.0,10.0,63.0,23.0,103.0,124.0,75.0,11.0,21.0,6.0,24.0,2.0,17.0,8.0,65.0,4.0,33.0,20.0,101.0,17.0,208.0,145.0,113.0,21.0,31.0,15.0,20.0,12.0,19.0,14.0,27.0,6.0,5.0,6.0,28.0,7.0,22.0,15.0,89.0,15.0,7.0,10.0,16.0,1.0,22.0,11.0,123.0,17.0,23.0,13.0,210.0,21.0,163.0,90.0,70.0,18.0,22.0,26.0,8.0,6.0,11.0,11.0,8.0,5.0,3.0,1.0,10.0,4.0,6.0,11.0,16.0,1.0,6.0,3.0,5.0,0.0,1.0,3.0,7.0,4.0,3.0,3.0,11.0,2.0,21.0,23.0,79.0,18.0,15.0,21.0,6.0,3.0,9.0,12.0,21.0,4.0,4.0,3.0,11.0,1.0,9.0,12.0,70.0,15.0,15.0,7.0,8.0,4.0,5.0,9.0,127.0,13.0,26.0,17.0,164.0,28.0,128.0,81.0,74.0,65.0,30.0,114.0,13.0,12.0,20.0,91.0,11.0,7.0,3.0,19.0,7.0,19.0,17.0,99.0,21.0,5.0,4.0,12.0,1.0,4.0,4.0,11.0,9.0,8.0,4.0,11.0,8.0,10.0,17.0,116.0,22.0,27.0,7.0,17.0,4.0,6.0,2.0,30.0,5.0,10.0,1.0,4.0,4.0,9.0,0.0,37.0,16.0,9.0,6.0,11.0,6.0,6.0,6.0,7.0,7.0,5.0,8.0,12.0,10.0,21.0,22.0,104.0,72.0,101.0,33.0,188.0,8.0,15.0,7.0,144.0,14.0,9.0,3.0,23.0,6.0,14.0,11.0,124.0,12.0,13.0,4.0,32.0,2.0,1.0,3.0,32.0,8.0,22.0,4.0,28.0,15.0,21.0,29.0,159.0,85.0,184.0,26.0,190.0,10.0,23.0,11.0,108.0,12.0,18.0,4.0,27.0,12.0,25.0,15.0,111.0,123.0,129.0,20.0,104.0,16.0,27.0,10.0,100.0,127.0,110.0,28.0,107.0,149.0,134.0,114.0,1451.0,1.1395445948269511,0.07766642604813732,0.8451572895405823,0.8832944525825027,2.8556769407873164,18.388997450400673,2.1415940131887674,0.060861497167953374,0.7754674353099089,0.7851224153800631,3.0812018554723832,17.791560177618955,vasc
302.0,37.0,86.0,59.0,39.0,5.0,89.0,96.0,55.0,4.0,6.0,14.0,77.0,5.0,121.0,148.0,40.0,2.0,15.0,2.0,16.0,1.0,11.0,2.0,44.0,4.0,15.0,10.0,101.0,9.0,216.0,175.0,102.0,7.0,15.0,15.0,13.0,3.0,18.0,7.0,19.0,3.0,4.0,0.0,30.0,1.0,15.0,19.0,75.0,5.0,12.0,6.0,10.0,2.0,7.0,6.0,125.0,12.0,21.0,10.0,269.0,23.0,221.0,125.0,46.0,8.0,16.0,7.0,5.0,2.0,3.0,3.0,7.0,1.0,4.0,1.0,6.0,0.0,16.0,6.0,7.0,2.0,3.0,1.0,4.0,0.0,2.0,0.0,6.0,2.0,2.0,1.0,5.0,1.0,15.0,8.0,79.0,4.0,16.0,8.0,7.0,4.0,9.0,4.0,24.0,1.0,1.0,0.0,10.0,3.0,8.0,7.0,95.0,9.0,15.0,5.0,4.0,0.0,4.0,10.0,218.0,7.0,8.0,11.0,201.0,16.0,98.0,75.0,57.0,63.0,9.0,125.0,11.0,11.0,20.0,184.0,10.0,9.0,2.0,13.0,8.0,9.0,9.0,174.0,6.0,3.0,2.0,9.0,1.0,2.0,3.0,13.0,5.0,4.0,1.0,9.0,7.0,10.0,14.0,138.0,10.0,18.0,1.0,21.0,2.0,0.0,2.0,14.0,1.0,2.0,1.0,2.0,3.0,4.0,2.0,18.0,3.0,11.0,2.0,10.0,4.0,1.0,1.0,13.0,11.0,11.0,1.0,9.0,14.0,18.0,18.0,89.0,74.0,103.0,17.0,271.0,8.0,11.0,16.0,205.0,5.0,10.0,1.0,12.0,8.0,8.0,16.0,119.0,4.0,8.0,5.0,17.0,2.0,0.0,1.0,13.0,9.0,11.0,3.0,23.0,6.0,9.0,14.0,105.0,103.0,208.0,22.0,237.0,4.0,11.0,14.0,109.0,11.0,18.0,4.0,19.0,9.0,10.0,10.0,77.0,128.0,138.0,9.0,114.0,6.0,9.0,5.0,84.0,169.0,129.0,17.0,80.0,109.0,121.0,69.0,1566.0,1.939768825518308,0.08954723582450774,0.8731162569211783,0.8623622551147463,2.7283012336863077,26.246813672407193,3.5338485153231365,0.06814779595354918,0.7936498844923303,0.7452825539183193,2.9918486420089816,24.213355845307326,vasc
303.0,22.0,90.0,76.0,36.0,10.0,95.0,106.0,65.0,12.0,18.0,15.0,76.0,8.0,144.0,199.0,37.0,3.0,10.0,6.0,6.0,0.0,3.0,11.0,56.0,7.0,14.0,13.0,110.0,13.0,233.0,196.0,87.0,5.0,19.0,14.0,18.0,2.0,14.0,9.0,20.0,0.0,2.0,1.0,20.0,5.0,26.0,11.0,75.0,10.0,11.0,10.0,10.0,0.0,10.0,8.0,167.0,13.0,21.0,14.0,267.0,12.0,260.0,143.0,41.0,5.0,8.0,7.0,6.0,1.0,5.0,8.0,14.0,0.0,1.0,2.0,6.0,0.0,12.0,13.0,4.0,3.0,1.0,2.0,1.0,0.0,1.0,1.0,9.0,1.0,1.0,3.0,8.0,2.0,15.0,11.0,97.0,11.0,16.0,5.0,12.0,3.0,9.0,12.0,21.0,0.0,3.0,0.0,14.0,1.0,12.0,14.0,128.0,9.0,12.0,11.0,9.0,1.0,6.0,7.0,290.0,11.0,8.0,8.0,241.0,6.0,143.0,91.0,70.0,82.0,27.0,184.0,12.0,8.0,19.0,269.0,6.0,7.0,2.0,10.0,14.0,9.0,17.0,235.0,3.0,7.0,2.0,11.0,1.0,2.0,0.0,16.0,6.0,4.0,0.0,15.0,13.0,5.0,16.0,155.0,12.0,17.0,6.0,18.0,0.0,2.0,1.0,8.0,3.0,2.0,0.0,5.0,3.0,1.0,5.0,14.0,7.0,12.0,3.0,14.0,2.0,1.0,1.0,16.0,15.0,14.0,5.0,7.0,15.0,16.0,10.0,102.0,83.0,107.0,17.0,237.0,10.0,9.0,21.0,249.0,13.0,10.0,2.0,18.0,6.0,11.0,13.0,158.0,11.0,9.0,1.0,9.0,1.0,1.0,2.0,15.0,6.0,9.0,0.0,15.0,7.0,7.0,15.0,128.0,144.0,240.0,17.0,252.0,5.0,17.0,11.0,149.0,16.0,16.0,0.0,19.0,13.0,15.0,11.0,104.0,228.0,208.0,17.0,152.0,5.0,5.0,6.0,104.0,242.0,173.0,16.0,111.0,152.0,122.0,90.0,1895.0,1.1679058240396534,0.09073502734392541,0.8767349847239231,0.8783301447950885,2.6934235404239235,18.030042954196556,2.131932360683531,0.06924648068199056,0.8015087314057971,0.7753118635340644,2.9401245530531743,16.844880516188148,vasc
174.0,23.0,46.0,20.0,30.0,4.0,19.0,8.0,30.0,4.0,9.0,4.0,17.0,1.0,27.0,22.0,22.0,7.0,10.0,3.0,7.0,2.0,4.0,3.0,17.0,4.0,11.0,9.0,18.0,3.0,40.0,39.0,54.0,6.0,13.0,7.0,7.0,2.0,6.0,5.0,9.0,2.0,4.0,4.0,9.0,3.0,7.0,5.0,20.0,8.0,10.0,8.0,5.0,3.0,3.0,5.0,14.0,4.0,4.0,7.0,22.0,12.0,24.0,30.0,20.0,2.0,4.0,3.0,3.0,1.0,2.0,2.0,8.0,1.0,3.0,0.0,2.0,0.0,4.0,5.0,6.0,1.0,3.0,1.0,0.0,3.0,1.0,1.0,4.0,1.0,3.0,5.0,5.0,2.0,13.0,6.0,19.0,9.0,7.0,3.0,5.0,1.0,1.0,4.0,7.0,2.0,3.0,1.0,5.0,1.0,4.0,5.0,21.0,8.0,5.0,6.0,3.0,0.0,3.0,4.0,18.0,4.0,7.0,6.0,15.0,11.0,27.0,30.0,22.0,18.0,4.0,21.0,4.0,5.0,4.0,16.0,4.0,4.0,3.0,0.0,5.0,4.0,6.0,22.0,3.0,2.0,2.0,4.0,0.0,0.0,3.0,7.0,2.0,2.0,1.0,5.0,6.0,4.0,5.0,36.0,10.0,9.0,3.0,7.0,1.0,3.0,1.0,5.0,0.0,2.0,1.0,0.0,0.0,0.0,2.0,12.0,7.0,6.0,1.0,4.0,5.0,1.0,2.0,4.0,4.0,7.0,2.0,6.0,3.0,10.0,9.0,31.0,21.0,20.0,9.0,24.0,6.0,2.0,8.0,28.0,4.0,3.0,3.0,3.0,8.0,3.0,4.0,22.0,3.0,4.0,0.0,4.0,1.0,0.0,2.0,4.0,5.0,4.0,1.0,7.0,3.0,7.0,11.0,64.0,21.0,23.0,5.0,22.0,5.0,7.0,3.0,23.0,6.0,6.0,0.0,5.0,2.0,12.0,15.0,35.0,18.0,19.0,8.0,25.0,5.0,11.0,9.0,25.0,19.0,20.0,9.0,48.0,27.0,66.0,40.0,677.0,1.8169934640522878,0.3784799915959118,0.8820657221991901,0.785779192300784,1.6447869634752594,15.146750474431014,3.481343606614146,0.346323937487829,0.838155979145549,0.6268473619374888,1.7815307102908797,15.177742523340784,nv
133.0,21.0,25.0,14.0,17.0,3.0,17.0,17.0,14.0,2.0,7.0,5.0,13.0,3.0,29.0,33.0,23.0,2.0,1.0,1.0,0.0,0.0,7.0,2.0,12.0,4.0,9.0,4.0,31.0,2.0,33.0,28.0,25.0,6.0,5.0,7.0,3.0,0.0,5.0,3.0,7.0,2.0,2.0,1.0,10.0,1.0,6.0,5.0,25.0,2.0,6.0,5.0,1.0,1.0,6.0,4.0,27.0,5.0,2.0,5.0,32.0,4.0,35.0,28.0,22.0,0.0,3.0,3.0,3.0,1.0,3.0,2.0,6.0,0.0,1.0,1.0,3.0,1.0,4.0,5.0,3.0,1.0,1.0,0.0,0.0,0.0,2.0,1.0,3.0,1.0,1.0,2.0,2.0,2.0,5.0,4.0,20.0,2.0,4.0,4.0,8.0,0.0,3.0,4.0,5.0,1.0,3.0,0.0,8.0,0.0,5.0,4.0,22.0,4.0,2.0,5.0,2.0,0.0,6.0,3.0,37.0,5.0,3.0,7.0,34.0,1.0,29.0,38.0,27.0,14.0,4.0,27.0,4.0,5.0,5.0,33.0,4.0,1.0,1.0,7.0,5.0,1.0,8.0,33.0,1.0,8.0,2.0,4.0,2.0,0.0,2.0,6.0,5.0,3.0,2.0,4.0,2.0,2.0,4.0,26.0,9.0,6.0,3.0,2.0,2.0,1.0,2.0,6.0,1.0,2.0,0.0,2.0,1.0,2.0,0.0,4.0,1.0,7.0,2.0,9.0,1.0,0.0,2.0,3.0,2.0,2.0,3.0,4.0,3.0,1.0,8.0,39.0,14.0,12.0,2.0,18.0,2.0,3.0,11.0,25.0,4.0,3.0,1.0,4.0,5.0,3.0,3.0,39.0,2.0,3.0,2.0,4.0,0.0,0.0,0.0,4.0,6.0,0.0,0.0,6.0,3.0,4.0,3.0,40.0,22.0,39.0,6.0,38.0,4.0,5.0,4.0,28.0,6.0,2.0,2.0,4.0,3.0,8.0,8.0,24.0,25.0,32.0,5.0,24.0,4.0,7.0,4.0,33.0,37.0,43.0,9.0,23.0,32.0,46.0,24.0,872.0,2.2828282828282833,0.3399075426785586,0.8846340366237669,0.8402708203075085,1.6795353132426027,26.300906852144053,4.081551646368968,0.3104846606032973,0.8337001332670458,0.7066340162454915,1.818684740996347,23.74411235279768,nv
183.0,28.0,24.0,15.0,34.0,3.0,25.0,17.0,53.0,11.0,10.0,10.0,19.0,6.0,25.0,25.0,20.0,6.0,2.0,6.0,5.0,1.0,4.0,6.0,23.0,3.0,3.0,5.0,14.0,5.0,15.0,32.0,20.0,4.0,6.0,2.0,5.0,0.0,3.0,8.0,6.0,3.0,3.0,1.0,5.0,2.0,7.0,5.0,14.0,6.0,4.0,1.0,6.0,0.0,5.0,3.0,19.0,3.0,2.0,4.0,13.0,4.0,21.0,34.0,27.0,3.0,7.0,9.0,4.0,0.0,2.0,7.0,6.0,7.0,1.0,5.0,1.0,2.0,1.0,15.0,4.0,1.0,0.0,1.0,1.0,1.0,1.0,4.0,3.0,0.0,1.0,1.0,4.0,2.0,3.0,5.0,18.0,3.0,5.0,5.0,5.0,1.0,7.0,4.0,10.0,2.0,2.0,3.0,7.0,3.0,5.0,14.0,14.0,6.0,6.0,5.0,6.0,0.0,1.0,7.0,18.0,4.0,5.0,7.0,28.0,8.0,22.0,59.0,61.0,24.0,10.0,17.0,8.0,5.0,12.0,17.0,10.0,8.0,3.0,7.0,5.0,3.0,9.0,20.0,10.0,8.0,5.0,7.0,4.0,2.0,6.0,8.0,10.0,9.0,1.0,7.0,6.0,6.0,8.0,25.0,9.0,4.0,0.0,5.0,1.0,1.0,1.0,4.0,0.0,1.0,1.0,5.0,0.0,3.0,3.0,7.0,13.0,5.0,1.0,5.0,2.0,1.0,2.0,8.0,5.0,2.0,1.0,4.0,5.0,6.0,15.0,35.0,15.0,23.0,7.0,13.0,5.0,4.0,7.0,9.0,5.0,4.0,1.0,9.0,3.0,3.0,3.0,24.0,6.0,7.0,1.0,3.0,0.0,1.0,4.0,11.0,1.0,8.0,2.0,8.0,5.0,3.0,4.0,31.0,20.0,13.0,7.0,19.0,5.0,4.0,5.0,25.0,6.0,13.0,1.0,8.0,5.0,5.0,5.0,38.0,13.0,15.0,5.0,23.0,11.0,9.0,13.0,70.0,18.0,34.0,2.0,36.0,24.0,24.0,36.0,733.0,1.8732490024620079,0.3561262324701499,0.8750704135832494,0.807585653892573,1.6986394897196333,17.597742016223865,3.6411860485045846,0.32756628160919476,0.8309350448779353,0.6424958859636523,1.8295397026168656,16.72885113732981,nv
46.0,7.0,12.0,6.0,6.0,1.0,7.0,9.0,6.0,1.0,0.0,0.0,6.0,3.0,10.0,3.0,5.0,0.0,2.0,0.0,0.0,0.0,2.0,1.0,4.0,1.0,2.0,1.0,8.0,1.0,14.0,16.0,8.0,5.0,4.0,0.0,0.0,0.0,2.0,0.0,3.0,0.0,1.0,1.0,5.0,0.0,2.0,1.0,3.0,0.0,0.0,0.0,0.0,0.0,0.0,0.0,21.0,2.0,1.0,0.0,13.0,3.0,14.0,8.0,8.0,0.0,4.0,1.0,0.0,0.0,1.0,0.0,4.0,0.0,0.0,0.0,1.0,1.0,1.0,0.0,0.0,0.0,0.0,0.0,0.0,0.0,0.0,0.0,0.0,0.0,0.0,0.0,0.0,0.0,2.0,0.0,4.0,0.0,0.0,0.0,1.0,0.0,0.0,2.0,2.0,0.0,0.0,0.0,6.0,0.0,0.0,0.0,10.0,0.0,0.0,0.0,0.0,0.0,0.0,0.0,23.0,5.0,2.0,0.0,23.0,0.0,7.0,2.0,9.0,5.0,1.0,17.0,2.0,2.0,1.0,20.0,1.0,1.0,0.0,2.0,1.0,1.0,2.0,11.0,1.0,0.0,0.0,2.0,0.0,0.0,0.0,3.0,0.0,0.0,0.0,0.0,0.0,1.0,1.0,6.0,0.0,1.0,0.0,2.0,0.0,0.0,0.0,1.0,1.0,0.0,0.0,0.0,0.0,0.0,0.0,1.0,2.0,2.0,1.0,1.0,0.0,0.0,0.0,0.0,0.0,2.0,0.0,2.0,1.0,1.0,0.0,7.0,6.0,10.0,0.0,27.0,1.0,1.0,5.0,28.0,1.0,0.0,0.0,3.0,0.0,1.0,1.0,13.0,1.0,0.0,0.0,3.0,0.0,0.0,0.0,1.0,0.0,0.0,0.0,2.0,0.0,1.0,1.0,8.0,3.0,10.0,0.0,16.0,0.0,1.0,1.0,8.0,0.0,1.0,0.0,1.0,1.0,0.0,1.0,5.0,12.0,12.0,1.0,7.0,0.0,1.0,0.0,4.0,12.0,3.0,0.0,6.0,10.0,8.0,3.0,196.0,4.927193528313628,0.04296561132475414,0.680244261743393,0.7592245981424617,3.5164801462314723,36.00052159790958,10.189197725837014,0.027989068949183307,0.5238508236644537,0.5164540140754584,3.905246118490223,31.954457779255186,nv
48.0,6.0,12.0,5.0,5.0,1.0,6.0,10.0,9.0,2.0,1.0,0.0,6.0,2.0,17.0,19.0,7.0,1.0,3.0,1.0,0.0,0.0,1.0,0.0,6.0,1.0,0.0,6.0,10.0,1.0,28.0,28.0,8.0,0.0,4.0,2.0,6.0,0.0,0.0,0.0,0.0,0.0,0.0,0.0,1.0,0.0,2.0,1.0,5.0,0.0,0.0,0.0,0.0,0.0,0.0,2.0,3.0,0.0,0.0,1.0,10.0,1.0,15.0,9.0,4.0,0.0,2.0,1.0,0.0,0.0,0.0,1.0,1.0,0.0,0.0,0.0,0.0,0.0,2.0,2.0,0.0,0.0,1.0,0.0,0.0,0.0,0.0,0.0,1.0,0.0,0.0,0.0,0.0,0.0,3.0,2.0,2.0,0.0,0.0,0.0,0.0,0.0,0.0,0.0,2.0,0.0,1.0,0.0,2.0,0.0,1.0,1.0,10.0,1.0,0.0,0.0,0.0,0.0,0.0,0.0,12.0,0.0,1.0,0.0,11.0,0.0,8.0,3.0,6.0,6.0,0.0,11.0,0.0,3.0,1.0,4.0,1.0,1.0,0.0,2.0,1.0,1.0,2.0,11.0,4.0,1.0,0.0,1.0,0.0,0.0,0.0,0.0,1.0,0.0,0.0,1.0,0.0,1.0,3.0,12.0,3.0,3.0,1.0,2.0,0.0,0.0,1.0,1.0,1.0,0.0,0.0,0.0,0.0,0.0,0.0,1.0,2.0,5.0,0.0,0.0,0.0,0.0,0.0,0.0,0.0,1.0,0.0,1.0,1.0,0.0,2.0,5.0,4.0,8.0,2.0,15.0,1.0,1.0,1.0,15.0,0.0,0.0,0.0,1.0,0.0,1.0,0.0,7.0,0.0,0.0,0.0,2.0,0.0,0.0,0.0,1.0,0.0,0.0,0.0,1.0,0.0,1.0,2.0,7.0,21.0,15.0,1.0,14.0,2.0,3.0,0.0,8.0,0.0,1.0,0.0,0.0,2.0,1.0,2.0,8.0,24.0,22.0,1.0,8.0,4.0,0.0,2.0,2.0,11.0,12.0,0.0,3.0,4.0,7.0,4.0,196.0,4.945861854387059,0.04191883363427506,0.6752966250698436,0.7591134841441043,3.535031534456598,36.11797135199959,10.213518635502206,0.02750899980007096,0.5204584781789041,0.5168475937385018,3.9200620826390917,32.06514334832868,nv
48.0,4.0,8.0,2.0,7.0,0.0,5.0,10.0,9.0,1.0,0.0,2.0,6.0,1.0,3.0,12.0,5.0,0.0,6.0,0.0,0.0,0.0,0.0,0.0,6.0,0.0,1.0,2.0,10.0,0.0,10.0,11.0,12.0,2.0,4.0,0.0,3.0,1.0,0.0,0.0,1.0,0.0,0.0,1.0,0.0,0.0,0.0,1.0,6.0,0.0,0.0,0.0,1.0,0.0,0.0,0.0,17.0,2.0,2.0,1.0,28.0,3.0,15.0,8.0,6.0,0.0,0.0,0.0,1.0,0.0,0.0,1.0,2.0,0.0,0.0,0.0,1.0,0.0,0.0,0.0,1.0,0.0,0.0,0.0,0.0,0.0,0.0,0.0,2.0,0.0,0.0,0.0,1.0,0.0,1.0,0.0,5.0,1.0,2.0,0.0,1.0,0.0,0.0,0.0,0.0,0.0,0.0,0.0,6.0,0.0,1.0,0.0,10.0,1.0,0.0,0.0,0.0,0.0,2.0,0.0,19.0,2.0,1.0,1.0,28.0,2.0,9.0,3.0,6.0,4.0,3.0,21.0,4.0,0.0,2.0,24.0,1.0,0.0,1.0,0.0,1.0,0.0,0.0,11.0,0.0,1.0,0.0,2.0,0.0,0.0,0.0,4.0,1.0,0.0,0.0,2.0,0.0,0.0,1.0,4.0,0.0,2.0,1.0,1.0,0.0,0.0,0.0,1.0,0.0,0.0,0.0,0.0,0.0,0.0,0.0,0.0,1.0,1.0,1.0,0.0,0.0,0.0,0.0,2.0,2.0,0.0,0.0,2.0,3.0,2.0,2.0,4.0,6.0,8.0,3.0,15.0,1.0,0.0,5.0,22.0,1.0,0.0,0.0,1.0,0.0,0.0,1.0,12.0,3.0,1.0,0.0,3.0,0.0,0.0,0.0,0.0,1.0,1.0,0.0,1.0,1.0,1.0,0.0,7.0,11.0,15.0,2.0,14.0,1.0,2.0,0.0,8.0,2.0,1.0,0.0,0.0,1.0,1.0,1.0,3.0,4.0,15.0,1.0,8.0,0.0,1.0,0.0,2.0,11.0,7.0,1.0,8.0,12.0,7.0,5.0,196.0,4.945861854387059,0.04191883363427506,0.6752966250698436,0.7591134841441043,3.535031534456598,36.11797135199959,10.213518635502206,0.02750899980007096,0.5204584781789041,0.5168475937385018,3.9200620826390917,32.06514334832868,nv
237.0,38.0,57.0,41.0,55.0,12.0,37.0,35.0,45.0,1.0,9.0,13.0,30.0,10.0,71.0,54.0,56.0,5.0,12.0,3.0,14.0,2.0,13.0,10.0,33.0,2.0,11.0,11.0,71.0,17.0,124.0,72.0,48.0,11.0,17.0,5.0,12.0,0.0,4.0,7.0,14.0,1.0,5.0,1.0,9.0,2.0,15.0,11.0,30.0,3.0,5.0,3.0,12.0,0.0,6.0,5.0,38.0,3.0,14.0,6.0,79.0,12.0,96.0,73.0,41.0,18.0,10.0,3.0,10.0,2.0,2.0,3.0,3.0,2.0,3.0,1.0,5.0,3.0,3.0,7.0,11.0,1.0,3.0,1.0,1.0,1.0,2.0,2.0,9.0,3.0,2.0,2.0,10.0,6.0,10.0,16.0,34.0,6.0,8.0,6.0,9.0,0.0,3.0,5.0,2.0,2.0,1.0,3.0,5.0,1.0,2.0,3.0,37.0,3.0,4.0,4.0,7.0,5.0,4.0,5.0,36.0,9.0,11.0,7.0,39.0,12.0,40.0,47.0,26.0,31.0,7.0,54.0,4.0,8.0,4.0,43.0,4.0,4.0,4.0,2.0,4.0,6.0,9.0,53.0,8.0,4.0,2.0,8.0,1.0,1.0,1.0,2.0,3.0,6.0,1.0,2.0,10.0,8.0,13.0,51.0,9.0,9.0,2.0,4.0,1.0,4.0,4.0,8.0,3.0,5.0,0.0,3.0,3.0,3.0,5.0,18.0,7.0,7.0,6.0,4.0,1.0,3.0,1.0,8.0,7.0,5.0,4.0,2.0,5.0,6.0,30.0,59.0,30.0,62.0,10.0,64.0,2.0,10.0,13.0,35.0,6.0,9.0,0.0,12.0,3.0,4.0,7.0,40.0,7.0,9.0,3.0,8.0,1.0,4.0,1.0,10.0,3.0,8.0,1.0,12.0,5.0,11.0,11.0,73.0,57.0,107.0,11.0,94.0,5.0,16.0,4.0,42.0,9.0,7.0,2.0,21.0,5.0,5.0,5.0,58.0,59.0,57.0,15.0,41.0,7.0,7.0,10.0,42.0,45.0,44.0,22.0,58.0,44.0,57.0,56.0,878.0,1.8294661190965096,0.0670690243560499,0.8146592027263878,0.8378088778977908,2.961221455608314,20.729920552433086,3.644531653413199,0.05067138141739002,0.7264727315633429,0.6845908645396988,3.215280012875346,19.465335776992372,mel
341.0,56.0,31.0,42.0,41.0,12.0,32.0,54.0,33.0,7.0,5.0,9.0,26.0,8.0,41.0,46.0,42.0,5.0,8.0,5.0,8.0,2.0,8.0,11.0,30.0,6.0,8.0,2.0,68.0,11.0,91.0,55.0,34.0,8.0,10.0,10.0,9.0,1.0,4.0,4.0,8.0,4.0,3.0,4.0,16.0,3.0,15.0,7.0,33.0,2.0,5.0,2.0,10.0,2.0,11.0,5.0,57.0,5.0,15.0,6.0,90.0,17.0,77.0,46.0,33.0,10.0,5.0,14.0,8.0,2.0,4.0,13.0,9.0,1.0,1.0,6.0,4.0,1.0,6.0,11.0,7.0,3.0,3.0,4.0,1.0,0.0,2.0,2.0,8.0,2.0,1.0,2.0,6.0,3.0,6.0,4.0,31.0,12.0,3.0,7.0,5.0,2.0,5.0,7.0,5.0,3.0,6.0,4.0,3.0,0.0,4.0,9.0,54.0,10.0,3.0,5.0,6.0,4.0,6.0,5.0,95.0,5.0,19.0,10.0,78.0,13.0,51.0,40.0,51.0,35.0,22.0,69.0,12.0,11.0,7.0,86.0,7.0,7.0,4.0,9.0,8.0,5.0,10.0,72.0,11.0,11.0,1.0,4.0,4.0,4.0,3.0,15.0,6.0,1.0,1.0,7.0,8.0,2.0,7.0,52.0,6.0,12.0,3.0,8.0,4.0,1.0,2.0,20.0,4.0,2.0,1.0,2.0,0.0,1.0,2.0,18.0,5.0,3.0,1.0,7.0,2.0,1.0,3.0,12.0,10.0,1.0,7.0,1.0,17.0,7.0,18.0,45.0,27.0,63.0,13.0,107.0,4.0,12.0,8.0,95.0,7.0,9.0,5.0,22.0,4.0,3.0,6.0,69.0,4.0,10.0,6.0,9.0,2.0,4.0,1.0,14.0,8.0,3.0,1.0,11.0,5.0,3.0,6.0,48.0,44.0,58.0,8.0,95.0,5.0,9.0,5.0,75.0,10.0,12.0,2.0,21.0,5.0,7.0,9.0,77.0,54.0,49.0,10.0,50.0,9.0,7.0,7.0,46.0,68.0,38.0,7.0,63.0,52.0,58.0,38.0,1068.0,3.2103508195181516,0.055112957048330184,0.7869922515821811,0.8325838759998646,3.205022145956395,35.141401004763104,5.6507725219871645,0.04183096652217327,0.6978327935658759,0.6995902503028484,3.4392387808411127,31.969661087000624,mel
357.0,34.0,37.0,20.0,39.0,12.0,21.0,33.0,33.0,7.0,12.0,7.0,31.0,10.0,61.0,41.0,55.0,10.0,7.0,7.0,13.0,9.0,14.0,10.0,23.0,2.0,7.0,11.0,54.0,11.0,129.0,70.0,40.0,5.0,6.0,4.0,7.0,1.0,9.0,8.0,8.0,1.0,6.0,1.0,11.0,1.0,17.0,19.0,27.0,4.0,3.0,2.0,11.0,1.0,5.0,6.0,37.0,5.0,9.0,11.0,54.0,17.0,87.0,59.0,43.0,11.0,5.0,10.0,7.0,1.0,8.0,6.0,3.0,3.0,1.0,3.0,7.0,1.0,1.0,7.0,12.0,9.0,2.0,3.0,3.0,2.0,0.0,3.0,8.0,2.0,3.0,2.0,14.0,2.0,13.0,20.0,33.0,9.0,6.0,3.0,11.0,4.0,2.0,2.0,8.0,2.0,4.0,3.0,6.0,1.0,3.0,8.0,42.0,12.0,5.0,2.0,11.0,1.0,4.0,4.0,34.0,6.0,11.0,6.0,40.0,16.0,52.0,36.0,29.0,16.0,14.0,41.0,4.0,2.0,9.0,46.0,1.0,5.0,5.0,8.0,4.0,5.0,4.0,43.0,3.0,10.0,2.0,3.0,2.0,2.0,5.0,10.0,5.0,3.0,2.0,4.0,10.0,9.0,11.0,50.0,14.0,10.0,2.0,3.0,4.0,2.0,3.0,15.0,2.0,3.0,1.0,3.0,3.0,4.0,8.0,16.0,12.0,4.0,1.0,4.0,1.0,0.0,3.0,7.0,13.0,8.0,5.0,13.0,15.0,3.0,23.0,77.0,25.0,66.0,9.0,59.0,5.0,7.0,6.0,43.0,3.0,6.0,3.0,14.0,5.0,2.0,3.0,52.0,11.0,14.0,1.0,11.0,4.0,2.0,1.0,12.0,5.0,6.0,1.0,4.0,6.0,6.0,15.0,51.0,45.0,102.0,6.0,105.0,7.0,11.0,5.0,32.0,8.0,15.0,3.0,26.0,5.0,4.0,8.0,49.0,60.0,61.0,17.0,46.0,8.0,21.0,9.0,40.0,45.0,49.0,20.0,58.0,50.0,47.0,66.0,1171.0,3.0526651928273134,0.0598665157468687,0.7677406778415616,0.7964888681304837,3.2521581927355783,26.947317263017684,5.045776051006179,0.044328586388658726,0.6832618243705949,0.6569407011205693,3.5052526314825307,24.370573061160172,mel
116.0,15.0,26.0,18.0,14.0,1.0,20.0,15.0,15.0,1.0,9.0,8.0,12.0,4.0,30.0,35.0,13.0,3.0,1.0,4.0,2.0,0.0,4.0,2.0,15.0,5.0,5.0,6.0,31.0,1.0,62.0,42.0,23.0,9.0,9.0,4.0,6.0,0.0,1.0,2.0,7.0,0.0,3.0,0.0,6.0,0.0,1.0,6.0,18.0,3.0,2.0,2.0,3.0,0.0,3.0,0.0,23.0,2.0,1.0,0.0,42.0,1.0,40.0,22.0,12.0,6.0,7.0,3.0,1.0,0.0,4.0,0.0,3.0,0.0,0.0,0.0,4.0,1.0,4.0,4.0,5.0,0.0,0.0,0.0,1.0,0.0,0.0,0.0,1.0,0.0,0.0,2.0,5.0,0.0,6.0,3.0,14.0,4.0,3.0,4.0,1.0,0.0,3.0,2.0,6.0,0.0,0.0,0.0,3.0,0.0,0.0,0.0,21.0,3.0,3.0,0.0,2.0,0.0,0.0,2.0,36.0,4.0,4.0,4.0,35.0,10.0,23.0,17.0,19.0,24.0,4.0,28.0,0.0,4.0,3.0,41.0,1.0,3.0,0.0,4.0,3.0,2.0,2.0,22.0,3.0,3.0,1.0,0.0,0.0,0.0,1.0,3.0,4.0,2.0,0.0,1.0,3.0,6.0,5.0,29.0,6.0,8.0,6.0,2.0,0.0,0.0,1.0,3.0,2.0,0.0,0.0,0.0,1.0,0.0,0.0,4.0,1.0,2.0,0.0,4.0,0.0,0.0,0.0,3.0,2.0,1.0,0.0,3.0,2.0,4.0,3.0,17.0,18.0,37.0,8.0,70.0,3.0,1.0,3.0,34.0,4.0,4.0,1.0,2.0,4.0,3.0,2.0,25.0,4.0,3.0,0.0,4.0,0.0,1.0,1.0,3.0,2.0,2.0,0.0,2.0,2.0,2.0,2.0,27.0,22.0,57.0,4.0,39.0,3.0,5.0,1.0,26.0,4.0,4.0,0.0,9.0,2.0,4.0,1.0,20.0,20.0,20.0,4.0,29.0,1.0,3.0,5.0,30.0,27.0,25.0,9.0,22.0,17.0,26.0,20.0,636.0,2.0030095475300946,0.09609637203506086,0.7986907179773866,0.7561140362978015,2.8337875569151674,14.42277828481853,3.639798488664986,0.07807452787524123,0.6964467278980356,0.550094630147756,3.0974459058448724,12.540486222585992,mel
108.0,23.0,20.0,16.0,7.0,4.0,11.0,34.0,22.0,6.0,5.0,13.0,11.0,3.0,35.0,77.0,13.0,6.0,5.0,0.0,0.0,0.0,3.0,0.0,9.0,1.0,7.0,4.0,14.0,6.0,37.0,40.0,18.0,2.0,6.0,2.0,1.0,0.0,4.0,1.0,3.0,0.0,0.0,0.0,4.0,0.0,4.0,3.0,13.0,5.0,2.0,1.0,0.0,1.0,0.0,2.0,26.0,0.0,4.0,0.0,29.0,3.0,26.0,23.0,8.0,0.0,4.0,2.0,4.0,0.0,3.0,3.0,4.0,1.0,0.0,2.0,2.0,0.0,3.0,4.0,2.0,0.0,2.0,2.0,1.0,0.0,0.0,0.0,2.0,0.0,0.0,0.0,4.0,0.0,2.0,1.0,16.0,3.0,0.0,2.0,3.0,0.0,0.0,3.0,5.0,0.0,0.0,1.0,4.0,0.0,2.0,4.0,18.0,3.0,5.0,1.0,2.0,1.0,4.0,1.0,34.0,4.0,2.0,2.0,19.0,5.0,23.0,21.0,22.0,12.0,5.0,19.0,3.0,3.0,1.0,45.0,6.0,2.0,0.0,4.0,3.0,3.0,3.0,37.0,7.0,4.0,0.0,2.0,0.0,1.0,0.0,6.0,3.0,0.0,0.0,3.0,3.0,3.0,1.0,14.0,8.0,10.0,2.0,6.0,2.0,1.0,0.0,3.0,1.0,0.0,0.0,1.0,0.0,1.0,2.0,3.0,7.0,2.0,0.0,1.0,2.0,0.0,1.0,1.0,5.0,2.0,0.0,0.0,2.0,4.0,3.0,19.0,12.0,33.0,3.0,19.0,2.0,2.0,3.0,41.0,4.0,2.0,0.0,4.0,1.0,0.0,0.0,29.0,1.0,2.0,0.0,0.0,0.0,1.0,0.0,3.0,1.0,3.0,0.0,2.0,1.0,2.0,3.0,18.0,38.0,50.0,2.0,39.0,1.0,4.0,1.0,18.0,5.0,1.0,0.0,1.0,4.0,4.0,3.0,21.0,45.0,42.0,4.0,26.0,5.0,2.0,7.0,22.0,27.0,20.0,5.0,16.0,27.0,21.0,12.0,597.0,2.147455173181868,0.0937226088205392,0.7964908321493962,0.7461608705480229,2.85613396325058,14.77235681812214,3.9383274867036335,0.07419639376955309,0.6870679626152904,0.5227614325003263,3.129039037094484,12.566321361511363,mel
1158.0,175.0,530.0,374.0,167.0,26.0,362.0,347.0,181.0,30.0,60.0,50.0,258.0,21.0,622.0,520.0,159.0,28.0,60.0,34.0,36.0,2.0,51.0,29.0,247.0,38.0,100.0,39.0,499.0,38.0,1006.0,668.0,554.0,54.0,142.0,76.0,58.0,6.0,55.0,51.0,78.0,5.0,14.0,4.0,105.0,10.0,71.0,52.0,411.0,30.0,71.0,42.0,25.0,5.0,37.0,37.0,641.0,61.0,93.0,40.0,1114.0,86.0,866.0,477.0,196.0,19.0,70.0,47.0,28.0,5.0,40.0,22.0,36.0,3.0,9.0,5.0,33.0,6.0,41.0,36.0,31.0,2.0,8.0,12.0,1.0,1.0,3.0,4.0,21.0,3.0,10.0,6.0,46.0,7.0,86.0,67.0,387.0,37.0,55.0,40.0,37.0,4.0,46.0,28.0,36.0,2.0,7.0,3.0,66.0,5.0,44.0,39.0,326.0,34.0,40.0,22.0,24.0,6.0,26.0,18.0,482.0,37.0,58.0,36.0,693.0,82.0,477.0,316.0,192.0,265.0,82.0,561.0,20.0,26.0,46.0,500.0,17.0,27.0,10.0,46.0,33.0,35.0,55.0,473.0,30.0,33.0,3.0,55.0,2.0,5.0,4.0,37.0,23.0,23.0,4.0,65.0,38.0,50.0,55.0,501.0,74.0,94.0,17.0,75.0,4.0,12.0,3.0,58.0,7.0,9.0,2.0,11.0,6.0,13.0,10.0,53.0,45.0,50.0,8.0,34.0,4.0,6.0,6.0,33.0,51.0,57.0,10.0,54.0,55.0,81.0,55.0,345.0,245.0,400.0,100.0,885.0,28.0,42.0,48.0,625.0,18.0,33.0,8.0,43.0,33.0,42.0,53.0,513.0,30.0,45.0,14.0,63.0,4.0,13.0,5.0,58.0,38.0,47.0,15.0,76.0,46.0,69.0,88.0,713.0,501.0,891.0,76.0,664.0,52.0,90.0,42.0,408.0,47.0,54.0,9.0,64.0,44.0,75.0,42.0,330.0,447.0,600.0,59.0,421.0,43.0,73.0,32.0,274.0,485.0,493.0,49.0,314.0,516.0,718.0,358.0,3466.0,0.7162339330772732,0.06743137847666697,0.8357862815823083,0.9234010463393938,2.9819412519020827,17.984646401418008,1.3410235537819066,0.05133048780048259,0.7563053187252974,0.8564981396212132,3.240302419298486,17.34895788955454,mel
251.0,38.0,99.0,49.0,36.0,7.0,75.0,50.0,49.0,5.0,14.0,13.0,62.0,8.0,105.0,91.0,43.0,4.0,9.0,5.0,13.0,3.0,3.0,8.0,45.0,4.0,18.0,7.0,81.0,1.0,186.0,119.0,89.0,10.0,19.0,9.0,12.0,2.0,13.0,13.0,12.0,1.0,2.0,1.0,16.0,2.0,17.0,15.0,54.0,2.0,9.0,6.0,6.0,1.0,7.0,6.0,131.0,11.0,14.0,6.0,184.0,17.0,174.0,95.0,39.0,7.0,11.0,12.0,3.0,3.0,9.0,7.0,11.0,0.0,2.0,3.0,6.0,3.0,7.0,14.0,6.0,0.0,5.0,0.0,1.0,0.0,0.0,2.0,15.0,2.0,2.0,2.0,6.0,2.0,21.0,11.0,73.0,7.0,10.0,5.0,5.0,0.0,6.0,5.0,12.0,4.0,1.0,2.0,7.0,1.0,4.0,12.0,61.0,6.0,7.0,9.0,9.0,1.0,7.0,13.0,149.0,11.0,7.0,13.0,139.0,9.0,84.0,86.0,64.0,44.0,9.0,114.0,9.0,7.0,17.0,125.0,13.0,9.0,4.0,10.0,6.0,8.0,14.0,125.0,5.0,9.0,2.0,5.0,1.0,1.0,0.0,14.0,9.0,3.0,1.0,11.0,9.0,6.0,10.0,99.0,8.0,11.0,4.0,24.0,2.0,2.0,2.0,8.0,6.0,1.0,2.0,3.0,2.0,2.0,4.0,10.0,12.0,9.0,4.0,11.0,5.0,1.0,1.0,17.0,12.0,7.0,1.0,8.0,11.0,16.0,13.0,90.0,41.0,82.0,11.0,137.0,7.0,8.0,7.0,113.0,5.0,4.0,1.0,8.0,6.0,7.0,8.0,80.0,7.0,6.0,3.0,20.0,3.0,2.0,3.0,11.0,10.0,8.0,1.0,12.0,8.0,12.0,12.0,144.0,122.0,180.0,17.0,184.0,10.0,21.0,5.0,89.0,9.0,12.0,0.0,16.0,9.0,12.0,10.0,95.0,111.0,130.0,17.0,103.0,15.0,9.0,13.0,104.0,128.0,99.0,8.0,87.0,92.0,126.0,84.0,1090.0,0.806933046040749,0.13442662765022248,0.8700778264984369,0.8487626615086512,2.424007355358981,9.864149295003052,1.469136591759103,0.10875331671236492,0.8088707359521875,0.733132550489492,2.628491699619152,9.541097848250802,nv
202.0,36.0,52.0,50.0,35.0,7.0,56.0,74.0,52.0,6.0,12.0,17.0,54.0,5.0,128.0,159.0,38.0,6.0,10.0,4.0,10.0,2.0,12.0,6.0,60.0,3.0,17.0,7.0,83.0,6.0,168.0,168.0,54.0,7.0,8.0,7.0,6.0,3.0,8.0,9.0,14.0,1.0,4.0,2.0,9.0,4.0,15.0,11.0,51.0,9.0,7.0,5.0,5.0,1.0,11.0,8.0,133.0,9.0,11.0,10.0,214.0,22.0,183.0,116.0,33.0,8.0,6.0,8.0,3.0,1.0,2.0,4.0,4.0,1.0,0.0,0.0,13.0,1.0,10.0,20.0,10.0,0.0,1.0,0.0,0.0,0.0,0.0,2.0,5.0,0.0,3.0,3.0,11.0,1.0,21.0,16.0,51.0,7.0,8.0,2.0,12.0,1.0,6.0,8.0,12.0,1.0,3.0,2.0,12.0,1.0,7.0,10.0,86.0,8.0,7.0,6.0,10.0,2.0,6.0,6.0,202.0,15.0,13.0,14.0,197.0,20.0,94.0,75.0,47.0,47.0,13.0,134.0,8.0,10.0,12.0,200.0,5.0,3.0,2.0,14.0,5.0,9.0,16.0,166.0,7.0,6.0,1.0,13.0,0.0,1.0,1.0,13.0,9.0,3.0,2.0,8.0,3.0,5.0,14.0,99.0,16.0,12.0,0.0,10.0,3.0,1.0,3.0,6.0,1.0,0.0,0.0,2.0,2.0,3.0,1.0,11.0,15.0,14.0,3.0,12.0,1.0,1.0,2.0,13.0,10.0,16.0,5.0,12.0,10.0,5.0,14.0,114.0,38.0,67.0,13.0,166.0,7.0,7.0,9.0,185.0,9.0,9.0,5.0,14.0,10.0,4.0,6.0,104.0,7.0,9.0,2.0,11.0,1.0,0.0,0.0,13.0,5.0,4.0,0.0,5.0,4.0,4.0,13.0,96.0,122.0,184.0,12.0,163.0,13.0,22.0,12.0,111.0,14.0,7.0,3.0,15.0,11.0,10.0,16.0,86.0,130.0,148.0,8.0,105.0,11.0,10.0,4.0,74.0,180.0,125.0,26.0,97.0,106.0,90.0,101.0,1528.0,1.0432887770920474,0.1397419577307716,0.8944972336601366,0.866446457170458,2.349782561467083,14.580239509591017,1.97750456984492,0.10982980579715462,0.8268165019900122,0.7469492001510171,2.587185247887774,13.651804414952325,nv
153.0,26.0,42.0,33.0,33.0,2.0,46.0,86.0,56.0,9.0,19.0,12.0,66.0,7.0,127.0,213.0,21.0,5.0,4.0,3.0,6.0,0.0,3.0,3.0,60.0,7.0,11.0,8.0,68.0,5.0,173.0,154.0,40.0,5.0,8.0,6.0,5.0,0.0,5.0,8.0,13.0,3.0,4.0,2.0,12.0,2.0,6.0,15.0,58.0,6.0,9.0,4.0,7.0,1.0,10.0,8.0,128.0,4.0,12.0,7.0,122.0,10.0,147.0,127.0,29.0,1.0,7.0,4.0,1.0,0.0,4.0,2.0,10.0,0.0,0.0,1.0,2.0,0.0,9.0,5.0,6.0,0.0,1.0,0.0,0.0,0.0,1.0,0.0,7.0,1.0,1.0,0.0,6.0,0.0,15.0,8.0,44.0,5.0,8.0,3.0,2.0,2.0,5.0,7.0,13.0,1.0,2.0,0.0,13.0,1.0,10.0,11.0,81.0,6.0,5.0,8.0,5.0,1.0,8.0,10.0,259.0,15.0,9.0,13.0,169.0,10.0,108.0,109.0,59.0,63.0,17.0,131.0,14.0,6.0,15.0,307.0,17.0,12.0,4.0,25.0,8.0,12.0,18.0,264.0,3.0,6.0,1.0,7.0,1.0,1.0,2.0,12.0,8.0,9.0,1.0,10.0,7.0,5.0,11.0,119.0,14.0,8.0,1.0,12.0,0.0,1.0,3.0,11.0,1.0,3.0,0.0,1.0,1.0,2.0,3.0,18.0,13.0,8.0,3.0,5.0,3.0,1.0,1.0,12.0,16.0,6.0,0.0,9.0,11.0,4.0,15.0,99.0,50.0,60.0,7.0,145.0,3.0,4.0,10.0,161.0,11.0,3.0,2.0,16.0,4.0,7.0,12.0,103.0,5.0,5.0,1.0,7.0,0.0,2.0,1.0,16.0,4.0,3.0,4.0,10.0,6.0,9.0,18.0,66.0,134.0,129.0,10.0,127.0,10.0,15.0,12.0,116.0,13.0,7.0,0.0,10.0,11.0,11.0,8.0,84.0,173.0,128.0,12.0,121.0,3.0,6.0,9.0,129.0,233.0,121.0,8.0,79.0,104.0,98.0,79.0,1512.0,0.8663367794763038,0.13492303208712308,0.8886427026941298,0.8579163692021458,2.362259351709644,11.328407606087218,1.659188161179127,0.10636214614624377,0.8204716947561357,0.7262262725098334,2.5889394936805696,10.461683891737053,nv
254.0,51.0,63.0,43.0,42.0,9.0,36.0,40.0,29.0,6.0,13.0,10.0,46.0,8.0,76.0,56.0,58.0,4.0,10.0,8.0,6.0,2.0,3.0,5.0,46.0,5.0,16.0,7.0,98.0,10.0,127.0,105.0,66.0,12.0,27.0,6.0,13.0,1.0,9.0,7.0,17.0,0.0,1.0,1.0,12.0,4.0,14.0,10.0,56.0,7.0,6.0,5.0,7.0,2.0,7.0,5.0,73.0,3.0,12.0,10.0,152.0,6.0,145.0,64.0,42.0,9.0,16.0,9.0,8.0,2.0,7.0,2.0,7.0,0.0,2.0,1.0,6.0,0.0,9.0,8.0,10.0,1.0,1.0,1.0,2.0,1.0,2.0,1.0,6.0,2.0,3.0,0.0,5.0,1.0,6.0,12.0,51.0,5.0,10.0,7.0,2.0,2.0,8.0,1.0,8.0,0.0,2.0,0.0,15.0,2.0,8.0,3.0,43.0,8.0,1.0,5.0,6.0,0.0,2.0,3.0,80.0,9.0,9.0,5.0,117.0,5.0,58.0,37.0,28.0,35.0,9.0,70.0,12.0,7.0,5.0,67.0,13.0,5.0,0.0,6.0,7.0,6.0,4.0,62.0,5.0,8.0,3.0,6.0,1.0,0.0,2.0,5.0,6.0,5.0,3.0,4.0,3.0,5.0,7.0,73.0,10.0,15.0,4.0,10.0,0.0,1.0,3.0,4.0,0.0,0.0,0.0,3.0,1.0,2.0,4.0,6.0,13.0,10.0,0.0,7.0,0.0,1.0,0.0,6.0,6.0,5.0,1.0,3.0,19.0,4.0,10.0,37.0,30.0,79.0,14.0,148.0,7.0,13.0,6.0,108.0,6.0,2.0,1.0,12.0,4.0,4.0,7.0,55.0,2.0,11.0,1.0,10.0,1.0,3.0,1.0,4.0,4.0,7.0,2.0,10.0,8.0,4.0,10.0,69.0,71.0,116.0,12.0,127.0,6.0,13.0,4.0,47.0,9.0,6.0,3.0,14.0,11.0,6.0,8.0,45.0,59.0,116.0,11.0,60.0,4.0,13.0,6.0,34.0,60.0,78.0,20.0,39.0,56.0,78.0,42.0,702.0,2.2778506490569455,0.04954126547726426,0.7396652434104773,0.8187249156476553,3.3560300433277024,22.85357496517124,4.6208151382823885,0.03385781763639402,0.6169814937033824,0.6429002821003181,3.689907188204762,21.258875640865725,mel
369.0,52.0,37.0,36.0,65.0,13.0,35.0,67.0,57.0,14.0,11.0,16.0,50.0,13.0,63.0,121.0,53.0,9.0,7.0,9.0,15.0,3.0,15.0,10.0,36.0,11.0,10.0,10.0,24.0,5.0,75.0,85.0,28.0,12.0,7.0,4.0,11.0,0.0,5.0,9.0,13.0,2.0,1.0,4.0,7.0,2.0,19.0,14.0,35.0,7.0,3.0,6.0,5.0,1.0,2.0,6.0,65.0,10.0,7.0,13.0,48.0,4.0,47.0,71.0,43.0,4.0,6.0,9.0,10.0,4.0,5.0,12.0,14.0,2.0,1.0,3.0,8.0,1.0,1.0,11.0,12.0,1.0,0.0,1.0,4.0,2.0,2.0,1.0,7.0,5.0,0.0,5.0,8.0,2.0,11.0,10.0,37.0,11.0,6.0,8.0,4.0,0.0,6.0,5.0,15.0,1.0,1.0,2.0,9.0,0.0,4.0,9.0,57.0,12.0,7.0,5.0,13.0,2.0,7.0,11.0,84.0,9.0,14.0,9.0,108.0,19.0,67.0,80.0,61.0,46.0,13.0,57.0,10.0,11.0,14.0,105.0,17.0,14.0,7.0,17.0,9.0,5.0,16.0,107.0,15.0,9.0,2.0,7.0,2.0,0.0,3.0,15.0,11.0,5.0,2.0,9.0,7.0,1.0,6.0,66.0,16.0,6.0,2.0,11.0,1.0,2.0,2.0,11.0,5.0,2.0,1.0,5.0,3.0,3.0,7.0,21.0,10.0,4.0,1.0,8.0,3.0,4.0,4.0,6.0,12.0,10.0,5.0,10.0,11.0,7.0,26.0,51.0,35.0,33.0,10.0,53.0,8.0,4.0,10.0,96.0,10.0,6.0,2.0,7.0,4.0,5.0,8.0,60.0,8.0,3.0,2.0,5.0,1.0,1.0,0.0,13.0,6.0,3.0,1.0,3.0,7.0,2.0,2.0,40.0,59.0,53.0,4.0,51.0,6.0,9.0,9.0,57.0,13.0,8.0,4.0,17.0,6.0,2.0,8.0,49.0,122.0,88.0,13.0,58.0,19.0,11.0,12.0,57.0,102.0,71.0,20.0,44.0,59.0,36.0,47.0,772.0,2.983298913531471,0.041106541167358755,0.6970141683509636,0.783006056509036,3.573820776781825,24.513311042826096,5.42158104196816,0.02974914062352744,0.5883285904746414,0.612175443250457,3.839687578974536,22.53735527401876,mel
360.0,45.0,36.0,28.0,40.0,11.0,35.0,72.0,67.0,6.0,8.0,19.0,31.0,10.0,69.0,103.0,49.0,12.0,8.0,7.0,18.0,3.0,8.0,10.0,54.0,8.0,9.0,9.0,44.0,11.0,51.0,103.0,28.0,5.0,8.0,2.0,11.0,0.0,8.0,7.0,12.0,2.0,4.0,2.0,7.0,0.0,9.0,11.0,37.0,2.0,7.0,2.0,11.0,2.0,4.0,8.0,56.0,6.0,9.0,7.0,85.0,10.0,55.0,75.0,43.0,8.0,8.0,10.0,5.0,0.0,5.0,10.0,10.0,4.0,2.0,0.0,11.0,3.0,9.0,16.0,12.0,3.0,1.0,2.0,2.0,2.0,2.0,2.0,8.0,1.0,1.0,4.0,7.0,2.0,9.0,16.0,37.0,11.0,5.0,9.0,8.0,1.0,5.0,3.0,16.0,5.0,3.0,1.0,9.0,0.0,4.0,7.0,90.0,10.0,6.0,5.0,10.0,1.0,6.0,3.0,144.0,8.0,14.0,10.0,100.0,14.0,61.0,63.0,52.0,45.0,9.0,55.0,17.0,7.0,18.0,121.0,30.0,9.0,3.0,12.0,3.0,4.0,12.0,124.0,18.0,5.0,2.0,4.0,3.0,2.0,4.0,10.0,5.0,4.0,1.0,8.0,6.0,5.0,9.0,54.0,8.0,10.0,1.0,7.0,1.0,3.0,2.0,13.0,2.0,1.0,1.0,2.0,3.0,0.0,4.0,13.0,20.0,5.0,0.0,3.0,2.0,0.0,5.0,11.0,7.0,12.0,2.0,6.0,5.0,6.0,12.0,57.0,46.0,34.0,11.0,63.0,5.0,4.0,6.0,86.0,12.0,8.0,1.0,11.0,5.0,4.0,5.0,48.0,8.0,6.0,1.0,10.0,1.0,1.0,3.0,14.0,1.0,2.0,0.0,5.0,3.0,2.0,4.0,31.0,67.0,56.0,8.0,64.0,3.0,3.0,6.0,62.0,16.0,12.0,5.0,10.0,11.0,7.0,16.0,47.0,114.0,89.0,9.0,57.0,8.0,20.0,7.0,58.0,124.0,62.0,15.0,53.0,58.0,43.0,54.0,751.0,2.6653946305109097,0.03779083271937597,0.7015862068276505,0.8005272001034818,3.576062979167858,24.058997185251904,4.985799565846599,0.027234127264357113,0.5858714405267855,0.6291236482668452,3.8676329382361754,21.900786988121002,mel
298.0,53.0,102.0,46.0,42.0,14.0,42.0,40.0,28.0,8.0,10.0,10.0,31.0,9.0,64.0,43.0,37.0,7.0,21.0,8.0,6.0,3.0,12.0,4.0,36.0,7.0,28.0,5.0,68.0,7.0,145.0,68.0,79.0,28.0,20.0,9.0,14.0,7.0,12.0,8.0,9.0,2.0,2.0,1.0,13.0,2.0,13.0,13.0,25.0,8.0,8.0,2.0,6.0,2.0,5.0,2.0,45.0,5.0,10.0,6.0,127.0,12.0,109.0,61.0,35.0,17.0,6.0,14.0,10.0,3.0,7.0,8.0,6.0,2.0,4.0,1.0,5.0,3.0,11.0,12.0,6.0,3.0,1.0,2.0,3.0,0.0,2.0,0.0,6.0,2.0,1.0,1.0,9.0,2.0,18.0,14.0,28.0,10.0,8.0,8.0,8.0,3.0,3.0,4.0,5.0,4.0,0.0,0.0,6.0,0.0,9.0,5.0,42.0,4.0,10.0,0.0,4.0,0.0,4.0,3.0,40.0,4.0,6.0,6.0,60.0,13.0,55.0,40.0,31.0,37.0,16.0,74.0,3.0,11.0,8.0,51.0,7.0,3.0,2.0,7.0,7.0,3.0,7.0,59.0,7.0,6.0,5.0,6.0,0.0,3.0,1.0,11.0,3.0,5.0,2.0,10.0,1.0,8.0,13.0,60.0,10.0,35.0,5.0,18.0,1.0,2.0,4.0,15.0,0.0,4.0,1.0,1.0,2.0,3.0,4.0,20.0,6.0,3.0,1.0,6.0,0.0,3.0,2.0,4.0,6.0,9.0,3.0,10.0,8.0,17.0,21.0,73.0,35.0,61.0,13.0,132.0,9.0,14.0,9.0,76.0,1.0,3.0,0.0,11.0,6.0,8.0,7.0,70.0,2.0,13.0,1.0,11.0,3.0,4.0,4.0,14.0,2.0,8.0,2.0,11.0,8.0,12.0,16.0,116.0,47.0,110.0,13.0,106.0,8.0,16.0,7.0,71.0,7.0,12.0,2.0,14.0,4.0,14.0,7.0,95.0,51.0,54.0,13.0,49.0,11.0,9.0,3.0,53.0,47.0,42.0,15.0,64.0,42.0,89.0,54.0,809.0,1.52790976508726,0.1200548439873425,0.8305112075765856,0.7937258410027052,2.618516116089197,13.28644965360562,2.982084471715859,0.09948222963768596,0.7624415791559076,0.6158435514467707,2.8251378684292234,12.543280170458868,vasc
485.0,68.0,46.0,29.0,48.0,11.0,23.0,31.0,51.0,12.0,15.0,11.0,26.0,10.0,52.0,56.0,59.0,9.0,15.0,4.0,19.0,2.0,11.0,9.0,33.0,5.0,17.0,5.0,43.0,15.0,75.0,82.0,46.0,22.0,18.0,8.0,10.0,5.0,7.0,8.0,14.0,5.0,3.0,4.0,12.0,4.0,10.0,13.0,32.0,9.0,4.0,4.0,18.0,6.0,10.0,3.0,29.0,7.0,19.0,7.0,34.0,9.0,80.0,57.0,71.0,12.0,6.0,10.0,13.0,4.0,5.0,8.0,11.0,1.0,7.0,2.0,5.0,7.0,8.0,13.0,13.0,3.0,11.0,6.0,8.0,2.0,4.0,2.0,11.0,4.0,5.0,4.0,23.0,7.0,22.0,15.0,32.0,11.0,5.0,5.0,6.0,5.0,5.0,8.0,13.0,3.0,1.0,4.0,5.0,5.0,5.0,7.0,35.0,16.0,11.0,6.0,16.0,9.0,11.0,7.0,36.0,4.0,12.0,12.0,35.0,19.0,40.0,53.0,35.0,33.0,11.0,28.0,8.0,6.0,5.0,20.0,5.0,1.0,4.0,7.0,10.0,11.0,12.0,39.0,14.0,11.0,5.0,6.0,3.0,5.0,2.0,10.0,10.0,4.0,7.0,4.0,8.0,10.0,20.0,44.0,14.0,12.0,2.0,7.0,2.0,4.0,1.0,8.0,3.0,2.0,3.0,8.0,2.0,0.0,4.0,14.0,13.0,9.0,1.0,5.0,8.0,4.0,3.0,13.0,17.0,5.0,9.0,17.0,13.0,13.0,33.0,68.0,42.0,40.0,11.0,43.0,4.0,12.0,6.0,25.0,3.0,9.0,4.0,17.0,3.0,6.0,7.0,42.0,12.0,16.0,9.0,14.0,1.0,10.0,3.0,14.0,12.0,1.0,5.0,11.0,8.0,4.0,10.0,46.0,47.0,61.0,13.0,63.0,10.0,16.0,10.0,40.0,14.0,35.0,8.0,26.0,10.0,9.0,17.0,76.0,67.0,78.0,20.0,60.0,19.0,27.0,15.0,61.0,52.0,50.0,27.0,103.0,44.0,76.0,101.0,1228.0,2.9278239058986344,0.07542430910526797,0.7607994813153734,0.7868375843626476,3.035857447132678,24.542533822451194,5.015505559416263,0.06148384012440593,0.6994272422880418,0.6477214822868317,3.1963194749811423,23.459154729122726,vasc
203.0,18.0,54.0,33.0,24.0,6.0,40.0,38.0,22.0,5.0,10.0,5.0,32.0,3.0,59.0,54.0,26.0,5.0,17.0,5.0,5.0,1.0,6.0,5.0,29.0,2.0,10.0,12.0,78.0,6.0,100.0,64.0,94.0,13.0,19.0,8.0,12.0,0.0,8.0,3.0,13.0,1.0,3.0,0.0,13.0,3.0,13.0,2.0,64.0,5.0,12.0,4.0,7.0,2.0,9.0,2.0,110.0,6.0,20.0,8.0,217.0,16.0,151.0,55.0,30.0,4.0,12.0,7.0,5.0,1.0,5.0,1.0,5.0,0.0,2.0,0.0,1.0,1.0,4.0,3.0,5.0,0.0,2.0,1.0,0.0,0.0,0.0,0.0,6.0,0.0,2.0,1.0,9.0,2.0,15.0,5.0,59.0,11.0,12.0,10.0,2.0,1.0,2.0,3.0,1.0,0.0,3.0,1.0,6.0,1.0,6.0,5.0,39.0,2.0,3.0,3.0,7.0,0.0,6.0,2.0,93.0,9.0,11.0,4.0,112.0,16.0,76.0,50.0,22.0,31.0,10.0,75.0,2.0,4.0,7.0,64.0,3.0,3.0,0.0,4.0,2.0,5.0,4.0,54.0,4.0,4.0,1.0,9.0,0.0,1.0,1.0,4.0,4.0,4.0,1.0,3.0,2.0,1.0,11.0,48.0,9.0,18.0,3.0,11.0,1.0,3.0,1.0,5.0,0.0,0.0,0.0,0.0,1.0,0.0,2.0,9.0,5.0,12.0,2.0,7.0,0.0,1.0,1.0,2.0,9.0,4.0,3.0,2.0,9.0,15.0,12.0,59.0,35.0,75.0,17.0,215.0,3.0,9.0,5.0,95.0,3.0,1.0,0.0,9.0,6.0,7.0,6.0,51.0,4.0,12.0,0.0,17.0,2.0,0.0,0.0,12.0,4.0,6.0,2.0,17.0,5.0,7.0,6.0,91.0,79.0,143.0,24.0,150.0,7.0,7.0,10.0,54.0,4.0,9.0,3.0,13.0,8.0,9.0,11.0,51.0,64.0,72.0,11.0,55.0,5.0,10.0,6.0,29.0,70.0,71.0,7.0,59.0,100.0,117.0,74.0,1139.0,1.4882862235803411,0.1240570203125814,0.861240195314517,0.8090634352718258,2.5057464340561846,14.101040270264646,2.7840568541827206,0.09468424250138242,0.778293471648572,0.6421895267584451,2.7678483351154846,12.777571786593422,vasc
87.0,8.0,14.0,16.0,19.0,6.0,14.0,48.0,20.0,3.0,2.0,5.0,15.0,4.0,25.0,48.0,11.0,2.0,3.0,0.0,1.0,0.0,3.0,2.0,9.0,1.0,3.0,3.0,20.0,1.0,28.0,31.0,18.0,1.0,5.0,3.0,3.0,1.0,1.0,1.0,6.0,0.0,1.0,0.0,7.0,1.0,4.0,2.0,7.0,0.0,4.0,2.0,2.0,0.0,0.0,1.0,16.0,1.0,0.0,2.0,33.0,4.0,26.0,23.0,11.0,4.0,1.0,2.0,2.0,0.0,1.0,5.0,1.0,0.0,0.0,1.0,2.0,0.0,0.0,1.0,5.0,1.0,0.0,0.0,1.0,0.0,0.0,0.0,2.0,0.0,0.0,0.0,3.0,1.0,0.0,5.0,23.0,2.0,1.0,4.0,1.0,0.0,0.0,0.0,2.0,1.0,1.0,1.0,3.0,0.0,0.0,3.0,33.0,0.0,3.0,1.0,3.0,0.0,0.0,1.0,68.0,3.0,4.0,0.0,25.0,3.0,15.0,13.0,20.0,18.0,6.0,36.0,7.0,4.0,7.0,54.0,14.0,4.0,3.0,6.0,2.0,5.0,3.0,53.0,1.0,3.0,2.0,1.0,0.0,0.0,0.0,7.0,1.0,1.0,0.0,2.0,2.0,2.0,2.0,26.0,3.0,3.0,1.0,3.0,1.0,0.0,0.0,2.0,0.0,0.0,0.0,0.0,1.0,0.0,2.0,2.0,6.0,3.0,0.0,6.0,0.0,0.0,0.0,0.0,2.0,1.0,0.0,2.0,0.0,0.0,7.0,20.0,14.0,35.0,3.0,48.0,2.0,4.0,8.0,52.0,1.0,3.0,0.0,5.0,1.0,0.0,0.0,30.0,4.0,3.0,0.0,6.0,2.0,1.0,0.0,6.0,0.0,2.0,0.0,2.0,2.0,1.0,3.0,15.0,36.0,50.0,1.0,44.0,1.0,3.0,3.0,25.0,4.0,2.0,1.0,4.0,1.0,2.0,2.0,19.0,57.0,31.0,3.0,36.0,1.0,4.0,1.0,19.0,46.0,26.0,1.0,27.0,11.0,15.0,4.0,361.0,2.1116977590050454,0.05521793876337597,0.7827145618484073,0.8396701059338199,3.195876226851742,24.23021148136901,4.343820760338458,0.03851885531315289,0.6635152931212718,0.6719121576307335,3.5530196114817696,22.135799630163145,nv
162.0,11.0,17.0,3.0,11.0,3.0,10.0,11.0,21.0,4.0,5.0,6.0,15.0,3.0,10.0,40.0,17.0,1.0,3.0,0.0,6.0,0.0,5.0,5.0,10.0,2.0,2.0,1.0,28.0,4.0,30.0,30.0,9.0,4.0,3.0,0.0,4.0,0.0,2.0,4.0,4.0,0.0,2.0,0.0,3.0,1.0,5.0,10.0,9.0,3.0,3.0,1.0,4.0,1.0,0.0,0.0,13.0,4.0,4.0,3.0,33.0,10.0,40.0,24.0,14.0,7.0,1.0,4.0,4.0,0.0,2.0,3.0,3.0,0.0,1.0,0.0,2.0,1.0,3.0,6.0,3.0,2.0,0.0,1.0,2.0,0.0,0.0,2.0,6.0,1.0,0.0,1.0,4.0,1.0,5.0,5.0,13.0,8.0,2.0,4.0,3.0,1.0,0.0,0.0,1.0,1.0,1.0,0.0,1.0,1.0,2.0,3.0,31.0,2.0,0.0,2.0,4.0,2.0,1.0,1.0,51.0,10.0,6.0,3.0,36.0,8.0,29.0,18.0,20.0,9.0,0.0,15.0,3.0,2.0,1.0,35.0,6.0,2.0,1.0,0.0,5.0,0.0,3.0,40.0,5.0,3.0,1.0,2.0,2.0,1.0,3.0,2.0,1.0,0.0,1.0,2.0,2.0,0.0,5.0,19.0,3.0,3.0,3.0,6.0,1.0,1.0,2.0,4.0,1.0,0.0,0.0,2.0,0.0,0.0,3.0,5.0,3.0,4.0,0.0,2.0,0.0,1.0,0.0,2.0,3.0,2.0,1.0,2.0,8.0,3.0,18.0,21.0,17.0,19.0,9.0,27.0,1.0,0.0,3.0,30.0,5.0,3.0,4.0,3.0,1.0,0.0,3.0,14.0,4.0,4.0,0.0,5.0,0.0,3.0,0.0,5.0,2.0,2.0,0.0,4.0,3.0,2.0,3.0,5.0,22.0,27.0,6.0,32.0,1.0,6.0,5.0,13.0,5.0,7.0,3.0,5.0,1.0,1.0,2.0,13.0,45.0,35.0,7.0,24.0,5.0,6.0,2.0,29.0,47.0,20.0,7.0,30.0,16.0,13.0,32.0,543.0,3.889419252187748,0.04641475146191864,0.7181276413205815,0.7732753066543356,3.5436733754602736,30.42020264910152,6.608841569262816,0.03336627922090387,0.6099483409880737,0.6092042219748153,3.8322175031984145,27.213640355487733,nv
86.0,18.0,15.0,16.0,15.0,2.0,16.0,53.0,22.0,5.0,7.0,5.0,19.0,5.0,31.0,62.0,15.0,2.0,1.0,1.0,3.0,0.0,3.0,1.0,13.0,1.0,6.0,8.0,28.0,4.0,59.0,52.0,16.0,2.0,5.0,0.0,1.0,0.0,4.0,0.0,3.0,1.0,2.0,1.0,3.0,0.0,4.0,2.0,24.0,2.0,1.0,0.0,6.0,0.0,2.0,1.0,30.0,1.0,4.0,1.0,43.0,2.0,43.0,24.0,11.0,0.0,3.0,1.0,2.0,0.0,2.0,2.0,1.0,0.0,0.0,0.0,2.0,0.0,0.0,3.0,3.0,0.0,0.0,0.0,0.0,0.0,0.0,1.0,8.0,1.0,1.0,0.0,4.0,1.0,5.0,7.0,8.0,0.0,3.0,0.0,2.0,0.0,2.0,1.0,4.0,0.0,0.0,0.0,3.0,1.0,3.0,1.0,37.0,1.0,3.0,1.0,1.0,1.0,1.0,3.0,60.0,0.0,2.0,1.0,33.0,3.0,38.0,24.0,17.0,21.0,3.0,26.0,2.0,3.0,5.0,42.0,14.0,1.0,2.0,3.0,3.0,5.0,7.0,52.0,1.0,3.0,0.0,0.0,0.0,0.0,0.0,2.0,2.0,0.0,0.0,0.0,3.0,3.0,2.0,26.0,4.0,4.0,1.0,4.0,0.0,1.0,0.0,4.0,0.0,1.0,0.0,0.0,0.0,0.0,0.0,4.0,2.0,4.0,0.0,0.0,1.0,0.0,1.0,4.0,3.0,3.0,2.0,0.0,4.0,2.0,0.0,18.0,9.0,22.0,4.0,22.0,1.0,1.0,2.0,31.0,1.0,0.0,1.0,2.0,1.0,2.0,2.0,28.0,2.0,3.0,0.0,0.0,0.0,0.0,0.0,3.0,0.0,2.0,0.0,2.0,4.0,0.0,2.0,14.0,18.0,42.0,0.0,31.0,1.0,5.0,1.0,22.0,2.0,0.0,0.0,4.0,2.0,0.0,5.0,17.0,64.0,22.0,4.0,16.0,1.0,4.0,2.0,12.0,49.0,10.0,1.0,9.0,26.0,20.0,26.0,352.0,2.0197113692361848,0.05220323074422069,0.779913870170347,0.839331612758316,3.217705312507481,23.121654694245223,4.088666428316053,0.03543953496434633,0.6525303992717378,0.6757359422934968,3.588544168018616,21.12946263128368,nv
754.0,101.0,338.0,179.0,93.0,19.0,186.0,150.0,96.0,11.0,37.0,24.0,144.0,15.0,314.0,221.0,101.0,12.0,50.0,19.0,18.0,3.0,23.0,10.0,107.0,7.0,75.0,22.0,261.0,24.0,735.0,341.0,304.0,41.0,86.0,31.0,43.0,11.0,40.0,23.0,25.0,0.0,5.0,6.0,52.0,15.0,55.0,34.0,182.0,24.0,44.0,19.0,23.0,4.0,39.0,17.0,244.0,20.0,46.0,23.0,568.0,51.0,614.0,285.0,105.0,18.0,40.0,13.0,7.0,2.0,19.0,15.0,13.0,1.0,3.0,0.0,16.0,1.0,27.0,12.0,20.0,4.0,6.0,5.0,1.0,0.0,1.0,3.0,13.0,4.0,8.0,8.0,22.0,7.0,55.0,42.0,176.0,21.0,25.0,16.0,13.0,2.0,19.0,11.0,19.0,0.0,2.0,2.0,20.0,3.0,28.0,17.0,150.0,17.0,23.0,13.0,15.0,4.0,8.0,11.0,191.0,30.0,35.0,14.0,264.0,30.0,262.0,147.0,89.0,114.0,29.0,212.0,9.0,16.0,18.0,185.0,22.0,14.0,1.0,18.0,10.0,15.0,16.0,197.0,14.0,16.0,6.0,18.0,2.0,2.0,5.0,11.0,14.0,12.0,5.0,21.0,17.0,31.0,34.0,311.0,28.0,60.0,9.0,39.0,1.0,4.0,3.0,25.0,4.0,4.0,1.0,4.0,1.0,17.0,5.0,36.0,19.0,26.0,3.0,24.0,0.0,2.0,2.0,20.0,22.0,23.0,9.0,25.0,23.0,64.0,38.0,209.0,108.0,255.0,45.0,447.0,4.0,15.0,24.0,227.0,9.0,14.0,11.0,23.0,11.0,21.0,25.0,223.0,15.0,23.0,9.0,46.0,2.0,8.0,5.0,20.0,14.0,28.0,8.0,41.0,28.0,33.0,51.0,453.0,251.0,609.0,41.0,453.0,15.0,64.0,22.0,221.0,16.0,28.0,3.0,33.0,18.0,51.0,26.0,205.0,230.0,300.0,32.0,192.0,26.0,33.0,19.0,121.0,214.0,205.0,30.0,214.0,262.0,416.0,216.0,2447.0,0.9625244606353001,0.0813639957691511,0.8633779128114707,0.9106239593380382,2.901794126552658,20.57623365633612,1.8857368589980994,0.06568897499641825,0.7914429773391048,0.8246489996728136,3.1447310663403236,19.622402307354186,mel
466.0,60.0,230.0,142.0,53.0,8.0,151.0,188.0,87.0,11.0,19.0,20.0,115.0,7.0,304.0,319.0,55.0,4.0,23.0,8.0,8.0,0.0,10.0,8.0,84.0,5.0,27.0,27.0,278.0,9.0,586.0,367.0,220.0,23.0,50.0,30.0,29.0,5.0,32.0,28.0,23.0,1.0,5.0,4.0,37.0,0.0,36.0,20.0,121.0,7.0,27.0,11.0,11.0,1.0,14.0,14.0,286.0,14.0,29.0,22.0,713.0,37.0,626.0,247.0,66.0,10.0,28.0,15.0,10.0,1.0,17.0,13.0,10.0,3.0,3.0,3.0,4.0,0.0,14.0,15.0,4.0,0.0,3.0,2.0,1.0,0.0,1.0,0.0,7.0,2.0,4.0,3.0,11.0,0.0,24.0,15.0,174.0,20.0,34.0,20.0,15.0,1.0,17.0,12.0,14.0,4.0,4.0,1.0,18.0,3.0,24.0,13.0,167.0,7.0,17.0,4.0,7.0,2.0,11.0,6.0,303.0,15.0,18.0,18.0,322.0,18.0,227.0,134.0,88.0,102.0,28.0,364.0,10.0,17.0,21.0,344.0,19.0,19.0,3.0,26.0,16.0,9.0,29.0,312.0,5.0,8.0,1.0,23.0,0.0,1.0,2.0,20.0,13.0,12.0,1.0,25.0,10.0,20.0,19.0,273.0,22.0,44.0,8.0,35.0,0.0,2.0,5.0,22.0,1.0,4.0,1.0,4.0,1.0,3.0,2.0,18.0,14.0,21.0,4.0,20.0,4.0,1.0,3.0,14.0,17.0,22.0,2.0,20.0,18.0,20.0,12.0,190.0,129.0,304.0,36.0,878.0,9.0,14.0,23.0,516.0,9.0,19.0,3.0,22.0,11.0,19.0,21.0,289.0,8.0,19.0,4.0,41.0,1.0,0.0,1.0,26.0,14.0,17.0,1.0,19.0,15.0,19.0,15.0,333.0,373.0,703.0,45.0,780.0,19.0,34.0,23.0,279.0,23.0,27.0,1.0,18.0,17.0,34.0,22.0,196.0,295.0,420.0,20.0,293.0,10.0,9.0,11.0,172.0,299.0,333.0,17.0,204.0,269.0,312.0,162.0,2819.0,1.156760108266661,0.08638268703738837,0.8821912963851015,0.8988900983547431,2.8416843853790366,21.724482765950487,2.168926052113825,0.06878540580222411,0.8058609497655727,0.8076198073475125,3.103908032817184,20.379404128964,mel
714.0,89.0,321.0,199.0,107.0,17.0,182.0,176.0,101.0,8.0,32.0,18.0,127.0,17.0,234.0,182.0,87.0,12.0,38.0,10.0,15.0,2.0,21.0,13.0,94.0,7.0,41.0,17.0,251.0,19.0,446.0,235.0,304.0,36.0,90.0,47.0,39.0,9.0,31.0,28.0,36.0,1.0,10.0,2.0,56.0,5.0,32.0,24.0,180.0,20.0,36.0,17.0,24.0,4.0,11.0,12.0,292.0,13.0,38.0,22.0,667.0,53.0,457.0,201.0,107.0,20.0,50.0,26.0,14.0,4.0,20.0,16.0,16.0,2.0,3.0,3.0,15.0,5.0,15.0,14.0,27.0,0.0,3.0,3.0,0.0,0.0,2.0,2.0,21.0,1.0,6.0,6.0,30.0,3.0,45.0,24.0,186.0,25.0,32.0,40.0,21.0,3.0,18.0,10.0,17.0,0.0,0.0,3.0,23.0,5.0,32.0,14.0,163.0,18.0,22.0,14.0,21.0,4.0,16.0,13.0,235.0,15.0,32.0,18.0,332.0,32.0,216.0,111.0,122.0,128.0,47.0,326.0,6.0,22.0,19.0,245.0,17.0,13.0,4.0,15.0,16.0,14.0,21.0,204.0,10.0,20.0,3.0,27.0,0.0,2.0,2.0,11.0,13.0,8.0,6.0,22.0,22.0,19.0,29.0,240.0,24.0,47.0,4.0,61.0,4.0,5.0,5.0,22.0,3.0,2.0,1.0,7.0,3.0,10.0,7.0,24.0,18.0,17.0,4.0,18.0,3.0,3.0,2.0,21.0,21.0,19.0,6.0,22.0,25.0,37.0,20.0,185.0,106.0,298.0,62.0,771.0,7.0,32.0,25.0,375.0,19.0,23.0,5.0,37.0,10.0,34.0,14.0,296.0,13.0,26.0,8.0,63.0,3.0,8.0,9.0,32.0,19.0,24.0,5.0,42.0,26.0,39.0,57.0,428.0,259.0,585.0,48.0,609.0,26.0,49.0,25.0,252.0,18.0,36.0,9.0,32.0,23.0,52.0,20.0,199.0,206.0,310.0,29.0,257.0,22.0,33.0,10.0,156.0,226.0,235.0,37.0,213.0,212.0,380.0,166.0,2260.0,1.3282094199598784,0.06999791964162931,0.8546918260571683,0.8997939381412772,3.0154434641280443,25.181352882418008,2.6494086857763626,0.055046444120506466,0.7770964053189363,0.8013100202406115,3.2735376089290305,24.019361314449828,mel
429.0,55.0,83.0,72.0,64.0,15.0,53.0,55.0,53.0,9.0,21.0,13.0,44.0,13.0,67.0,77.0,76.0,12.0,15.0,7.0,17.0,6.0,9.0,7.0,50.0,5.0,27.0,10.0,79.0,11.0,78.0,67.0,114.0,16.0,20.0,13.0,26.0,3.0,11.0,7.0,21.0,4.0,9.0,3.0,15.0,5.0,19.0,15.0,57.0,14.0,14.0,6.0,13.0,2.0,8.0,8.0,80.0,7.0,17.0,11.0,101.0,19.0,90.0,58.0,68.0,18.0,23.0,8.0,11.0,5.0,13.0,10.0,10.0,3.0,3.0,2.0,9.0,5.0,17.0,11.0,26.0,2.0,5.0,2.0,6.0,2.0,6.0,1.0,10.0,3.0,6.0,4.0,11.0,7.0,20.0,18.0,58.0,15.0,9.0,8.0,16.0,2.0,3.0,10.0,15.0,4.0,1.0,2.0,6.0,1.0,10.0,11.0,66.0,13.0,14.0,7.0,11.0,2.0,9.0,7.0,72.0,14.0,18.0,12.0,69.0,25.0,64.0,59.0,60.0,53.0,14.0,72.0,11.0,9.0,12.0,48.0,8.0,9.0,5.0,5.0,5.0,16.0,17.0,70.0,9.0,11.0,5.0,9.0,4.0,2.0,4.0,12.0,6.0,6.0,2.0,18.0,7.0,5.0,22.0,68.0,13.0,12.0,5.0,13.0,2.0,7.0,1.0,13.0,6.0,1.0,2.0,5.0,7.0,5.0,2.0,21.0,13.0,10.0,4.0,12.0,2.0,1.0,2.0,21.0,10.0,9.0,9.0,15.0,15.0,22.0,23.0,83.0,49.0,81.0,21.0,91.0,9.0,19.0,11.0,65.0,7.0,5.0,4.0,14.0,10.0,10.0,10.0,65.0,9.0,13.0,1.0,18.0,4.0,4.0,4.0,18.0,14.0,4.0,5.0,19.0,7.0,16.0,20.0,124.0,81.0,107.0,12.0,98.0,12.0,6.0,6.0,67.0,18.0,16.0,6.0,22.0,14.0,22.0,13.0,78.0,75.0,76.0,20.0,67.0,11.0,21.0,14.0,78.0,68.0,75.0,32.0,100.0,71.0,118.0,96.0,1021.0,1.7001635408330142,0.07072871241125256,0.7971935870026898,0.8417902783952538,2.9623247823537726,19.792365787807373,3.164094830609524,0.05632083771329099,0.7240635257175888,0.7112436149666302,3.172660866002797,18.751228913617812,mel
432.0,75.0,111.0,56.0,72.0,25.0,51.0,68.0,59.0,11.0,12.0,13.0,49.0,11.0,84.0,77.0,58.0,13.0,17.0,13.0,16.0,4.0,16.0,10.0,50.0,11.0,12.0,10.0,82.0,13.0,113.0,78.0,84.0,14.0,24.0,15.0,22.0,4.0,9.0,14.0,12.0,5.0,6.0,4.0,16.0,2.0,15.0,16.0,69.0,9.0,12.0,4.0,7.0,2.0,9.0,4.0,81.0,9.0,10.0,13.0,89.0,16.0,98.0,72.0,62.0,18.0,27.0,12.0,17.0,7.0,12.0,11.0,11.0,4.0,2.0,3.0,10.0,3.0,12.0,12.0,15.0,4.0,3.0,2.0,5.0,2.0,5.0,3.0,11.0,2.0,6.0,2.0,18.0,5.0,9.0,22.0,57.0,11.0,8.0,7.0,10.0,6.0,3.0,10.0,11.0,2.0,1.0,2.0,11.0,3.0,8.0,10.0,56.0,7.0,3.0,9.0,6.0,1.0,9.0,7.0,47.0,14.0,11.0,18.0,65.0,18.0,68.0,76.0,50.0,52.0,24.0,77.0,10.0,9.0,15.0,72.0,10.0,4.0,6.0,10.0,6.0,15.0,18.0,71.0,10.0,7.0,4.0,9.0,4.0,4.0,3.0,13.0,8.0,6.0,1.0,9.0,5.0,2.0,12.0,76.0,22.0,29.0,7.0,17.0,3.0,6.0,0.0,17.0,6.0,2.0,2.0,8.0,5.0,5.0,5.0,30.0,13.0,9.0,3.0,11.0,1.0,3.0,2.0,13.0,8.0,17.0,4.0,15.0,14.0,18.0,20.0,93.0,42.0,78.0,17.0,100.0,5.0,13.0,9.0,67.0,6.0,4.0,6.0,15.0,12.0,7.0,15.0,76.0,12.0,9.0,5.0,20.0,5.0,6.0,2.0,17.0,13.0,6.0,6.0,26.0,9.0,15.0,15.0,117.0,73.0,80.0,15.0,94.0,17.0,16.0,13.0,59.0,14.0,23.0,3.0,23.0,12.0,23.0,13.0,98.0,79.0,67.0,13.0,60.0,11.0,20.0,9.0,64.0,77.0,71.0,19.0,81.0,62.0,125.0,80.0,1026.0,1.6881132994641246,0.0708004877323434,0.7972337491952236,0.8430153474665556,2.9620219231530873,19.81861710024143,3.151595931252192,0.05635614141431787,0.724156649038307,0.7123120115963438,3.172696903991065,18.758223444523587,mel
412.0,59.0,84.0,51.0,54.0,8.0,48.0,77.0,56.0,11.0,13.0,12.0,58.0,8.0,102.0,115.0,52.0,9.0,13.0,11.0,19.0,4.0,11.0,17.0,58.0,7.0,11.0,7.0,81.0,17.0,138.0,100.0,66.0,19.0,19.0,14.0,13.0,3.0,5.0,13.0,22.0,3.0,5.0,4.0,16.0,2.0,13.0,12.0,37.0,12.0,8.0,6.0,14.0,2.0,8.0,7.0,90.0,10.0,16.0,3.0,155.0,14.0,124.0,87.0,66.0,18.0,19.0,14.0,8.0,1.0,13.0,10.0,11.0,1.0,1.0,2.0,4.0,2.0,9.0,12.0,10.0,5.0,0.0,1.0,3.0,0.0,3.0,6.0,6.0,2.0,4.0,1.0,7.0,3.0,16.0,26.0,63.0,9.0,7.0,6.0,8.0,2.0,9.0,6.0,11.0,1.0,3.0,2.0,12.0,6.0,6.0,11.0,70.0,10.0,4.0,5.0,10.0,2.0,8.0,7.0,107.0,17.0,18.0,13.0,109.0,16.0,62.0,62.0,46.0,45.0,14.0,98.0,6.0,13.0,15.0,116.0,9.0,10.0,3.0,14.0,6.0,5.0,13.0,91.0,9.0,5.0,3.0,14.0,3.0,2.0,3.0,10.0,9.0,2.0,6.0,14.0,8.0,8.0,15.0,98.0,19.0,22.0,3.0,17.0,2.0,6.0,3.0,20.0,4.0,3.0,3.0,1.0,3.0,3.0,2.0,10.0,11.0,6.0,2.0,7.0,3.0,0.0,2.0,9.0,12.0,7.0,2.0,7.0,13.0,12.0,19.0,86.0,50.0,74.0,16.0,155.0,11.0,16.0,10.0,122.0,11.0,9.0,5.0,17.0,8.0,18.0,5.0,77.0,9.0,12.0,1.0,25.0,2.0,3.0,4.0,12.0,12.0,4.0,3.0,20.0,10.0,11.0,12.0,96.0,76.0,120.0,11.0,126.0,8.0,16.0,9.0,71.0,15.0,18.0,6.0,17.0,7.0,12.0,13.0,88.0,115.0,93.0,14.0,78.0,10.0,24.0,10.0,54.0,86.0,72.0,20.0,88.0,77.0,94.0,79.0,1346.0,2.3259131115970892,0.05834169517670677,0.8025278873118581,0.8533447701025684,3.1123227068324337,29.393557284703103,4.534420289855073,0.0446471492290147,0.7134419575399886,0.7102297934797802,3.3590550900719207,26.762242982106688,mel
51.0,9.0,9.0,4.0,5.0,0.0,4.0,7.0,7.0,0.0,1.0,1.0,5.0,0.0,3.0,8.0,5.0,3.0,0.0,0.0,2.0,0.0,0.0,1.0,4.0,0.0,2.0,2.0,20.0,0.0,13.0,10.0,11.0,0.0,10.0,0.0,1.0,0.0,3.0,0.0,0.0,1.0,0.0,0.0,3.0,0.0,1.0,0.0,7.0,2.0,0.0,0.0,1.0,0.0,0.0,0.0,8.0,0.0,0.0,1.0,57.0,1.0,32.0,1.0,8.0,0.0,0.0,1.0,4.0,0.0,1.0,1.0,0.0,0.0,1.0,0.0,0.0,0.0,0.0,0.0,2.0,0.0,0.0,0.0,0.0,1.0,0.0,0.0,1.0,0.0,0.0,0.0,1.0,1.0,0.0,0.0,4.0,0.0,1.0,0.0,1.0,0.0,0.0,0.0,0.0,1.0,0.0,0.0,2.0,0.0,0.0,0.0,4.0,0.0,0.0,0.0,0.0,0.0,1.0,0.0,7.0,3.0,0.0,1.0,22.0,2.0,7.0,2.0,4.0,4.0,0.0,16.0,1.0,0.0,1.0,11.0,1.0,1.0,0.0,0.0,1.0,0.0,0.0,12.0,0.0,1.0,0.0,0.0,0.0,0.0,0.0,0.0,0.0,0.0,0.0,0.0,0.0,0.0,1.0,5.0,3.0,1.0,0.0,1.0,0.0,0.0,0.0,3.0,0.0,0.0,0.0,0.0,0.0,0.0,0.0,0.0,3.0,2.0,0.0,1.0,0.0,0.0,0.0,0.0,0.0,1.0,0.0,0.0,0.0,1.0,1.0,4.0,4.0,11.0,2.0,37.0,0.0,0.0,2.0,21.0,1.0,0.0,0.0,1.0,0.0,1.0,0.0,7.0,1.0,2.0,0.0,1.0,0.0,0.0,0.0,2.0,0.0,0.0,0.0,0.0,0.0,2.0,0.0,1.0,11.0,23.0,1.0,23.0,0.0,0.0,3.0,7.0,1.0,0.0,0.0,3.0,1.0,0.0,0.0,2.0,12.0,11.0,0.0,9.0,1.0,0.0,0.0,1.0,8.0,12.0,0.0,6.0,9.0,8.0,7.0,200.0,3.6094200576738213,0.038005147710504866,0.6953875763146063,0.7925117935077036,3.597959920873204,31.182148279563933,7.203734032099574,0.026869556065358704,0.5350496453964101,0.5869600732251956,4.004080817752972,27.677804362260815,nv
78.0,6.0,4.0,2.0,4.0,2.0,2.0,11.0,8.0,1.0,2.0,4.0,3.0,3.0,8.0,29.0,12.0,4.0,2.0,1.0,1.0,0.0,2.0,0.0,5.0,1.0,4.0,1.0,9.0,0.0,25.0,20.0,6.0,1.0,2.0,0.0,2.0,0.0,1.0,1.0,0.0,0.0,2.0,1.0,0.0,0.0,1.0,5.0,3.0,1.0,0.0,0.0,1.0,2.0,0.0,0.0,6.0,0.0,3.0,3.0,8.0,1.0,11.0,6.0,6.0,1.0,0.0,0.0,3.0,0.0,0.0,1.0,0.0,0.0,0.0,0.0,1.0,0.0,1.0,3.0,0.0,0.0,0.0,0.0,0.0,1.0,0.0,0.0,2.0,0.0,0.0,0.0,1.0,0.0,4.0,1.0,1.0,0.0,2.0,0.0,0.0,0.0,0.0,0.0,0.0,1.0,0.0,0.0,1.0,0.0,1.0,0.0,9.0,2.0,1.0,0.0,1.0,0.0,2.0,0.0,6.0,1.0,0.0,0.0,6.0,1.0,11.0,8.0,4.0,2.0,2.0,6.0,1.0,1.0,1.0,6.0,1.0,1.0,0.0,1.0,0.0,0.0,0.0,22.0,3.0,1.0,1.0,0.0,1.0,0.0,1.0,0.0,1.0,0.0,0.0,1.0,2.0,1.0,2.0,5.0,3.0,2.0,0.0,2.0,0.0,1.0,1.0,0.0,0.0,2.0,0.0,0.0,0.0,0.0,0.0,2.0,3.0,1.0,0.0,2.0,0.0,0.0,0.0,0.0,2.0,1.0,1.0,0.0,4.0,0.0,1.0,4.0,4.0,2.0,1.0,7.0,0.0,0.0,2.0,12.0,1.0,0.0,1.0,0.0,0.0,0.0,1.0,6.0,0.0,1.0,0.0,1.0,0.0,0.0,0.0,0.0,0.0,0.0,0.0,1.0,0.0,0.0,0.0,6.0,9.0,11.0,1.0,10.0,0.0,5.0,0.0,2.0,3.0,2.0,0.0,1.0,1.0,1.0,3.0,4.0,47.0,26.0,5.0,7.0,4.0,2.0,0.0,2.0,16.0,8.0,4.0,4.0,9.0,2.0,7.0,320.0,6.6823228010247675,0.04820540096323117,0.6414469944205715,0.7071368203887826,3.831914001654251,38.95211174889511,11.131393298059969,0.03431359842621195,0.5007894874818597,0.5029653279642156,4.167234785889368,33.65982117584118,nv
43.0,7.0,7.0,6.0,4.0,0.0,7.0,3.0,5.0,1.0,2.0,0.0,2.0,0.0,15.0,19.0,4.0,1.0,1.0,0.0,3.0,0.0,0.0,0.0,2.0,0.0,3.0,3.0,8.0,1.0,38.0,18.0,18.0,0.0,5.0,0.0,3.0,0.0,0.0,0.0,0.0,0.0,0.0,0.0,4.0,0.0,0.0,1.0,3.0,1.0,1.0,0.0,0.0,0.0,1.0,0.0,16.0,0.0,2.0,0.0,48.0,0.0,18.0,8.0,3.0,0.0,0.0,0.0,0.0,0.0,1.0,0.0,1.0,0.0,0.0,0.0,0.0,0.0,0.0,0.0,0.0,0.0,0.0,0.0,0.0,0.0,0.0,0.0,1.0,0.0,0.0,0.0,0.0,0.0,0.0,1.0,4.0,0.0,0.0,1.0,1.0,0.0,0.0,0.0,2.0,0.0,0.0,0.0,1.0,0.0,1.0,0.0,5.0,0.0,0.0,0.0,0.0,0.0,0.0,0.0,7.0,0.0,0.0,0.0,20.0,0.0,7.0,0.0,3.0,2.0,2.0,11.0,0.0,0.0,0.0,10.0,2.0,0.0,0.0,1.0,1.0,0.0,0.0,16.0,1.0,0.0,0.0,0.0,0.0,0.0,0.0,0.0,0.0,0.0,0.0,1.0,2.0,0.0,0.0,12.0,0.0,1.0,0.0,0.0,0.0,0.0,0.0,0.0,0.0,0.0,0.0,0.0,0.0,0.0,0.0,1.0,1.0,1.0,0.0,1.0,0.0,0.0,0.0,0.0,1.0,0.0,0.0,0.0,1.0,0.0,1.0,2.0,3.0,19.0,4.0,61.0,0.0,0.0,1.0,28.0,0.0,0.0,0.0,0.0,0.0,1.0,0.0,8.0,0.0,0.0,0.0,2.0,0.0,0.0,0.0,0.0,0.0,1.0,0.0,1.0,0.0,0.0,0.0,6.0,3.0,28.0,0.0,32.0,0.0,0.0,0.0,8.0,0.0,0.0,0.0,1.0,0.0,1.0,0.0,1.0,12.0,13.0,0.0,3.0,0.0,0.0,0.0,2.0,10.0,3.0,0.0,3.0,10.0,1.0,2.0,300.0,4.492257296009531,0.048007416351872834,0.7162760869387201,0.7674991423347725,3.4877491180275646,34.15067366881152,8.770807833537335,0.032676147097555154,0.5429839477766939,0.5384853945723613,3.9332517120586328,29.237990719697247,nv
118.0,29.0,29.0,21.0,24.0,9.0,28.0,37.0,18.0,4.0,3.0,3.0,22.0,6.0,20.0,29.0,20.0,1.0,7.0,3.0,4.0,0.0,5.0,3.0,12.0,1.0,3.0,6.0,35.0,2.0,46.0,30.0,32.0,4.0,4.0,4.0,2.0,0.0,4.0,9.0,4.0,0.0,0.0,0.0,10.0,2.0,10.0,7.0,16.0,2.0,1.0,3.0,3.0,0.0,2.0,0.0,54.0,3.0,2.0,3.0,96.0,7.0,51.0,35.0,32.0,7.0,11.0,4.0,3.0,0.0,5.0,4.0,3.0,0.0,2.0,1.0,1.0,1.0,2.0,6.0,2.0,1.0,2.0,0.0,0.0,0.0,0.0,1.0,5.0,0.0,0.0,1.0,3.0,1.0,7.0,3.0,24.0,8.0,1.0,3.0,4.0,2.0,2.0,1.0,9.0,0.0,1.0,1.0,8.0,0.0,3.0,3.0,16.0,1.0,4.0,2.0,1.0,0.0,0.0,0.0,33.0,5.0,4.0,2.0,56.0,5.0,26.0,14.0,21.0,17.0,11.0,42.0,1.0,4.0,7.0,51.0,1.0,1.0,3.0,2.0,0.0,8.0,4.0,42.0,5.0,2.0,0.0,4.0,0.0,1.0,1.0,10.0,2.0,1.0,0.0,4.0,1.0,3.0,7.0,29.0,5.0,6.0,0.0,4.0,0.0,1.0,1.0,8.0,0.0,1.0,1.0,1.0,2.0,0.0,1.0,8.0,6.0,6.0,0.0,3.0,1.0,0.0,0.0,4.0,3.0,1.0,3.0,6.0,3.0,3.0,5.0,27.0,22.0,37.0,4.0,71.0,6.0,7.0,9.0,41.0,2.0,3.0,2.0,6.0,2.0,2.0,2.0,39.0,4.0,7.0,2.0,5.0,0.0,2.0,0.0,5.0,2.0,1.0,1.0,1.0,1.0,3.0,2.0,27.0,28.0,40.0,6.0,53.0,3.0,3.0,4.0,37.0,5.0,1.0,0.0,10.0,1.0,4.0,2.0,32.0,21.0,36.0,6.0,29.0,1.0,5.0,4.0,28.0,29.0,24.0,3.0,34.0,31.0,24.0,16.0,529.0,2.0606307038944607,0.04449623802919384,0.7504303860523382,0.8487721066271865,3.3696385716937365,25.19136174189739,4.02335979560179,0.03153592472905903,0.6346785426080249,0.7042952861068977,3.7016093724066352,23.188650068104675,mel
116.0,7.0,10.0,17.0,16.0,1.0,17.0,43.0,29.0,8.0,3.0,3.0,27.0,5.0,31.0,66.0,18.0,1.0,3.0,2.0,4.0,0.0,4.0,2.0,35.0,0.0,1.0,5.0,43.0,3.0,40.0,45.0,15.0,3.0,0.0,2.0,4.0,0.0,1.0,2.0,9.0,0.0,1.0,0.0,7.0,0.0,0.0,2.0,20.0,3.0,1.0,1.0,5.0,1.0,1.0,1.0,54.0,4.0,5.0,4.0,74.0,1.0,64.0,36.0,26.0,2.0,3.0,2.0,0.0,0.0,1.0,1.0,2.0,1.0,1.0,0.0,3.0,0.0,2.0,1.0,4.0,1.0,0.0,0.0,1.0,0.0,0.0,1.0,4.0,0.0,0.0,0.0,3.0,0.0,3.0,4.0,20.0,4.0,4.0,0.0,4.0,0.0,2.0,0.0,12.0,0.0,1.0,0.0,5.0,0.0,2.0,4.0,47.0,2.0,1.0,2.0,4.0,0.0,1.0,3.0,92.0,5.0,5.0,4.0,82.0,8.0,48.0,30.0,26.0,17.0,6.0,42.0,3.0,1.0,11.0,156.0,5.0,3.0,0.0,1.0,5.0,3.0,4.0,73.0,4.0,3.0,1.0,4.0,2.0,0.0,2.0,3.0,3.0,0.0,0.0,2.0,2.0,0.0,1.0,22.0,5.0,4.0,0.0,2.0,1.0,0.0,1.0,2.0,0.0,1.0,0.0,0.0,2.0,0.0,0.0,2.0,4.0,7.0,0.0,2.0,0.0,0.0,0.0,0.0,4.0,5.0,0.0,3.0,2.0,3.0,5.0,22.0,25.0,16.0,3.0,33.0,4.0,2.0,3.0,71.0,4.0,2.0,0.0,1.0,3.0,0.0,0.0,19.0,3.0,3.0,0.0,1.0,0.0,1.0,0.0,5.0,3.0,2.0,0.0,0.0,2.0,1.0,1.0,13.0,53.0,37.0,3.0,31.0,0.0,3.0,2.0,18.0,3.0,1.0,0.0,4.0,3.0,0.0,2.0,11.0,78.0,47.0,3.0,41.0,1.0,3.0,3.0,22.0,69.0,39.0,2.0,19.0,27.0,23.0,20.0,712.0,3.056100398936169,0.04443711314928806,0.7663289561124809,0.830486199680533,3.395799230266898,33.001145597279155,5.577082102776137,0.030776564045331495,0.6337492877647791,0.686293885377323,3.777060680471719,29.97901223401551,mel
136.0,23.0,28.0,28.0,27.0,7.0,30.0,36.0,16.0,4.0,9.0,9.0,21.0,7.0,39.0,49.0,31.0,3.0,7.0,7.0,4.0,3.0,3.0,5.0,22.0,7.0,9.0,5.0,38.0,6.0,64.0,49.0,19.0,3.0,5.0,2.0,4.0,2.0,1.0,4.0,7.0,1.0,2.0,0.0,5.0,0.0,2.0,7.0,29.0,1.0,2.0,1.0,11.0,1.0,5.0,2.0,29.0,3.0,8.0,3.0,37.0,2.0,54.0,40.0,20.0,4.0,6.0,6.0,1.0,1.0,1.0,3.0,6.0,0.0,0.0,0.0,2.0,0.0,7.0,8.0,6.0,1.0,2.0,1.0,0.0,0.0,0.0,1.0,3.0,1.0,1.0,1.0,4.0,2.0,4.0,8.0,13.0,1.0,2.0,1.0,3.0,0.0,3.0,0.0,4.0,0.0,1.0,0.0,4.0,0.0,2.0,6.0,14.0,1.0,2.0,1.0,2.0,0.0,3.0,0.0,25.0,2.0,5.0,1.0,38.0,6.0,32.0,27.0,18.0,18.0,3.0,21.0,7.0,6.0,2.0,33.0,2.0,0.0,2.0,4.0,2.0,7.0,6.0,39.0,3.0,3.0,5.0,1.0,0.0,1.0,1.0,6.0,1.0,1.0,3.0,5.0,3.0,4.0,8.0,35.0,5.0,11.0,0.0,4.0,0.0,1.0,0.0,8.0,0.0,1.0,0.0,1.0,2.0,0.0,2.0,10.0,5.0,5.0,1.0,1.0,1.0,0.0,2.0,5.0,8.0,2.0,1.0,3.0,0.0,4.0,7.0,34.0,13.0,40.0,4.0,46.0,2.0,4.0,5.0,31.0,3.0,1.0,1.0,7.0,0.0,3.0,3.0,29.0,7.0,4.0,0.0,4.0,0.0,1.0,0.0,7.0,4.0,2.0,1.0,5.0,0.0,1.0,1.0,27.0,49.0,86.0,3.0,52.0,5.0,7.0,4.0,23.0,6.0,3.0,2.0,6.0,1.0,5.0,5.0,35.0,31.0,63.0,4.0,25.0,1.0,5.0,2.0,15.0,24.0,21.0,6.0,16.0,21.0,28.0,38.0,511.0,2.2224934454389285,0.04572953965427202,0.7545135776788808,0.8492562831457223,3.376202812111751,27.264552407190443,4.351775769195654,0.03219032385488059,0.6392446190449971,0.7066847905468863,3.70517332547099,25.321256033754743,mel
47.0,11.0,11.0,11.0,8.0,0.0,3.0,12.0,6.0,0.0,0.0,1.0,4.0,1.0,6.0,15.0,6.0,1.0,2.0,0.0,0.0,0.0,1.0,1.0,10.0,0.0,1.0,2.0,18.0,0.0,21.0,11.0,9.0,1.0,3.0,1.0,3.0,0.0,3.0,0.0,3.0,0.0,0.0,0.0,5.0,1.0,4.0,0.0,8.0,0.0,3.0,0.0,1.0,0.0,1.0,0.0,29.0,1.0,1.0,1.0,67.0,0.0,24.0,10.0,4.0,0.0,7.0,0.0,3.0,1.0,1.0,0.0,1.0,0.0,0.0,0.0,0.0,0.0,0.0,0.0,0.0,0.0,0.0,0.0,0.0,0.0,0.0,0.0,1.0,0.0,0.0,0.0,0.0,0.0,0.0,1.0,3.0,0.0,2.0,0.0,0.0,0.0,0.0,0.0,1.0,1.0,0.0,2.0,3.0,0.0,1.0,0.0,6.0,1.0,1.0,1.0,0.0,0.0,1.0,0.0,33.0,1.0,0.0,0.0,33.0,0.0,14.0,7.0,8.0,2.0,0.0,19.0,1.0,1.0,1.0,21.0,3.0,2.0,0.0,0.0,1.0,1.0,1.0,17.0,1.0,1.0,0.0,1.0,0.0,0.0,0.0,3.0,2.0,1.0,0.0,1.0,0.0,0.0,1.0,10.0,2.0,3.0,0.0,3.0,0.0,0.0,0.0,1.0,1.0,0.0,0.0,0.0,0.0,0.0,0.0,1.0,3.0,2.0,0.0,1.0,0.0,0.0,0.0,0.0,1.0,0.0,0.0,2.0,0.0,0.0,1.0,4.0,3.0,12.0,2.0,49.0,1.0,1.0,3.0,27.0,1.0,1.0,0.0,1.0,0.0,0.0,1.0,14.0,0.0,0.0,0.0,2.0,0.0,0.0,0.0,1.0,0.0,0.0,0.0,1.0,0.0,1.0,0.0,9.0,14.0,20.0,3.0,15.0,0.0,1.0,2.0,8.0,0.0,0.0,0.0,2.0,3.0,1.0,1.0,10.0,13.0,21.0,1.0,9.0,0.0,0.0,1.0,4.0,9.0,8.0,1.0,7.0,20.0,9.0,2.0,272.0,2.591749644381224,0.06472882817683298,0.741757978999071,0.7825571707270019,3.1985622692009454,21.246697022694633,5.422157856625635,0.04746359757892607,0.5966216579183083,0.5435905024812797,3.5392764510207764,18.33789922414638,nv
52.0,4.0,2.0,6.0,8.0,5.0,1.0,9.0,9.0,0.0,3.0,0.0,4.0,2.0,10.0,10.0,5.0,0.0,1.0,4.0,0.0,1.0,1.0,1.0,4.0,1.0,1.0,2.0,28.0,1.0,60.0,24.0,8.0,2.0,2.0,1.0,3.0,0.0,1.0,0.0,2.0,0.0,1.0,0.0,1.0,0.0,3.0,1.0,4.0,2.0,3.0,1.0,1.0,0.0,2.0,1.0,8.0,1.0,0.0,1.0,49.0,1.0,44.0,12.0,2.0,3.0,2.0,2.0,2.0,0.0,0.0,2.0,2.0,0.0,0.0,0.0,0.0,0.0,1.0,1.0,1.0,0.0,0.0,0.0,0.0,0.0,0.0,0.0,1.0,0.0,0.0,0.0,0.0,1.0,2.0,2.0,4.0,2.0,2.0,0.0,0.0,0.0,0.0,0.0,0.0,0.0,0.0,1.0,2.0,0.0,0.0,1.0,7.0,0.0,1.0,0.0,0.0,0.0,1.0,0.0,11.0,1.0,1.0,2.0,15.0,0.0,7.0,4.0,4.0,3.0,4.0,7.0,2.0,0.0,3.0,19.0,1.0,0.0,0.0,0.0,1.0,1.0,3.0,18.0,0.0,1.0,0.0,0.0,0.0,0.0,0.0,2.0,2.0,2.0,1.0,0.0,0.0,0.0,2.0,11.0,4.0,2.0,2.0,1.0,1.0,0.0,0.0,0.0,0.0,0.0,0.0,0.0,0.0,0.0,0.0,3.0,3.0,3.0,0.0,0.0,0.0,0.0,0.0,0.0,0.0,1.0,1.0,1.0,1.0,1.0,0.0,5.0,6.0,20.0,2.0,20.0,0.0,1.0,4.0,18.0,0.0,1.0,1.0,0.0,0.0,0.0,0.0,3.0,2.0,0.0,0.0,0.0,0.0,0.0,0.0,2.0,1.0,0.0,0.0,0.0,0.0,0.0,0.0,5.0,12.0,45.0,0.0,29.0,0.0,1.0,1.0,5.0,1.0,0.0,0.0,0.0,1.0,1.0,0.0,4.0,26.0,25.0,0.0,20.0,0.0,3.0,1.0,3.0,16.0,6.0,0.0,6.0,10.0,4.0,7.0,436.0,3.0925321140866546,0.07335424949476547,0.7509284742051467,0.7425622338575786,3.0695681629890226,20.93294138521172,5.600713012477717,0.054350395866497606,0.6095745370046997,0.523048729209531,3.4034431536624616,17.8847596363128,nv
52.0,7.0,7.0,4.0,2.0,4.0,7.0,12.0,6.0,1.0,4.0,5.0,4.0,0.0,21.0,50.0,3.0,3.0,2.0,3.0,1.0,0.0,1.0,0.0,6.0,2.0,4.0,1.0,9.0,0.0,30.0,38.0,14.0,3.0,2.0,0.0,1.0,0.0,0.0,1.0,0.0,0.0,1.0,0.0,1.0,0.0,1.0,0.0,6.0,1.0,3.0,1.0,1.0,0.0,1.0,0.0,10.0,1.0,1.0,0.0,32.0,1.0,20.0,8.0,2.0,0.0,1.0,0.0,0.0,0.0,0.0,1.0,0.0,0.0,0.0,0.0,1.0,0.0,1.0,0.0,1.0,0.0,0.0,0.0,0.0,0.0,0.0,0.0,1.0,0.0,0.0,0.0,0.0,0.0,3.0,2.0,5.0,3.0,0.0,1.0,1.0,0.0,0.0,0.0,2.0,0.0,0.0,0.0,0.0,0.0,0.0,1.0,11.0,0.0,0.0,0.0,0.0,0.0,0.0,0.0,4.0,0.0,0.0,1.0,18.0,1.0,6.0,2.0,6.0,5.0,0.0,6.0,2.0,0.0,3.0,24.0,0.0,1.0,0.0,0.0,1.0,4.0,1.0,22.0,2.0,1.0,0.0,0.0,0.0,1.0,0.0,1.0,0.0,0.0,0.0,0.0,0.0,0.0,0.0,14.0,2.0,3.0,2.0,1.0,0.0,0.0,0.0,1.0,0.0,0.0,0.0,0.0,0.0,0.0,0.0,2.0,8.0,4.0,0.0,1.0,0.0,0.0,0.0,1.0,1.0,0.0,0.0,0.0,0.0,1.0,0.0,6.0,6.0,9.0,1.0,4.0,0.0,0.0,0.0,13.0,0.0,0.0,0.0,1.0,0.0,0.0,0.0,9.0,1.0,0.0,0.0,1.0,0.0,0.0,0.0,1.0,1.0,1.0,0.0,0.0,0.0,0.0,0.0,4.0,37.0,54.0,2.0,26.0,1.0,1.0,0.0,7.0,1.0,1.0,0.0,0.0,0.0,0.0,3.0,5.0,73.0,50.0,1.0,7.0,1.0,1.0,0.0,1.0,26.0,10.0,1.0,3.0,14.0,9.0,5.0,418.0,3.0236220472440944,0.07691095002350705,0.773733123788922,0.7685396380172983,3.0464890840458825,23.102856122439782,5.766695957820737,0.054182135896540966,0.6214023168166458,0.5438744178052617,3.4339755390948246,19.518866540441866,nv
104.0,14.0,23.0,24.0,25.0,5.0,15.0,26.0,12.0,3.0,1.0,4.0,12.0,1.0,14.0,24.0,16.0,1.0,2.0,3.0,3.0,1.0,2.0,1.0,17.0,1.0,2.0,5.0,16.0,2.0,27.0,28.0,14.0,3.0,4.0,2.0,3.0,2.0,2.0,2.0,1.0,0.0,3.0,0.0,8.0,1.0,6.0,3.0,8.0,1.0,2.0,1.0,0.0,1.0,2.0,0.0,14.0,7.0,1.0,0.0,41.0,6.0,29.0,13.0,15.0,3.0,4.0,3.0,3.0,1.0,2.0,0.0,3.0,0.0,0.0,0.0,3.0,2.0,1.0,6.0,4.0,0.0,0.0,1.0,0.0,1.0,1.0,0.0,1.0,2.0,0.0,0.0,2.0,2.0,4.0,4.0,10.0,3.0,8.0,0.0,5.0,0.0,3.0,1.0,4.0,0.0,0.0,1.0,4.0,1.0,2.0,3.0,11.0,0.0,3.0,1.0,3.0,2.0,2.0,0.0,15.0,4.0,3.0,1.0,20.0,4.0,15.0,10.0,11.0,17.0,2.0,31.0,2.0,4.0,8.0,42.0,5.0,4.0,1.0,4.0,0.0,0.0,2.0,40.0,5.0,0.0,0.0,1.0,0.0,0.0,1.0,3.0,0.0,0.0,1.0,3.0,4.0,2.0,3.0,23.0,3.0,8.0,1.0,6.0,1.0,0.0,1.0,3.0,2.0,1.0,0.0,1.0,1.0,0.0,1.0,7.0,3.0,4.0,1.0,1.0,0.0,0.0,0.0,1.0,2.0,3.0,0.0,7.0,1.0,2.0,2.0,18.0,10.0,23.0,1.0,26.0,4.0,2.0,3.0,44.0,1.0,3.0,0.0,1.0,1.0,1.0,0.0,40.0,3.0,3.0,0.0,3.0,0.0,1.0,1.0,3.0,1.0,1.0,0.0,4.0,1.0,1.0,4.0,16.0,24.0,35.0,2.0,34.0,3.0,3.0,0.0,18.0,2.0,7.0,1.0,6.0,2.0,3.0,1.0,14.0,26.0,26.0,0.0,20.0,2.0,3.0,3.0,10.0,20.0,16.0,3.0,19.0,17.0,17.0,17.0,396.0,3.490889162899027,0.08146588141119765,0.8067780220073395,0.8174262027118101,2.8552708080222495,34.74996702511914,7.005266805266807,0.0583039780544978,0.6988662278743214,0.6545454329208777,3.162973089064348,33.55153847594596,vasc
75.0,10.0,15.0,7.0,10.0,3.0,10.0,14.0,8.0,4.0,6.0,4.0,10.0,2.0,27.0,29.0,13.0,1.0,4.0,1.0,0.0,1.0,0.0,2.0,11.0,1.0,6.0,4.0,18.0,0.0,57.0,42.0,22.0,2.0,5.0,0.0,3.0,0.0,3.0,4.0,0.0,0.0,2.0,0.0,5.0,1.0,3.0,0.0,26.0,3.0,4.0,1.0,2.0,0.0,2.0,0.0,27.0,2.0,2.0,0.0,64.0,1.0,46.0,27.0,14.0,1.0,4.0,1.0,1.0,0.0,4.0,0.0,5.0,0.0,0.0,1.0,4.0,0.0,0.0,3.0,3.0,1.0,0.0,0.0,0.0,0.0,0.0,0.0,3.0,2.0,0.0,0.0,3.0,0.0,3.0,2.0,17.0,2.0,4.0,1.0,2.0,0.0,1.0,0.0,3.0,0.0,0.0,0.0,1.0,1.0,3.0,3.0,32.0,0.0,4.0,0.0,1.0,1.0,0.0,0.0,61.0,0.0,4.0,4.0,57.0,1.0,12.0,9.0,7.0,11.0,3.0,26.0,0.0,2.0,7.0,22.0,1.0,1.0,0.0,3.0,4.0,1.0,5.0,21.0,4.0,2.0,1.0,0.0,0.0,0.0,0.0,2.0,1.0,1.0,0.0,3.0,2.0,2.0,5.0,22.0,6.0,3.0,1.0,2.0,1.0,0.0,0.0,3.0,1.0,0.0,0.0,0.0,0.0,1.0,1.0,3.0,5.0,3.0,1.0,1.0,0.0,1.0,1.0,0.0,3.0,5.0,0.0,2.0,2.0,1.0,2.0,18.0,7.0,10.0,5.0,67.0,2.0,3.0,5.0,30.0,3.0,0.0,1.0,3.0,2.0,3.0,0.0,15.0,1.0,4.0,0.0,4.0,0.0,0.0,0.0,2.0,0.0,1.0,1.0,1.0,0.0,1.0,0.0,21.0,19.0,45.0,6.0,34.0,2.0,5.0,2.0,15.0,4.0,2.0,1.0,3.0,1.0,1.0,0.0,21.0,45.0,42.0,7.0,11.0,1.0,2.0,2.0,9.0,61.0,27.0,5.0,16.0,35.0,31.0,15.0,569.0,4.33353066540374,0.08892812742640645,0.8316929286385398,0.8410694936694387,2.7612254965709306,50.20012389164375,7.987554904831624,0.0631427968052599,0.7211574837090272,0.6899858870719129,3.088260932920621,43.54271143942661,vasc
64.0,11.0,9.0,5.0,9.0,3.0,9.0,17.0,11.0,1.0,5.0,2.0,14.0,1.0,9.0,20.0,9.0,3.0,1.0,0.0,1.0,0.0,1.0,1.0,12.0,1.0,1.0,0.0,17.0,1.0,32.0,24.0,24.0,0.0,3.0,2.0,2.0,0.0,2.0,0.0,4.0,0.0,1.0,0.0,4.0,0.0,3.0,4.0,12.0,0.0,3.0,3.0,2.0,0.0,0.0,1.0,17.0,0.0,2.0,2.0,54.0,3.0,38.0,23.0,7.0,1.0,4.0,0.0,1.0,0.0,1.0,1.0,0.0,0.0,0.0,0.0,1.0,0.0,2.0,0.0,1.0,1.0,1.0,0.0,0.0,0.0,0.0,0.0,3.0,0.0,0.0,0.0,3.0,0.0,2.0,1.0,15.0,3.0,2.0,1.0,2.0,0.0,1.0,2.0,2.0,0.0,1.0,0.0,1.0,0.0,1.0,1.0,30.0,2.0,2.0,2.0,1.0,0.0,1.0,2.0,34.0,0.0,3.0,1.0,37.0,5.0,16.0,8.0,12.0,8.0,3.0,15.0,1.0,2.0,2.0,56.0,1.0,4.0,4.0,4.0,2.0,1.0,3.0,30.0,2.0,2.0,0.0,1.0,0.0,0.0,0.0,1.0,2.0,1.0,1.0,2.0,1.0,1.0,3.0,13.0,3.0,2.0,2.0,2.0,0.0,0.0,0.0,1.0,2.0,0.0,0.0,0.0,0.0,1.0,1.0,4.0,3.0,0.0,0.0,3.0,0.0,0.0,0.0,1.0,2.0,1.0,0.0,1.0,3.0,0.0,3.0,8.0,12.0,16.0,4.0,34.0,1.0,1.0,0.0,33.0,5.0,2.0,1.0,2.0,0.0,2.0,2.0,13.0,2.0,3.0,0.0,2.0,0.0,0.0,0.0,1.0,1.0,1.0,0.0,0.0,2.0,2.0,0.0,14.0,37.0,48.0,2.0,34.0,2.0,1.0,1.0,15.0,2.0,3.0,1.0,0.0,2.0,2.0,0.0,7.0,50.0,63.0,5.0,19.0,0.0,0.0,1.0,10.0,44.0,21.0,0.0,15.0,25.0,16.0,5.0,514.0,3.4957458876914362,0.09649949857938868,0.830227829469735,0.8575873843222486,2.737579470617795,45.59745938846958,7.622167344567112,0.06859448861366965,0.7185139374569883,0.6774249513431222,3.0658234020922275,39.636090082992304,vasc
1127.0,196.0,546.0,369.0,163.0,28.0,401.0,334.0,196.0,30.0,60.0,41.0,246.0,22.0,670.0,504.0,167.0,31.0,70.0,40.0,27.0,2.0,24.0,19.0,265.0,27.0,93.0,68.0,523.0,40.0,1097.0,679.0,523.0,67.0,135.0,62.0,58.0,11.0,71.0,43.0,65.0,8.0,15.0,8.0,97.0,10.0,80.0,58.0,355.0,44.0,55.0,41.0,43.0,3.0,38.0,24.0,624.0,43.0,70.0,49.0,1019.0,81.0,867.0,495.0,173.0,23.0,50.0,33.0,23.0,3.0,32.0,31.0,31.0,4.0,8.0,4.0,36.0,4.0,58.0,37.0,23.0,5.0,11.0,4.0,0.0,2.0,6.0,7.0,23.0,4.0,8.0,4.0,35.0,7.0,80.0,73.0,387.0,52.0,82.0,30.0,41.0,6.0,34.0,25.0,48.0,4.0,2.0,4.0,49.0,7.0,46.0,36.0,341.0,27.0,46.0,28.0,29.0,4.0,45.0,21.0,522.0,38.0,42.0,36.0,672.0,72.0,460.0,312.0,196.0,229.0,65.0,522.0,32.0,30.0,45.0,468.0,20.0,28.0,11.0,49.0,29.0,33.0,58.0,488.0,25.0,23.0,4.0,57.0,1.0,7.0,4.0,48.0,28.0,33.0,9.0,45.0,37.0,51.0,46.0,533.0,63.0,102.0,18.0,74.0,4.0,13.0,6.0,49.0,8.0,8.0,1.0,5.0,7.0,12.0,10.0,55.0,44.0,44.0,8.0,43.0,6.0,5.0,6.0,32.0,50.0,51.0,13.0,36.0,54.0,90.0,48.0,324.0,273.0,410.0,102.0,895.0,30.0,41.0,51.0,619.0,25.0,31.0,8.0,55.0,33.0,40.0,61.0,481.0,33.0,55.0,11.0,82.0,4.0,9.0,4.0,75.0,28.0,39.0,10.0,78.0,44.0,61.0,75.0,712.0,552.0,895.0,83.0,670.0,52.0,77.0,40.0,406.0,44.0,53.0,12.0,53.0,61.0,73.0,44.0,299.0,511.0,637.0,58.0,416.0,28.0,60.0,34.0,280.0,510.0,501.0,53.0,329.0,506.0,724.0,340.0,3462.0,0.7036636866134788,0.06644045774249561,0.8336576988978723,0.9254564050655744,3.0109454014734784,18.175589111228685,1.3130224154704468,0.050129389302994605,0.7513594181371683,0.8606474366307112,3.27537670036452,17.531588458186665,mel
795.0,93.0,416.0,331.0,144.0,15.0,376.0,398.0,175.0,20.0,43.0,25.0,249.0,23.0,770.0,640.0,92.0,12.0,32.0,33.0,13.0,3.0,24.0,15.0,186.0,16.0,54.0,43.0,463.0,28.0,1039.0,833.0,452.0,36.0,93.0,47.0,52.0,6.0,60.0,30.0,65.0,7.0,5.0,4.0,85.0,3.0,83.0,39.0,320.0,26.0,52.0,41.0,27.0,3.0,24.0,19.0,762.0,51.0,63.0,52.0,1436.0,69.0,1007.0,515.0,126.0,9.0,56.0,29.0,12.0,3.0,32.0,22.0,16.0,2.0,2.0,1.0,24.0,2.0,30.0,36.0,7.0,4.0,10.0,2.0,2.0,0.0,0.0,1.0,17.0,4.0,5.0,2.0,33.0,1.0,55.0,32.0,444.0,29.0,63.0,25.0,33.0,4.0,45.0,19.0,38.0,4.0,5.0,3.0,60.0,1.0,40.0,23.0,398.0,19.0,29.0,26.0,12.0,1.0,16.0,16.0,805.0,31.0,37.0,25.0,882.0,50.0,404.0,299.0,160.0,207.0,62.0,838.0,14.0,20.0,54.0,828.0,19.0,16.0,0.0,34.0,31.0,15.0,26.0,652.0,12.0,19.0,6.0,53.0,1.0,2.0,5.0,37.0,20.0,38.0,3.0,60.0,26.0,27.0,39.0,615.0,37.0,55.0,4.0,84.0,4.0,4.0,4.0,28.0,6.0,1.0,1.0,3.0,4.0,5.0,4.0,40.0,35.0,46.0,3.0,44.0,2.0,3.0,4.0,26.0,38.0,58.0,4.0,40.0,41.0,67.0,35.0,319.0,249.0,533.0,98.0,1660.0,33.0,29.0,55.0,1058.0,20.0,18.0,3.0,38.0,33.0,35.0,46.0,605.0,12.0,31.0,9.0,66.0,2.0,4.0,2.0,50.0,25.0,24.0,5.0,51.0,32.0,38.0,49.0,617.0,737.0,1249.0,92.0,1195.0,40.0,47.0,44.0,508.0,50.0,45.0,6.0,29.0,46.0,57.0,41.0,293.0,651.0,777.0,40.0,579.0,19.0,45.0,19.0,296.0,684.0,675.0,32.0,376.0,542.0,617.0,261.0,3720.0,0.6612538477949463,0.07578276554754067,0.8603991120457364,0.9259346530867636,2.879314334408776,17.19470377215836,1.2461166681961389,0.05610646342877109,0.7773185106469593,0.8604779605554332,3.1622111269842423,16.616533177762086,mel
772.0,150.0,183.0,129.0,158.0,40.0,139.0,136.0,90.0,28.0,41.0,24.0,104.0,24.0,148.0,157.0,119.0,19.0,29.0,13.0,33.0,9.0,38.0,22.0,86.0,14.0,38.0,23.0,162.0,34.0,217.0,147.0,196.0,23.0,39.0,37.0,45.0,8.0,26.0,15.0,31.0,8.0,14.0,6.0,48.0,14.0,38.0,41.0,97.0,16.0,26.0,11.0,34.0,10.0,14.0,13.0,160.0,21.0,24.0,25.0,272.0,46.0,233.0,167.0,118.0,22.0,39.0,24.0,17.0,12.0,25.0,28.0,16.0,4.0,9.0,5.0,14.0,6.0,20.0,23.0,18.0,13.0,17.0,7.0,8.0,6.0,11.0,4.0,21.0,6.0,18.0,5.0,29.0,8.0,33.0,45.0,86.0,19.0,24.0,13.0,23.0,2.0,13.0,11.0,21.0,6.0,5.0,2.0,26.0,6.0,15.0,27.0,98.0,19.0,14.0,16.0,19.0,6.0,14.0,17.0,98.0,21.0,31.0,21.0,169.0,32.0,153.0,131.0,85.0,118.0,35.0,152.0,20.0,27.0,30.0,150.0,20.0,11.0,8.0,20.0,14.0,18.0,21.0,157.0,19.0,14.0,6.0,31.0,5.0,2.0,7.0,29.0,14.0,15.0,7.0,29.0,17.0,18.0,38.0,167.0,30.0,35.0,14.0,40.0,9.0,17.0,9.0,31.0,9.0,10.0,5.0,10.0,11.0,10.0,8.0,62.0,20.0,31.0,7.0,21.0,5.0,7.0,10.0,27.0,26.0,17.0,9.0,22.0,35.0,52.0,47.0,232.0,81.0,156.0,40.0,290.0,5.0,25.0,23.0,209.0,9.0,21.0,12.0,48.0,12.0,19.0,10.0,185.0,31.0,25.0,4.0,40.0,7.0,10.0,8.0,48.0,21.0,22.0,13.0,41.0,19.0,25.0,55.0,254.0,108.0,221.0,34.0,244.0,22.0,41.0,20.0,179.0,14.0,26.0,8.0,66.0,19.0,34.0,20.0,210.0,102.0,136.0,22.0,138.0,21.0,33.0,25.0,136.0,101.0,120.0,43.0,180.0,134.0,238.0,194.0,1948.0,1.2453634335564208,0.08538822300630297,0.8334306258726697,0.9236991964174759,2.9620884265224765,31.39815734429438,2.585485463705291,0.06985790078709016,0.7698638934515024,0.8459658505014952,3.1759783738756373,30.984803619890272,mel
319.0,48.0,96.0,58.0,44.0,10.0,76.0,82.0,50.0,5.0,12.0,8.0,61.0,4.0,123.0,107.0,46.0,10.0,19.0,14.0,4.0,0.0,5.0,8.0,57.0,6.0,23.0,12.0,107.0,6.0,211.0,149.0,102.0,10.0,25.0,10.0,12.0,3.0,10.0,9.0,13.0,0.0,2.0,0.0,19.0,5.0,13.0,17.0,59.0,8.0,9.0,6.0,9.0,0.0,9.0,5.0,72.0,16.0,10.0,5.0,173.0,13.0,192.0,110.0,46.0,4.0,9.0,10.0,11.0,1.0,6.0,3.0,3.0,1.0,0.0,0.0,5.0,0.0,14.0,3.0,6.0,0.0,2.0,3.0,2.0,0.0,1.0,1.0,6.0,0.0,1.0,0.0,10.0,0.0,21.0,17.0,76.0,4.0,12.0,7.0,11.0,0.0,4.0,3.0,7.0,2.0,0.0,0.0,6.0,3.0,7.0,9.0,61.0,12.0,4.0,8.0,5.0,1.0,9.0,5.0,71.0,9.0,13.0,8.0,95.0,13.0,87.0,44.0,35.0,40.0,18.0,58.0,5.0,7.0,8.0,99.0,8.0,7.0,1.0,9.0,4.0,5.0,15.0,99.0,8.0,7.0,3.0,2.0,1.0,1.0,0.0,10.0,3.0,7.0,1.0,11.0,11.0,14.0,12.0,114.0,16.0,19.0,2.0,5.0,0.0,1.0,2.0,16.0,4.0,1.0,1.0,2.0,0.0,3.0,1.0,14.0,8.0,14.0,0.0,6.0,2.0,2.0,1.0,7.0,11.0,12.0,2.0,12.0,18.0,11.0,17.0,66.0,47.0,68.0,20.0,105.0,3.0,9.0,10.0,64.0,3.0,4.0,0.0,5.0,5.0,7.0,7.0,66.0,9.0,11.0,6.0,13.0,0.0,2.0,1.0,9.0,6.0,12.0,1.0,14.0,6.0,12.0,13.0,87.0,99.0,158.0,8.0,111.0,7.0,24.0,10.0,59.0,10.0,10.0,1.0,7.0,11.0,16.0,9.0,56.0,106.0,103.0,15.0,68.0,11.0,18.0,5.0,48.0,76.0,89.0,23.0,81.0,80.0,111.0,67.0,999.0,1.5479876160990722,0.05853937073849762,0.8218177616294481,0.8990693627566095,3.2034530973848527,29.126298376293306,3.1098460436806317,0.04308336759242482,0.7327243635069393,0.8002649606954453,3.488546925572924,28.029868395093917,nv
251.0,37.0,49.0,69.0,27.0,5.0,66.0,97.0,60.0,8.0,21.0,10.0,56.0,7.0,198.0,287.0,32.0,6.0,11.0,8.0,4.0,0.0,8.0,11.0,64.0,8.0,25.0,11.0,95.0,12.0,283.0,264.0,65.0,7.0,11.0,7.0,8.0,0.0,6.0,6.0,4.0,1.0,1.0,2.0,17.0,0.0,12.0,13.0,62.0,5.0,11.0,12.0,12.0,1.0,5.0,6.0,102.0,3.0,16.0,7.0,158.0,8.0,185.0,123.0,25.0,6.0,7.0,6.0,7.0,0.0,3.0,3.0,3.0,0.0,1.0,2.0,1.0,0.0,7.0,10.0,3.0,0.0,2.0,1.0,1.0,0.0,0.0,0.0,10.0,1.0,0.0,1.0,6.0,2.0,12.0,12.0,64.0,2.0,7.0,10.0,2.0,1.0,4.0,6.0,8.0,0.0,0.0,2.0,7.0,0.0,8.0,11.0,108.0,4.0,9.0,6.0,6.0,2.0,5.0,3.0,147.0,8.0,7.0,10.0,127.0,7.0,116.0,50.0,52.0,49.0,9.0,105.0,7.0,7.0,12.0,204.0,6.0,7.0,3.0,6.0,7.0,7.0,11.0,166.0,7.0,5.0,3.0,4.0,1.0,0.0,0.0,10.0,6.0,4.0,3.0,6.0,8.0,6.0,8.0,132.0,15.0,21.0,2.0,10.0,1.0,0.0,2.0,8.0,2.0,2.0,0.0,1.0,0.0,0.0,0.0,7.0,18.0,13.0,2.0,5.0,2.0,0.0,3.0,7.0,8.0,7.0,1.0,5.0,9.0,10.0,11.0,71.0,39.0,78.0,13.0,115.0,2.0,4.0,9.0,119.0,3.0,4.0,1.0,7.0,6.0,4.0,6.0,101.0,4.0,8.0,2.0,4.0,0.0,0.0,1.0,9.0,9.0,5.0,4.0,4.0,7.0,4.0,5.0,73.0,151.0,210.0,9.0,126.0,11.0,9.0,8.0,73.0,9.0,5.0,0.0,3.0,6.0,4.0,8.0,56.0,206.0,195.0,9.0,70.0,15.0,14.0,9.0,47.0,130.0,121.0,11.0,51.0,118.0,103.0,79.0,1450.0,1.9652541094857487,0.06412467354850031,0.8531252974887503,0.8876829277490796,3.0935399992165977,33.02949904959412,3.62716560606522,0.04607197861729241,0.7576218452273352,0.7905119514069453,3.4038504270266965,31.001689170383052,nv
229.0,24.0,76.0,60.0,20.0,4.0,41.0,97.0,40.0,7.0,10.0,10.0,39.0,4.0,77.0,176.0,32.0,4.0,8.0,3.0,4.0,0.0,3.0,2.0,36.0,3.0,12.0,15.0,56.0,2.0,109.0,113.0,61.0,5.0,19.0,8.0,9.0,0.0,4.0,9.0,13.0,1.0,2.0,0.0,14.0,0.0,4.0,11.0,60.0,5.0,7.0,5.0,3.0,0.0,9.0,4.0,111.0,7.0,16.0,6.0,171.0,5.0,107.0,63.0,32.0,1.0,7.0,4.0,4.0,1.0,4.0,6.0,11.0,0.0,2.0,2.0,6.0,1.0,8.0,7.0,8.0,1.0,0.0,0.0,1.0,0.0,0.0,1.0,10.0,0.0,3.0,3.0,7.0,0.0,3.0,4.0,51.0,8.0,6.0,5.0,5.0,1.0,4.0,4.0,7.0,0.0,2.0,0.0,5.0,0.0,6.0,4.0,88.0,8.0,9.0,5.0,6.0,0.0,6.0,1.0,166.0,17.0,13.0,4.0,146.0,11.0,70.0,52.0,45.0,62.0,11.0,148.0,5.0,3.0,8.0,224.0,11.0,9.0,0.0,13.0,4.0,3.0,7.0,164.0,4.0,3.0,1.0,9.0,0.0,0.0,0.0,6.0,6.0,6.0,0.0,9.0,3.0,5.0,4.0,79.0,8.0,13.0,3.0,11.0,2.0,1.0,0.0,7.0,1.0,1.0,0.0,1.0,2.0,0.0,0.0,10.0,7.0,6.0,2.0,3.0,0.0,1.0,0.0,7.0,8.0,6.0,0.0,5.0,5.0,5.0,3.0,61.0,48.0,94.0,21.0,252.0,4.0,6.0,8.0,216.0,4.0,1.0,1.0,8.0,8.0,5.0,10.0,133.0,3.0,4.0,1.0,14.0,1.0,1.0,0.0,7.0,6.0,8.0,1.0,5.0,3.0,8.0,4.0,56.0,90.0,143.0,9.0,163.0,9.0,9.0,8.0,110.0,14.0,4.0,0.0,8.0,12.0,6.0,6.0,58.0,139.0,93.0,6.0,89.0,8.0,9.0,6.0,52.0,130.0,103.0,10.0,63.0,89.0,85.0,52.0,1205.0,1.8410200569040016,0.06297507656662928,0.8468297542318236,0.8952877529383346,3.1116393929185926,33.32239412940092,3.769869429463527,0.045024672725656946,0.747863614245109,0.7831260951827113,3.4289316294628125,30.99567262724035,nv
1458.0,195.0,525.0,284.0,253.0,33.0,359.0,224.0,196.0,19.0,64.0,40.0,256.0,32.0,471.0,308.0,240.0,28.0,77.0,28.0,47.0,12.0,58.0,42.0,240.0,30.0,95.0,39.0,524.0,66.0,947.0,542.0,493.0,73.0,122.0,60.0,72.0,14.0,82.0,27.0,73.0,6.0,24.0,12.0,103.0,16.0,97.0,52.0,291.0,25.0,50.0,34.0,65.0,12.0,49.0,32.0,410.0,56.0,74.0,33.0,909.0,141.0,785.0,430.0,238.0,28.0,78.0,42.0,26.0,8.0,42.0,27.0,14.0,8.0,11.0,2.0,28.0,8.0,54.0,36.0,37.0,11.0,16.0,11.0,7.0,2.0,12.0,6.0,33.0,13.0,15.0,10.0,60.0,19.0,97.0,69.0,315.0,55.0,44.0,39.0,34.0,10.0,33.0,28.0,43.0,6.0,11.0,6.0,52.0,8.0,41.0,35.0,247.0,28.0,35.0,24.0,34.0,8.0,31.0,21.0,321.0,54.0,40.0,34.0,436.0,64.0,373.0,248.0,181.0,215.0,75.0,386.0,30.0,37.0,45.0,316.0,20.0,29.0,6.0,31.0,30.0,28.0,37.0,325.0,34.0,25.0,8.0,56.0,6.0,6.0,13.0,42.0,30.0,17.0,4.0,38.0,36.0,53.0,69.0,401.0,89.0,88.0,20.0,92.0,2.0,8.0,8.0,59.0,9.0,17.0,4.0,6.0,6.0,15.0,12.0,60.0,44.0,46.0,10.0,40.0,8.0,16.0,5.0,28.0,33.0,46.0,10.0,63.0,72.0,98.0,87.0,391.0,219.0,455.0,83.0,781.0,28.0,50.0,40.0,419.0,25.0,40.0,6.0,53.0,26.0,50.0,47.0,358.0,40.0,67.0,10.0,102.0,12.0,18.0,10.0,75.0,27.0,43.0,11.0,92.0,48.0,83.0,103.0,648.0,475.0,815.0,88.0,606.0,41.0,93.0,45.0,345.0,36.0,47.0,10.0,74.0,40.0,71.0,51.0,309.0,385.0,473.0,52.0,335.0,36.0,81.0,36.0,240.0,306.0,401.0,60.0,362.0,399.0,624.0,359.0,3382.0,0.9850746268656714,0.05603503051895788,0.8004561615287903,0.901811305799448,3.216876422247071,19.079855147098968,1.7367423133235718,0.04287127065161238,0.7180700555839941,0.8257754799441113,3.4684795071810393,18.200087620447633,mel
2335.0,339.0,211.0,204.0,330.0,112.0,215.0,409.0,409.0,101.0,81.0,105.0,226.0,92.0,277.0,567.0,244.0,53.0,41.0,34.0,73.0,29.0,50.0,84.0,222.0,50.0,50.0,41.0,209.0,53.0,217.0,310.0,206.0,43.0,29.0,34.0,41.0,25.0,18.0,57.0,87.0,16.0,14.0,21.0,56.0,16.0,56.0,92.0,176.0,45.0,23.0,20.0,56.0,16.0,30.0,60.0,303.0,52.0,44.0,42.0,260.0,59.0,240.0,324.0,291.0,68.0,36.0,47.0,48.0,29.0,41.0,102.0,83.0,21.0,18.0,32.0,42.0,19.0,50.0,149.0,88.0,17.0,10.0,20.0,23.0,10.0,18.0,38.0,75.0,19.0,16.0,15.0,45.0,20.0,56.0,114.0,176.0,42.0,20.0,32.0,34.0,18.0,23.0,64.0,86.0,21.0,16.0,17.0,46.0,17.0,43.0,106.0,376.0,72.0,52.0,40.0,78.0,27.0,60.0,87.0,572.0,116.0,92.0,94.0,370.0,109.0,313.0,554.0,423.0,247.0,97.0,288.0,106.0,86.0,97.0,637.0,112.0,61.0,32.0,104.0,64.0,44.0,106.0,622.0,81.0,48.0,23.0,66.0,26.0,31.0,26.0,143.0,52.0,43.0,20.0,46.0,45.0,29.0,69.0,327.0,83.0,38.0,17.0,57.0,14.0,20.0,15.0,110.0,41.0,33.0,14.0,36.0,24.0,21.0,28.0,166.0,76.0,51.0,14.0,44.0,20.0,16.0,23.0,98.0,100.0,52.0,26.0,67.0,68.0,52.0,113.0,463.0,220.0,171.0,51.0,214.0,34.0,50.0,44.0,371.0,67.0,42.0,24.0,88.0,30.0,39.0,39.0,376.0,69.0,53.0,6.0,55.0,14.0,12.0,17.0,122.0,40.0,32.0,17.0,43.0,24.0,13.0,47.0,288.0,258.0,231.0,45.0,227.0,52.0,58.0,51.0,336.0,79.0,67.0,31.0,113.0,45.0,53.0,65.0,512.0,529.0,311.0,84.0,286.0,129.0,99.0,88.0,616.0,530.0,306.0,153.0,428.0,300.0,239.0,434.0,3828.0,1.5627852222189924,0.044626731999032276,0.7452099421470157,0.8614732983595456,3.4976656796296473,21.000160458465658,2.228264515846739,0.03526747202245787,0.676177456408975,0.8013806477254507,3.6901927647619304,20.209272313561662,mel
947.0,80.0,240.0,169.0,202.0,26.0,297.0,356.0,238.0,27.0,40.0,30.0,288.0,22.0,386.0,465.0,113.0,17.0,24.0,17.0,33.0,2.0,35.0,28.0,212.0,24.0,38.0,30.0,359.0,38.0,445.0,393.0,261.0,15.0,25.0,32.0,55.0,6.0,33.0,30.0,80.0,7.0,10.0,2.0,87.0,10.0,51.0,40.0,207.0,21.0,31.0,15.0,32.0,4.0,21.0,24.0,731.0,69.0,40.0,43.0,1098.0,97.0,575.0,411.0,206.0,21.0,32.0,25.0,32.0,4.0,36.0,31.0,36.0,1.0,3.0,0.0,36.0,3.0,36.0,23.0,26.0,6.0,1.0,3.0,3.0,0.0,9.0,5.0,41.0,5.0,1.0,3.0,52.0,4.0,25.0,34.0,332.0,20.0,39.0,20.0,48.0,5.0,35.0,24.0,88.0,5.0,4.0,8.0,74.0,3.0,37.0,25.0,380.0,36.0,33.0,28.0,47.0,4.0,24.0,31.0,1136.0,76.0,37.0,53.0,962.0,83.0,397.0,317.0,185.0,153.0,87.0,586.0,46.0,22.0,102.0,999.0,31.0,16.0,12.0,36.0,31.0,31.0,39.0,588.0,26.0,20.0,5.0,55.0,5.0,5.0,5.0,69.0,34.0,24.0,6.0,35.0,31.0,28.0,40.0,429.0,32.0,30.0,9.0,36.0,5.0,3.0,7.0,36.0,6.0,3.0,2.0,2.0,5.0,3.0,6.0,48.0,29.0,33.0,8.0,54.0,7.0,3.0,7.0,47.0,47.0,37.0,9.0,58.0,47.0,54.0,50.0,357.0,261.0,267.0,92.0,843.0,35.0,35.0,65.0,713.0,30.0,26.0,3.0,26.0,25.0,22.0,46.0,308.0,31.0,37.0,13.0,82.0,4.0,5.0,2.0,89.0,29.0,18.0,8.0,53.0,32.0,25.0,40.0,337.0,379.0,371.0,64.0,445.0,40.0,27.0,33.0,319.0,49.0,42.0,6.0,43.0,48.0,34.0,38.0,183.0,436.0,362.0,38.0,430.0,38.0,29.0,35.0,305.0,587.0,491.0,63.0,367.0,398.0,354.0,252.0,3223.0,0.9864057271807647,0.0714865245792173,0.8329828794302097,0.8851849603858845,2.994848397067895,16.19611200735999,1.788454323766648,0.05309633658271111,0.7445924734769669,0.7901930611966571,3.269877978279249,15.260117415254953,mel
480.0,36.0,124.0,43.0,76.0,9.0,60.0,36.0,79.0,7.0,17.0,9.0,56.0,10.0,46.0,33.0,63.0,14.0,19.0,11.0,17.0,9.0,22.0,10.0,54.0,14.0,15.0,14.0,57.0,9.0,58.0,48.0,113.0,26.0,30.0,10.0,24.0,7.0,15.0,12.0,36.0,3.0,10.0,5.0,26.0,5.0,27.0,17.0,61.0,10.0,16.0,12.0,26.0,4.0,10.0,10.0,83.0,18.0,18.0,13.0,76.0,22.0,64.0,71.0,81.0,8.0,18.0,10.0,12.0,0.0,7.0,17.0,12.0,1.0,6.0,3.0,14.0,2.0,11.0,12.0,13.0,5.0,4.0,1.0,7.0,2.0,9.0,4.0,18.0,2.0,6.0,5.0,20.0,8.0,20.0,21.0,64.0,14.0,7.0,17.0,18.0,5.0,17.0,10.0,17.0,6.0,5.0,9.0,13.0,8.0,10.0,14.0,48.0,6.0,14.0,12.0,13.0,3.0,12.0,8.0,59.0,22.0,24.0,16.0,89.0,24.0,81.0,111.0,64.0,53.0,24.0,53.0,18.0,15.0,17.0,50.0,11.0,11.0,9.0,12.0,9.0,13.0,14.0,35.0,12.0,10.0,8.0,17.0,5.0,6.0,5.0,17.0,5.0,11.0,7.0,16.0,11.0,10.0,24.0,68.0,20.0,18.0,6.0,20.0,3.0,2.0,4.0,17.0,5.0,3.0,0.0,3.0,3.0,7.0,6.0,27.0,10.0,12.0,4.0,11.0,6.0,3.0,7.0,16.0,11.0,12.0,6.0,21.0,19.0,24.0,32.0,99.0,57.0,39.0,25.0,75.0,14.0,10.0,13.0,51.0,12.0,9.0,4.0,16.0,11.0,13.0,14.0,60.0,10.0,11.0,6.0,20.0,5.0,4.0,7.0,26.0,13.0,11.0,9.0,25.0,14.0,16.0,26.0,140.0,41.0,54.0,15.0,47.0,11.0,10.0,13.0,57.0,12.0,22.0,8.0,15.0,18.0,23.0,15.0,80.0,48.0,62.0,18.0,65.0,15.0,18.0,18.0,96.0,59.0,68.0,26.0,97.0,75.0,158.0,125.0,1339.0,1.4721529240239752,0.23843568910234414,0.861809254239516,0.7737663154753674,1.9410129657123953,11.54229209213086,2.7715095815408697,0.2139108114887573,0.8230148757908766,0.6113428764522333,2.0630921405354288,11.4904679488941,nv
320.0,54.0,79.0,70.0,40.0,7.0,53.0,55.0,59.0,10.0,9.0,12.0,37.0,4.0,78.0,64.0,32.0,7.0,9.0,10.0,5.0,1.0,7.0,8.0,40.0,8.0,17.0,9.0,52.0,9.0,58.0,78.0,88.0,11.0,16.0,10.0,13.0,4.0,8.0,7.0,22.0,5.0,1.0,1.0,23.0,1.0,12.0,14.0,47.0,7.0,14.0,12.0,7.0,1.0,14.0,10.0,60.0,15.0,21.0,15.0,69.0,21.0,76.0,77.0,51.0,4.0,17.0,10.0,5.0,0.0,13.0,9.0,3.0,1.0,1.0,5.0,6.0,4.0,15.0,16.0,4.0,0.0,2.0,3.0,0.0,0.0,3.0,0.0,11.0,0.0,3.0,1.0,6.0,2.0,8.0,9.0,59.0,10.0,16.0,13.0,8.0,1.0,20.0,10.0,8.0,2.0,2.0,3.0,20.0,4.0,14.0,13.0,51.0,8.0,4.0,9.0,5.0,2.0,5.0,5.0,67.0,4.0,14.0,10.0,85.0,9.0,61.0,79.0,70.0,51.0,17.0,86.0,12.0,12.0,7.0,79.0,12.0,7.0,7.0,16.0,6.0,11.0,11.0,65.0,6.0,11.0,4.0,18.0,1.0,1.0,0.0,17.0,7.0,11.0,1.0,18.0,8.0,8.0,10.0,83.0,24.0,19.0,4.0,9.0,2.0,2.0,1.0,19.0,2.0,3.0,0.0,3.0,4.0,3.0,2.0,16.0,12.0,13.0,3.0,15.0,1.0,1.0,0.0,8.0,13.0,10.0,2.0,2.0,12.0,15.0,12.0,61.0,55.0,56.0,26.0,109.0,15.0,13.0,10.0,101.0,8.0,10.0,2.0,14.0,10.0,16.0,14.0,92.0,5.0,4.0,4.0,18.0,1.0,2.0,1.0,22.0,5.0,15.0,1.0,15.0,7.0,11.0,15.0,121.0,67.0,79.0,15.0,131.0,10.0,18.0,16.0,87.0,9.0,12.0,1.0,18.0,19.0,19.0,13.0,89.0,48.0,84.0,13.0,84.0,5.0,16.0,10.0,80.0,62.0,90.0,9.0,79.0,78.0,127.0,61.0,1420.0,1.941208237327189,0.2567423705238103,0.8896146788495669,0.8095448456353063,1.8612093927416702,18.443729558686,3.4851513834564685,0.22473126135682583,0.8433743025237458,0.6726995606697398,2.010828853487396,17.811192676380244,nv
483.0,83.0,114.0,61.0,70.0,12.0,59.0,44.0,85.0,14.0,32.0,17.0,57.0,18.0,75.0,61.0,78.0,11.0,23.0,18.0,18.0,8.0,22.0,12.0,62.0,17.0,28.0,11.0,62.0,14.0,74.0,92.0,118.0,18.0,27.0,8.0,22.0,4.0,18.0,15.0,22.0,5.0,8.0,3.0,17.0,6.0,21.0,25.0,63.0,9.0,16.0,16.0,23.0,8.0,11.0,14.0,45.0,8.0,26.0,9.0,53.0,24.0,72.0,75.0,39.0,10.0,24.0,15.0,12.0,6.0,14.0,6.0,7.0,2.0,5.0,5.0,14.0,2.0,19.0,21.0,13.0,1.0,6.0,7.0,9.0,2.0,5.0,4.0,10.0,3.0,7.0,7.0,8.0,7.0,23.0,32.0,44.0,12.0,11.0,12.0,9.0,2.0,9.0,15.0,7.0,7.0,7.0,6.0,13.0,5.0,11.0,15.0,32.0,17.0,13.0,10.0,12.0,4.0,11.0,8.0,36.0,10.0,15.0,13.0,51.0,23.0,71.0,117.0,67.0,55.0,21.0,39.0,16.0,12.0,10.0,48.0,9.0,11.0,4.0,15.0,8.0,12.0,14.0,60.0,21.0,16.0,3.0,8.0,5.0,3.0,10.0,15.0,8.0,8.0,2.0,19.0,7.0,17.0,20.0,74.0,21.0,27.0,7.0,16.0,7.0,10.0,3.0,15.0,9.0,5.0,1.0,9.0,7.0,11.0,4.0,23.0,15.0,13.0,3.0,11.0,6.0,6.0,9.0,18.0,12.0,14.0,3.0,14.0,28.0,24.0,32.0,130.0,54.0,37.0,17.0,53.0,8.0,11.0,17.0,56.0,10.0,11.0,3.0,16.0,12.0,10.0,13.0,68.0,16.0,10.0,2.0,13.0,7.0,3.0,2.0,20.0,12.0,13.0,9.0,25.0,11.0,16.0,28.0,148.0,47.0,75.0,23.0,48.0,17.0,19.0,8.0,68.0,14.0,14.0,4.0,17.0,15.0,24.0,19.0,96.0,54.0,49.0,15.0,60.0,17.0,27.0,16.0,87.0,30.0,63.0,25.0,80.0,69.0,130.0,107.0,1306.0,1.604147092175603,0.2167519826114198,0.8581595473365142,0.7794618086915583,1.9523215024771536,12.94342022628552,3.0760331117194637,0.19165769818069361,0.8180536887078237,0.6149444884070892,2.073439963102698,12.901056004571464,nv
60.0,8.0,12.0,6.0,13.0,1.0,9.0,4.0,7.0,1.0,3.0,1.0,7.0,1.0,9.0,11.0,11.0,3.0,0.0,2.0,5.0,0.0,5.0,1.0,7.0,0.0,3.0,0.0,27.0,0.0,18.0,12.0,15.0,1.0,6.0,0.0,1.0,1.0,3.0,2.0,3.0,0.0,0.0,1.0,5.0,0.0,3.0,2.0,8.0,0.0,2.0,0.0,1.0,1.0,6.0,0.0,12.0,0.0,4.0,0.0,27.0,4.0,31.0,8.0,7.0,4.0,1.0,1.0,2.0,0.0,0.0,0.0,0.0,0.0,0.0,0.0,1.0,0.0,1.0,1.0,1.0,0.0,0.0,0.0,0.0,0.0,0.0,1.0,3.0,0.0,0.0,0.0,2.0,1.0,4.0,1.0,9.0,1.0,1.0,1.0,1.0,0.0,0.0,1.0,2.0,0.0,1.0,0.0,4.0,0.0,0.0,0.0,10.0,0.0,0.0,0.0,1.0,0.0,0.0,0.0,10.0,1.0,1.0,0.0,12.0,1.0,9.0,5.0,5.0,7.0,2.0,4.0,0.0,1.0,3.0,8.0,0.0,2.0,1.0,0.0,2.0,3.0,0.0,4.0,0.0,0.0,0.0,2.0,0.0,0.0,0.0,1.0,0.0,1.0,0.0,0.0,0.0,0.0,2.0,12.0,1.0,2.0,0.0,3.0,0.0,1.0,1.0,4.0,0.0,0.0,0.0,0.0,0.0,0.0,3.0,3.0,2.0,0.0,0.0,1.0,0.0,0.0,1.0,4.0,2.0,1.0,2.0,0.0,2.0,2.0,3.0,14.0,9.0,19.0,4.0,25.0,1.0,0.0,0.0,13.0,2.0,0.0,0.0,1.0,0.0,1.0,1.0,3.0,0.0,0.0,2.0,1.0,1.0,2.0,0.0,0.0,0.0,1.0,2.0,0.0,3.0,2.0,2.0,10.0,5.0,22.0,0.0,27.0,2.0,1.0,1.0,9.0,0.0,3.0,0.0,4.0,4.0,0.0,1.0,5.0,7.0,11.0,1.0,13.0,1.0,2.0,1.0,4.0,12.0,7.0,1.0,3.0,9.0,12.0,14.0,250.0,3.832400813835199,0.08852297940885182,0.7873076998540814,0.7859075418968927,2.793682802195916,31.96896134334552,8.498836908761952,0.06293328664178306,0.6728679777899449,0.5580652233216364,3.0868173768619784,29.963114298790682,nv
78.0,8.0,7.0,5.0,18.0,1.0,10.0,5.0,11.0,3.0,2.0,0.0,7.0,3.0,8.0,4.0,10.0,2.0,2.0,0.0,8.0,1.0,4.0,1.0,7.0,0.0,2.0,0.0,22.0,3.0,14.0,9.0,13.0,0.0,5.0,0.0,3.0,1.0,2.0,2.0,3.0,0.0,0.0,1.0,5.0,0.0,3.0,2.0,4.0,0.0,1.0,2.0,3.0,0.0,4.0,2.0,14.0,0.0,4.0,1.0,16.0,4.0,28.0,8.0,7.0,5.0,2.0,4.0,2.0,0.0,0.0,0.0,1.0,0.0,0.0,1.0,2.0,2.0,0.0,2.0,4.0,0.0,0.0,0.0,0.0,1.0,0.0,0.0,2.0,0.0,0.0,0.0,2.0,1.0,1.0,3.0,5.0,6.0,0.0,0.0,1.0,0.0,1.0,1.0,2.0,2.0,0.0,0.0,5.0,1.0,1.0,1.0,4.0,1.0,2.0,0.0,3.0,0.0,0.0,0.0,8.0,0.0,0.0,0.0,14.0,0.0,9.0,11.0,5.0,5.0,0.0,4.0,1.0,0.0,3.0,7.0,1.0,2.0,2.0,2.0,0.0,2.0,0.0,6.0,2.0,1.0,0.0,4.0,0.0,1.0,2.0,1.0,1.0,0.0,0.0,0.0,3.0,1.0,3.0,7.0,2.0,2.0,1.0,2.0,0.0,2.0,1.0,1.0,0.0,1.0,0.0,1.0,0.0,0.0,1.0,3.0,1.0,0.0,1.0,1.0,1.0,0.0,0.0,3.0,1.0,0.0,1.0,1.0,1.0,4.0,7.0,15.0,8.0,13.0,4.0,22.0,2.0,0.0,0.0,12.0,1.0,2.0,0.0,1.0,0.0,0.0,1.0,4.0,1.0,0.0,2.0,2.0,0.0,1.0,0.0,0.0,2.0,0.0,1.0,0.0,0.0,1.0,0.0,15.0,3.0,23.0,1.0,23.0,0.0,2.0,1.0,5.0,1.0,0.0,1.0,7.0,4.0,0.0,1.0,7.0,5.0,9.0,1.0,9.0,3.0,1.0,0.0,5.0,13.0,11.0,1.0,5.0,10.0,11.0,9.0,252.0,3.9946592065106827,0.0817251295937344,0.7623734941282306,0.7798715428043222,2.929563183003756,32.29923261829537,8.681829930214526,0.059245605014202195,0.6593158486317631,0.5546985489876719,3.184363937239746,30.311215839017304,nv
66.0,7.0,11.0,6.0,3.0,2.0,11.0,12.0,7.0,2.0,1.0,2.0,10.0,1.0,9.0,12.0,5.0,0.0,1.0,1.0,0.0,1.0,2.0,2.0,5.0,1.0,1.0,1.0,11.0,3.0,14.0,15.0,12.0,0.0,2.0,0.0,2.0,2.0,2.0,2.0,8.0,0.0,0.0,0.0,5.0,1.0,1.0,2.0,8.0,0.0,1.0,1.0,3.0,0.0,1.0,0.0,16.0,2.0,2.0,2.0,47.0,0.0,17.0,15.0,13.0,1.0,3.0,2.0,0.0,0.0,1.0,1.0,1.0,1.0,0.0,0.0,2.0,0.0,0.0,1.0,2.0,1.0,0.0,0.0,0.0,0.0,0.0,0.0,1.0,1.0,0.0,0.0,1.0,0.0,1.0,1.0,7.0,4.0,1.0,0.0,2.0,0.0,0.0,0.0,2.0,0.0,1.0,0.0,2.0,0.0,0.0,0.0,8.0,0.0,2.0,0.0,1.0,0.0,1.0,1.0,34.0,0.0,0.0,1.0,34.0,1.0,6.0,6.0,8.0,7.0,3.0,35.0,0.0,4.0,1.0,17.0,2.0,0.0,0.0,3.0,2.0,0.0,0.0,14.0,0.0,0.0,0.0,1.0,1.0,0.0,0.0,1.0,1.0,0.0,0.0,1.0,0.0,0.0,0.0,13.0,0.0,2.0,1.0,1.0,0.0,0.0,3.0,1.0,0.0,0.0,0.0,0.0,0.0,0.0,0.0,3.0,1.0,1.0,0.0,0.0,0.0,0.0,1.0,1.0,1.0,1.0,0.0,3.0,2.0,4.0,0.0,6.0,11.0,23.0,5.0,61.0,1.0,2.0,2.0,34.0,0.0,1.0,0.0,1.0,0.0,0.0,3.0,15.0,1.0,3.0,0.0,2.0,1.0,0.0,0.0,2.0,0.0,3.0,2.0,4.0,2.0,0.0,0.0,9.0,8.0,18.0,2.0,45.0,0.0,2.0,0.0,16.0,1.0,1.0,0.0,4.0,2.0,2.0,3.0,9.0,16.0,21.0,0.0,14.0,1.0,0.0,1.0,4.0,13.0,10.0,2.0,9.0,11.0,7.0,5.0,364.0,5.321275291232372,0.10247174262510174,0.8198195043567248,0.7657077797029557,2.6567290315842618,40.1029840758594,8.941703102227777,0.07137531460770255,0.7050567362310026,0.614802443738761,2.964020903618953,37.484879605184645,nv
94.0,7.0,13.0,13.0,18.0,0.0,9.0,17.0,11.0,1.0,3.0,5.0,8.0,1.0,13.0,15.0,7.0,1.0,8.0,2.0,0.0,0.0,4.0,2.0,10.0,4.0,2.0,3.0,33.0,3.0,46.0,22.0,23.0,5.0,5.0,4.0,10.0,0.0,1.0,0.0,4.0,0.0,3.0,0.0,10.0,0.0,3.0,3.0,15.0,3.0,1.0,0.0,1.0,0.0,1.0,0.0,27.0,3.0,4.0,1.0,85.0,4.0,36.0,14.0,11.0,4.0,7.0,2.0,10.0,1.0,1.0,1.0,5.0,0.0,0.0,0.0,1.0,0.0,1.0,2.0,3.0,2.0,0.0,0.0,0.0,0.0,2.0,0.0,1.0,0.0,0.0,0.0,1.0,0.0,5.0,4.0,7.0,6.0,3.0,0.0,1.0,0.0,0.0,0.0,4.0,0.0,2.0,1.0,10.0,0.0,0.0,1.0,29.0,1.0,0.0,3.0,2.0,0.0,1.0,2.0,75.0,3.0,3.0,1.0,49.0,4.0,14.0,10.0,17.0,17.0,6.0,52.0,4.0,3.0,6.0,28.0,7.0,1.0,1.0,1.0,1.0,0.0,0.0,14.0,1.0,0.0,0.0,3.0,0.0,0.0,0.0,3.0,0.0,3.0,0.0,0.0,0.0,2.0,0.0,13.0,6.0,4.0,2.0,5.0,1.0,1.0,1.0,4.0,0.0,0.0,0.0,0.0,0.0,1.0,1.0,2.0,3.0,3.0,0.0,3.0,0.0,1.0,0.0,3.0,3.0,1.0,0.0,1.0,0.0,5.0,1.0,19.0,10.0,44.0,9.0,104.0,2.0,2.0,7.0,42.0,1.0,0.0,1.0,3.0,0.0,0.0,2.0,28.0,2.0,4.0,2.0,5.0,0.0,2.0,0.0,6.0,0.0,0.0,1.0,5.0,0.0,0.0,1.0,18.0,20.0,50.0,4.0,45.0,1.0,6.0,1.0,36.0,2.0,4.0,0.0,2.0,1.0,1.0,1.0,17.0,38.0,20.0,5.0,13.0,2.0,3.0,1.0,12.0,43.0,13.0,5.0,17.0,15.0,25.0,21.0,522.0,2.503004391033049,0.06414666076018335,0.7395653752941866,0.8443974018497513,3.3319183444138214,29.668751360964944,4.985417638824083,0.05005711549545783,0.6079598274882363,0.6830270146446445,3.6783160861829156,26.47100211401368,nv
89.0,9.0,10.0,6.0,17.0,2.0,11.0,29.0,16.0,6.0,4.0,4.0,8.0,5.0,16.0,43.0,17.0,1.0,1.0,3.0,1.0,0.0,1.0,4.0,9.0,2.0,5.0,5.0,15.0,4.0,18.0,18.0,15.0,2.0,6.0,0.0,3.0,0.0,0.0,0.0,6.0,0.0,1.0,0.0,7.0,0.0,1.0,1.0,15.0,1.0,2.0,1.0,1.0,0.0,0.0,2.0,52.0,2.0,2.0,1.0,27.0,1.0,13.0,12.0,16.0,3.0,6.0,1.0,8.0,0.0,1.0,1.0,7.0,2.0,1.0,0.0,0.0,0.0,1.0,2.0,2.0,1.0,0.0,1.0,2.0,0.0,0.0,0.0,3.0,0.0,0.0,0.0,0.0,1.0,1.0,2.0,13.0,2.0,1.0,1.0,1.0,0.0,0.0,0.0,9.0,2.0,0.0,3.0,8.0,0.0,2.0,2.0,40.0,3.0,2.0,3.0,2.0,0.0,0.0,3.0,99.0,6.0,4.0,7.0,37.0,4.0,27.0,21.0,34.0,16.0,3.0,24.0,10.0,1.0,10.0,79.0,3.0,2.0,2.0,6.0,1.0,2.0,3.0,41.0,5.0,2.0,0.0,4.0,0.0,0.0,0.0,6.0,6.0,0.0,0.0,1.0,0.0,2.0,1.0,9.0,3.0,1.0,0.0,3.0,1.0,0.0,0.0,1.0,2.0,0.0,0.0,1.0,0.0,0.0,0.0,1.0,7.0,2.0,1.0,2.0,2.0,1.0,1.0,4.0,3.0,1.0,2.0,2.0,3.0,0.0,3.0,19.0,7.0,21.0,3.0,82.0,0.0,4.0,12.0,49.0,2.0,4.0,2.0,4.0,1.0,1.0,3.0,12.0,6.0,3.0,0.0,4.0,1.0,0.0,0.0,1.0,2.0,1.0,0.0,2.0,2.0,2.0,2.0,12.0,19.0,32.0,4.0,43.0,1.0,2.0,0.0,20.0,4.0,3.0,0.0,5.0,3.0,5.0,1.0,21.0,48.0,24.0,2.0,13.0,4.0,2.0,3.0,29.0,42.0,10.0,4.0,20.0,29.0,13.0,25.0,523.0,2.646647564469914,0.06514959318888998,0.738910140171848,0.8360993659896752,3.3332847714500007,29.64910992848991,5.051483319866096,0.05167926225565009,0.6109991056758601,0.6797828251867636,3.668320813471669,26.49887510680059,nv
140.0,18.0,22.0,7.0,12.0,3.0,6.0,11.0,20.0,3.0,4.0,1.0,5.0,2.0,22.0,27.0,14.0,3.0,4.0,2.0,2.0,0.0,3.0,0.0,12.0,1.0,5.0,2.0,22.0,3.0,54.0,33.0,17.0,8.0,3.0,2.0,5.0,0.0,1.0,1.0,2.0,0.0,1.0,0.0,8.0,0.0,3.0,3.0,15.0,0.0,4.0,0.0,3.0,1.0,0.0,0.0,18.0,1.0,4.0,1.0,61.0,5.0,42.0,13.0,15.0,6.0,7.0,5.0,6.0,2.0,3.0,1.0,3.0,1.0,3.0,0.0,0.0,0.0,1.0,2.0,7.0,1.0,0.0,0.0,0.0,1.0,0.0,2.0,0.0,0.0,2.0,2.0,3.0,0.0,7.0,1.0,8.0,6.0,3.0,2.0,0.0,0.0,2.0,0.0,6.0,2.0,0.0,1.0,1.0,0.0,2.0,2.0,15.0,2.0,3.0,2.0,3.0,0.0,0.0,3.0,47.0,3.0,5.0,3.0,40.0,2.0,19.0,14.0,8.0,8.0,6.0,19.0,2.0,0.0,3.0,14.0,2.0,1.0,2.0,1.0,2.0,0.0,2.0,16.0,2.0,1.0,0.0,1.0,1.0,2.0,1.0,4.0,2.0,1.0,1.0,1.0,3.0,3.0,1.0,13.0,9.0,2.0,3.0,2.0,1.0,0.0,0.0,3.0,1.0,0.0,1.0,1.0,2.0,0.0,1.0,6.0,6.0,1.0,0.0,1.0,0.0,2.0,0.0,2.0,4.0,2.0,1.0,1.0,9.0,5.0,11.0,14.0,9.0,47.0,6.0,76.0,2.0,5.0,3.0,24.0,5.0,4.0,1.0,2.0,0.0,0.0,2.0,13.0,2.0,9.0,0.0,8.0,2.0,3.0,2.0,4.0,0.0,7.0,2.0,5.0,2.0,4.0,1.0,5.0,12.0,60.0,4.0,69.0,3.0,7.0,1.0,22.0,2.0,5.0,4.0,15.0,1.0,1.0,5.0,18.0,18.0,23.0,2.0,16.0,9.0,3.0,2.0,13.0,26.0,16.0,4.0,21.0,20.0,20.0,24.0,633.0,3.1648127128263353,0.06649064433796592,0.7106060595005971,0.8077223109133681,3.4589354108705104,29.75437544530066,5.707404412614069,0.05233451469650221,0.593463392023104,0.6460218692523909,3.750423872829377,26.539810411419914,nv
1324.0,194.0,401.0,273.0,189.0,52.0,239.0,226.0,220.0,36.0,66.0,49.0,183.0,45.0,317.0,320.0,201.0,24.0,62.0,45.0,38.0,11.0,40.0,36.0,203.0,23.0,86.0,44.0,254.0,57.0,424.0,382.0,376.0,48.0,94.0,56.0,73.0,25.0,54.0,60.0,61.0,12.0,30.0,10.0,89.0,9.0,92.0,58.0,274.0,34.0,65.0,32.0,43.0,20.0,47.0,28.0,361.0,53.0,88.0,41.0,494.0,72.0,489.0,340.0,206.0,53.0,69.0,49.0,24.0,12.0,45.0,36.0,28.0,11.0,17.0,10.0,30.0,7.0,46.0,50.0,39.0,10.0,16.0,7.0,11.0,3.0,15.0,18.0,47.0,11.0,19.0,12.0,45.0,18.0,77.0,90.0,223.0,36.0,59.0,49.0,51.0,11.0,32.0,35.0,41.0,10.0,10.0,11.0,59.0,13.0,42.0,30.0,225.0,26.0,60.0,35.0,28.0,10.0,34.0,37.0,334.0,49.0,56.0,39.0,421.0,79.0,358.0,318.0,199.0,180.0,72.0,332.0,37.0,42.0,59.0,364.0,44.0,25.0,12.0,48.0,34.0,43.0,59.0,372.0,39.0,29.0,7.0,47.0,3.0,9.0,10.0,45.0,33.0,30.0,18.0,60.0,38.0,45.0,49.0,367.0,64.0,82.0,20.0,85.0,13.0,19.0,14.0,78.0,14.0,13.0,3.0,17.0,14.0,29.0,19.0,71.0,37.0,51.0,9.0,42.0,9.0,9.0,9.0,47.0,35.0,44.0,12.0,55.0,66.0,84.0,80.0,370.0,178.0,225.0,94.0,434.0,42.0,49.0,49.0,437.0,33.0,38.0,15.0,39.0,30.0,49.0,41.0,420.0,33.0,43.0,22.0,79.0,11.0,14.0,19.0,83.0,44.0,37.0,24.0,85.0,38.0,64.0,84.0,641.0,225.0,393.0,64.0,438.0,51.0,74.0,36.0,369.0,51.0,68.0,19.0,68.0,53.0,73.0,45.0,371.0,242.0,347.0,66.0,322.0,41.0,72.0,45.0,293.0,355.0,333.0,77.0,336.0,410.0,604.0,381.0,3456.0,0.8723343410409345,0.11511488201117061,0.8674483054330039,0.8621239777231144,2.5259490425509905,11.781560464382073,1.6270881584782926,0.09681746089176009,0.8185078232633972,0.7495318184214398,2.6960766798958895,11.365285948473474,nv
927.0,146.0,212.0,186.0,123.0,23.0,194.0,296.0,300.0,35.0,71.0,73.0,240.0,34.0,398.0,682.0,136.0,23.0,25.0,27.0,21.0,3.0,20.0,38.0,235.0,36.0,51.0,54.0,242.0,30.0,456.0,620.0,205.0,25.0,28.0,26.0,37.0,2.0,31.0,32.0,48.0,2.0,11.0,6.0,30.0,6.0,35.0,40.0,244.0,21.0,26.0,22.0,24.0,2.0,35.0,36.0,441.0,46.0,55.0,40.0,440.0,36.0,470.0,406.0,131.0,18.0,19.0,24.0,19.0,4.0,20.0,32.0,33.0,1.0,6.0,11.0,28.0,8.0,51.0,63.0,27.0,2.0,4.0,3.0,3.0,0.0,4.0,7.0,31.0,8.0,3.0,4.0,28.0,6.0,34.0,58.0,176.0,26.0,24.0,26.0,29.0,3.0,27.0,35.0,53.0,7.0,9.0,4.0,35.0,4.0,52.0,72.0,285.0,32.0,34.0,38.0,27.0,2.0,28.0,36.0,581.0,40.0,37.0,47.0,596.0,41.0,521.0,482.0,314.0,244.0,67.0,409.0,44.0,24.0,62.0,556.0,66.0,48.0,14.0,59.0,54.0,39.0,61.0,624.0,47.0,36.0,7.0,46.0,8.0,4.0,10.0,38.0,52.0,40.0,6.0,43.0,41.0,34.0,51.0,391.0,67.0,38.0,8.0,44.0,6.0,3.0,8.0,41.0,17.0,12.0,3.0,10.0,5.0,8.0,11.0,58.0,71.0,49.0,10.0,52.0,9.0,8.0,4.0,49.0,72.0,48.0,7.0,36.0,54.0,49.0,45.0,319.0,158.0,196.0,35.0,366.0,31.0,29.0,41.0,534.0,38.0,34.0,5.0,44.0,31.0,21.0,44.0,433.0,33.0,20.0,6.0,24.0,5.0,9.0,6.0,46.0,40.0,28.0,6.0,37.0,35.0,23.0,36.0,328.0,398.0,321.0,41.0,353.0,44.0,41.0,53.0,431.0,55.0,33.0,6.0,37.0,48.0,34.0,39.0,322.0,534.0,465.0,37.0,384.0,53.0,58.0,56.0,460.0,580.0,384.0,51.0,262.0,459.0,312.0,358.0,3825.0,1.2620432550282512,0.12243487673891695,0.8907480912126847,0.8621546499426519,2.4587616067027414,17.048958958730882,2.3403775287658863,0.10037426398038245,0.8354357466372341,0.7478508003535423,2.6615286799353455,16.223056597119655,nv
1329.0,191.0,374.0,259.0,207.0,40.0,215.0,223.0,198.0,31.0,67.0,43.0,175.0,35.0,235.0,250.0,188.0,30.0,54.0,41.0,47.0,11.0,39.0,31.0,176.0,32.0,76.0,49.0,222.0,47.0,382.0,343.0,403.0,61.0,102.0,64.0,67.0,16.0,62.0,60.0,68.0,9.0,21.0,9.0,95.0,20.0,72.0,67.0,269.0,42.0,61.0,28.0,48.0,9.0,42.0,29.0,335.0,52.0,84.0,42.0,429.0,84.0,450.0,319.0,183.0,41.0,78.0,48.0,23.0,13.0,53.0,34.0,37.0,2.0,16.0,14.0,38.0,11.0,43.0,45.0,46.0,9.0,23.0,19.0,12.0,5.0,10.0,12.0,45.0,12.0,18.0,7.0,52.0,14.0,78.0,75.0,247.0,43.0,61.0,44.0,49.0,13.0,27.0,37.0,64.0,8.0,13.0,8.0,51.0,15.0,42.0,43.0,241.0,33.0,67.0,33.0,39.0,13.0,39.0,44.0,364.0,49.0,81.0,40.0,435.0,83.0,363.0,278.0,225.0,192.0,67.0,350.0,29.0,50.0,47.0,350.0,46.0,35.0,20.0,39.0,36.0,41.0,47.0,349.0,36.0,23.0,12.0,54.0,10.0,16.0,9.0,50.0,21.0,30.0,13.0,41.0,34.0,41.0,68.0,340.0,68.0,81.0,29.0,86.0,16.0,16.0,11.0,55.0,14.0,21.0,3.0,17.0,15.0,22.0,19.0,80.0,47.0,43.0,12.0,35.0,11.0,12.0,9.0,40.0,54.0,59.0,13.0,51.0,38.0,76.0,67.0,333.0,182.0,251.0,84.0,503.0,34.0,44.0,54.0,413.0,31.0,37.0,15.0,61.0,36.0,36.0,60.0,415.0,48.0,55.0,10.0,73.0,8.0,18.0,12.0,76.0,42.0,46.0,26.0,89.0,44.0,78.0,72.0,582.0,333.0,414.0,90.0,491.0,47.0,73.0,40.0,360.0,55.0,50.0,22.0,70.0,43.0,88.0,40.0,382.0,307.0,366.0,54.0,346.0,54.0,83.0,31.0,317.0,371.0,366.0,71.0,371.0,421.0,650.0,356.0,3469.0,0.8751480885344752,0.11493624745168504,0.8670430588186276,0.8617423563231827,2.52763944003472,11.78452215118362,1.6332846043921747,0.096848073870162,0.8185692505829789,0.7486305422546852,2.6963200208684164,11.361807313632344,nv
443.0,61.0,147.0,112.0,66.0,13.0,104.0,102.0,60.0,4.0,16.0,9.0,61.0,14.0,127.0,143.0,71.0,4.0,22.0,10.0,14.0,2.0,16.0,11.0,65.0,7.0,24.0,19.0,137.0,11.0,235.0,129.0,149.0,33.0,35.0,22.0,15.0,2.0,24.0,10.0,20.0,3.0,2.0,0.0,30.0,6.0,23.0,15.0,117.0,8.0,20.0,10.0,16.0,1.0,14.0,8.0,159.0,14.0,22.0,8.0,219.0,15.0,213.0,106.0,60.0,14.0,19.0,13.0,10.0,2.0,11.0,8.0,10.0,5.0,1.0,2.0,13.0,4.0,7.0,15.0,19.0,5.0,0.0,3.0,5.0,2.0,2.0,0.0,9.0,4.0,6.0,1.0,18.0,2.0,17.0,14.0,89.0,25.0,18.0,10.0,2.0,4.0,6.0,7.0,17.0,1.0,1.0,1.0,20.0,4.0,11.0,12.0,99.0,10.0,16.0,12.0,14.0,2.0,6.0,9.0,172.0,13.0,22.0,11.0,166.0,24.0,114.0,70.0,73.0,69.0,24.0,133.0,11.0,18.0,11.0,105.0,10.0,8.0,3.0,21.0,13.0,18.0,15.0,129.0,9.0,9.0,3.0,11.0,2.0,3.0,1.0,10.0,13.0,5.0,4.0,12.0,8.0,8.0,24.0,137.0,25.0,26.0,7.0,25.0,3.0,4.0,3.0,23.0,4.0,4.0,0.0,3.0,5.0,5.0,2.0,21.0,16.0,14.0,1.0,17.0,3.0,4.0,4.0,7.0,9.0,8.0,4.0,13.0,24.0,20.0,21.0,99.0,69.0,104.0,24.0,204.0,13.0,19.0,7.0,160.0,13.0,12.0,1.0,15.0,10.0,14.0,11.0,125.0,20.0,19.0,6.0,22.0,1.0,8.0,5.0,29.0,18.0,14.0,3.0,17.0,11.0,18.0,25.0,196.0,114.0,193.0,25.0,171.0,10.0,15.0,7.0,112.0,18.0,18.0,2.0,26.0,15.0,32.0,8.0,98.0,116.0,127.0,19.0,90.0,12.0,20.0,9.0,78.0,134.0,100.0,17.0,100.0,150.0,148.0,100.0,1403.0,1.1696310380514578,0.06981318893258504,0.8113189370157472,0.8783178655327291,2.995605116013739,18.05473650237914,2.2754169688179835,0.05382899500425626,0.7227427674619235,0.7667900762737901,3.266324766517802,17.238477915769703,mel
316.0,46.0,133.0,117.0,32.0,7.0,99.0,127.0,38.0,6.0,15.0,12.0,62.0,10.0,185.0,208.0,43.0,5.0,18.0,6.0,6.0,0.0,12.0,4.0,58.0,8.0,22.0,8.0,120.0,12.0,308.0,243.0,160.0,12.0,27.0,21.0,14.0,2.0,21.0,10.0,20.0,1.0,3.0,0.0,26.0,1.0,24.0,18.0,94.0,11.0,9.0,8.0,6.0,0.0,6.0,7.0,160.0,9.0,19.0,6.0,312.0,17.0,287.0,123.0,39.0,1.0,9.0,6.0,5.0,1.0,4.0,4.0,4.0,0.0,4.0,2.0,3.0,2.0,10.0,11.0,7.0,0.0,2.0,0.0,0.0,0.0,0.0,0.0,10.0,2.0,2.0,2.0,12.0,0.0,16.0,10.0,102.0,8.0,21.0,10.0,11.0,0.0,11.0,1.0,12.0,1.0,0.0,1.0,9.0,0.0,13.0,6.0,133.0,3.0,14.0,6.0,6.0,1.0,10.0,4.0,157.0,9.0,10.0,3.0,199.0,6.0,126.0,66.0,28.0,65.0,8.0,198.0,4.0,9.0,13.0,200.0,14.0,9.0,0.0,12.0,7.0,9.0,13.0,168.0,4.0,10.0,0.0,9.0,1.0,0.0,1.0,8.0,7.0,10.0,1.0,12.0,8.0,12.0,18.0,186.0,14.0,34.0,5.0,18.0,2.0,1.0,0.0,11.0,1.0,2.0,0.0,1.0,1.0,4.0,2.0,14.0,17.0,14.0,1.0,5.0,1.0,1.0,1.0,4.0,16.0,6.0,1.0,12.0,15.0,15.0,3.0,89.0,62.0,133.0,19.0,303.0,6.0,6.0,7.0,218.0,7.0,5.0,1.0,20.0,7.0,9.0,9.0,151.0,11.0,10.0,2.0,13.0,1.0,1.0,0.0,11.0,8.0,12.0,0.0,15.0,12.0,16.0,5.0,204.0,223.0,338.0,18.0,321.0,10.0,15.0,13.0,112.0,8.0,8.0,1.0,10.0,6.0,16.0,5.0,84.0,243.0,281.0,10.0,118.0,10.0,14.0,10.0,53.0,197.0,178.0,14.0,71.0,172.0,195.0,82.0,1805.0,1.1638021516662298,0.08354207494033002,0.8483138910738413,0.878976397709546,2.835705805968118,18.06884552433223,2.170911336023461,0.06307146807679774,0.7548743772948205,0.7718764392811021,3.12939367266505,16.86185607460396,mel
850.0,83.0,82.0,58.0,115.0,29.0,66.0,85.0,85.0,19.0,21.0,11.0,57.0,30.0,78.0,116.0,90.0,20.0,15.0,18.0,27.0,9.0,21.0,15.0,55.0,9.0,14.0,11.0,94.0,26.0,106.0,119.0,69.0,12.0,9.0,10.0,23.0,8.0,13.0,16.0,28.0,6.0,5.0,4.0,28.0,8.0,19.0,26.0,46.0,9.0,3.0,8.0,27.0,5.0,9.0,15.0,103.0,24.0,18.0,9.0,194.0,36.0,127.0,117.0,107.0,35.0,21.0,23.0,31.0,8.0,16.0,32.0,19.0,9.0,3.0,6.0,11.0,7.0,15.0,21.0,40.0,10.0,4.0,3.0,9.0,6.0,8.0,14.0,13.0,6.0,6.0,6.0,20.0,15.0,23.0,18.0,62.0,24.0,11.0,8.0,10.0,7.0,7.0,12.0,30.0,8.0,7.0,10.0,19.0,5.0,16.0,13.0,98.0,27.0,17.0,8.0,31.0,12.0,13.0,13.0,169.0,36.0,41.0,17.0,168.0,54.0,120.0,97.0,73.0,49.0,28.0,92.0,22.0,19.0,31.0,176.0,21.0,10.0,6.0,20.0,16.0,12.0,25.0,160.0,18.0,12.0,5.0,25.0,5.0,6.0,11.0,41.0,14.0,6.0,7.0,18.0,21.0,8.0,30.0,117.0,16.0,17.0,8.0,18.0,9.0,3.0,5.0,29.0,8.0,7.0,6.0,10.0,4.0,6.0,15.0,60.0,18.0,8.0,4.0,14.0,12.0,6.0,6.0,25.0,36.0,17.0,11.0,26.0,36.0,25.0,47.0,199.0,63.0,90.0,33.0,179.0,16.0,29.0,22.0,152.0,13.0,8.0,8.0,40.0,3.0,10.0,9.0,96.0,28.0,29.0,5.0,36.0,7.0,5.0,5.0,56.0,8.0,14.0,5.0,24.0,7.0,8.0,16.0,111.0,76.0,84.0,25.0,160.0,16.0,17.0,8.0,97.0,34.0,26.0,16.0,66.0,13.0,15.0,21.0,162.0,128.0,95.0,37.0,97.0,30.0,30.0,19.0,100.0,161.0,108.0,58.0,178.0,101.0,100.0,140.0,1930.0,2.9170724350411517,0.05364989202999395,0.7289100555956104,0.7655251476984958,3.43587224777997,21.96467847690892,4.065286866534774,0.04163966737875211,0.654668236185204,0.6690993690259718,3.6640561046534823,20.50575643772448,mel
213.0,34.0,87.0,42.0,34.0,7.0,55.0,64.0,23.0,4.0,7.0,11.0,50.0,7.0,94.0,71.0,42.0,1.0,6.0,6.0,5.0,1.0,4.0,6.0,46.0,8.0,16.0,9.0,134.0,6.0,265.0,114.0,89.0,20.0,30.0,12.0,16.0,2.0,15.0,6.0,8.0,2.0,1.0,1.0,23.0,2.0,16.0,8.0,67.0,9.0,13.0,4.0,4.0,0.0,5.0,3.0,124.0,5.0,20.0,10.0,321.0,16.0,255.0,83.0,38.0,4.0,17.0,8.0,0.0,0.0,4.0,6.0,4.0,1.0,2.0,0.0,3.0,0.0,2.0,3.0,5.0,1.0,2.0,0.0,0.0,0.0,0.0,0.0,5.0,1.0,2.0,0.0,6.0,0.0,20.0,13.0,50.0,8.0,8.0,9.0,7.0,0.0,2.0,2.0,9.0,1.0,2.0,1.0,6.0,0.0,4.0,3.0,54.0,4.0,4.0,6.0,4.0,1.0,0.0,2.0,74.0,3.0,9.0,3.0,148.0,8.0,100.0,38.0,19.0,40.0,6.0,86.0,4.0,6.0,10.0,80.0,4.0,1.0,1.0,8.0,4.0,3.0,12.0,73.0,3.0,7.0,1.0,7.0,1.0,1.0,1.0,6.0,0.0,6.0,0.0,7.0,9.0,5.0,10.0,93.0,8.0,17.0,2.0,18.0,3.0,3.0,3.0,7.0,1.0,0.0,0.0,0.0,2.0,1.0,3.0,8.0,4.0,8.0,1.0,7.0,0.0,2.0,0.0,2.0,4.0,3.0,2.0,6.0,8.0,16.0,16.0,63.0,40.0,130.0,18.0,266.0,4.0,13.0,8.0,104.0,1.0,3.0,0.0,6.0,3.0,10.0,11.0,76.0,5.0,11.0,0.0,16.0,0.0,1.0,0.0,12.0,1.0,6.0,1.0,19.0,3.0,13.0,7.0,100.0,127.0,320.0,11.0,242.0,6.0,17.0,9.0,69.0,7.0,13.0,1.0,15.0,7.0,18.0,8.0,63.0,71.0,115.0,9.0,72.0,3.0,11.0,5.0,46.0,62.0,82.0,8.0,64.0,75.0,104.0,64.0,998.0,1.3364066438758242,0.06448208681099717,0.8393880313464476,0.8881094379875161,2.9815812097549927,22.551339021870522,2.7400728281602227,0.046815134717242954,0.7376020913350069,0.7718043065386128,3.2692398256815487,21.275041450268233,nv
214.0,39.0,81.0,69.0,31.0,9.0,49.0,56.0,17.0,2.0,11.0,4.0,48.0,4.0,122.0,73.0,39.0,1.0,17.0,9.0,3.0,2.0,7.0,3.0,39.0,3.0,17.0,11.0,130.0,10.0,326.0,120.0,88.0,9.0,31.0,8.0,14.0,2.0,11.0,5.0,8.0,0.0,1.0,2.0,16.0,0.0,13.0,6.0,49.0,8.0,11.0,6.0,7.0,1.0,9.0,5.0,88.0,6.0,18.0,7.0,265.0,17.0,232.0,73.0,36.0,4.0,18.0,5.0,2.0,0.0,6.0,2.0,3.0,2.0,3.0,1.0,4.0,0.0,5.0,3.0,7.0,0.0,2.0,0.0,0.0,0.0,0.0,1.0,6.0,1.0,2.0,2.0,11.0,3.0,19.0,12.0,60.0,5.0,12.0,6.0,3.0,0.0,1.0,2.0,8.0,0.0,5.0,0.0,9.0,0.0,9.0,4.0,58.0,6.0,9.0,3.0,3.0,0.0,2.0,2.0,77.0,8.0,8.0,5.0,123.0,9.0,69.0,40.0,24.0,52.0,8.0,122.0,3.0,4.0,11.0,67.0,1.0,0.0,0.0,6.0,1.0,1.0,8.0,63.0,4.0,6.0,2.0,3.0,0.0,1.0,1.0,4.0,2.0,6.0,0.0,2.0,4.0,5.0,15.0,77.0,8.0,13.0,1.0,19.0,3.0,2.0,2.0,10.0,1.0,0.0,1.0,1.0,1.0,2.0,1.0,7.0,11.0,12.0,2.0,9.0,0.0,0.0,1.0,4.0,7.0,9.0,1.0,8.0,6.0,19.0,11.0,63.0,41.0,133.0,23.0,316.0,4.0,6.0,5.0,153.0,3.0,14.0,1.0,9.0,1.0,4.0,5.0,81.0,8.0,12.0,2.0,16.0,0.0,1.0,1.0,4.0,1.0,5.0,1.0,14.0,7.0,9.0,18.0,114.0,87.0,258.0,17.0,273.0,5.0,13.0,4.0,94.0,10.0,14.0,3.0,15.0,12.0,9.0,9.0,52.0,70.0,117.0,7.0,87.0,6.0,15.0,5.0,46.0,76.0,85.0,8.0,67.0,70.0,101.0,58.0,989.0,1.3390199260973168,0.06462339805718385,0.8393980797349088,0.887809950436171,2.9787637811297256,22.531544911036367,2.7409577972743353,0.047033848828171264,0.7377905229140845,0.771660011830379,3.2640812914344504,21.266731957340447,nv
365.0,45.0,58.0,42.0,45.0,15.0,57.0,35.0,34.0,6.0,15.0,8.0,45.0,8.0,82.0,49.0,59.0,4.0,12.0,6.0,21.0,3.0,14.0,9.0,46.0,5.0,16.0,8.0,131.0,19.0,202.0,111.0,72.0,22.0,30.0,16.0,14.0,5.0,9.0,5.0,13.0,1.0,7.0,2.0,15.0,2.0,20.0,12.0,52.0,4.0,12.0,8.0,18.0,2.0,7.0,2.0,71.0,13.0,22.0,7.0,184.0,21.0,205.0,89.0,45.0,14.0,18.0,11.0,6.0,0.0,5.0,6.0,5.0,6.0,4.0,5.0,12.0,2.0,8.0,6.0,17.0,0.0,2.0,1.0,1.0,0.0,4.0,1.0,10.0,1.0,6.0,2.0,12.0,6.0,24.0,20.0,43.0,12.0,9.0,12.0,6.0,3.0,9.0,4.0,10.0,1.0,1.0,0.0,12.0,4.0,8.0,10.0,44.0,7.0,4.0,3.0,10.0,2.0,5.0,3.0,36.0,17.0,11.0,6.0,86.0,21.0,82.0,52.0,34.0,54.0,15.0,57.0,10.0,9.0,6.0,49.0,3.0,6.0,4.0,14.0,3.0,3.0,15.0,44.0,8.0,12.0,5.0,7.0,1.0,2.0,1.0,7.0,3.0,5.0,0.0,6.0,11.0,6.0,14.0,65.0,16.0,20.0,4.0,15.0,2.0,2.0,4.0,16.0,2.0,1.0,1.0,3.0,5.0,1.0,6.0,23.0,9.0,11.0,1.0,11.0,2.0,4.0,2.0,6.0,9.0,4.0,2.0,12.0,18.0,12.0,39.0,81.0,40.0,126.0,9.0,231.0,6.0,19.0,11.0,93.0,1.0,9.0,0.0,22.0,3.0,7.0,9.0,65.0,16.0,16.0,5.0,17.0,2.0,1.0,4.0,17.0,5.0,4.0,1.0,15.0,10.0,10.0,9.0,85.0,70.0,167.0,17.0,214.0,4.0,20.0,7.0,72.0,16.0,20.0,6.0,35.0,7.0,19.0,12.0,84.0,50.0,78.0,10.0,75.0,11.0,14.0,8.0,52.0,62.0,67.0,24.0,89.0,71.0,97.0,115.0,1107.0,1.0556994371352604,0.06326360166306824,0.8099455257054539,0.8928539482067865,3.048250454331698,18.65010249334947,1.9629269984393969,0.0481033831896764,0.7210284507465835,0.7993827375500335,3.275038132106198,17.605947329401097,nv
686.0,85.0,251.0,81.0,87.0,19.0,103.0,87.0,64.0,17.0,31.0,15.0,71.0,11.0,142.0,147.0,92.0,8.0,49.0,17.0,25.0,5.0,17.0,11.0,81.0,17.0,55.0,19.0,173.0,21.0,397.0,184.0,243.0,46.0,78.0,27.0,42.0,4.0,29.0,20.0,30.0,3.0,9.0,4.0,29.0,14.0,29.0,27.0,112.0,17.0,45.0,13.0,25.0,4.0,18.0,12.0,178.0,18.0,38.0,20.0,335.0,32.0,288.0,131.0,86.0,32.0,41.0,17.0,17.0,3.0,17.0,9.0,11.0,5.0,4.0,5.0,15.0,4.0,24.0,14.0,25.0,2.0,11.0,4.0,5.0,3.0,5.0,4.0,18.0,4.0,16.0,6.0,28.0,9.0,59.0,33.0,105.0,24.0,20.0,13.0,22.0,0.0,10.0,9.0,17.0,4.0,5.0,8.0,12.0,5.0,13.0,14.0,107.0,6.0,26.0,15.0,11.0,5.0,10.0,9.0,141.0,22.0,32.0,13.0,178.0,27.0,141.0,112.0,70.0,78.0,26.0,95.0,11.0,14.0,12.0,135.0,12.0,9.0,1.0,20.0,11.0,16.0,18.0,112.0,18.0,14.0,6.0,15.0,2.0,4.0,3.0,10.0,13.0,8.0,9.0,18.0,16.0,19.0,26.0,152.0,30.0,47.0,6.0,31.0,5.0,12.0,2.0,28.0,4.0,6.0,0.0,3.0,7.0,8.0,10.0,35.0,31.0,28.0,5.0,20.0,1.0,7.0,3.0,20.0,21.0,16.0,6.0,17.0,26.0,45.0,38.0,158.0,83.0,142.0,47.0,230.0,7.0,20.0,19.0,126.0,8.0,15.0,6.0,21.0,10.0,19.0,15.0,116.0,16.0,30.0,13.0,42.0,5.0,6.0,4.0,29.0,16.0,21.0,7.0,42.0,18.0,41.0,46.0,273.0,136.0,283.0,31.0,248.0,19.0,55.0,16.0,110.0,19.0,24.0,5.0,56.0,20.0,56.0,25.0,142.0,138.0,152.0,29.0,142.0,18.0,35.0,18.0,113.0,141.0,141.0,42.0,149.0,185.0,309.0,208.0,2011.0,0.9779625925536014,0.10139324663913339,0.838276538157841,0.907275331589899,2.8534479216443454,20.115940665817657,1.8380349937448235,0.08532933178429654,0.7713488461359265,0.8236989170317617,3.0596454549664096,19.01305636428122,vasc
484.0,49.0,220.0,100.0,62.0,7.0,108.0,143.0,71.0,9.0,22.0,11.0,75.0,9.0,160.0,177.0,44.0,8.0,19.0,7.0,12.0,0.0,14.0,11.0,69.0,7.0,10.0,13.0,141.0,11.0,252.0,170.0,193.0,23.0,38.0,28.0,38.0,6.0,28.0,19.0,29.0,2.0,3.0,2.0,47.0,2.0,27.0,20.0,107.0,15.0,25.0,12.0,15.0,1.0,11.0,7.0,266.0,22.0,37.0,17.0,465.0,51.0,286.0,178.0,85.0,9.0,36.0,21.0,21.0,1.0,15.0,12.0,16.0,3.0,0.0,4.0,25.0,2.0,20.0,15.0,12.0,1.0,6.0,2.0,3.0,0.0,1.0,1.0,14.0,1.0,8.0,1.0,19.0,3.0,25.0,20.0,136.0,4.0,30.0,12.0,21.0,3.0,25.0,5.0,24.0,3.0,7.0,5.0,24.0,4.0,22.0,11.0,133.0,9.0,17.0,7.0,11.0,4.0,10.0,4.0,286.0,24.0,17.0,20.0,310.0,42.0,165.0,108.0,78.0,86.0,30.0,252.0,8.0,15.0,33.0,347.0,11.0,7.0,2.0,12.0,13.0,14.0,16.0,208.0,9.0,8.0,1.0,17.0,0.0,1.0,2.0,23.0,4.0,9.0,5.0,21.0,10.0,11.0,17.0,193.0,22.0,22.0,7.0,41.0,3.0,4.0,3.0,12.0,3.0,1.0,0.0,4.0,3.0,2.0,2.0,28.0,10.0,20.0,4.0,18.0,2.0,2.0,3.0,14.0,7.0,20.0,6.0,27.0,20.0,38.0,16.0,162.0,93.0,196.0,45.0,752.0,11.0,17.0,26.0,339.0,16.0,9.0,2.0,19.0,16.0,14.0,24.0,212.0,15.0,6.0,9.0,57.0,3.0,1.0,1.0,33.0,16.0,18.0,7.0,44.0,8.0,25.0,24.0,224.0,217.0,342.0,46.0,425.0,23.0,31.0,27.0,160.0,26.0,12.0,2.0,28.0,23.0,28.0,16.0,155.0,182.0,250.0,18.0,215.0,23.0,22.0,14.0,130.0,193.0,232.0,28.0,187.0,211.0,247.0,142.0,2634.0,1.1352786377708974,0.10923955911108123,0.8668015831904201,0.897246801557877,2.772440893812454,20.961914539341887,2.044611692844677,0.08949547248148963,0.7932029123854367,0.8119035552858,3.0103744067167013,19.695423808106227,vasc
662.0,109.0,240.0,126.0,91.0,30.0,115.0,108.0,69.0,23.0,29.0,31.0,83.0,14.0,127.0,132.0,90.0,12.0,47.0,16.0,27.0,1.0,18.0,16.0,79.0,7.0,60.0,18.0,141.0,26.0,288.0,145.0,248.0,51.0,72.0,32.0,35.0,11.0,26.0,22.0,23.0,9.0,9.0,10.0,40.0,11.0,30.0,28.0,92.0,17.0,32.0,14.0,14.0,3.0,14.0,8.0,114.0,19.0,26.0,15.0,222.0,39.0,239.0,148.0,83.0,19.0,38.0,20.0,12.0,2.0,18.0,13.0,16.0,1.0,3.0,2.0,11.0,1.0,23.0,18.0,19.0,4.0,4.0,4.0,4.0,1.0,4.0,5.0,16.0,3.0,9.0,4.0,22.0,5.0,44.0,25.0,109.0,25.0,36.0,15.0,15.0,5.0,9.0,13.0,13.0,7.0,3.0,2.0,23.0,1.0,16.0,27.0,102.0,14.0,14.0,7.0,6.0,8.0,9.0,14.0,118.0,15.0,28.0,17.0,123.0,26.0,131.0,121.0,73.0,105.0,30.0,178.0,11.0,14.0,20.0,112.0,7.0,9.0,5.0,23.0,13.0,15.0,20.0,150.0,10.0,13.0,3.0,17.0,4.0,7.0,1.0,19.0,6.0,11.0,4.0,20.0,7.0,13.0,27.0,145.0,36.0,48.0,9.0,44.0,4.0,8.0,2.0,38.0,1.0,7.0,3.0,6.0,2.0,9.0,6.0,43.0,14.0,22.0,6.0,14.0,5.0,7.0,7.0,21.0,19.0,23.0,2.0,16.0,16.0,40.0,39.0,138.0,97.0,183.0,36.0,303.0,16.0,21.0,14.0,160.0,11.0,18.0,7.0,28.0,10.0,31.0,20.0,156.0,19.0,20.0,13.0,37.0,3.0,10.0,6.0,30.0,13.0,24.0,12.0,34.0,17.0,39.0,57.0,327.0,144.0,379.0,29.0,306.0,13.0,58.0,18.0,155.0,15.0,31.0,9.0,32.0,22.0,50.0,22.0,197.0,118.0,169.0,22.0,158.0,19.0,32.0,16.0,120.0,116.0,147.0,29.0,183.0,117.0,264.0,157.0,2035.0,0.9572792027790452,0.1120612634717841,0.8432850742337572,0.9031335995165186,2.8124609279679342,18.807658856259962,1.7965325251955737,0.09587787559319774,0.7796279042310463,0.8163716091960397,3.0127509332569757,17.770512824709336,vasc
873.0,119.0,252.0,129.0,138.0,30.0,133.0,100.0,126.0,6.0,44.0,11.0,125.0,29.0,129.0,90.0,145.0,11.0,42.0,17.0,50.0,5.0,26.0,16.0,114.0,16.0,50.0,20.0,166.0,27.0,210.0,143.0,271.0,30.0,49.0,21.0,36.0,11.0,31.0,23.0,37.0,7.0,13.0,9.0,58.0,10.0,36.0,24.0,151.0,16.0,33.0,16.0,31.0,10.0,33.0,18.0,149.0,23.0,46.0,27.0,223.0,57.0,221.0,141.0,130.0,32.0,34.0,31.0,20.0,8.0,28.0,19.0,22.0,2.0,4.0,7.0,19.0,5.0,17.0,17.0,33.0,7.0,6.0,11.0,8.0,2.0,13.0,10.0,29.0,6.0,9.0,8.0,34.0,12.0,49.0,32.0,139.0,28.0,26.0,21.0,14.0,9.0,13.0,19.0,30.0,8.0,9.0,4.0,27.0,5.0,21.0,23.0,96.0,23.0,22.0,16.0,15.0,9.0,10.0,10.0,114.0,27.0,31.0,18.0,168.0,58.0,168.0,142.0,84.0,116.0,34.0,128.0,18.0,22.0,25.0,121.0,16.0,7.0,8.0,19.0,18.0,20.0,17.0,115.0,14.0,17.0,8.0,29.0,6.0,11.0,7.0,14.0,15.0,16.0,4.0,15.0,23.0,32.0,34.0,183.0,44.0,39.0,10.0,31.0,9.0,10.0,11.0,20.0,4.0,5.0,2.0,7.0,7.0,10.0,6.0,43.0,20.0,17.0,11.0,20.0,6.0,7.0,10.0,25.0,25.0,26.0,10.0,26.0,30.0,47.0,47.0,194.0,105.0,159.0,44.0,221.0,21.0,36.0,19.0,155.0,13.0,13.0,8.0,33.0,15.0,23.0,18.0,131.0,20.0,46.0,14.0,34.0,2.0,14.0,12.0,41.0,22.0,20.0,4.0,42.0,34.0,45.0,45.0,251.0,144.0,200.0,35.0,198.0,31.0,43.0,22.0,128.0,23.0,37.0,12.0,56.0,26.0,46.0,25.0,180.0,89.0,123.0,33.0,144.0,27.0,44.0,19.0,132.0,116.0,154.0,45.0,204.0,158.0,276.0,189.0,1924.0,1.3696561069522253,0.05619928298072329,0.7940320940631884,0.8998206970295272,3.2172544230146523,25.974437260435614,2.501577234692522,0.04580811458720356,0.7234096626389164,0.8166973805008136,3.4207508060110103,24.792928883411562,nv
641.0,67.0,198.0,167.0,81.0,18.0,167.0,134.0,130.0,12.0,43.0,19.0,124.0,13.0,257.0,271.0,99.0,14.0,30.0,11.0,15.0,4.0,12.0,12.0,149.0,12.0,34.0,24.0,215.0,29.0,379.0,283.0,206.0,22.0,34.0,25.0,20.0,5.0,30.0,22.0,27.0,3.0,7.0,2.0,33.0,4.0,31.0,21.0,178.0,25.0,23.0,12.0,21.0,4.0,17.0,28.0,218.0,30.0,33.0,26.0,288.0,37.0,308.0,178.0,56.0,6.0,24.0,22.0,10.0,4.0,12.0,14.0,14.0,2.0,2.0,2.0,12.0,2.0,29.0,14.0,19.0,1.0,4.0,0.0,2.0,1.0,3.0,1.0,24.0,3.0,7.0,5.0,22.0,6.0,36.0,23.0,157.0,25.0,27.0,16.0,12.0,2.0,16.0,13.0,21.0,5.0,9.0,0.0,21.0,2.0,16.0,14.0,143.0,14.0,18.0,14.0,15.0,1.0,20.0,13.0,203.0,26.0,24.0,24.0,238.0,27.0,206.0,180.0,102.0,135.0,21.0,198.0,12.0,13.0,21.0,189.0,7.0,15.0,3.0,22.0,11.0,16.0,16.0,212.0,21.0,15.0,5.0,15.0,2.0,1.0,5.0,25.0,20.0,18.0,1.0,22.0,22.0,22.0,29.0,198.0,37.0,45.0,10.0,29.0,1.0,6.0,3.0,18.0,4.0,0.0,2.0,3.0,3.0,5.0,4.0,25.0,39.0,33.0,4.0,11.0,1.0,1.0,3.0,11.0,33.0,22.0,2.0,25.0,31.0,34.0,29.0,132.0,113.0,193.0,24.0,270.0,13.0,22.0,20.0,216.0,9.0,14.0,2.0,24.0,13.0,23.0,25.0,180.0,19.0,22.0,7.0,27.0,4.0,4.0,3.0,32.0,17.0,25.0,5.0,34.0,24.0,13.0,45.0,247.0,232.0,294.0,43.0,254.0,28.0,35.0,18.0,186.0,20.0,26.0,6.0,24.0,21.0,30.0,14.0,168.0,246.0,248.0,24.0,191.0,29.0,32.0,22.0,140.0,206.0,186.0,21.0,136.0,221.0,276.0,164.0,2311.0,1.3238790342448878,0.0661155061648883,0.8379974999541825,0.9080437454594653,3.062253595042977,27.46979119209782,2.5421578498954367,0.05201424183908902,0.7583519810701318,0.8217360237314351,3.305700000366508,25.979116084503165,nv
542.0,80.0,78.0,109.0,63.0,10.0,86.0,171.0,185.0,17.0,15.0,32.0,101.0,10.0,199.0,277.0,69.0,9.0,11.0,13.0,15.0,2.0,12.0,12.0,114.0,12.0,13.0,17.0,110.0,10.0,154.0,192.0,111.0,17.0,20.0,10.0,6.0,2.0,8.0,13.0,20.0,2.0,4.0,3.0,14.0,2.0,9.0,15.0,112.0,5.0,13.0,12.0,16.0,1.0,10.0,10.0,193.0,17.0,22.0,16.0,160.0,16.0,147.0,155.0,82.0,15.0,19.0,12.0,8.0,2.0,11.0,16.0,24.0,2.0,3.0,6.0,8.0,1.0,21.0,38.0,17.0,8.0,3.0,1.0,0.0,2.0,2.0,2.0,15.0,5.0,2.0,5.0,9.0,3.0,11.0,33.0,115.0,24.0,15.0,5.0,13.0,5.0,11.0,19.0,22.0,7.0,2.0,5.0,15.0,1.0,11.0,23.0,177.0,24.0,21.0,17.0,24.0,5.0,20.0,28.0,305.0,27.0,20.0,20.0,199.0,35.0,179.0,177.0,188.0,131.0,30.0,174.0,26.0,20.0,22.0,276.0,37.0,19.0,6.0,28.0,21.0,15.0,19.0,232.0,24.0,12.0,3.0,15.0,3.0,2.0,2.0,26.0,26.0,17.0,3.0,15.0,8.0,15.0,16.0,147.0,32.0,17.0,3.0,21.0,2.0,4.0,3.0,14.0,6.0,3.0,2.0,5.0,4.0,1.0,4.0,25.0,38.0,14.0,3.0,22.0,5.0,2.0,5.0,26.0,35.0,11.0,3.0,13.0,19.0,14.0,23.0,106.0,162.0,127.0,21.0,151.0,10.0,16.0,16.0,200.0,18.0,17.0,4.0,21.0,16.0,7.0,14.0,133.0,19.0,11.0,2.0,24.0,2.0,5.0,1.0,20.0,13.0,23.0,6.0,18.0,12.0,9.0,16.0,111.0,199.0,179.0,13.0,169.0,17.0,19.0,8.0,181.0,35.0,22.0,6.0,19.0,21.0,23.0,20.0,128.0,342.0,230.0,21.0,193.0,27.0,21.0,25.0,225.0,240.0,165.0,36.0,144.0,166.0,141.0,118.0,1928.0,1.5488433770443502,0.06384207169584138,0.8298670879354598,0.8928660767557184,3.0929365105635416,27.36531061156209,2.849424072116188,0.04967948849446005,0.7459917091355897,0.8006816573345743,3.339978593722807,25.742265322965835,nv
1193.0,159.0,178.0,73.0,152.0,40.0,67.0,66.0,106.0,29.0,42.0,18.0,58.0,28.0,95.0,70.0,170.0,36.0,45.0,21.0,47.0,21.0,35.0,18.0,85.0,15.0,28.0,12.0,123.0,36.0,146.0,88.0,164.0,41.0,40.0,22.0,35.0,19.0,32.0,10.0,50.0,17.0,17.0,9.0,45.0,14.0,25.0,41.0,97.0,22.0,26.0,8.0,33.0,18.0,23.0,16.0,108.0,29.0,38.0,18.0,179.0,37.0,178.0,123.0,169.0,45.0,46.0,29.0,36.0,19.0,26.0,24.0,24.0,11.0,9.0,13.0,14.0,12.0,20.0,21.0,54.0,11.0,16.0,15.0,15.0,9.0,18.0,10.0,38.0,10.0,20.0,15.0,34.0,16.0,39.0,47.0,91.0,27.0,26.0,20.0,26.0,16.0,13.0,17.0,27.0,15.0,14.0,14.0,23.0,22.0,23.0,37.0,96.0,43.0,17.0,25.0,35.0,11.0,16.0,16.0,105.0,30.0,34.0,42.0,140.0,65.0,147.0,150.0,103.0,97.0,31.0,98.0,24.0,22.0,26.0,74.0,24.0,22.0,8.0,19.0,18.0,9.0,17.0,96.0,30.0,17.0,14.0,17.0,6.0,7.0,13.0,20.0,15.0,12.0,17.0,20.0,21.0,24.0,30.0,98.0,48.0,30.0,12.0,37.0,13.0,15.0,10.0,26.0,16.0,13.0,5.0,15.0,12.0,17.0,15.0,49.0,25.0,19.0,11.0,21.0,12.0,11.0,17.0,19.0,29.0,18.0,11.0,46.0,52.0,45.0,79.0,220.0,93.0,118.0,50.0,167.0,17.0,42.0,13.0,127.0,20.0,22.0,15.0,44.0,10.0,16.0,21.0,96.0,39.0,32.0,13.0,57.0,15.0,12.0,8.0,54.0,27.0,22.0,21.0,53.0,23.0,42.0,44.0,202.0,103.0,135.0,34.0,171.0,27.0,44.0,29.0,127.0,36.0,39.0,22.0,62.0,15.0,47.0,41.0,229.0,103.0,107.0,32.0,144.0,34.0,64.0,30.0,147.0,120.0,152.0,63.0,256.0,124.0,212.0,229.0,2027.0,1.7573507375711752,0.06725812084463872,0.7673347322343322,0.9090622988699534,3.2976546744448996,36.89220199431607,3.2560506142670635,0.0577122993100747,0.7132401892749012,0.8357937878774767,3.4648456951596587,36.4020180078571,mel
474.0,61.0,146.0,108.0,80.0,2.0,99.0,91.0,82.0,16.0,11.0,17.0,91.0,12.0,108.0,108.0,66.0,5.0,15.0,5.0,21.0,1.0,15.0,10.0,82.0,8.0,25.0,8.0,130.0,10.0,181.0,132.0,143.0,18.0,25.0,18.0,21.0,3.0,11.0,14.0,29.0,1.0,4.0,7.0,30.0,4.0,21.0,18.0,120.0,11.0,28.0,8.0,21.0,2.0,13.0,10.0,252.0,18.0,39.0,25.0,403.0,32.0,254.0,142.0,81.0,11.0,22.0,22.0,13.0,6.0,12.0,15.0,12.0,1.0,2.0,4.0,20.0,2.0,18.0,17.0,18.0,2.0,5.0,3.0,4.0,0.0,3.0,0.0,15.0,5.0,4.0,4.0,21.0,4.0,28.0,10.0,115.0,25.0,26.0,9.0,9.0,3.0,9.0,6.0,20.0,1.0,4.0,2.0,27.0,7.0,25.0,16.0,133.0,17.0,11.0,6.0,17.0,3.0,12.0,7.0,319.0,24.0,40.0,7.0,337.0,27.0,164.0,117.0,87.0,82.0,37.0,223.0,9.0,6.0,22.0,280.0,7.0,10.0,1.0,17.0,10.0,8.0,21.0,159.0,9.0,10.0,9.0,18.0,3.0,5.0,2.0,13.0,7.0,13.0,3.0,12.0,14.0,6.0,15.0,148.0,23.0,33.0,3.0,25.0,1.0,3.0,5.0,21.0,0.0,4.0,4.0,1.0,3.0,3.0,2.0,15.0,14.0,13.0,2.0,16.0,2.0,1.0,3.0,14.0,21.0,19.0,1.0,21.0,20.0,28.0,26.0,132.0,108.0,148.0,44.0,420.0,18.0,23.0,30.0,319.0,13.0,14.0,2.0,22.0,9.0,13.0,12.0,171.0,15.0,11.0,4.0,36.0,2.0,3.0,3.0,21.0,11.0,21.0,4.0,27.0,18.0,17.0,30.0,198.0,192.0,256.0,22.0,237.0,15.0,24.0,20.0,175.0,18.0,27.0,6.0,28.0,15.0,27.0,20.0,138.0,196.0,213.0,23.0,193.0,14.0,27.0,16.0,131.0,194.0,160.0,36.0,167.0,184.0,200.0,164.0,2146.0,1.8515990780090752,0.09126599536663535,0.8575736358671446,0.9059490098816287,2.8948321484769926,37.522767436977524,3.4556140255700805,0.07167282762870382,0.7835136208628142,0.8281281140963447,3.1555639439266883,36.75589593024863,mel
308.0,47.0,73.0,36.0,36.0,6.0,46.0,54.0,46.0,8.0,14.0,9.0,45.0,10.0,70.0,71.0,41.0,7.0,9.0,5.0,9.0,0.0,13.0,7.0,41.0,7.0,19.0,12.0,116.0,8.0,229.0,86.0,75.0,16.0,23.0,9.0,11.0,4.0,14.0,5.0,20.0,0.0,5.0,1.0,18.0,4.0,14.0,3.0,55.0,5.0,12.0,6.0,5.0,1.0,7.0,8.0,79.0,11.0,12.0,9.0,218.0,21.0,218.0,76.0,39.0,12.0,14.0,4.0,8.0,0.0,7.0,6.0,7.0,2.0,1.0,3.0,7.0,2.0,5.0,9.0,8.0,2.0,5.0,1.0,2.0,0.0,2.0,3.0,6.0,3.0,0.0,1.0,7.0,0.0,11.0,14.0,53.0,15.0,11.0,5.0,7.0,1.0,9.0,6.0,11.0,1.0,0.0,0.0,13.0,3.0,10.0,7.0,46.0,7.0,6.0,8.0,6.0,0.0,6.0,6.0,95.0,8.0,9.0,4.0,76.0,9.0,86.0,65.0,42.0,40.0,10.0,63.0,6.0,7.0,18.0,101.0,13.0,6.0,3.0,5.0,8.0,9.0,7.0,72.0,11.0,5.0,2.0,6.0,0.0,2.0,2.0,4.0,9.0,6.0,1.0,7.0,6.0,11.0,12.0,55.0,14.0,20.0,4.0,18.0,1.0,6.0,1.0,12.0,2.0,2.0,1.0,2.0,3.0,6.0,4.0,8.0,14.0,10.0,1.0,8.0,0.0,3.0,1.0,16.0,8.0,8.0,7.0,10.0,12.0,14.0,17.0,64.0,48.0,80.0,15.0,148.0,8.0,4.0,7.0,84.0,5.0,6.0,0.0,10.0,4.0,3.0,8.0,66.0,10.0,3.0,2.0,17.0,2.0,1.0,0.0,10.0,4.0,7.0,2.0,13.0,9.0,15.0,16.0,106.0,71.0,212.0,14.0,142.0,8.0,12.0,16.0,68.0,5.0,7.0,2.0,14.0,10.0,10.0,7.0,68.0,93.0,89.0,6.0,61.0,12.0,8.0,9.0,64.0,74.0,68.0,13.0,60.0,80.0,109.0,70.0,1038.0,1.7455379908210094,0.09936953209954635,0.8399056551294338,0.8299103974812624,2.716729801351999,18.779384931833416,3.4990666520259137,0.0800646721924937,0.7573206217642181,0.6672630839262934,2.9479025224611366,17.532964859925805,nv
418.0,58.0,102.0,52.0,81.0,16.0,60.0,65.0,60.0,13.0,8.0,7.0,58.0,12.0,96.0,69.0,60.0,13.0,12.0,6.0,15.0,4.0,18.0,9.0,60.0,9.0,14.0,8.0,113.0,7.0,198.0,80.0,105.0,19.0,20.0,8.0,14.0,2.0,11.0,6.0,18.0,2.0,4.0,1.0,29.0,4.0,11.0,11.0,64.0,3.0,9.0,6.0,5.0,1.0,4.0,10.0,124.0,16.0,18.0,16.0,197.0,14.0,139.0,71.0,67.0,14.0,18.0,16.0,16.0,5.0,11.0,8.0,6.0,5.0,4.0,5.0,9.0,2.0,9.0,7.0,12.0,4.0,4.0,2.0,6.0,2.0,7.0,1.0,11.0,0.0,2.0,2.0,17.0,4.0,17.0,20.0,84.0,16.0,8.0,11.0,12.0,2.0,2.0,9.0,15.0,2.0,1.0,4.0,11.0,4.0,11.0,15.0,96.0,14.0,10.0,7.0,11.0,2.0,9.0,6.0,130.0,17.0,19.0,15.0,129.0,21.0,74.0,73.0,59.0,47.0,30.0,107.0,8.0,19.0,8.0,92.0,16.0,10.0,6.0,7.0,7.0,6.0,12.0,58.0,10.0,5.0,1.0,10.0,5.0,0.0,2.0,19.0,10.0,9.0,3.0,10.0,8.0,10.0,14.0,63.0,12.0,12.0,9.0,11.0,1.0,3.0,4.0,13.0,4.0,1.0,1.0,3.0,3.0,0.0,2.0,16.0,10.0,11.0,0.0,12.0,2.0,0.0,5.0,7.0,12.0,11.0,7.0,28.0,12.0,11.0,19.0,93.0,64.0,94.0,31.0,130.0,7.0,17.0,17.0,98.0,7.0,11.0,2.0,9.0,5.0,15.0,8.0,78.0,11.0,11.0,5.0,22.0,4.0,2.0,4.0,26.0,12.0,5.0,3.0,17.0,11.0,13.0,17.0,96.0,121.0,168.0,12.0,106.0,7.0,9.0,12.0,62.0,10.0,15.0,3.0,26.0,10.0,17.0,13.0,69.0,111.0,84.0,17.0,69.0,11.0,26.0,3.0,66.0,94.0,101.0,29.0,89.0,76.0,109.0,79.0,1107.0,2.0484632460994905,0.04639690373296511,0.7434438331019716,0.9000501319559985,3.5083980812812614,38.94135067136731,4.130774071743237,0.03738154431366363,0.641976794126217,0.7945566476447207,3.787386278874757,36.082491769049426,mel
622.0,61.0,100.0,46.0,87.0,20.0,64.0,65.0,71.0,11.0,21.0,10.0,45.0,16.0,87.0,82.0,71.0,12.0,14.0,4.0,17.0,3.0,21.0,21.0,43.0,13.0,15.0,13.0,71.0,19.0,136.0,70.0,75.0,12.0,24.0,10.0,19.0,9.0,10.0,13.0,21.0,7.0,6.0,4.0,30.0,3.0,17.0,13.0,40.0,8.0,9.0,9.0,14.0,4.0,9.0,6.0,82.0,8.0,13.0,19.0,113.0,23.0,92.0,62.0,79.0,23.0,16.0,13.0,15.0,8.0,14.0,16.0,18.0,5.0,3.0,4.0,10.0,5.0,9.0,15.0,26.0,6.0,6.0,4.0,5.0,1.0,4.0,6.0,17.0,4.0,3.0,3.0,19.0,5.0,23.0,31.0,41.0,12.0,21.0,7.0,8.0,5.0,3.0,11.0,12.0,6.0,7.0,7.0,13.0,5.0,14.0,13.0,57.0,11.0,7.0,12.0,21.0,4.0,7.0,12.0,60.0,15.0,20.0,12.0,73.0,32.0,53.0,57.0,73.0,41.0,21.0,86.0,12.0,12.0,17.0,97.0,12.0,10.0,2.0,19.0,9.0,10.0,8.0,79.0,17.0,7.0,8.0,14.0,4.0,3.0,6.0,21.0,6.0,9.0,5.0,11.0,12.0,12.0,15.0,90.0,14.0,21.0,4.0,26.0,2.0,5.0,6.0,12.0,5.0,8.0,1.0,11.0,6.0,7.0,8.0,40.0,13.0,10.0,3.0,15.0,3.0,4.0,4.0,18.0,8.0,9.0,4.0,20.0,23.0,16.0,22.0,111.0,52.0,89.0,18.0,143.0,18.0,22.0,11.0,101.0,9.0,12.0,5.0,29.0,5.0,8.0,12.0,74.0,10.0,18.0,3.0,25.0,8.0,8.0,4.0,30.0,3.0,10.0,3.0,18.0,11.0,12.0,18.0,103.0,75.0,136.0,12.0,116.0,5.0,20.0,14.0,83.0,12.0,24.0,5.0,37.0,8.0,18.0,17.0,81.0,45.0,89.0,15.0,72.0,7.0,16.0,12.0,66.0,52.0,54.0,19.0,91.0,71.0,97.0,87.0,1161.0,2.682584357506959,0.037637536174797454,0.6871885898108062,0.8719551263635879,3.769578735384181,39.21810688178853,4.779896177442191,0.031325560239129274,0.5998806893146599,0.7678038509246763,3.9750110837123076,36.391296337827434,mel
729.0,66.0,83.0,33.0,89.0,24.0,54.0,41.0,79.0,16.0,17.0,11.0,40.0,13.0,49.0,57.0,96.0,19.0,14.0,10.0,30.0,13.0,13.0,12.0,40.0,7.0,10.0,13.0,87.0,13.0,98.0,65.0,75.0,19.0,18.0,12.0,19.0,4.0,7.0,12.0,17.0,3.0,4.0,5.0,20.0,9.0,22.0,23.0,42.0,10.0,8.0,7.0,10.0,6.0,6.0,10.0,61.0,9.0,17.0,18.0,115.0,28.0,113.0,58.0,70.0,23.0,20.0,11.0,25.0,7.0,21.0,18.0,23.0,8.0,6.0,6.0,8.0,4.0,9.0,17.0,23.0,6.0,6.0,7.0,6.0,4.0,4.0,4.0,11.0,5.0,3.0,2.0,25.0,8.0,16.0,25.0,53.0,16.0,14.0,9.0,14.0,4.0,8.0,2.0,17.0,5.0,6.0,2.0,7.0,7.0,11.0,18.0,63.0,19.0,17.0,12.0,18.0,6.0,5.0,10.0,89.0,27.0,27.0,14.0,108.0,37.0,67.0,96.0,64.0,27.0,19.0,72.0,13.0,12.0,15.0,60.0,11.0,7.0,6.0,15.0,10.0,6.0,13.0,55.0,5.0,12.0,3.0,17.0,3.0,3.0,3.0,15.0,12.0,9.0,4.0,15.0,12.0,6.0,28.0,64.0,21.0,13.0,8.0,18.0,8.0,2.0,6.0,17.0,8.0,4.0,5.0,3.0,7.0,8.0,4.0,29.0,13.0,12.0,4.0,14.0,1.0,4.0,3.0,13.0,15.0,14.0,9.0,20.0,24.0,13.0,46.0,112.0,49.0,57.0,25.0,89.0,10.0,18.0,10.0,85.0,9.0,13.0,4.0,26.0,4.0,10.0,9.0,63.0,11.0,22.0,12.0,34.0,5.0,10.0,10.0,24.0,4.0,8.0,5.0,25.0,17.0,18.0,17.0,90.0,68.0,124.0,22.0,80.0,19.0,21.0,10.0,59.0,21.0,19.0,4.0,24.0,7.0,18.0,23.0,88.0,72.0,57.0,17.0,66.0,15.0,23.0,10.0,74.0,78.0,89.0,27.0,129.0,54.0,94.0,103.0,1136.0,6.681361973548452,0.03144810004330682,0.6215967794230772,0.7370579885456574,4.098685555741186,44.138679575488005,8.874292007551924,0.02586356860274044,0.5404133544775949,0.6456709105616387,4.307714215438754,41.21638511759375,mel
149.0,19.0,42.0,24.0,20.0,6.0,23.0,29.0,21.0,2.0,4.0,5.0,15.0,1.0,31.0,34.0,31.0,2.0,10.0,3.0,7.0,2.0,2.0,5.0,14.0,3.0,9.0,1.0,43.0,4.0,40.0,34.0,61.0,4.0,13.0,3.0,12.0,4.0,4.0,6.0,4.0,1.0,1.0,0.0,14.0,3.0,4.0,7.0,21.0,4.0,7.0,0.0,3.0,0.0,1.0,1.0,36.0,4.0,10.0,1.0,90.0,5.0,51.0,20.0,17.0,7.0,9.0,1.0,3.0,2.0,4.0,3.0,2.0,0.0,0.0,0.0,3.0,1.0,7.0,3.0,5.0,1.0,3.0,2.0,0.0,1.0,0.0,2.0,2.0,0.0,2.0,0.0,3.0,1.0,3.0,6.0,14.0,5.0,3.0,1.0,3.0,1.0,2.0,3.0,5.0,0.0,2.0,3.0,4.0,4.0,0.0,4.0,33.0,0.0,2.0,1.0,4.0,2.0,2.0,1.0,44.0,2.0,5.0,4.0,53.0,9.0,38.0,26.0,16.0,17.0,6.0,15.0,2.0,3.0,5.0,45.0,7.0,1.0,2.0,3.0,1.0,5.0,5.0,35.0,7.0,1.0,0.0,1.0,0.0,0.0,1.0,6.0,3.0,3.0,0.0,3.0,4.0,2.0,3.0,28.0,2.0,4.0,0.0,5.0,1.0,0.0,0.0,5.0,1.0,0.0,0.0,0.0,0.0,2.0,2.0,11.0,5.0,5.0,0.0,2.0,2.0,1.0,0.0,1.0,2.0,2.0,1.0,3.0,7.0,6.0,11.0,35.0,13.0,40.0,8.0,60.0,0.0,3.0,4.0,23.0,5.0,3.0,0.0,6.0,4.0,2.0,4.0,27.0,0.0,5.0,4.0,4.0,0.0,1.0,1.0,8.0,3.0,0.0,1.0,7.0,1.0,7.0,6.0,39.0,23.0,52.0,6.0,41.0,3.0,3.0,3.0,25.0,2.0,5.0,0.0,5.0,3.0,5.0,2.0,23.0,43.0,36.0,4.0,29.0,5.0,4.0,4.0,19.0,45.0,17.0,9.0,28.0,30.0,47.0,30.0,528.0,2.1189789317248016,0.1171571267077695,0.7688379779825675,0.7321356131359233,2.8776486587812844,13.702302549788778,3.7631392673863036,0.09778360709393785,0.6729145848033465,0.5110178955093084,3.1031381237662594,11.628586658068047,nv
201.0,19.0,38.0,11.0,21.0,12.0,29.0,24.0,19.0,8.0,6.0,7.0,17.0,3.0,38.0,49.0,20.0,6.0,7.0,4.0,8.0,2.0,5.0,3.0,17.0,4.0,10.0,4.0,42.0,7.0,83.0,40.0,21.0,8.0,9.0,6.0,13.0,1.0,6.0,1.0,8.0,0.0,3.0,1.0,7.0,1.0,10.0,3.0,17.0,2.0,1.0,0.0,3.0,1.0,4.0,2.0,31.0,3.0,4.0,1.0,66.0,11.0,64.0,30.0,27.0,9.0,12.0,6.0,6.0,3.0,2.0,6.0,1.0,2.0,2.0,3.0,2.0,1.0,4.0,3.0,5.0,4.0,1.0,0.0,1.0,0.0,1.0,1.0,2.0,1.0,1.0,1.0,5.0,2.0,11.0,12.0,20.0,4.0,4.0,1.0,6.0,1.0,2.0,1.0,6.0,3.0,2.0,1.0,3.0,3.0,3.0,3.0,27.0,2.0,3.0,0.0,4.0,2.0,0.0,5.0,53.0,5.0,11.0,5.0,30.0,11.0,33.0,21.0,26.0,10.0,4.0,25.0,6.0,0.0,6.0,45.0,8.0,3.0,0.0,2.0,3.0,1.0,3.0,40.0,4.0,3.0,1.0,4.0,1.0,2.0,1.0,10.0,9.0,1.0,2.0,2.0,3.0,5.0,9.0,33.0,1.0,5.0,2.0,9.0,1.0,0.0,2.0,5.0,1.0,0.0,0.0,0.0,1.0,2.0,4.0,10.0,5.0,5.0,0.0,8.0,1.0,0.0,1.0,5.0,3.0,4.0,2.0,3.0,11.0,4.0,12.0,42.0,12.0,35.0,10.0,77.0,3.0,9.0,2.0,42.0,2.0,4.0,1.0,6.0,0.0,2.0,1.0,23.0,4.0,6.0,1.0,8.0,2.0,4.0,0.0,6.0,2.0,0.0,0.0,4.0,3.0,4.0,5.0,29.0,28.0,33.0,6.0,47.0,2.0,8.0,2.0,18.0,3.0,3.0,3.0,11.0,2.0,5.0,3.0,36.0,39.0,39.0,2.0,29.0,1.0,10.0,4.0,12.0,42.0,24.0,15.0,37.0,25.0,28.0,45.0,749.0,2.2685235472108016,0.107846456191611,0.7719488219776078,0.7298621131712337,2.8998249811349317,14.526777355166976,3.8125740462838666,0.09128943806879307,0.676747761878706,0.5273479104718872,3.1268326017889687,12.320112683569668,nv
150.0,16.0,49.0,20.0,17.0,6.0,21.0,32.0,17.0,2.0,5.0,4.0,13.0,4.0,15.0,42.0,19.0,3.0,10.0,5.0,6.0,3.0,1.0,2.0,15.0,0.0,8.0,3.0,41.0,4.0,59.0,26.0,63.0,12.0,14.0,3.0,5.0,4.0,4.0,6.0,2.0,1.0,0.0,0.0,6.0,0.0,5.0,5.0,12.0,2.0,2.0,1.0,6.0,1.0,1.0,4.0,21.0,3.0,6.0,4.0,50.0,3.0,42.0,25.0,31.0,6.0,7.0,4.0,2.0,3.0,3.0,6.0,7.0,0.0,0.0,1.0,1.0,1.0,1.0,7.0,5.0,0.0,2.0,0.0,1.0,1.0,2.0,2.0,1.0,0.0,3.0,1.0,4.0,1.0,4.0,8.0,18.0,3.0,7.0,1.0,4.0,0.0,0.0,1.0,6.0,3.0,0.0,0.0,4.0,0.0,1.0,3.0,30.0,4.0,1.0,2.0,0.0,3.0,1.0,1.0,44.0,3.0,4.0,4.0,37.0,6.0,30.0,17.0,20.0,14.0,3.0,33.0,2.0,1.0,6.0,33.0,7.0,2.0,2.0,4.0,1.0,6.0,4.0,25.0,2.0,4.0,0.0,7.0,0.0,0.0,0.0,2.0,6.0,3.0,0.0,5.0,2.0,3.0,5.0,26.0,3.0,13.0,1.0,3.0,1.0,7.0,0.0,6.0,0.0,1.0,0.0,3.0,0.0,2.0,0.0,11.0,5.0,4.0,3.0,0.0,0.0,2.0,1.0,2.0,2.0,3.0,0.0,2.0,4.0,4.0,6.0,22.0,13.0,43.0,11.0,41.0,3.0,4.0,1.0,32.0,3.0,4.0,0.0,4.0,3.0,2.0,5.0,31.0,3.0,4.0,2.0,4.0,0.0,0.0,0.0,6.0,0.0,2.0,2.0,4.0,1.0,9.0,9.0,36.0,38.0,93.0,8.0,58.0,4.0,1.0,1.0,21.0,2.0,5.0,2.0,11.0,3.0,7.0,2.0,31.0,42.0,57.0,5.0,30.0,3.0,12.0,4.0,23.0,46.0,33.0,6.0,30.0,20.0,42.0,29.0,541.0,2.072229031693223,0.11851139063515191,0.77108855882582,0.7369257785890064,2.8685769614461254,13.681720713582957,3.711628730847578,0.0983534938838042,0.6743109305962488,0.5162788041673343,3.097028212059443,11.6345200954757,nv
2062.0,294.0,719.0,375.0,312.0,83.0,338.0,276.0,287.0,44.0,75.0,60.0,262.0,52.0,379.0,308.0,319.0,48.0,110.0,44.0,94.0,23.0,60.0,46.0,300.0,40.0,112.0,76.0,440.0,64.0,647.0,427.0,700.0,114.0,177.0,83.0,132.0,33.0,80.0,70.0,120.0,32.0,31.0,19.0,147.0,37.0,110.0,95.0,362.0,49.0,74.0,50.0,87.0,23.0,61.0,33.0,467.0,81.0,101.0,62.0,797.0,159.0,647.0,469.0,369.0,97.0,152.0,82.0,57.0,24.0,60.0,57.0,44.0,16.0,20.0,19.0,44.0,16.0,63.0,60.0,90.0,25.0,27.0,14.0,18.0,12.0,14.0,23.0,57.0,19.0,22.0,13.0,83.0,18.0,141.0,95.0,357.0,80.0,101.0,51.0,64.0,10.0,56.0,56.0,84.0,18.0,18.0,18.0,67.0,13.0,62.0,61.0,304.0,53.0,86.0,51.0,46.0,17.0,58.0,55.0,428.0,69.0,89.0,75.0,538.0,121.0,462.0,416.0,289.0,263.0,116.0,512.0,49.0,70.0,55.0,400.0,46.0,40.0,17.0,61.0,45.0,46.0,56.0,334.0,58.0,44.0,21.0,82.0,10.0,21.0,18.0,72.0,42.0,54.0,24.0,66.0,66.0,83.0,72.0,486.0,101.0,111.0,35.0,104.0,19.0,36.0,22.0,94.0,15.0,26.0,8.0,38.0,18.0,38.0,22.0,120.0,64.0,72.0,21.0,49.0,18.0,15.0,15.0,60.0,65.0,63.0,37.0,74.0,83.0,153.0,132.0,529.0,339.0,440.0,152.0,898.0,53.0,84.0,70.0,573.0,50.0,54.0,22.0,116.0,28.0,63.0,77.0,500.0,69.0,85.0,41.0,140.0,15.0,14.0,19.0,141.0,54.0,68.0,29.0,157.0,74.0,128.0,103.0,919.0,426.0,635.0,119.0,715.0,67.0,121.0,67.0,543.0,70.0,86.0,31.0,117.0,77.0,124.0,70.0,546.0,322.0,437.0,87.0,484.0,88.0,100.0,72.0,465.0,383.0,524.0,133.0,559.0,513.0,911.0,526.0,4201.0,0.6334671502533296,0.1681084346975062,0.844697754190672,0.8105724058780408,2.27314752264087,6.0547574792109975,1.0948295539954462,0.1424049541617128,0.7926471917019697,0.6826605054406153,2.4360013056850374,5.805222741831017,mel
2331.0,342.0,266.0,296.0,343.0,87.0,223.0,397.0,804.0,127.0,79.0,144.0,334.0,61.0,325.0,564.0,348.0,57.0,52.0,43.0,86.0,19.0,55.0,76.0,363.0,51.0,51.0,60.0,266.0,40.0,280.0,391.0,293.0,47.0,44.0,38.0,48.0,13.0,37.0,62.0,111.0,22.0,20.0,28.0,49.0,28.0,49.0,60.0,265.0,40.0,31.0,53.0,73.0,24.0,62.0,90.0,435.0,73.0,66.0,72.0,350.0,64.0,340.0,458.0,394.0,109.0,49.0,77.0,60.0,24.0,56.0,83.0,178.0,43.0,21.0,36.0,57.0,17.0,53.0,158.0,87.0,23.0,19.0,14.0,23.0,13.0,8.0,22.0,89.0,24.0,15.0,16.0,56.0,23.0,58.0,100.0,309.0,62.0,48.0,68.0,43.0,17.0,32.0,74.0,160.0,47.0,30.0,57.0,77.0,26.0,69.0,129.0,395.0,89.0,55.0,71.0,89.0,20.0,70.0,134.0,789.0,171.0,119.0,181.0,523.0,127.0,477.0,978.0,786.0,348.0,114.0,418.0,166.0,85.0,160.0,727.0,201.0,85.0,28.0,116.0,89.0,51.0,119.0,579.0,135.0,52.0,25.0,91.0,48.0,27.0,47.0,166.0,85.0,41.0,21.0,53.0,81.0,52.0,102.0,462.0,100.0,56.0,25.0,60.0,22.0,27.0,20.0,93.0,40.0,21.0,9.0,29.0,20.0,13.0,36.0,147.0,119.0,63.0,34.0,70.0,45.0,15.0,58.0,174.0,94.0,55.0,40.0,76.0,103.0,72.0,118.0,515.0,372.0,272.0,55.0,366.0,65.0,44.0,82.0,485.0,108.0,84.0,22.0,99.0,52.0,52.0,58.0,438.0,92.0,50.0,27.0,67.0,15.0,22.0,22.0,121.0,58.0,56.0,10.0,68.0,54.0,56.0,48.0,369.0,328.0,312.0,69.0,354.0,69.0,82.0,68.0,488.0,113.0,97.0,39.0,154.0,66.0,50.0,69.0,545.0,582.0,397.0,95.0,472.0,140.0,123.0,154.0,990.0,622.0,473.0,127.0,554.0,499.0,439.0,569.0,4412.0,0.696824518698827,0.1626015050490513,0.8362631411454907,0.7997691867913465,2.3071216702149324,6.2633881232254796,1.152487693634062,0.13932355167185878,0.7870443262837826,0.6790570722192252,2.457928309615288,6.02939789333415,mel
3192.0,431.0,322.0,189.0,382.0,131.0,199.0,232.0,328.0,91.0,90.0,97.0,185.0,77.0,255.0,380.0,419.0,112.0,99.0,55.0,129.0,43.0,99.0,86.0,224.0,50.0,88.0,88.0,252.0,87.0,395.0,405.0,378.0,106.0,55.0,37.0,73.0,46.0,44.0,55.0,88.0,28.0,51.0,37.0,81.0,30.0,83.0,130.0,213.0,57.0,48.0,30.0,70.0,28.0,44.0,45.0,211.0,72.0,89.0,75.0,304.0,95.0,383.0,387.0,412.0,133.0,72.0,70.0,97.0,53.0,58.0,94.0,83.0,37.0,35.0,38.0,55.0,33.0,86.0,125.0,142.0,50.0,37.0,41.0,47.0,26.0,41.0,57.0,71.0,28.0,30.0,47.0,94.0,41.0,136.0,176.0,196.0,101.0,50.0,44.0,53.0,36.0,34.0,54.0,86.0,25.0,24.0,39.0,52.0,29.0,69.0,101.0,241.0,98.0,51.0,56.0,85.0,44.0,50.0,61.0,364.0,99.0,101.0,87.0,346.0,121.0,365.0,521.0,331.0,201.0,107.0,186.0,91.0,81.0,79.0,292.0,73.0,54.0,29.0,86.0,62.0,57.0,101.0,351.0,103.0,67.0,38.0,61.0,29.0,38.0,34.0,94.0,57.0,44.0,27.0,61.0,48.0,49.0,126.0,368.0,131.0,93.0,36.0,91.0,37.0,44.0,37.0,95.0,41.0,40.0,25.0,62.0,25.0,32.0,55.0,175.0,101.0,77.0,35.0,67.0,36.0,34.0,38.0,122.0,95.0,61.0,57.0,98.0,110.0,104.0,223.0,674.0,217.0,254.0,75.0,299.0,65.0,112.0,68.0,309.0,49.0,60.0,26.0,95.0,28.0,38.0,66.0,349.0,75.0,83.0,39.0,109.0,33.0,52.0,31.0,121.0,38.0,49.0,32.0,109.0,63.0,74.0,96.0,509.0,269.0,407.0,93.0,400.0,77.0,118.0,75.0,352.0,84.0,137.0,72.0,199.0,62.0,108.0,112.0,697.0,329.0,406.0,143.0,403.0,125.0,191.0,113.0,512.0,365.0,366.0,186.0,694.0,370.0,522.0,725.0,4376.0,1.2317365377339802,0.14095193351799024,0.7761379202831105,0.7084408806236304,2.583237192274118,7.217572407694307,1.7460250414843872,0.1208589660742951,0.7337818554730253,0.6050667100336489,2.710211541564467,7.096101392745311,mel
1178.0,194.0,297.0,169.0,203.0,51.0,170.0,129.0,214.0,32.0,65.0,28.0,146.0,41.0,178.0,161.0,178.0,38.0,75.0,30.0,63.0,16.0,42.0,28.0,157.0,29.0,72.0,39.0,146.0,36.0,315.0,232.0,364.0,48.0,104.0,46.0,47.0,11.0,44.0,44.0,73.0,12.0,26.0,7.0,51.0,17.0,60.0,54.0,164.0,42.0,42.0,39.0,38.0,14.0,29.0,24.0,220.0,40.0,61.0,42.0,269.0,66.0,342.0,260.0,187.0,54.0,58.0,41.0,30.0,22.0,26.0,30.0,33.0,7.0,12.0,13.0,30.0,6.0,36.0,40.0,52.0,15.0,20.0,10.0,9.0,8.0,13.0,17.0,41.0,16.0,21.0,15.0,50.0,18.0,72.0,71.0,149.0,32.0,52.0,40.0,38.0,16.0,42.0,31.0,36.0,7.0,17.0,15.0,34.0,16.0,42.0,49.0,127.0,22.0,39.0,33.0,32.0,19.0,32.0,37.0,180.0,47.0,39.0,46.0,249.0,62.0,277.0,287.0,188.0,142.0,76.0,201.0,27.0,29.0,47.0,169.0,19.0,32.0,9.0,32.0,23.0,47.0,36.0,181.0,32.0,27.0,18.0,24.0,14.0,12.0,12.0,43.0,33.0,25.0,14.0,46.0,36.0,31.0,56.0,256.0,58.0,83.0,27.0,48.0,15.0,20.0,16.0,55.0,16.0,17.0,11.0,10.0,17.0,24.0,20.0,76.0,38.0,38.0,13.0,36.0,10.0,13.0,17.0,51.0,38.0,30.0,20.0,50.0,45.0,79.0,84.0,357.0,139.0,144.0,53.0,254.0,29.0,43.0,47.0,201.0,25.0,32.0,13.0,48.0,30.0,42.0,28.0,254.0,39.0,37.0,16.0,53.0,18.0,19.0,8.0,65.0,33.0,39.0,27.0,77.0,44.0,70.0,77.0,480.0,173.0,247.0,61.0,305.0,37.0,79.0,39.0,229.0,39.0,50.0,11.0,84.0,51.0,67.0,51.0,312.0,177.0,197.0,50.0,228.0,30.0,67.0,40.0,291.0,210.0,246.0,74.0,311.0,239.0,477.0,387.0,3438.0,1.1613439268837302,0.17084579110906353,0.8779735554285856,0.8037668634991749,2.187600873232129,10.675025277548214,2.1596575563874496,0.15177377150964322,0.8407923505900259,0.6562143898942784,2.315236992543294,10.404321230992894,mel
1362.0,201.0,202.0,147.0,210.0,52.0,139.0,159.0,357.0,92.0,64.0,84.0,171.0,50.0,184.0,271.0,182.0,32.0,40.0,19.0,53.0,16.0,42.0,36.0,155.0,24.0,33.0,28.0,131.0,30.0,148.0,202.0,165.0,32.0,33.0,35.0,40.0,8.0,21.0,35.0,82.0,14.0,13.0,10.0,44.0,12.0,39.0,56.0,135.0,26.0,27.0,19.0,39.0,7.0,52.0,30.0,177.0,32.0,45.0,43.0,171.0,35.0,177.0,238.0,185.0,53.0,32.0,38.0,32.0,19.0,25.0,46.0,75.0,26.0,10.0,29.0,36.0,15.0,33.0,86.0,40.0,18.0,7.0,10.0,13.0,8.0,14.0,18.0,45.0,14.0,12.0,16.0,30.0,17.0,27.0,58.0,126.0,41.0,35.0,45.0,31.0,10.0,23.0,42.0,55.0,21.0,5.0,30.0,42.0,22.0,37.0,98.0,140.0,41.0,27.0,47.0,36.0,27.0,40.0,86.0,276.0,54.0,40.0,94.0,189.0,50.0,240.0,512.0,384.0,179.0,65.0,197.0,67.0,39.0,61.0,268.0,122.0,57.0,28.0,65.0,51.0,37.0,62.0,296.0,70.0,37.0,14.0,31.0,25.0,11.0,22.0,80.0,49.0,32.0,8.0,42.0,40.0,29.0,48.0,244.0,69.0,31.0,12.0,33.0,14.0,12.0,12.0,40.0,22.0,12.0,6.0,17.0,19.0,8.0,24.0,63.0,76.0,29.0,11.0,47.0,30.0,14.0,25.0,84.0,61.0,47.0,20.0,47.0,48.0,39.0,77.0,357.0,168.0,127.0,42.0,193.0,40.0,26.0,41.0,238.0,55.0,46.0,15.0,46.0,39.0,28.0,34.0,243.0,43.0,22.0,6.0,46.0,20.0,13.0,12.0,59.0,34.0,28.0,10.0,53.0,33.0,43.0,34.0,269.0,172.0,171.0,38.0,212.0,33.0,35.0,45.0,231.0,68.0,51.0,17.0,75.0,41.0,44.0,43.0,326.0,256.0,164.0,50.0,207.0,78.0,62.0,68.0,536.0,258.0,230.0,77.0,313.0,215.0,244.0,345.0,3473.0,1.631540818016228,0.1346093252838274,0.8619057305674039,0.8028921789183519,2.3409391056683115,14.923264659138248,3.0439014761949275,0.11801915403323511,0.8220552284917341,0.6504785916406811,2.471778291041489,14.373638070142148,mel
768.0,104.0,353.0,200.0,115.0,28.0,177.0,126.0,136.0,14.0,42.0,27.0,146.0,24.0,303.0,218.0,110.0,14.0,46.0,24.0,17.0,10.0,29.0,22.0,158.0,20.0,56.0,38.0,243.0,24.0,469.0,346.0,346.0,31.0,94.0,34.0,48.0,6.0,54.0,34.0,63.0,7.0,18.0,8.0,75.0,10.0,75.0,40.0,181.0,23.0,47.0,29.0,33.0,7.0,32.0,30.0,300.0,46.0,74.0,48.0,450.0,59.0,536.0,335.0,105.0,34.0,38.0,37.0,11.0,5.0,36.0,21.0,19.0,3.0,5.0,6.0,18.0,8.0,40.0,29.0,22.0,6.0,9.0,6.0,5.0,3.0,4.0,3.0,26.0,8.0,17.0,9.0,25.0,11.0,48.0,46.0,198.0,33.0,48.0,28.0,25.0,6.0,36.0,22.0,30.0,4.0,11.0,7.0,37.0,7.0,38.0,34.0,152.0,18.0,27.0,27.0,20.0,2.0,24.0,18.0,245.0,25.0,42.0,26.0,406.0,35.0,346.0,277.0,137.0,112.0,50.0,279.0,22.0,17.0,32.0,250.0,23.0,13.0,9.0,32.0,14.0,25.0,34.0,252.0,17.0,12.0,6.0,35.0,3.0,9.0,5.0,22.0,23.0,20.0,7.0,42.0,24.0,30.0,35.0,326.0,55.0,41.0,18.0,69.0,8.0,12.0,7.0,36.0,11.0,7.0,3.0,9.0,8.0,13.0,9.0,42.0,31.0,36.0,12.0,41.0,4.0,5.0,6.0,26.0,27.0,34.0,11.0,27.0,37.0,57.0,44.0,323.0,142.0,187.0,57.0,463.0,19.0,28.0,34.0,335.0,17.0,25.0,7.0,40.0,24.0,31.0,33.0,334.0,25.0,24.0,12.0,48.0,3.0,14.0,8.0,43.0,28.0,22.0,13.0,66.0,32.0,51.0,72.0,476.0,254.0,430.0,69.0,489.0,37.0,47.0,36.0,346.0,35.0,47.0,13.0,47.0,31.0,63.0,46.0,290.0,204.0,340.0,44.0,280.0,38.0,44.0,34.0,249.0,260.0,345.0,48.0,310.0,331.0,527.0,289.0,3850.0,1.2222289594955131,0.1865671090658037,0.9072421390921441,0.8567779799563279,2.082058696877986,15.845383396800308,2.4267092365884397,0.1621800941255483,0.8624319610755877,0.7093092687492539,2.2430745214535524,14.269449090490752,mel
352.0,55.0,79.0,65.0,62.0,12.0,56.0,74.0,48.0,7.0,15.0,17.0,55.0,8.0,101.0,112.0,55.0,7.0,10.0,9.0,7.0,2.0,12.0,6.0,65.0,6.0,16.0,9.0,77.0,10.0,130.0,113.0,92.0,9.0,11.0,10.0,11.0,1.0,12.0,9.0,12.0,2.0,1.0,1.0,12.0,5.0,17.0,11.0,66.0,10.0,15.0,4.0,13.0,1.0,7.0,8.0,103.0,12.0,10.0,10.0,121.0,10.0,103.0,69.0,48.0,5.0,14.0,5.0,8.0,3.0,5.0,8.0,9.0,1.0,1.0,0.0,6.0,1.0,9.0,8.0,13.0,2.0,3.0,0.0,2.0,0.0,0.0,0.0,9.0,2.0,4.0,0.0,10.0,1.0,18.0,11.0,70.0,10.0,8.0,8.0,4.0,0.0,6.0,9.0,14.0,1.0,2.0,1.0,15.0,3.0,9.0,6.0,87.0,11.0,5.0,8.0,8.0,1.0,8.0,5.0,130.0,10.0,14.0,9.0,122.0,11.0,74.0,68.0,38.0,42.0,12.0,98.0,10.0,9.0,12.0,107.0,9.0,10.0,0.0,10.0,6.0,10.0,13.0,105.0,5.0,8.0,1.0,9.0,3.0,0.0,2.0,14.0,7.0,6.0,3.0,8.0,5.0,9.0,8.0,97.0,14.0,19.0,3.0,17.0,0.0,1.0,4.0,13.0,0.0,7.0,1.0,2.0,1.0,2.0,4.0,10.0,19.0,10.0,2.0,3.0,1.0,1.0,1.0,10.0,11.0,14.0,2.0,11.0,15.0,14.0,14.0,65.0,48.0,70.0,19.0,142.0,8.0,7.0,11.0,116.0,7.0,9.0,0.0,10.0,7.0,10.0,10.0,91.0,11.0,7.0,3.0,21.0,1.0,1.0,0.0,14.0,7.0,8.0,3.0,17.0,7.0,8.0,16.0,100.0,88.0,128.0,14.0,96.0,12.0,17.0,8.0,99.0,6.0,14.0,3.0,8.0,7.0,15.0,10.0,68.0,103.0,84.0,16.0,77.0,12.0,19.0,5.0,70.0,116.0,95.0,19.0,73.0,99.0,105.0,62.0,969.0,1.5396653886371559,0.07033107237241502,0.8194292856177338,0.8373579833730358,2.9301877019482507,17.39351584667096,2.9044042814528863,0.05297258708895747,0.72842127836763,0.696192137068477,3.185987725835091,16.215603037827893,nv
334.0,44.0,98.0,69.0,42.0,11.0,68.0,83.0,46.0,8.0,15.0,11.0,58.0,10.0,106.0,141.0,51.0,6.0,12.0,5.0,10.0,0.0,10.0,6.0,63.0,3.0,12.0,15.0,69.0,11.0,134.0,110.0,79.0,17.0,12.0,12.0,12.0,5.0,10.0,6.0,17.0,0.0,3.0,3.0,17.0,5.0,13.0,12.0,73.0,5.0,13.0,4.0,7.0,3.0,11.0,9.0,94.0,8.0,21.0,7.0,142.0,20.0,96.0,66.0,59.0,8.0,13.0,8.0,10.0,1.0,9.0,12.0,8.0,2.0,1.0,0.0,7.0,4.0,13.0,8.0,12.0,2.0,3.0,0.0,3.0,0.0,3.0,2.0,5.0,2.0,3.0,4.0,6.0,1.0,5.0,11.0,71.0,9.0,11.0,8.0,9.0,2.0,5.0,6.0,12.0,1.0,2.0,1.0,5.0,1.0,10.0,8.0,66.0,2.0,8.0,6.0,8.0,1.0,5.0,5.0,105.0,11.0,15.0,6.0,104.0,14.0,73.0,59.0,33.0,49.0,17.0,78.0,10.0,10.0,17.0,106.0,9.0,3.0,0.0,6.0,6.0,8.0,10.0,116.0,8.0,5.0,0.0,11.0,5.0,1.0,0.0,13.0,9.0,7.0,3.0,9.0,5.0,10.0,9.0,100.0,14.0,16.0,3.0,16.0,1.0,2.0,4.0,12.0,0.0,0.0,0.0,0.0,0.0,3.0,1.0,21.0,6.0,10.0,2.0,9.0,2.0,2.0,3.0,6.0,10.0,13.0,4.0,9.0,10.0,12.0,7.0,62.0,45.0,68.0,21.0,128.0,7.0,5.0,14.0,93.0,8.0,5.0,5.0,14.0,5.0,4.0,13.0,88.0,11.0,8.0,1.0,17.0,0.0,2.0,4.0,16.0,10.0,11.0,3.0,18.0,9.0,9.0,11.0,102.0,106.0,132.0,7.0,98.0,7.0,20.0,2.0,65.0,12.0,12.0,3.0,8.0,14.0,17.0,7.0,73.0,98.0,132.0,19.0,94.0,13.0,15.0,11.0,75.0,107.0,80.0,17.0,54.0,88.0,100.0,70.0,1065.0,1.363959567793656,0.06801271533869886,0.8189969473063543,0.8480393487822685,2.9375398635280474,16.58752401514197,2.563011054570977,0.05098739751752238,0.7296423015277912,0.7165388304716437,3.195449296510117,15.520672568378174,nv
255.0,32.0,72.0,67.0,31.0,4.0,69.0,88.0,51.0,5.0,12.0,9.0,58.0,6.0,125.0,208.0,37.0,8.0,5.0,8.0,6.0,0.0,4.0,8.0,64.0,6.0,12.0,14.0,90.0,2.0,182.0,166.0,63.0,8.0,16.0,11.0,10.0,0.0,13.0,5.0,16.0,0.0,3.0,3.0,17.0,0.0,16.0,6.0,64.0,5.0,17.0,4.0,7.0,0.0,6.0,6.0,164.0,7.0,13.0,9.0,184.0,10.0,157.0,92.0,29.0,4.0,8.0,5.0,2.0,2.0,7.0,7.0,5.0,1.0,0.0,1.0,7.0,0.0,11.0,8.0,5.0,0.0,0.0,0.0,1.0,0.0,1.0,0.0,8.0,0.0,0.0,0.0,15.0,0.0,14.0,11.0,55.0,4.0,11.0,3.0,6.0,0.0,12.0,11.0,10.0,3.0,0.0,0.0,8.0,0.0,6.0,6.0,93.0,5.0,4.0,5.0,8.0,0.0,5.0,7.0,211.0,8.0,11.0,4.0,201.0,14.0,126.0,70.0,46.0,46.0,15.0,131.0,9.0,4.0,12.0,189.0,5.0,9.0,4.0,11.0,5.0,12.0,12.0,158.0,7.0,11.0,0.0,6.0,0.0,0.0,2.0,14.0,11.0,6.0,1.0,12.0,6.0,3.0,7.0,97.0,9.0,19.0,1.0,13.0,2.0,0.0,0.0,5.0,1.0,1.0,1.0,0.0,3.0,2.0,2.0,14.0,10.0,7.0,0.0,13.0,1.0,1.0,0.0,12.0,8.0,7.0,0.0,4.0,5.0,12.0,5.0,46.0,54.0,90.0,11.0,220.0,6.0,9.0,14.0,179.0,8.0,8.0,0.0,6.0,6.0,2.0,13.0,101.0,3.0,3.0,0.0,12.0,0.0,0.0,1.0,12.0,4.0,6.0,2.0,7.0,4.0,8.0,6.0,86.0,120.0,192.0,14.0,168.0,7.0,7.0,12.0,84.0,6.0,14.0,0.0,6.0,9.0,6.0,6.0,65.0,165.0,140.0,7.0,88.0,6.0,10.0,6.0,55.0,170.0,104.0,8.0,53.0,111.0,75.0,64.0,1311.0,1.7559987726296415,0.07513080589442828,0.8479212587606637,0.8545875581806565,2.8630978262926923,22.395975441671148,3.3512164884549813,0.05467332756837106,0.7501034582391364,0.7167703441982317,3.1451751600037707,20.31308857146775,nv
1575.0,240.0,355.0,237.0,261.0,62.0,265.0,213.0,244.0,46.0,77.0,58.0,208.0,42.0,353.0,272.0,225.0,50.0,40.0,39.0,63.0,18.0,37.0,51.0,199.0,45.0,70.0,58.0,287.0,66.0,617.0,345.0,308.0,64.0,48.0,35.0,72.0,15.0,38.0,34.0,83.0,12.0,22.0,20.0,72.0,15.0,71.0,60.0,213.0,34.0,37.0,23.0,53.0,13.0,38.0,39.0,264.0,56.0,55.0,45.0,351.0,91.0,411.0,314.0,249.0,48.0,56.0,63.0,48.0,17.0,32.0,55.0,34.0,6.0,19.0,12.0,37.0,14.0,48.0,73.0,55.0,20.0,15.0,21.0,17.0,5.0,14.0,22.0,35.0,16.0,17.0,15.0,55.0,15.0,74.0,80.0,192.0,62.0,36.0,34.0,38.0,15.0,28.0,35.0,47.0,10.0,17.0,13.0,44.0,15.0,58.0,53.0,163.0,23.0,24.0,37.0,36.0,16.0,41.0,41.0,250.0,60.0,31.0,71.0,288.0,70.0,254.0,318.0,209.0,211.0,84.0,299.0,44.0,49.0,53.0,297.0,39.0,31.0,16.0,57.0,29.0,31.0,48.0,257.0,30.0,41.0,11.0,49.0,10.0,21.0,14.0,67.0,23.0,31.0,13.0,51.0,33.0,41.0,68.0,293.0,72.0,51.0,15.0,55.0,16.0,16.0,14.0,53.0,17.0,9.0,9.0,21.0,16.0,17.0,23.0,67.0,34.0,55.0,8.0,43.0,7.0,12.0,12.0,51.0,58.0,42.0,26.0,47.0,52.0,74.0,88.0,360.0,175.0,194.0,72.0,287.0,27.0,44.0,41.0,265.0,30.0,26.0,12.0,58.0,17.0,50.0,62.0,273.0,47.0,54.0,13.0,77.0,14.0,18.0,18.0,73.0,25.0,45.0,19.0,68.0,42.0,73.0,73.0,457.0,275.0,274.0,55.0,284.0,42.0,72.0,54.0,259.0,47.0,46.0,23.0,85.0,43.0,64.0,62.0,379.0,202.0,227.0,50.0,238.0,48.0,67.0,48.0,290.0,204.0,249.0,74.0,324.0,267.0,380.0,292.0,3029.0,0.8714854339882674,0.09786181730739082,0.7909906299046066,0.8552099013847729,2.722768705077293,11.166429345035324,1.519299395528367,0.08083449263086435,0.7262963638915694,0.7558394445205686,2.9118291114566013,10.925785295117791,mel
1029.0,124.0,292.0,256.0,138.0,14.0,263.0,258.0,228.0,27.0,45.0,48.0,248.0,22.0,469.0,536.0,124.0,19.0,33.0,32.0,18.0,2.0,32.0,31.0,225.0,28.0,70.0,43.0,249.0,24.0,553.0,492.0,282.0,32.0,33.0,29.0,35.0,6.0,33.0,45.0,70.0,3.0,9.0,6.0,54.0,7.0,50.0,44.0,217.0,27.0,42.0,24.0,41.0,8.0,28.0,39.0,390.0,59.0,57.0,34.0,503.0,66.0,425.0,361.0,114.0,17.0,33.0,15.0,23.0,5.0,29.0,34.0,25.0,4.0,7.0,10.0,29.0,4.0,56.0,49.0,13.0,5.0,5.0,3.0,0.0,3.0,5.0,5.0,29.0,1.0,4.0,8.0,22.0,3.0,44.0,54.0,245.0,25.0,40.0,27.0,35.0,3.0,33.0,37.0,36.0,6.0,7.0,6.0,40.0,3.0,44.0,49.0,216.0,28.0,24.0,26.0,18.0,3.0,26.0,45.0,350.0,38.0,38.0,33.0,384.0,54.0,341.0,387.0,244.0,185.0,59.0,363.0,30.0,36.0,39.0,409.0,24.0,35.0,10.0,48.0,35.0,24.0,53.0,391.0,26.0,29.0,8.0,55.0,1.0,7.0,6.0,43.0,30.0,36.0,6.0,43.0,26.0,42.0,48.0,381.0,59.0,50.0,5.0,38.0,6.0,7.0,9.0,38.0,8.0,5.0,1.0,7.0,5.0,11.0,6.0,34.0,38.0,45.0,7.0,44.0,6.0,7.0,1.0,39.0,37.0,54.0,5.0,36.0,44.0,59.0,34.0,257.0,225.0,209.0,50.0,375.0,25.0,29.0,39.0,385.0,32.0,26.0,8.0,31.0,39.0,22.0,55.0,333.0,31.0,19.0,6.0,49.0,9.0,2.0,5.0,52.0,20.0,20.0,8.0,40.0,33.0,42.0,46.0,387.0,334.0,313.0,41.0,345.0,43.0,50.0,44.0,287.0,40.0,29.0,1.0,29.0,40.0,45.0,49.0,224.0,358.0,361.0,29.0,321.0,46.0,34.0,35.0,313.0,282.0,318.0,41.0,248.0,357.0,404.0,245.0,3296.0,0.6797789826424189,0.13875377191646446,0.8459087186661206,0.8652491740659377,2.4110069513254473,9.409643147876528,1.2175015852885225,0.11123441956296766,0.7782603093622487,0.7573037093431267,2.6239799427510317,8.81562732651542,mel
2168.0,256.0,248.0,166.0,210.0,67.0,176.0,193.0,258.0,51.0,63.0,69.0,202.0,51.0,268.0,265.0,284.0,36.0,42.0,48.0,84.0,21.0,63.0,61.0,219.0,46.0,56.0,47.0,271.0,67.0,320.0,317.0,268.0,64.0,53.0,37.0,48.0,24.0,27.0,39.0,80.0,13.0,17.0,19.0,55.0,14.0,62.0,70.0,224.0,44.0,32.0,35.0,70.0,19.0,36.0,39.0,343.0,65.0,81.0,53.0,494.0,82.0,385.0,293.0,250.0,80.0,38.0,49.0,47.0,22.0,33.0,50.0,67.0,14.0,23.0,16.0,48.0,14.0,58.0,72.0,76.0,31.0,10.0,12.0,20.0,7.0,19.0,16.0,71.0,14.0,17.0,14.0,59.0,23.0,72.0,100.0,203.0,57.0,46.0,34.0,38.0,6.0,26.0,44.0,59.0,16.0,16.0,18.0,35.0,22.0,45.0,66.0,248.0,66.0,48.0,41.0,67.0,19.0,40.0,59.0,413.0,81.0,97.0,77.0,462.0,108.0,347.0,385.0,263.0,181.0,91.0,248.0,50.0,50.0,53.0,287.0,49.0,28.0,17.0,62.0,48.0,35.0,64.0,283.0,50.0,49.0,10.0,46.0,26.0,16.0,16.0,59.0,37.0,26.0,14.0,39.0,36.0,38.0,65.0,265.0,77.0,59.0,32.0,62.0,27.0,16.0,13.0,58.0,18.0,15.0,9.0,26.0,13.0,11.0,28.0,96.0,56.0,49.0,26.0,48.0,23.0,10.0,12.0,48.0,70.0,44.0,28.0,70.0,92.0,63.0,127.0,382.0,216.0,231.0,60.0,292.0,36.0,55.0,42.0,317.0,52.0,37.0,12.0,54.0,31.0,25.0,41.0,276.0,55.0,78.0,14.0,88.0,15.0,13.0,18.0,85.0,29.0,44.0,17.0,58.0,40.0,38.0,70.0,347.0,285.0,337.0,67.0,313.0,73.0,74.0,47.0,283.0,80.0,70.0,36.0,116.0,54.0,57.0,83.0,389.0,366.0,366.0,74.0,351.0,94.0,102.0,71.0,395.0,372.0,359.0,120.0,394.0,372.0,374.0,466.0,3853.0,1.2194103981414726,0.08803524311127703,0.7742807888723429,0.8433422337846791,2.9285773565883697,14.348415284569116,1.924467751405522,0.07154392283678744,0.711284851182285,0.7539750890660453,3.0985683248528217,13.720027304805651,mel
1006.0,181.0,285.0,204.0,152.0,36.0,192.0,201.0,154.0,25.0,52.0,39.0,156.0,30.0,306.0,267.0,185.0,13.0,48.0,25.0,45.0,7.0,34.0,30.0,205.0,25.0,62.0,44.0,291.0,28.0,485.0,333.0,309.0,62.0,78.0,37.0,49.0,10.0,39.0,39.0,55.0,7.0,7.0,9.0,56.0,11.0,57.0,48.0,228.0,26.0,36.0,23.0,47.0,3.0,34.0,28.0,301.0,31.0,58.0,28.0,494.0,58.0,460.0,296.0,171.0,43.0,56.0,40.0,24.0,5.0,21.0,31.0,22.0,5.0,12.0,6.0,25.0,9.0,41.0,38.0,37.0,11.0,10.0,5.0,6.0,3.0,3.0,17.0,27.0,6.0,9.0,6.0,38.0,11.0,72.0,53.0,198.0,27.0,40.0,36.0,34.0,5.0,22.0,22.0,34.0,8.0,11.0,12.0,30.0,11.0,37.0,36.0,202.0,24.0,29.0,11.0,37.0,8.0,23.0,22.0,276.0,37.0,46.0,19.0,326.0,44.0,294.0,210.0,181.0,199.0,53.0,333.0,21.0,17.0,47.0,300.0,24.0,22.0,8.0,41.0,21.0,28.0,28.0,265.0,19.0,19.0,4.0,34.0,4.0,5.0,5.0,52.0,18.0,29.0,6.0,40.0,32.0,30.0,53.0,303.0,54.0,54.0,12.0,55.0,13.0,11.0,5.0,49.0,3.0,9.0,4.0,8.0,7.0,17.0,10.0,53.0,46.0,31.0,5.0,34.0,7.0,9.0,12.0,38.0,38.0,41.0,8.0,26.0,57.0,55.0,61.0,274.0,165.0,262.0,62.0,469.0,15.0,39.0,39.0,348.0,26.0,29.0,9.0,45.0,21.0,37.0,33.0,315.0,29.0,41.0,15.0,70.0,4.0,12.0,10.0,50.0,33.0,44.0,13.0,59.0,34.0,41.0,54.0,431.0,277.0,463.0,57.0,430.0,53.0,79.0,44.0,310.0,35.0,44.0,13.0,66.0,30.0,57.0,28.0,313.0,291.0,333.0,47.0,299.0,37.0,67.0,37.0,250.0,289.0,270.0,67.0,275.0,303.0,373.0,283.0,2946.0,0.7122465887426009,0.12338656899818576,0.845166084192797,0.8652158439815775,2.5144182799369714,9.856452430231805,1.2885698254613949,0.09738829500402854,0.7758173584649538,0.765772836412886,2.741351515736992,9.714166199919784,mel
1978.0,240.0,200.0,126.0,257.0,79.0,136.0,159.0,194.0,43.0,55.0,36.0,129.0,44.0,150.0,188.0,218.0,40.0,50.0,30.0,82.0,29.0,56.0,49.0,121.0,30.0,46.0,14.0,222.0,62.0,211.0,217.0,190.0,57.0,42.0,31.0,51.0,28.0,27.0,47.0,62.0,12.0,13.0,11.0,35.0,12.0,54.0,69.0,111.0,27.0,37.0,20.0,63.0,17.0,37.0,32.0,209.0,34.0,67.0,29.0,309.0,77.0,343.0,258.0,250.0,82.0,46.0,58.0,47.0,25.0,34.0,54.0,48.0,15.0,18.0,25.0,28.0,28.0,34.0,64.0,79.0,28.0,15.0,23.0,36.0,13.0,13.0,18.0,52.0,16.0,14.0,17.0,58.0,18.0,54.0,70.0,119.0,56.0,28.0,29.0,39.0,20.0,14.0,29.0,60.0,24.0,15.0,21.0,28.0,21.0,36.0,50.0,140.0,52.0,35.0,27.0,56.0,24.0,21.0,35.0,279.0,76.0,70.0,59.0,331.0,95.0,272.0,286.0,195.0,136.0,55.0,202.0,50.0,55.0,54.0,239.0,45.0,24.0,24.0,52.0,34.0,33.0,53.0,248.0,53.0,33.0,22.0,34.0,20.0,12.0,16.0,71.0,22.0,8.0,13.0,38.0,45.0,42.0,77.0,259.0,44.0,44.0,29.0,50.0,26.0,20.0,21.0,74.0,22.0,16.0,17.0,51.0,14.0,12.0,34.0,132.0,32.0,34.0,11.0,28.0,14.0,13.0,20.0,62.0,62.0,21.0,22.0,54.0,85.0,52.0,133.0,374.0,144.0,207.0,44.0,298.0,41.0,68.0,35.0,316.0,18.0,51.0,18.0,88.0,21.0,24.0,20.0,236.0,46.0,63.0,26.0,85.0,13.0,33.0,20.0,94.0,23.0,27.0,12.0,57.0,30.0,40.0,52.0,278.0,139.0,232.0,60.0,307.0,32.0,64.0,46.0,264.0,56.0,78.0,34.0,165.0,27.0,39.0,59.0,406.0,174.0,207.0,65.0,262.0,61.0,63.0,41.0,298.0,236.0,270.0,124.0,439.0,269.0,260.0,388.0,3720.0,2.96710867685212,0.08983706173073211,0.7391164150553887,0.6634264167998819,3.0413222947297798,14.664154291804309,3.6264877648535148,0.07199263339921011,0.6817434102374367,0.5896667638650605,3.2453507044769876,14.049330060739043,mel
1548.0,238.0,205.0,139.0,201.0,72.0,152.0,229.0,211.0,30.0,48.0,44.0,150.0,38.0,261.0,351.0,218.0,45.0,40.0,38.0,58.0,21.0,54.0,49.0,135.0,17.0,55.0,39.0,238.0,46.0,390.0,361.0,186.0,44.0,36.0,29.0,52.0,9.0,26.0,26.0,53.0,15.0,16.0,9.0,38.0,13.0,65.0,63.0,148.0,29.0,40.0,14.0,59.0,7.0,44.0,22.0,205.0,24.0,56.0,31.0,297.0,54.0,366.0,294.0,219.0,87.0,39.0,53.0,33.0,29.0,33.0,50.0,44.0,22.0,12.0,23.0,22.0,17.0,33.0,62.0,79.0,18.0,14.0,8.0,24.0,10.0,16.0,23.0,46.0,12.0,14.0,20.0,48.0,17.0,53.0,85.0,170.0,53.0,32.0,35.0,28.0,12.0,11.0,27.0,46.0,21.0,8.0,15.0,31.0,18.0,43.0,40.0,221.0,53.0,32.0,27.0,54.0,15.0,32.0,37.0,290.0,56.0,56.0,56.0,275.0,59.0,268.0,275.0,206.0,166.0,43.0,200.0,48.0,49.0,53.0,319.0,36.0,27.0,8.0,66.0,23.0,36.0,61.0,343.0,43.0,35.0,10.0,35.0,19.0,5.0,19.0,60.0,33.0,18.0,12.0,41.0,33.0,30.0,67.0,272.0,58.0,46.0,23.0,49.0,16.0,19.0,12.0,62.0,21.0,16.0,7.0,23.0,15.0,9.0,15.0,106.0,46.0,37.0,15.0,34.0,22.0,13.0,15.0,42.0,54.0,40.0,30.0,46.0,72.0,58.0,123.0,348.0,153.0,240.0,42.0,282.0,20.0,46.0,34.0,285.0,27.0,31.0,14.0,55.0,9.0,29.0,35.0,256.0,69.0,62.0,14.0,56.0,13.0,22.0,20.0,78.0,32.0,35.0,12.0,62.0,27.0,31.0,52.0,258.0,246.0,358.0,62.0,331.0,31.0,84.0,41.0,253.0,62.0,72.0,36.0,129.0,29.0,40.0,52.0,410.0,330.0,352.0,73.0,311.0,72.0,85.0,51.0,300.0,353.0,284.0,129.0,424.0,276.0,273.0,374.0,3823.0,0.9822654194406211,0.11036822322379053,0.8228624468904415,0.8591649335837539,2.6882932452046537,12.966894323736886,1.59671319987959,0.0894269948425801,0.7606035676324894,0.7713268205970398,2.8718491875459824,12.3683106306232,mel
173.0,34.0,40.0,31.0,24.0,3.0,42.0,28.0,22.0,3.0,12.0,7.0,27.0,0.0,46.0,66.0,34.0,12.0,6.0,6.0,3.0,0.0,2.0,3.0,23.0,3.0,8.0,5.0,31.0,4.0,67.0,52.0,39.0,7.0,14.0,2.0,6.0,1.0,8.0,3.0,4.0,0.0,1.0,1.0,14.0,0.0,10.0,4.0,24.0,4.0,8.0,3.0,5.0,1.0,4.0,3.0,22.0,5.0,10.0,5.0,40.0,15.0,61.0,34.0,20.0,5.0,7.0,6.0,8.0,2.0,4.0,2.0,4.0,0.0,1.0,2.0,3.0,0.0,3.0,3.0,6.0,1.0,2.0,2.0,1.0,0.0,0.0,1.0,2.0,1.0,4.0,0.0,5.0,1.0,5.0,10.0,22.0,5.0,2.0,3.0,6.0,1.0,3.0,2.0,6.0,1.0,2.0,1.0,3.0,3.0,7.0,5.0,32.0,5.0,4.0,2.0,4.0,0.0,4.0,3.0,41.0,4.0,5.0,1.0,35.0,5.0,32.0,18.0,25.0,21.0,3.0,39.0,2.0,3.0,7.0,28.0,2.0,4.0,0.0,4.0,2.0,5.0,6.0,37.0,4.0,2.0,2.0,5.0,1.0,3.0,1.0,10.0,5.0,2.0,1.0,5.0,4.0,3.0,10.0,46.0,6.0,13.0,6.0,9.0,2.0,4.0,2.0,4.0,0.0,1.0,1.0,2.0,0.0,0.0,1.0,7.0,9.0,6.0,2.0,7.0,1.0,2.0,2.0,1.0,6.0,1.0,0.0,0.0,8.0,10.0,5.0,37.0,15.0,34.0,5.0,72.0,3.0,8.0,6.0,46.0,3.0,5.0,0.0,7.0,3.0,4.0,8.0,40.0,8.0,4.0,4.0,7.0,1.0,3.0,1.0,11.0,6.0,3.0,2.0,5.0,2.0,2.0,7.0,44.0,30.0,54.0,11.0,77.0,5.0,8.0,9.0,31.0,2.0,5.0,0.0,12.0,3.0,1.0,6.0,34.0,52.0,32.0,9.0,26.0,6.0,4.0,4.0,29.0,51.0,41.0,9.0,35.0,37.0,59.0,38.0,621.0,2.0912234238210843,0.13623501281858255,0.847678147621083,0.7809312037587326,2.4178680812171947,17.000709883905223,3.954315852027931,0.10683238828207808,0.7705825944110938,0.6087650607599302,2.6384281535063483,16.260217439445206,nv
131.0,14.0,43.0,19.0,24.0,1.0,35.0,31.0,23.0,3.0,5.0,6.0,28.0,1.0,65.0,69.0,18.0,5.0,3.0,1.0,0.0,0.0,4.0,2.0,16.0,3.0,5.0,7.0,36.0,5.0,61.0,77.0,45.0,8.0,4.0,8.0,6.0,0.0,4.0,4.0,8.0,2.0,2.0,0.0,6.0,1.0,9.0,2.0,23.0,0.0,10.0,5.0,3.0,1.0,1.0,2.0,62.0,5.0,6.0,3.0,116.0,6.0,64.0,59.0,21.0,3.0,7.0,6.0,7.0,1.0,1.0,4.0,2.0,0.0,0.0,0.0,1.0,0.0,7.0,2.0,0.0,0.0,1.0,2.0,0.0,0.0,0.0,0.0,3.0,0.0,1.0,0.0,3.0,0.0,7.0,3.0,35.0,5.0,4.0,4.0,2.0,1.0,5.0,3.0,5.0,0.0,1.0,0.0,3.0,0.0,4.0,1.0,31.0,2.0,3.0,3.0,1.0,0.0,2.0,1.0,71.0,6.0,8.0,5.0,100.0,10.0,29.0,21.0,20.0,16.0,10.0,59.0,0.0,1.0,4.0,29.0,5.0,4.0,1.0,5.0,1.0,2.0,4.0,63.0,3.0,3.0,0.0,3.0,0.0,0.0,0.0,3.0,2.0,4.0,2.0,5.0,1.0,4.0,2.0,56.0,6.0,8.0,0.0,7.0,0.0,0.0,0.0,11.0,2.0,0.0,0.0,1.0,0.0,0.0,1.0,4.0,4.0,6.0,0.0,5.0,0.0,1.0,0.0,2.0,2.0,6.0,1.0,4.0,5.0,1.0,8.0,33.0,28.0,46.0,3.0,114.0,2.0,7.0,6.0,70.0,3.0,4.0,1.0,4.0,4.0,3.0,6.0,40.0,2.0,2.0,1.0,16.0,0.0,0.0,0.0,9.0,2.0,5.0,0.0,7.0,1.0,1.0,2.0,61.0,56.0,99.0,14.0,106.0,6.0,5.0,5.0,50.0,1.0,7.0,1.0,9.0,2.0,7.0,9.0,34.0,49.0,80.0,5.0,47.0,1.0,8.0,2.0,22.0,55.0,50.0,4.0,38.0,51.0,40.0,28.0,856.0,2.3987239801508027,0.15097423910275856,0.8732578879102724,0.8048399084758108,2.31641413025574,22.183391773299693,4.399621829562496,0.11757871295626841,0.7945114239898252,0.6416135796613628,2.550852947447966,20.152769555163076,nv
226.0,33.0,40.0,27.0,27.0,12.0,23.0,29.0,25.0,10.0,7.0,7.0,21.0,4.0,30.0,30.0,28.0,4.0,7.0,2.0,5.0,3.0,5.0,4.0,33.0,7.0,6.0,6.0,39.0,8.0,62.0,43.0,32.0,8.0,8.0,3.0,10.0,0.0,5.0,2.0,7.0,0.0,0.0,2.0,6.0,1.0,11.0,9.0,26.0,2.0,2.0,1.0,7.0,1.0,2.0,3.0,36.0,2.0,2.0,6.0,66.0,12.0,60.0,31.0,26.0,4.0,5.0,8.0,5.0,2.0,5.0,4.0,7.0,0.0,1.0,1.0,5.0,1.0,3.0,9.0,7.0,4.0,4.0,1.0,2.0,0.0,1.0,2.0,7.0,0.0,1.0,0.0,11.0,2.0,8.0,10.0,22.0,2.0,5.0,0.0,4.0,1.0,3.0,4.0,10.0,0.0,2.0,5.0,6.0,1.0,6.0,5.0,27.0,6.0,3.0,3.0,3.0,3.0,2.0,1.0,35.0,4.0,9.0,4.0,43.0,12.0,56.0,35.0,27.0,18.0,7.0,30.0,2.0,7.0,11.0,38.0,2.0,2.0,3.0,11.0,4.0,1.0,7.0,30.0,13.0,5.0,0.0,13.0,4.0,3.0,0.0,6.0,1.0,2.0,1.0,6.0,4.0,2.0,7.0,33.0,6.0,4.0,2.0,5.0,0.0,3.0,5.0,8.0,1.0,2.0,2.0,2.0,2.0,2.0,0.0,19.0,11.0,8.0,5.0,2.0,0.0,1.0,2.0,6.0,5.0,6.0,4.0,7.0,9.0,11.0,17.0,43.0,27.0,31.0,4.0,49.0,4.0,9.0,5.0,48.0,4.0,5.0,3.0,7.0,4.0,4.0,4.0,43.0,4.0,2.0,0.0,5.0,0.0,3.0,3.0,13.0,5.0,1.0,0.0,9.0,3.0,2.0,2.0,44.0,41.0,49.0,5.0,53.0,4.0,11.0,8.0,33.0,8.0,3.0,4.0,8.0,8.0,3.0,4.0,58.0,47.0,61.0,4.0,43.0,6.0,8.0,10.0,35.0,46.0,45.0,16.0,33.0,34.0,47.0,54.0,884.0,2.570336899461758,0.12417726564394928,0.8375645148370012,0.8096148889415591,2.495598871933975,24.431111745046593,4.64739923289146,0.10101778397589001,0.7675555824711715,0.6518602936956585,2.6881139380435353,22.05107352809112,nv
486.0,89.0,161.0,95.0,94.0,29.0,88.0,56.0,49.0,9.0,30.0,10.0,82.0,12.0,95.0,57.0,70.0,16.0,23.0,8.0,37.0,7.0,20.0,16.0,58.0,12.0,25.0,11.0,127.0,15.0,136.0,83.0,181.0,23.0,35.0,7.0,48.0,9.0,18.0,12.0,31.0,4.0,6.0,2.0,39.0,10.0,31.0,19.0,76.0,12.0,12.0,2.0,26.0,4.0,18.0,7.0,144.0,17.0,33.0,9.0,306.0,56.0,180.0,125.0,93.0,34.0,34.0,36.0,15.0,7.0,11.0,15.0,8.0,2.0,1.0,5.0,9.0,5.0,12.0,17.0,24.0,6.0,5.0,6.0,9.0,0.0,3.0,3.0,18.0,2.0,4.0,6.0,22.0,4.0,30.0,18.0,98.0,18.0,24.0,14.0,27.0,5.0,9.0,7.0,11.0,4.0,4.0,3.0,17.0,5.0,24.0,14.0,76.0,4.0,18.0,4.0,14.0,2.0,7.0,7.0,85.0,13.0,19.0,8.0,152.0,38.0,94.0,74.0,45.0,83.0,31.0,144.0,14.0,19.0,19.0,109.0,6.0,4.0,4.0,16.0,7.0,9.0,12.0,77.0,7.0,10.0,1.0,22.0,4.0,7.0,1.0,16.0,5.0,6.0,6.0,17.0,13.0,18.0,17.0,106.0,16.0,30.0,4.0,25.0,6.0,9.0,6.0,21.0,4.0,1.0,2.0,8.0,7.0,7.0,10.0,38.0,9.0,8.0,5.0,11.0,7.0,5.0,3.0,12.0,14.0,18.0,3.0,22.0,15.0,47.0,50.0,179.0,88.0,133.0,49.0,290.0,10.0,15.0,26.0,172.0,7.0,8.0,8.0,26.0,8.0,20.0,13.0,108.0,11.0,22.0,9.0,50.0,1.0,9.0,8.0,40.0,7.0,12.0,8.0,44.0,7.0,22.0,23.0,198.0,109.0,168.0,28.0,203.0,10.0,25.0,21.0,107.0,14.0,17.0,11.0,40.0,8.0,23.0,17.0,163.0,64.0,93.0,25.0,97.0,10.0,18.0,15.0,94.0,87.0,121.0,39.0,131.0,100.0,183.0,125.0,1677.0,1.174201258145251,0.09770290423475833,0.8284569446306886,0.8124600722381415,2.72913122645337,11.347945595150675,2.210228173928805,0.07557460895533519,0.7541233063323162,0.6606083564264306,2.9618998531569076,10.814418812994997,mel
384.0,40.0,121.0,101.0,71.0,11.0,96.0,131.0,68.0,10.0,16.0,11.0,81.0,12.0,134.0,117.0,47.0,8.0,13.0,9.0,12.0,1.0,11.0,6.0,64.0,7.0,11.0,11.0,135.0,6.0,160.0,138.0,128.0,19.0,16.0,8.0,36.0,1.0,13.0,15.0,33.0,4.0,6.0,3.0,39.0,4.0,23.0,15.0,110.0,8.0,12.0,13.0,19.0,1.0,15.0,9.0,260.0,27.0,30.0,14.0,374.0,40.0,221.0,162.0,82.0,10.0,22.0,9.0,15.0,3.0,13.0,16.0,14.0,2.0,2.0,3.0,18.0,1.0,24.0,10.0,7.0,1.0,3.0,5.0,3.0,0.0,2.0,2.0,15.0,2.0,5.0,1.0,12.0,1.0,26.0,10.0,106.0,6.0,18.0,18.0,14.0,2.0,9.0,6.0,28.0,5.0,1.0,0.0,35.0,3.0,17.0,12.0,121.0,8.0,9.0,7.0,16.0,1.0,10.0,5.0,224.0,16.0,14.0,19.0,292.0,27.0,136.0,112.0,81.0,69.0,33.0,261.0,12.0,16.0,34.0,305.0,8.0,8.0,3.0,11.0,8.0,9.0,13.0,195.0,4.0,6.0,4.0,22.0,1.0,2.0,5.0,22.0,5.0,12.0,2.0,23.0,8.0,16.0,14.0,175.0,17.0,22.0,5.0,21.0,1.0,0.0,4.0,20.0,0.0,1.0,1.0,0.0,5.0,3.0,3.0,15.0,10.0,12.0,1.0,13.0,2.0,1.0,2.0,8.0,13.0,13.0,1.0,18.0,15.0,30.0,22.0,164.0,101.0,125.0,35.0,382.0,15.0,13.0,26.0,283.0,5.0,5.0,3.0,15.0,8.0,13.0,28.0,169.0,12.0,9.0,2.0,36.0,2.0,0.0,2.0,29.0,8.0,9.0,3.0,23.0,13.0,16.0,23.0,179.0,149.0,205.0,19.0,235.0,17.0,15.0,23.0,161.0,22.0,17.0,4.0,23.0,21.0,22.0,16.0,117.0,122.0,129.0,15.0,147.0,8.0,11.0,3.0,109.0,152.0,160.0,26.0,141.0,149.0,158.0,119.0,2191.0,1.2767398365980904,0.10694201704658893,0.8580193803240798,0.8320662325701773,2.6133877605248355,13.928538483994828,2.2666083916083912,0.08172502903817562,0.7814143025294429,0.6966590984879121,2.860925043620117,12.67768946146611,mel
669.0,108.0,54.0,67.0,89.0,35.0,61.0,113.0,170.0,39.0,27.0,38.0,78.0,29.0,117.0,231.0,123.0,12.0,12.0,9.0,32.0,12.0,19.0,33.0,84.0,21.0,17.0,22.0,58.0,18.0,79.0,124.0,68.0,20.0,2.0,13.0,10.0,6.0,7.0,20.0,24.0,3.0,5.0,9.0,6.0,7.0,11.0,18.0,80.0,12.0,10.0,2.0,20.0,4.0,11.0,14.0,74.0,15.0,18.0,10.0,52.0,11.0,65.0,93.0,100.0,40.0,5.0,12.0,18.0,6.0,11.0,22.0,18.0,15.0,3.0,17.0,14.0,11.0,11.0,64.0,35.0,8.0,3.0,7.0,5.0,2.0,5.0,9.0,24.0,6.0,7.0,11.0,12.0,5.0,19.0,42.0,73.0,31.0,12.0,15.0,7.0,4.0,14.0,11.0,33.0,15.0,4.0,18.0,14.0,9.0,10.0,53.0,108.0,29.0,14.0,16.0,17.0,14.0,12.0,29.0,105.0,23.0,26.0,35.0,65.0,20.0,85.0,186.0,147.0,79.0,22.0,74.0,31.0,23.0,14.0,91.0,43.0,21.0,11.0,37.0,17.0,14.0,30.0,153.0,44.0,17.0,5.0,15.0,10.0,5.0,8.0,28.0,23.0,9.0,3.0,14.0,11.0,11.0,25.0,85.0,27.0,28.0,6.0,17.0,6.0,7.0,6.0,27.0,8.0,6.0,2.0,14.0,7.0,5.0,8.0,46.0,56.0,32.0,12.0,13.0,15.0,4.0,15.0,40.0,37.0,19.0,15.0,22.0,21.0,15.0,31.0,150.0,80.0,55.0,13.0,47.0,13.0,14.0,10.0,70.0,25.0,14.0,1.0,13.0,4.0,8.0,14.0,109.0,41.0,20.0,10.0,22.0,8.0,4.0,6.0,26.0,12.0,7.0,9.0,18.0,6.0,9.0,13.0,68.0,121.0,86.0,20.0,54.0,23.0,26.0,19.0,90.0,14.0,18.0,10.0,49.0,14.0,21.0,24.0,190.0,194.0,139.0,28.0,78.0,51.0,42.0,33.0,208.0,163.0,103.0,40.0,182.0,102.0,77.0,158.0,1843.0,1.5280625348967058,0.08645136844966818,0.7986846474163365,0.7786172108597867,2.870180674603678,12.276646863076476,2.6047357198967567,0.06914415563544689,0.7320092334722257,0.6340649343834722,3.064642356285677,11.631318512885203,mel
774.0,128.0,211.0,129.0,125.0,27.0,122.0,112.0,117.0,23.0,36.0,23.0,114.0,20.0,184.0,156.0,107.0,13.0,27.0,25.0,25.0,1.0,23.0,19.0,120.0,14.0,35.0,31.0,164.0,27.0,283.0,217.0,215.0,32.0,46.0,22.0,45.0,8.0,27.0,18.0,41.0,2.0,12.0,10.0,43.0,8.0,39.0,26.0,150.0,12.0,32.0,24.0,23.0,4.0,29.0,14.0,189.0,19.0,32.0,28.0,237.0,39.0,231.0,174.0,116.0,35.0,51.0,33.0,18.0,5.0,21.0,18.0,28.0,7.0,6.0,6.0,10.0,3.0,22.0,14.0,27.0,2.0,9.0,5.0,5.0,1.0,7.0,5.0,22.0,7.0,7.0,5.0,23.0,8.0,49.0,42.0,129.0,24.0,24.0,26.0,25.0,4.0,17.0,20.0,20.0,2.0,7.0,3.0,19.0,2.0,22.0,16.0,111.0,14.0,27.0,13.0,20.0,6.0,10.0,19.0,150.0,39.0,32.0,22.0,183.0,38.0,168.0,175.0,135.0,126.0,30.0,165.0,8.0,22.0,29.0,142.0,22.0,19.0,8.0,41.0,20.0,21.0,27.0,134.0,21.0,25.0,5.0,24.0,5.0,5.0,0.0,16.0,17.0,18.0,3.0,23.0,25.0,30.0,24.0,159.0,38.0,33.0,7.0,38.0,3.0,13.0,9.0,24.0,2.0,7.0,3.0,4.0,7.0,6.0,7.0,36.0,21.0,32.0,10.0,16.0,7.0,4.0,4.0,20.0,18.0,22.0,7.0,23.0,31.0,44.0,28.0,150.0,123.0,204.0,36.0,243.0,15.0,21.0,22.0,176.0,14.0,20.0,8.0,35.0,15.0,25.0,37.0,156.0,28.0,26.0,11.0,40.0,9.0,10.0,4.0,37.0,10.0,19.0,7.0,32.0,27.0,33.0,40.0,253.0,184.0,290.0,44.0,242.0,24.0,38.0,17.0,190.0,19.0,37.0,9.0,37.0,21.0,41.0,30.0,180.0,135.0,207.0,27.0,191.0,31.0,41.0,25.0,150.0,117.0,175.0,42.0,155.0,191.0,263.0,174.0,2002.0,1.1947800101729402,0.07889713036081208,0.8013403522949706,0.8552402063394559,2.936524469266005,15.312289804732325,2.2353740626448997,0.0618073430398422,0.7267963694940863,0.7337885732903221,3.1746035179095755,14.558601239420009,mel
517.0,54.0,195.0,123.0,70.0,15.0,129.0,105.0,95.0,9.0,26.0,17.0,109.0,15.0,203.0,146.0,63.0,8.0,19.0,9.0,12.0,0.0,10.0,17.0,127.0,11.0,36.0,8.0,209.0,19.0,354.0,221.0,170.0,22.0,25.0,32.0,25.0,1.0,28.0,17.0,30.0,2.0,4.0,2.0,20.0,6.0,26.0,23.0,128.0,18.0,28.0,14.0,8.0,6.0,27.0,14.0,227.0,21.0,29.0,17.0,391.0,27.0,325.0,183.0,79.0,13.0,20.0,15.0,10.0,1.0,20.0,8.0,23.0,2.0,2.0,3.0,13.0,2.0,15.0,11.0,12.0,1.0,2.0,1.0,0.0,0.0,4.0,0.0,9.0,6.0,2.0,1.0,16.0,1.0,27.0,22.0,133.0,19.0,18.0,21.0,16.0,2.0,13.0,11.0,26.0,5.0,2.0,6.0,15.0,3.0,25.0,7.0,136.0,16.0,20.0,12.0,17.0,1.0,12.0,6.0,205.0,21.0,20.0,12.0,267.0,24.0,186.0,162.0,112.0,101.0,29.0,224.0,14.0,8.0,18.0,216.0,20.0,13.0,1.0,19.0,11.0,13.0,16.0,164.0,11.0,15.0,1.0,21.0,1.0,2.0,4.0,18.0,14.0,10.0,3.0,16.0,14.0,12.0,23.0,189.0,18.0,24.0,7.0,26.0,4.0,3.0,5.0,21.0,3.0,7.0,0.0,4.0,4.0,3.0,2.0,17.0,23.0,18.0,2.0,10.0,1.0,0.0,4.0,12.0,12.0,15.0,2.0,17.0,25.0,29.0,23.0,112.0,110.0,200.0,42.0,333.0,13.0,10.0,19.0,287.0,9.0,16.0,3.0,22.0,19.0,17.0,22.0,166.0,15.0,19.0,3.0,36.0,2.0,1.0,3.0,24.0,9.0,18.0,4.0,27.0,19.0,17.0,27.0,210.0,195.0,312.0,28.0,303.0,23.0,32.0,17.0,168.0,17.0,21.0,4.0,26.0,24.0,38.0,14.0,100.0,183.0,246.0,22.0,187.0,20.0,29.0,12.0,134.0,166.0,192.0,23.0,126.0,181.0,217.0,116.0,2116.0,1.3496241242350373,0.08612474141521392,0.8304101508948607,0.8621022095864691,2.8454220532673915,18.224643457395565,2.567468350087487,0.06516334742577091,0.7464775067273721,0.7387484589840273,3.1196381520494127,17.087675807936975,mel
521.0,86.0,136.0,119.0,97.0,18.0,118.0,156.0,125.0,20.0,20.0,22.0,108.0,13.0,194.0,200.0,59.0,9.0,21.0,11.0,20.0,1.0,16.0,15.0,108.0,9.0,29.0,13.0,170.0,15.0,234.0,186.0,147.0,9.0,24.0,21.0,36.0,3.0,22.0,12.0,35.0,3.0,3.0,4.0,31.0,5.0,37.0,25.0,117.0,10.0,16.0,13.0,22.0,2.0,12.0,19.0,223.0,26.0,27.0,25.0,340.0,41.0,221.0,191.0,107.0,18.0,19.0,21.0,13.0,4.0,19.0,25.0,14.0,0.0,2.0,2.0,17.0,3.0,19.0,25.0,16.0,4.0,2.0,3.0,1.0,2.0,5.0,1.0,15.0,1.0,4.0,2.0,22.0,2.0,22.0,22.0,113.0,16.0,20.0,10.0,16.0,3.0,17.0,17.0,40.0,4.0,3.0,2.0,27.0,2.0,21.0,16.0,135.0,20.0,18.0,11.0,18.0,2.0,12.0,17.0,312.0,30.0,28.0,18.0,315.0,29.0,179.0,159.0,124.0,131.0,31.0,283.0,16.0,15.0,34.0,294.0,20.0,20.0,6.0,21.0,16.0,20.0,23.0,239.0,13.0,19.0,3.0,36.0,1.0,0.0,5.0,27.0,15.0,13.0,0.0,21.0,19.0,17.0,29.0,174.0,16.0,19.0,4.0,28.0,3.0,2.0,3.0,25.0,6.0,1.0,0.0,4.0,3.0,4.0,5.0,25.0,15.0,20.0,2.0,12.0,2.0,6.0,2.0,20.0,26.0,18.0,8.0,21.0,19.0,31.0,41.0,135.0,127.0,146.0,48.0,346.0,18.0,28.0,29.0,337.0,13.0,16.0,2.0,19.0,20.0,11.0,22.0,184.0,18.0,22.0,6.0,34.0,3.0,3.0,1.0,32.0,15.0,7.0,4.0,22.0,28.0,15.0,16.0,181.0,156.0,191.0,23.0,244.0,12.0,22.0,29.0,160.0,32.0,15.0,4.0,31.0,13.0,26.0,8.0,134.0,163.0,177.0,19.0,154.0,8.0,18.0,14.0,167.0,232.0,169.0,22.0,147.0,184.0,180.0,110.0,2023.0,1.6211938932849854,0.08762735125225034,0.8327707858645425,0.8520463630259949,2.83957420275813,20.293696831162965,2.98193726654045,0.06602144864131194,0.7477152140825423,0.7282388844015211,3.1160308967240513,18.96334552326234,mel
232.0,29.0,59.0,34.0,31.0,3.0,57.0,85.0,50.0,6.0,14.0,17.0,48.0,8.0,134.0,296.0,30.0,2.0,5.0,4.0,3.0,3.0,5.0,7.0,31.0,4.0,12.0,8.0,57.0,4.0,193.0,201.0,43.0,10.0,8.0,7.0,12.0,1.0,12.0,5.0,9.0,1.0,3.0,2.0,10.0,2.0,7.0,12.0,22.0,6.0,3.0,4.0,3.0,1.0,7.0,3.0,100.0,4.0,4.0,9.0,133.0,9.0,113.0,85.0,29.0,2.0,8.0,6.0,3.0,0.0,3.0,4.0,5.0,1.0,0.0,1.0,5.0,0.0,9.0,14.0,7.0,0.0,1.0,0.0,0.0,0.0,1.0,0.0,4.0,1.0,0.0,1.0,4.0,0.0,10.0,10.0,44.0,8.0,9.0,2.0,8.0,0.0,5.0,2.0,7.0,0.0,1.0,2.0,7.0,0.0,7.0,9.0,68.0,6.0,5.0,9.0,5.0,2.0,4.0,7.0,174.0,6.0,6.0,10.0,134.0,7.0,63.0,70.0,53.0,37.0,9.0,78.0,6.0,7.0,9.0,158.0,9.0,5.0,1.0,9.0,7.0,7.0,17.0,161.0,8.0,9.0,1.0,8.0,2.0,0.0,0.0,9.0,8.0,6.0,3.0,9.0,5.0,7.0,11.0,104.0,6.0,8.0,2.0,14.0,1.0,0.0,0.0,6.0,0.0,2.0,0.0,0.0,2.0,0.0,1.0,9.0,11.0,8.0,2.0,7.0,0.0,1.0,3.0,14.0,10.0,6.0,0.0,6.0,8.0,7.0,6.0,79.0,45.0,71.0,18.0,149.0,2.0,2.0,10.0,111.0,11.0,7.0,3.0,5.0,4.0,7.0,7.0,87.0,1.0,4.0,0.0,4.0,1.0,0.0,0.0,8.0,5.0,4.0,1.0,4.0,3.0,5.0,7.0,95.0,116.0,217.0,8.0,128.0,13.0,1.0,8.0,73.0,5.0,8.0,0.0,14.0,6.0,7.0,10.0,51.0,173.0,142.0,7.0,92.0,11.0,7.0,8.0,76.0,124.0,94.0,8.0,58.0,74.0,65.0,46.0,1278.0,2.1439938577510995,0.10666493570789881,0.8638766723627587,0.8274323382960238,2.636561355005931,22.704159458817816,4.056846545965898,0.0837252556572324,0.7750725281295313,0.6704975792670457,2.8950634347775988,20.56723079429605,nv
343.0,46.0,39.0,48.0,30.0,8.0,41.0,108.0,99.0,20.0,9.0,25.0,50.0,8.0,72.0,223.0,46.0,8.0,9.0,7.0,6.0,4.0,6.0,10.0,43.0,8.0,10.0,5.0,45.0,12.0,59.0,73.0,41.0,7.0,12.0,8.0,8.0,0.0,6.0,10.0,8.0,0.0,0.0,4.0,9.0,0.0,8.0,17.0,43.0,8.0,3.0,5.0,6.0,1.0,9.0,7.0,56.0,6.0,2.0,12.0,107.0,14.0,68.0,67.0,43.0,11.0,4.0,2.0,4.0,2.0,9.0,7.0,18.0,4.0,0.0,7.0,11.0,1.0,6.0,18.0,10.0,3.0,2.0,0.0,0.0,0.0,1.0,1.0,9.0,0.0,2.0,2.0,6.0,1.0,9.0,13.0,43.0,6.0,6.0,5.0,6.0,1.0,2.0,9.0,18.0,3.0,2.0,3.0,5.0,4.0,9.0,19.0,69.0,8.0,4.0,9.0,8.0,1.0,9.0,18.0,135.0,19.0,10.0,16.0,80.0,9.0,63.0,110.0,111.0,45.0,12.0,80.0,16.0,8.0,23.0,208.0,30.0,11.0,1.0,19.0,11.0,6.0,14.0,221.0,18.0,5.0,1.0,7.0,4.0,1.0,4.0,23.0,14.0,10.0,1.0,8.0,6.0,5.0,6.0,75.0,10.0,10.0,1.0,10.0,4.0,1.0,2.0,13.0,5.0,4.0,2.0,1.0,2.0,3.0,2.0,20.0,27.0,9.0,5.0,5.0,7.0,2.0,7.0,24.0,14.0,6.0,2.0,10.0,6.0,17.0,10.0,69.0,62.0,50.0,9.0,69.0,5.0,7.0,9.0,74.0,8.0,10.0,0.0,10.0,4.0,4.0,12.0,74.0,12.0,3.0,4.0,6.0,2.0,2.0,3.0,12.0,7.0,6.0,2.0,6.0,6.0,7.0,8.0,63.0,57.0,78.0,9.0,65.0,10.0,10.0,11.0,82.0,11.0,8.0,1.0,14.0,13.0,15.0,12.0,65.0,213.0,83.0,11.0,72.0,15.0,6.0,13.0,129.0,109.0,75.0,13.0,65.0,61.0,54.0,60.0,1094.0,2.1240458015267185,0.10816662245121902,0.8411484445807171,0.8092390744994188,2.725866203294465,20.145145815707753,3.933207834051335,0.09169798326535017,0.7627347545241121,0.6506280817630555,2.939589044488146,18.58267068245742,nv
92.0,10.0,34.0,12.0,13.0,1.0,17.0,7.0,13.0,2.0,0.0,3.0,18.0,3.0,23.0,18.0,11.0,0.0,7.0,2.0,3.0,0.0,5.0,1.0,15.0,2.0,9.0,1.0,27.0,2.0,53.0,23.0,28.0,8.0,15.0,6.0,8.0,1.0,6.0,2.0,5.0,1.0,2.0,0.0,5.0,0.0,4.0,2.0,11.0,3.0,4.0,0.0,2.0,0.0,1.0,2.0,25.0,1.0,8.0,0.0,57.0,6.0,45.0,20.0,16.0,5.0,5.0,5.0,6.0,0.0,1.0,3.0,1.0,0.0,0.0,0.0,1.0,0.0,0.0,3.0,3.0,0.0,2.0,0.0,0.0,0.0,0.0,0.0,4.0,0.0,0.0,0.0,3.0,0.0,8.0,4.0,17.0,1.0,2.0,0.0,2.0,1.0,1.0,2.0,1.0,1.0,0.0,0.0,2.0,0.0,4.0,0.0,12.0,4.0,4.0,1.0,3.0,1.0,0.0,2.0,29.0,3.0,7.0,1.0,34.0,4.0,19.0,12.0,6.0,6.0,7.0,11.0,3.0,2.0,0.0,11.0,6.0,0.0,0.0,0.0,1.0,2.0,2.0,16.0,1.0,0.0,0.0,1.0,0.0,0.0,0.0,4.0,2.0,2.0,1.0,1.0,4.0,2.0,3.0,29.0,5.0,7.0,1.0,5.0,1.0,0.0,0.0,4.0,1.0,1.0,0.0,0.0,2.0,1.0,1.0,1.0,1.0,3.0,1.0,2.0,0.0,0.0,1.0,4.0,4.0,2.0,0.0,2.0,3.0,7.0,5.0,24.0,7.0,12.0,5.0,42.0,0.0,2.0,4.0,19.0,3.0,2.0,1.0,0.0,3.0,3.0,2.0,24.0,3.0,1.0,0.0,4.0,2.0,1.0,0.0,4.0,4.0,1.0,0.0,3.0,0.0,3.0,9.0,33.0,15.0,37.0,3.0,33.0,1.0,4.0,1.0,9.0,1.0,0.0,1.0,4.0,2.0,1.0,5.0,17.0,19.0,31.0,3.0,11.0,0.0,4.0,0.0,8.0,17.0,20.0,7.0,13.0,21.0,37.0,22.0,476.0,1.9642160052049447,0.14483675496927018,0.8478280005705973,0.7919381592362325,2.3273600909011556,16.916862793238487,4.061506111184125,0.11091254639433863,0.7550172141444512,0.5916379731584286,2.58916241760234,15.830187260001106,vasc
540.0,92.0,126.0,87.0,77.0,28.0,86.0,101.0,94.0,23.0,25.0,27.0,82.0,23.0,110.0,125.0,68.0,9.0,31.0,12.0,20.0,4.0,14.0,16.0,91.0,7.0,20.0,10.0,120.0,11.0,184.0,135.0,117.0,18.0,39.0,14.0,24.0,3.0,14.0,22.0,28.0,7.0,5.0,8.0,25.0,5.0,20.0,25.0,77.0,11.0,17.0,8.0,14.0,5.0,18.0,13.0,116.0,11.0,20.0,23.0,248.0,28.0,198.0,108.0,82.0,19.0,16.0,16.0,11.0,2.0,12.0,17.0,12.0,4.0,5.0,8.0,6.0,4.0,14.0,20.0,11.0,4.0,8.0,6.0,0.0,3.0,3.0,4.0,18.0,4.0,6.0,7.0,15.0,5.0,22.0,26.0,89.0,16.0,15.0,19.0,17.0,1.0,11.0,14.0,13.0,3.0,2.0,6.0,24.0,2.0,11.0,18.0,97.0,10.0,19.0,11.0,17.0,4.0,16.0,21.0,164.0,13.0,21.0,17.0,160.0,25.0,111.0,144.0,92.0,79.0,25.0,177.0,19.0,25.0,16.0,140.0,23.0,14.0,2.0,15.0,16.0,18.0,15.0,125.0,9.0,14.0,3.0,16.0,2.0,2.0,7.0,12.0,10.0,9.0,4.0,9.0,16.0,12.0,23.0,109.0,21.0,24.0,5.0,31.0,6.0,3.0,7.0,25.0,5.0,5.0,0.0,7.0,1.0,8.0,8.0,46.0,21.0,19.0,4.0,15.0,9.0,2.0,5.0,25.0,23.0,15.0,5.0,11.0,22.0,18.0,32.0,106.0,74.0,110.0,26.0,197.0,6.0,14.0,12.0,181.0,12.0,10.0,5.0,22.0,3.0,16.0,12.0,127.0,17.0,11.0,4.0,28.0,3.0,5.0,2.0,25.0,15.0,12.0,4.0,19.0,10.0,23.0,25.0,176.0,101.0,123.0,19.0,136.0,11.0,28.0,10.0,132.0,15.0,25.0,6.0,20.0,14.0,24.0,10.0,150.0,153.0,110.0,27.0,104.0,19.0,27.0,18.0,108.0,146.0,104.0,25.0,129.0,128.0,157.0,144.0,1608.0,1.06669335290324,0.05867290747674552,0.8325372238571411,0.92220390150976,3.117747248993289,26.35610479775368,2.0490171962700416,0.04598381068871196,0.7597179321810085,0.8511621189295883,3.3456475351646113,25.484527107558122,mel
905.0,108.0,77.0,50.0,111.0,49.0,51.0,86.0,96.0,23.0,23.0,26.0,46.0,16.0,68.0,95.0,113.0,22.0,16.0,13.0,30.0,11.0,24.0,32.0,47.0,17.0,18.0,14.0,64.0,27.0,119.0,109.0,89.0,15.0,20.0,15.0,24.0,8.0,14.0,18.0,26.0,7.0,8.0,8.0,23.0,12.0,17.0,26.0,47.0,13.0,13.0,7.0,19.0,6.0,13.0,11.0,92.0,17.0,21.0,14.0,139.0,24.0,112.0,97.0,117.0,52.0,29.0,28.0,25.0,19.0,12.0,26.0,30.0,7.0,6.0,12.0,13.0,8.0,21.0,42.0,38.0,16.0,9.0,7.0,11.0,7.0,7.0,9.0,26.0,7.0,12.0,8.0,15.0,7.0,34.0,31.0,66.0,22.0,15.0,14.0,18.0,9.0,9.0,10.0,32.0,10.0,12.0,16.0,22.0,11.0,14.0,31.0,106.0,24.0,19.0,7.0,22.0,15.0,12.0,13.0,171.0,35.0,27.0,32.0,127.0,39.0,103.0,109.0,95.0,62.0,27.0,85.0,23.0,19.0,28.0,150.0,20.0,12.0,7.0,31.0,19.0,16.0,24.0,137.0,28.0,20.0,6.0,24.0,11.0,15.0,9.0,42.0,13.0,8.0,10.0,7.0,10.0,8.0,22.0,99.0,25.0,18.0,11.0,23.0,7.0,7.0,14.0,42.0,6.0,8.0,8.0,20.0,5.0,10.0,13.0,63.0,20.0,10.0,11.0,9.0,9.0,8.0,4.0,40.0,33.0,10.0,7.0,22.0,23.0,18.0,64.0,184.0,59.0,81.0,24.0,137.0,18.0,19.0,18.0,150.0,13.0,15.0,9.0,36.0,10.0,13.0,8.0,109.0,32.0,21.0,7.0,33.0,8.0,11.0,8.0,37.0,13.0,9.0,4.0,18.0,9.0,13.0,18.0,98.0,68.0,102.0,16.0,131.0,15.0,34.0,16.0,113.0,38.0,32.0,19.0,67.0,16.0,26.0,21.0,197.0,124.0,81.0,39.0,104.0,30.0,42.0,25.0,127.0,163.0,126.0,68.0,219.0,116.0,133.0,171.0,2217.0,2.5832269226016393,0.04455507009045887,0.7483446872327361,0.835734439782551,3.5582044354653846,28.86861141992202,3.651902927899948,0.035163298261724214,0.6862217580590233,0.7678284593269813,3.7544697623160435,27.806758347412373,mel
776.0,117.0,92.0,64.0,117.0,48.0,73.0,99.0,138.0,24.0,29.0,35.0,53.0,27.0,86.0,154.0,95.0,14.0,17.0,19.0,32.0,10.0,13.0,21.0,69.0,15.0,18.0,19.0,87.0,24.0,95.0,105.0,88.0,18.0,11.0,12.0,20.0,5.0,15.0,14.0,25.0,6.0,13.0,6.0,19.0,12.0,22.0,35.0,67.0,12.0,14.0,7.0,22.0,5.0,13.0,11.0,66.0,11.0,21.0,16.0,91.0,15.0,97.0,102.0,123.0,36.0,22.0,29.0,24.0,7.0,17.0,25.0,23.0,16.0,6.0,7.0,16.0,8.0,13.0,28.0,39.0,9.0,12.0,9.0,11.0,7.0,8.0,10.0,19.0,9.0,9.0,11.0,19.0,10.0,20.0,40.0,75.0,26.0,13.0,18.0,18.0,9.0,8.0,16.0,24.0,6.0,8.0,12.0,14.0,7.0,17.0,24.0,80.0,26.0,18.0,13.0,16.0,7.0,13.0,21.0,80.0,35.0,27.0,27.0,66.0,30.0,91.0,143.0,119.0,64.0,23.0,65.0,26.0,31.0,19.0,105.0,28.0,21.0,17.0,23.0,16.0,21.0,22.0,138.0,30.0,16.0,8.0,8.0,13.0,11.0,11.0,38.0,21.0,7.0,5.0,12.0,17.0,14.0,34.0,109.0,31.0,29.0,12.0,17.0,11.0,11.0,5.0,25.0,9.0,8.0,3.0,12.0,5.0,7.0,9.0,63.0,24.0,9.0,9.0,22.0,10.0,3.0,7.0,30.0,17.0,13.0,13.0,24.0,29.0,18.0,59.0,162.0,66.0,70.0,23.0,75.0,18.0,21.0,4.0,90.0,17.0,15.0,14.0,37.0,7.0,6.0,18.0,94.0,12.0,12.0,10.0,25.0,8.0,6.0,8.0,35.0,17.0,15.0,6.0,19.0,19.0,19.0,26.0,123.0,99.0,103.0,30.0,87.0,10.0,29.0,16.0,91.0,28.0,35.0,12.0,54.0,12.0,28.0,25.0,155.0,152.0,132.0,34.0,110.0,33.0,44.0,28.0,164.0,108.0,103.0,38.0,187.0,84.0,109.0,154.0,1755.0,1.4457173187075654,0.04892563309947176,0.7856657905103197,0.8978213064972999,3.358804884120556,26.852106212758205,2.4575589150733648,0.03971854617071051,0.723087938634148,0.826904174855107,3.5326671694089744,25.93779854679745,mel
47.0,3.0,10.0,4.0,2.0,0.0,4.0,7.0,1.0,0.0,1.0,1.0,1.0,0.0,11.0,6.0,7.0,0.0,1.0,1.0,0.0,0.0,2.0,0.0,1.0,1.0,4.0,0.0,10.0,2.0,24.0,12.0,13.0,4.0,4.0,1.0,3.0,0.0,0.0,0.0,2.0,0.0,0.0,0.0,1.0,0.0,0.0,1.0,7.0,1.0,1.0,0.0,0.0,0.0,0.0,0.0,16.0,0.0,3.0,0.0,23.0,1.0,14.0,5.0,4.0,1.0,6.0,0.0,2.0,0.0,0.0,1.0,2.0,0.0,0.0,0.0,1.0,0.0,0.0,0.0,1.0,0.0,0.0,0.0,0.0,0.0,0.0,0.0,0.0,0.0,2.0,0.0,0.0,0.0,1.0,1.0,9.0,0.0,0.0,0.0,1.0,0.0,0.0,0.0,0.0,0.0,0.0,0.0,3.0,0.0,1.0,0.0,13.0,0.0,0.0,0.0,0.0,0.0,0.0,0.0,23.0,0.0,1.0,0.0,19.0,0.0,6.0,0.0,3.0,7.0,2.0,15.0,0.0,1.0,0.0,18.0,2.0,2.0,0.0,0.0,0.0,0.0,0.0,8.0,0.0,0.0,0.0,1.0,0.0,0.0,0.0,2.0,1.0,0.0,0.0,0.0,1.0,0.0,0.0,9.0,2.0,2.0,0.0,2.0,0.0,0.0,0.0,3.0,0.0,0.0,0.0,0.0,0.0,0.0,0.0,1.0,0.0,3.0,0.0,0.0,0.0,0.0,0.0,0.0,0.0,0.0,1.0,1.0,1.0,0.0,0.0,5.0,4.0,16.0,5.0,42.0,0.0,1.0,3.0,23.0,1.0,0.0,0.0,0.0,0.0,1.0,2.0,6.0,1.0,1.0,0.0,3.0,0.0,0.0,0.0,0.0,1.0,2.0,2.0,1.0,0.0,0.0,1.0,6.0,15.0,44.0,0.0,21.0,2.0,5.0,0.0,7.0,2.0,0.0,0.0,1.0,0.0,3.0,1.0,7.0,16.0,18.0,2.0,8.0,0.0,0.0,0.0,3.0,21.0,12.0,0.0,6.0,6.0,17.0,3.0,233.0,2.628175519630485,0.04965032948599649,0.735809536934332,0.8120919851840356,3.349597690269706,25.34482522974681,4.960576640188291,0.034328408204791036,0.5885487085878351,0.6552147782520199,3.6941385278099674,23.814303066310362,nv
55.0,7.0,16.0,9.0,5.0,0.0,1.0,2.0,5.0,0.0,1.0,1.0,2.0,1.0,8.0,14.0,9.0,1.0,3.0,1.0,0.0,0.0,2.0,0.0,4.0,0.0,1.0,0.0,8.0,0.0,37.0,16.0,5.0,2.0,4.0,1.0,0.0,0.0,1.0,0.0,1.0,0.0,0.0,0.0,5.0,0.0,0.0,0.0,7.0,0.0,1.0,1.0,0.0,0.0,0.0,1.0,9.0,0.0,3.0,1.0,32.0,0.0,13.0,4.0,5.0,0.0,3.0,0.0,3.0,0.0,1.0,1.0,0.0,0.0,0.0,0.0,0.0,0.0,0.0,0.0,0.0,0.0,1.0,0.0,0.0,0.0,0.0,0.0,0.0,0.0,3.0,0.0,0.0,0.0,0.0,1.0,6.0,1.0,2.0,0.0,2.0,0.0,0.0,0.0,2.0,1.0,0.0,0.0,2.0,0.0,0.0,0.0,14.0,1.0,0.0,0.0,0.0,0.0,0.0,0.0,35.0,0.0,1.0,0.0,19.0,0.0,9.0,2.0,9.0,4.0,1.0,12.0,2.0,0.0,0.0,28.0,2.0,0.0,0.0,0.0,1.0,1.0,0.0,8.0,0.0,0.0,0.0,1.0,0.0,0.0,0.0,0.0,0.0,2.0,0.0,0.0,0.0,0.0,0.0,3.0,3.0,3.0,0.0,2.0,0.0,0.0,0.0,1.0,0.0,0.0,0.0,0.0,0.0,0.0,0.0,0.0,1.0,1.0,0.0,2.0,0.0,0.0,0.0,0.0,1.0,1.0,0.0,0.0,1.0,1.0,0.0,1.0,6.0,19.0,7.0,55.0,0.0,1.0,1.0,25.0,0.0,0.0,0.0,0.0,0.0,0.0,1.0,8.0,0.0,0.0,0.0,1.0,0.0,0.0,0.0,0.0,0.0,0.0,0.0,3.0,0.0,1.0,2.0,7.0,10.0,53.0,2.0,35.0,1.0,4.0,0.0,6.0,1.0,1.0,0.0,0.0,0.0,2.0,0.0,4.0,24.0,22.0,0.0,8.0,0.0,0.0,0.0,0.0,28.0,9.0,2.0,4.0,3.0,10.0,1.0,320.0,3.884498480243162,0.05609579164395501,0.7504968979944335,0.8279515030813984,3.2799140527814354,41.27135640735846,7.643603133159269,0.03854944815221318,0.5987389983697718,0.6562389573664333,3.6638380779083835,36.82684107192768,nv
36.0,2.0,10.0,3.0,4.0,0.0,4.0,8.0,6.0,1.0,2.0,2.0,5.0,1.0,18.0,29.0,5.0,2.0,3.0,0.0,1.0,0.0,0.0,0.0,4.0,1.0,5.0,5.0,9.0,0.0,50.0,33.0,11.0,0.0,1.0,1.0,2.0,0.0,0.0,1.0,3.0,0.0,0.0,0.0,2.0,0.0,0.0,1.0,7.0,1.0,3.0,0.0,1.0,0.0,0.0,0.0,17.0,2.0,1.0,0.0,36.0,2.0,21.0,6.0,3.0,0.0,2.0,2.0,0.0,0.0,0.0,0.0,2.0,0.0,0.0,0.0,2.0,0.0,1.0,0.0,0.0,0.0,0.0,0.0,0.0,0.0,0.0,0.0,0.0,0.0,0.0,0.0,1.0,0.0,2.0,1.0,6.0,0.0,1.0,0.0,0.0,0.0,0.0,0.0,1.0,0.0,0.0,0.0,3.0,0.0,0.0,1.0,17.0,0.0,0.0,0.0,0.0,0.0,1.0,0.0,34.0,0.0,0.0,0.0,18.0,1.0,10.0,5.0,5.0,3.0,2.0,8.0,0.0,0.0,2.0,7.0,1.0,0.0,2.0,2.0,0.0,0.0,0.0,19.0,4.0,0.0,1.0,0.0,0.0,0.0,0.0,0.0,2.0,1.0,0.0,1.0,0.0,2.0,0.0,5.0,0.0,0.0,0.0,0.0,0.0,0.0,0.0,3.0,1.0,0.0,0.0,0.0,0.0,0.0,0.0,0.0,2.0,1.0,0.0,1.0,0.0,0.0,0.0,0.0,0.0,1.0,0.0,0.0,0.0,0.0,1.0,4.0,1.0,7.0,1.0,24.0,2.0,1.0,0.0,15.0,0.0,0.0,0.0,1.0,1.0,0.0,0.0,7.0,2.0,0.0,0.0,0.0,0.0,0.0,1.0,0.0,0.0,0.0,0.0,1.0,2.0,1.0,1.0,4.0,11.0,19.0,2.0,17.0,0.0,0.0,0.0,4.0,1.0,0.0,0.0,0.0,0.0,1.0,0.0,2.0,30.0,17.0,2.0,3.0,1.0,0.0,1.0,2.0,23.0,11.0,0.0,6.0,10.0,5.0,4.0,371.0,3.6784073506891284,0.06332685025149304,0.7566510151488998,0.7938271893613162,3.2188236025893726,32.00435158628349,6.876539973787681,0.0440833503673332,0.6044729281928011,0.6095176070251347,3.5864417906574215,28.34420286892637,nv
40.0,9.0,11.0,9.0,12.0,1.0,7.0,6.0,6.0,0.0,2.0,1.0,4.0,0.0,8.0,8.0,6.0,0.0,1.0,2.0,2.0,0.0,0.0,3.0,3.0,0.0,1.0,2.0,9.0,0.0,16.0,7.0,3.0,0.0,3.0,0.0,1.0,0.0,1.0,0.0,2.0,0.0,1.0,0.0,3.0,1.0,4.0,2.0,1.0,1.0,1.0,0.0,0.0,0.0,1.0,0.0,1.0,0.0,1.0,0.0,5.0,2.0,13.0,11.0,2.0,1.0,0.0,0.0,1.0,0.0,2.0,1.0,1.0,0.0,0.0,0.0,0.0,0.0,0.0,4.0,0.0,0.0,0.0,0.0,0.0,0.0,0.0,0.0,0.0,1.0,0.0,0.0,0.0,0.0,0.0,2.0,2.0,0.0,0.0,0.0,1.0,0.0,0.0,0.0,1.0,0.0,0.0,0.0,1.0,0.0,1.0,1.0,1.0,0.0,0.0,0.0,1.0,0.0,1.0,1.0,1.0,0.0,0.0,0.0,2.0,1.0,2.0,2.0,8.0,1.0,0.0,3.0,0.0,3.0,1.0,14.0,3.0,1.0,0.0,1.0,1.0,1.0,1.0,8.0,2.0,0.0,0.0,0.0,0.0,0.0,0.0,3.0,1.0,0.0,1.0,0.0,1.0,1.0,4.0,11.0,0.0,1.0,0.0,2.0,0.0,0.0,1.0,5.0,0.0,0.0,0.0,0.0,1.0,0.0,0.0,2.0,1.0,0.0,1.0,1.0,0.0,0.0,1.0,1.0,0.0,1.0,0.0,0.0,0.0,0.0,0.0,11.0,0.0,3.0,2.0,0.0,1.0,1.0,0.0,7.0,0.0,0.0,0.0,0.0,0.0,1.0,2.0,6.0,0.0,1.0,0.0,2.0,0.0,1.0,1.0,0.0,0.0,0.0,0.0,2.0,0.0,0.0,3.0,10.0,0.0,2.0,0.0,9.0,0.0,2.0,0.0,1.0,0.0,0.0,0.0,0.0,1.0,1.0,0.0,5.0,0.0,1.0,0.0,1.0,1.0,0.0,1.0,3.0,2.0,1.0,1.0,2.0,0.0,3.0,1.0,142.0,2.989743589743589,0.0786408941485865,0.7660289509854015,0.7586157109461096,2.9026886881340257,21.781906640368188,5.881240147136102,0.05678107609496746,0.6474677001818095,0.5613038697102499,3.1778136419109724,20.931123769781326,nv
42.0,12.0,12.0,7.0,9.0,1.0,8.0,7.0,7.0,0.0,0.0,1.0,1.0,3.0,3.0,15.0,1.0,1.0,0.0,2.0,0.0,0.0,1.0,2.0,0.0,1.0,2.0,0.0,3.0,1.0,0.0,4.0,3.0,1.0,3.0,2.0,0.0,0.0,0.0,0.0,0.0,0.0,0.0,0.0,3.0,0.0,0.0,6.0,2.0,1.0,0.0,0.0,0.0,0.0,0.0,0.0,0.0,0.0,0.0,0.0,2.0,2.0,7.0,1.0,6.0,3.0,1.0,0.0,0.0,0.0,2.0,3.0,2.0,0.0,0.0,0.0,0.0,0.0,0.0,3.0,0.0,0.0,0.0,0.0,0.0,0.0,0.0,0.0,0.0,0.0,0.0,1.0,1.0,1.0,2.0,0.0,1.0,1.0,1.0,1.0,1.0,0.0,0.0,0.0,1.0,0.0,1.0,1.0,0.0,0.0,1.0,1.0,1.0,1.0,0.0,0.0,0.0,0.0,0.0,1.0,0.0,1.0,0.0,1.0,1.0,0.0,2.0,3.0,5.0,3.0,2.0,9.0,0.0,0.0,2.0,7.0,3.0,1.0,0.0,1.0,1.0,1.0,1.0,8.0,1.0,0.0,0.0,0.0,0.0,0.0,0.0,5.0,0.0,0.0,0.0,2.0,0.0,1.0,0.0,6.0,2.0,3.0,1.0,4.0,0.0,1.0,0.0,2.0,0.0,1.0,0.0,0.0,0.0,0.0,0.0,2.0,1.0,1.0,0.0,0.0,0.0,0.0,0.0,1.0,0.0,1.0,0.0,0.0,0.0,1.0,0.0,6.0,3.0,9.0,1.0,17.0,0.0,0.0,2.0,6.0,1.0,1.0,0.0,4.0,0.0,1.0,0.0,11.0,0.0,0.0,0.0,0.0,1.0,0.0,0.0,1.0,0.0,0.0,0.0,3.0,0.0,0.0,2.0,11.0,1.0,6.0,1.0,11.0,0.0,2.0,0.0,12.0,0.0,0.0,0.0,0.0,1.0,0.0,1.0,11.0,1.0,1.0,0.0,2.0,0.0,1.0,0.0,3.0,2.0,0.0,1.0,1.0,1.0,3.0,2.0,141.0,2.994871794871794,0.07766456278763972,0.7640802330366838,0.7588752661836664,2.919180459673676,21.845979224194608,5.8980557015239095,0.056156595402507704,0.6434740060147047,0.5612467786692277,3.1946684330373825,20.987470898757916,nv
32.0,3.0,8.0,1.0,8.0,1.0,10.0,4.0,11.0,0.0,1.0,1.0,7.0,2.0,10.0,18.0,3.0,1.0,0.0,1.0,1.0,0.0,1.0,1.0,5.0,0.0,0.0,0.0,12.0,1.0,13.0,11.0,4.0,0.0,0.0,2.0,2.0,0.0,2.0,1.0,2.0,0.0,0.0,0.0,8.0,1.0,1.0,1.0,4.0,1.0,0.0,0.0,0.0,0.0,1.0,0.0,9.0,0.0,2.0,0.0,20.0,4.0,18.0,15.0,3.0,0.0,1.0,0.0,2.0,0.0,3.0,0.0,3.0,0.0,0.0,0.0,0.0,0.0,1.0,1.0,0.0,0.0,0.0,0.0,0.0,0.0,0.0,0.0,1.0,1.0,1.0,0.0,0.0,0.0,1.0,0.0,3.0,0.0,0.0,0.0,0.0,0.0,3.0,0.0,3.0,0.0,0.0,1.0,0.0,0.0,0.0,0.0,1.0,0.0,0.0,0.0,0.0,0.0,0.0,0.0,5.0,0.0,1.0,0.0,11.0,2.0,12.0,5.0,6.0,2.0,0.0,7.0,0.0,1.0,2.0,4.0,0.0,0.0,0.0,1.0,1.0,1.0,1.0,9.0,0.0,1.0,0.0,0.0,0.0,0.0,0.0,0.0,1.0,0.0,0.0,0.0,0.0,0.0,5.0,8.0,0.0,0.0,0.0,1.0,0.0,0.0,0.0,0.0,0.0,0.0,0.0,0.0,0.0,0.0,1.0,0.0,1.0,1.0,0.0,0.0,0.0,0.0,0.0,0.0,1.0,1.0,0.0,2.0,4.0,1.0,4.0,9.0,1.0,1.0,1.0,3.0,0.0,0.0,1.0,5.0,0.0,0.0,0.0,0.0,0.0,0.0,0.0,7.0,0.0,0.0,1.0,1.0,0.0,0.0,1.0,2.0,0.0,0.0,0.0,2.0,0.0,0.0,2.0,5.0,3.0,0.0,0.0,1.0,1.0,0.0,0.0,4.0,0.0,0.0,0.0,1.0,0.0,0.0,0.0,3.0,2.0,1.0,0.0,1.0,0.0,0.0,0.0,2.0,4.0,3.0,1.0,2.0,1.0,2.0,3.0,270.0,2.9423318010865036,0.0998188406113457,0.8094248243740577,0.8420240442405093,2.696194934459808,34.308043256824604,5.774531181857826,0.072350404129141,0.6897336441912694,0.6862558074403284,3.0166663373145797,31.035910692756676,nv
761.0,103.0,140.0,93.0,104.0,39.0,99.0,126.0,132.0,23.0,35.0,30.0,91.0,23.0,129.0,184.0,160.0,16.0,29.0,18.0,36.0,6.0,30.0,20.0,105.0,16.0,42.0,21.0,131.0,22.0,186.0,137.0,169.0,32.0,22.0,17.0,30.0,7.0,25.0,15.0,37.0,6.0,8.0,8.0,34.0,9.0,30.0,22.0,147.0,17.0,17.0,9.0,33.0,5.0,21.0,13.0,145.0,17.0,32.0,19.0,194.0,28.0,175.0,144.0,133.0,43.0,25.0,33.0,16.0,8.0,16.0,18.0,25.0,7.0,7.0,8.0,24.0,5.0,25.0,27.0,55.0,13.0,4.0,7.0,12.0,2.0,7.0,8.0,35.0,7.0,12.0,12.0,28.0,16.0,36.0,34.0,137.0,40.0,18.0,15.0,13.0,3.0,13.0,16.0,30.0,10.0,8.0,4.0,18.0,5.0,18.0,30.0,149.0,18.0,25.0,23.0,27.0,17.0,21.0,36.0,170.0,28.0,39.0,40.0,133.0,40.0,157.0,205.0,133.0,88.0,32.0,105.0,26.0,17.0,15.0,158.0,29.0,12.0,9.0,18.0,21.0,14.0,24.0,153.0,35.0,19.0,12.0,14.0,7.0,8.0,9.0,16.0,21.0,17.0,10.0,16.0,19.0,21.0,31.0,129.0,47.0,33.0,8.0,14.0,8.0,10.0,2.0,20.0,9.0,5.0,5.0,21.0,7.0,9.0,15.0,57.0,32.0,23.0,16.0,17.0,6.0,9.0,18.0,20.0,40.0,24.0,12.0,22.0,45.0,36.0,68.0,170.0,125.0,115.0,20.0,147.0,15.0,22.0,17.0,116.0,16.0,27.0,7.0,26.0,5.0,26.0,22.0,103.0,21.0,27.0,16.0,27.0,10.0,8.0,12.0,26.0,17.0,22.0,13.0,34.0,19.0,23.0,41.0,164.0,140.0,175.0,39.0,168.0,18.0,41.0,14.0,118.0,41.0,32.0,15.0,40.0,30.0,31.0,33.0,148.0,194.0,184.0,41.0,145.0,31.0,41.0,33.0,172.0,195.0,171.0,67.0,198.0,150.0,194.0,248.0,2063.0,1.8419424841515304,0.06991709945188967,0.8364474645692804,0.8652854570583947,2.98852933825929,25.50391704862299,3.597240337749709,0.05670869133729476,0.7744900630648438,0.7463031063056321,3.1944302314674613,24.76132791561921,nv
411.0,72.0,114.0,137.0,86.0,21.0,135.0,239.0,90.0,26.0,34.0,24.0,111.0,21.0,260.0,375.0,71.0,9.0,16.0,9.0,17.0,4.0,26.0,14.0,84.0,12.0,18.0,14.0,200.0,19.0,399.0,384.0,88.0,14.0,30.0,16.0,18.0,3.0,18.0,20.0,24.0,2.0,5.0,6.0,29.0,7.0,24.0,30.0,79.0,10.0,16.0,15.0,15.0,3.0,16.0,24.0,226.0,15.0,28.0,17.0,416.0,21.0,392.0,255.0,64.0,15.0,12.0,22.0,13.0,7.0,10.0,19.0,16.0,1.0,1.0,2.0,14.0,4.0,18.0,29.0,10.0,4.0,3.0,3.0,2.0,1.0,3.0,5.0,15.0,2.0,0.0,2.0,16.0,2.0,25.0,31.0,104.0,19.0,16.0,24.0,8.0,3.0,20.0,24.0,17.0,4.0,4.0,3.0,10.0,1.0,13.0,24.0,131.0,13.0,8.0,9.0,21.0,0.0,7.0,14.0,340.0,13.0,15.0,16.0,316.0,16.0,160.0,131.0,104.0,120.0,36.0,310.0,14.0,18.0,30.0,461.0,16.0,13.0,2.0,37.0,10.0,27.0,31.0,473.0,16.0,12.0,4.0,14.0,4.0,2.0,2.0,25.0,6.0,20.0,7.0,19.0,16.0,20.0,27.0,269.0,21.0,24.0,9.0,37.0,1.0,1.0,5.0,29.0,3.0,1.0,1.0,7.0,5.0,3.0,5.0,50.0,17.0,21.0,3.0,18.0,5.0,1.0,5.0,18.0,17.0,17.0,1.0,28.0,18.0,23.0,33.0,226.0,87.0,216.0,31.0,446.0,6.0,14.0,19.0,413.0,9.0,7.0,4.0,36.0,7.0,22.0,15.0,307.0,17.0,12.0,2.0,30.0,2.0,3.0,5.0,24.0,14.0,10.0,4.0,18.0,9.0,22.0,15.0,242.0,227.0,453.0,23.0,448.0,17.0,26.0,14.0,248.0,20.0,18.0,3.0,39.0,16.0,22.0,25.0,219.0,322.0,304.0,20.0,189.0,8.0,24.0,14.0,152.0,272.0,173.0,21.0,146.0,170.0,157.0,139.0,2596.0,2.993287737048865,0.08467778143322016,0.8894287041055745,0.8626640367159889,2.80877682433578,40.59744648103397,5.546635552583277,0.06602977027544757,0.8195355122015088,0.7415674667775242,3.0572046137937656,37.378575785328024,nv
899.0,94.0,107.0,89.0,97.0,32.0,61.0,154.0,129.0,23.0,26.0,24.0,79.0,18.0,109.0,169.0,121.0,14.0,12.0,19.0,29.0,9.0,37.0,19.0,85.0,14.0,22.0,13.0,149.0,21.0,195.0,125.0,137.0,31.0,26.0,15.0,22.0,6.0,14.0,15.0,34.0,4.0,4.0,4.0,27.0,2.0,26.0,28.0,109.0,14.0,17.0,14.0,27.0,6.0,8.0,17.0,200.0,24.0,25.0,14.0,232.0,34.0,200.0,116.0,136.0,35.0,27.0,27.0,17.0,6.0,17.0,18.0,27.0,7.0,7.0,6.0,14.0,2.0,20.0,22.0,44.0,18.0,9.0,4.0,10.0,3.0,8.0,3.0,26.0,7.0,14.0,7.0,36.0,6.0,33.0,19.0,118.0,29.0,16.0,20.0,26.0,8.0,10.0,12.0,33.0,7.0,5.0,12.0,20.0,7.0,19.0,26.0,164.0,31.0,36.0,25.0,24.0,7.0,32.0,14.0,234.0,44.0,44.0,40.0,239.0,43.0,177.0,162.0,135.0,98.0,26.0,161.0,23.0,26.0,30.0,265.0,22.0,9.0,7.0,25.0,16.0,17.0,17.0,198.0,20.0,14.0,7.0,20.0,9.0,6.0,6.0,24.0,11.0,12.0,5.0,24.0,24.0,11.0,26.0,139.0,37.0,31.0,9.0,22.0,5.0,5.0,8.0,32.0,8.0,10.0,3.0,7.0,4.0,6.0,7.0,34.0,28.0,17.0,10.0,18.0,6.0,8.0,7.0,24.0,45.0,15.0,9.0,21.0,37.0,33.0,60.0,178.0,111.0,146.0,39.0,219.0,16.0,21.0,18.0,187.0,22.0,24.0,5.0,36.0,8.0,20.0,20.0,142.0,38.0,25.0,7.0,34.0,6.0,8.0,8.0,26.0,21.0,14.0,10.0,31.0,20.0,13.0,22.0,134.0,140.0,187.0,32.0,199.0,26.0,41.0,15.0,161.0,44.0,40.0,11.0,59.0,19.0,22.0,13.0,197.0,228.0,188.0,36.0,194.0,53.0,34.0,33.0,182.0,273.0,190.0,80.0,212.0,199.0,193.0,218.0,2377.0,2.5079362505877203,0.0571171423850221,0.8263593967718766,0.8734033611231563,3.181265936480406,37.11296163166158,4.8404685766494815,0.04483314123187363,0.7547657863798692,0.7552635393575815,3.3955666538601568,34.71611047939747,nv
175.0,17.0,42.0,8.0,23.0,3.0,7.0,12.0,14.0,5.0,6.0,3.0,12.0,2.0,7.0,19.0,19.0,3.0,7.0,3.0,6.0,1.0,2.0,3.0,11.0,5.0,6.0,4.0,25.0,2.0,42.0,25.0,46.0,9.0,16.0,1.0,9.0,2.0,4.0,2.0,3.0,3.0,2.0,2.0,9.0,1.0,5.0,5.0,24.0,2.0,5.0,1.0,6.0,0.0,3.0,2.0,20.0,4.0,2.0,3.0,72.0,8.0,29.0,18.0,35.0,15.0,16.0,5.0,4.0,3.0,2.0,2.0,4.0,1.0,2.0,1.0,1.0,0.0,4.0,0.0,4.0,0.0,3.0,0.0,0.0,0.0,0.0,0.0,3.0,1.0,4.0,0.0,3.0,0.0,7.0,6.0,12.0,2.0,8.0,3.0,3.0,0.0,3.0,2.0,2.0,0.0,0.0,0.0,6.0,2.0,1.0,3.0,17.0,1.0,4.0,1.0,3.0,0.0,1.0,0.0,53.0,3.0,8.0,1.0,39.0,7.0,15.0,15.0,14.0,17.0,8.0,10.0,5.0,2.0,10.0,7.0,6.0,4.0,0.0,0.0,5.0,0.0,1.0,13.0,0.0,6.0,2.0,5.0,0.0,0.0,0.0,1.0,1.0,3.0,0.0,2.0,1.0,5.0,6.0,14.0,2.0,6.0,1.0,3.0,1.0,2.0,1.0,2.0,1.0,1.0,0.0,2.0,2.0,3.0,1.0,7.0,4.0,1.0,0.0,0.0,0.0,0.0,2.0,5.0,2.0,1.0,2.0,3.0,6.0,5.0,3.0,20.0,12.0,15.0,14.0,27.0,2.0,6.0,2.0,17.0,1.0,1.0,1.0,1.0,2.0,1.0,2.0,12.0,1.0,3.0,2.0,13.0,1.0,1.0,4.0,3.0,0.0,3.0,2.0,10.0,2.0,6.0,1.0,23.0,7.0,23.0,7.0,22.0,0.0,3.0,3.0,13.0,5.0,7.0,2.0,5.0,6.0,8.0,5.0,21.0,24.0,29.0,2.0,18.0,3.0,5.0,1.0,14.0,36.0,18.0,4.0,22.0,22.0,29.0,20.0,487.0,5.061126920887877,0.026454170309573935,0.5786334176326918,0.766109283630907,4.120084024794427,38.21657985992448,9.180329759022253,0.019921217670683132,0.4707568630559894,0.5692160962716657,4.379154775132093,33.44117805298575,vasc
125.0,11.0,29.0,17.0,17.0,2.0,10.0,8.0,25.0,3.0,2.0,6.0,11.0,2.0,12.0,29.0,15.0,2.0,1.0,1.0,2.0,0.0,1.0,3.0,14.0,4.0,6.0,2.0,17.0,3.0,41.0,22.0,24.0,1.0,5.0,1.0,7.0,0.0,3.0,1.0,5.0,1.0,0.0,1.0,9.0,0.0,2.0,3.0,17.0,2.0,4.0,1.0,0.0,1.0,1.0,2.0,25.0,3.0,3.0,6.0,76.0,4.0,29.0,18.0,19.0,4.0,8.0,2.0,6.0,1.0,3.0,4.0,4.0,1.0,0.0,0.0,11.0,4.0,2.0,3.0,2.0,0.0,0.0,0.0,1.0,0.0,2.0,1.0,8.0,0.0,0.0,1.0,1.0,1.0,6.0,5.0,19.0,3.0,0.0,1.0,4.0,0.0,4.0,2.0,7.0,2.0,2.0,0.0,5.0,2.0,6.0,5.0,35.0,3.0,2.0,2.0,2.0,0.0,2.0,0.0,72.0,11.0,3.0,4.0,39.0,1.0,15.0,17.0,17.0,20.0,8.0,25.0,7.0,2.0,9.0,26.0,4.0,2.0,1.0,4.0,5.0,1.0,7.0,18.0,5.0,2.0,1.0,8.0,1.0,1.0,0.0,6.0,5.0,1.0,0.0,1.0,2.0,1.0,2.0,14.0,2.0,1.0,0.0,3.0,2.0,0.0,1.0,1.0,0.0,1.0,0.0,0.0,0.0,0.0,1.0,2.0,3.0,3.0,0.0,5.0,1.0,1.0,0.0,3.0,5.0,3.0,0.0,3.0,5.0,3.0,0.0,18.0,21.0,23.0,9.0,30.0,5.0,4.0,8.0,25.0,3.0,1.0,1.0,2.0,1.0,2.0,2.0,16.0,2.0,2.0,0.0,6.0,0.0,2.0,2.0,7.0,1.0,3.0,0.0,1.0,1.0,0.0,1.0,16.0,22.0,25.0,5.0,21.0,2.0,0.0,1.0,19.0,7.0,3.0,1.0,10.0,3.0,1.0,2.0,15.0,33.0,34.0,3.0,22.0,3.0,6.0,3.0,16.0,58.0,20.0,7.0,19.0,11.0,16.0,10.0,788.0,3.284663092610111,0.0790758879982202,0.6787780119479834,0.7856021502731826,3.4272412600687403,27.356158135731295,5.934278350515465,0.059536200103181336,0.5608811653617082,0.6051051691250964,3.745186787800641,24.12070280670988,vasc
175.0,35.0,46.0,12.0,19.0,4.0,24.0,17.0,14.0,4.0,3.0,2.0,11.0,3.0,20.0,53.0,23.0,4.0,9.0,3.0,6.0,0.0,6.0,3.0,12.0,1.0,9.0,6.0,25.0,3.0,72.0,39.0,42.0,16.0,16.0,8.0,7.0,3.0,5.0,4.0,6.0,2.0,2.0,0.0,6.0,4.0,2.0,8.0,7.0,2.0,4.0,3.0,2.0,0.0,3.0,1.0,7.0,4.0,5.0,1.0,42.0,7.0,29.0,15.0,17.0,15.0,9.0,2.0,3.0,0.0,2.0,1.0,5.0,1.0,3.0,0.0,5.0,1.0,4.0,3.0,3.0,3.0,2.0,0.0,1.0,0.0,0.0,0.0,2.0,0.0,1.0,2.0,2.0,0.0,8.0,7.0,8.0,5.0,1.0,3.0,3.0,0.0,1.0,1.0,3.0,1.0,2.0,0.0,4.0,0.0,3.0,1.0,12.0,2.0,2.0,2.0,3.0,0.0,2.0,0.0,19.0,0.0,5.0,3.0,25.0,6.0,18.0,15.0,14.0,12.0,2.0,7.0,0.0,1.0,4.0,24.0,6.0,1.0,1.0,5.0,1.0,0.0,2.0,36.0,5.0,2.0,1.0,0.0,0.0,1.0,0.0,3.0,5.0,2.0,2.0,6.0,1.0,2.0,6.0,22.0,8.0,14.0,1.0,7.0,2.0,2.0,0.0,2.0,0.0,1.0,0.0,2.0,0.0,2.0,2.0,4.0,10.0,2.0,1.0,3.0,0.0,4.0,2.0,1.0,1.0,2.0,1.0,5.0,6.0,1.0,3.0,20.0,17.0,15.0,6.0,23.0,6.0,3.0,1.0,29.0,4.0,1.0,1.0,7.0,3.0,3.0,1.0,18.0,2.0,6.0,2.0,3.0,0.0,1.0,0.0,5.0,0.0,1.0,3.0,8.0,5.0,6.0,5.0,29.0,10.0,27.0,3.0,22.0,5.0,13.0,0.0,18.0,0.0,1.0,2.0,5.0,2.0,10.0,3.0,22.0,7.0,17.0,2.0,13.0,1.0,3.0,5.0,14.0,13.0,12.0,7.0,21.0,14.0,23.0,20.0,487.0,5.061126920887877,0.026454170309573935,0.5786334176326918,0.766109283630907,4.120084024794427,38.21657985992448,9.180329759022253,0.019921217670683132,0.4707568630559894,0.5692160962716657,4.379154775132093,33.44117805298575,vasc
195.0,27.0,51.0,30.0,30.0,7.0,34.0,65.0,22.0,4.0,7.0,6.0,22.0,4.0,59.0,109.0,33.0,11.0,3.0,4.0,3.0,2.0,5.0,2.0,19.0,2.0,9.0,6.0,74.0,3.0,187.0,83.0,54.0,10.0,29.0,5.0,9.0,1.0,5.0,6.0,9.0,3.0,1.0,0.0,4.0,0.0,13.0,5.0,15.0,6.0,6.0,4.0,6.0,1.0,6.0,2.0,71.0,1.0,14.0,4.0,173.0,10.0,135.0,58.0,26.0,9.0,8.0,6.0,12.0,1.0,3.0,3.0,4.0,1.0,0.0,2.0,1.0,1.0,4.0,6.0,6.0,0.0,2.0,0.0,0.0,1.0,0.0,2.0,1.0,1.0,1.0,0.0,3.0,1.0,7.0,7.0,40.0,8.0,6.0,2.0,6.0,0.0,4.0,5.0,10.0,0.0,1.0,0.0,5.0,0.0,8.0,5.0,72.0,4.0,5.0,3.0,4.0,1.0,2.0,5.0,103.0,4.0,4.0,1.0,91.0,5.0,47.0,38.0,27.0,23.0,8.0,88.0,7.0,6.0,6.0,113.0,11.0,5.0,2.0,6.0,5.0,6.0,3.0,121.0,1.0,1.0,1.0,5.0,1.0,2.0,0.0,8.0,2.0,3.0,0.0,4.0,4.0,3.0,8.0,70.0,5.0,10.0,1.0,14.0,1.0,3.0,1.0,10.0,3.0,3.0,1.0,1.0,1.0,0.0,1.0,17.0,11.0,6.0,2.0,6.0,0.0,2.0,0.0,4.0,4.0,10.0,2.0,7.0,4.0,8.0,11.0,48.0,28.0,70.0,16.0,162.0,2.0,12.0,11.0,98.0,4.0,3.0,0.0,1.0,1.0,1.0,4.0,82.0,8.0,2.0,2.0,6.0,0.0,1.0,1.0,8.0,4.0,5.0,2.0,8.0,8.0,2.0,5.0,75.0,82.0,189.0,9.0,163.0,9.0,9.0,4.0,60.0,8.0,5.0,1.0,13.0,5.0,11.0,3.0,42.0,108.0,112.0,10.0,66.0,4.0,4.0,2.0,34.0,104.0,71.0,11.0,63.0,44.0,58.0,54.0,864.0,1.5099484810801205,0.1226958076215028,0.865694823820643,0.8233763541092148,2.5721593526737534,15.587971488410155,2.8687208467886616,0.09765393009846704,0.7780214141446136,0.6641907472749097,2.8346159690369555,14.216697875352,vasc
129.0,16.0,22.0,19.0,16.0,1.0,23.0,55.0,30.0,14.0,6.0,10.0,16.0,4.0,74.0,213.0,10.0,5.0,3.0,4.0,3.0,0.0,5.0,1.0,29.0,3.0,6.0,7.0,39.0,1.0,148.0,128.0,27.0,7.0,7.0,2.0,5.0,1.0,4.0,1.0,6.0,3.0,2.0,0.0,7.0,1.0,6.0,3.0,27.0,2.0,5.0,4.0,2.0,0.0,0.0,1.0,93.0,0.0,7.0,2.0,188.0,4.0,148.0,72.0,18.0,0.0,5.0,0.0,3.0,0.0,3.0,2.0,7.0,0.0,0.0,0.0,3.0,0.0,2.0,7.0,1.0,1.0,0.0,0.0,0.0,0.0,0.0,0.0,1.0,0.0,1.0,0.0,3.0,1.0,1.0,4.0,22.0,4.0,5.0,2.0,2.0,0.0,3.0,1.0,15.0,0.0,0.0,0.0,7.0,0.0,7.0,5.0,57.0,3.0,1.0,2.0,1.0,1.0,0.0,1.0,181.0,11.0,5.0,3.0,150.0,1.0,83.0,57.0,32.0,17.0,7.0,55.0,3.0,1.0,9.0,198.0,11.0,6.0,0.0,12.0,6.0,1.0,5.0,179.0,8.0,1.0,0.0,3.0,0.0,0.0,0.0,4.0,5.0,2.0,0.0,4.0,6.0,3.0,3.0,50.0,3.0,13.0,2.0,9.0,0.0,1.0,0.0,3.0,0.0,2.0,0.0,0.0,2.0,1.0,0.0,4.0,7.0,7.0,0.0,2.0,0.0,0.0,1.0,2.0,7.0,4.0,3.0,10.0,8.0,1.0,10.0,36.0,26.0,59.0,8.0,203.0,2.0,3.0,8.0,113.0,5.0,3.0,1.0,3.0,3.0,1.0,6.0,50.0,3.0,5.0,0.0,2.0,0.0,0.0,1.0,4.0,3.0,0.0,0.0,6.0,4.0,1.0,7.0,33.0,83.0,180.0,9.0,153.0,3.0,3.0,4.0,68.0,5.0,5.0,0.0,5.0,3.0,3.0,3.0,41.0,227.0,144.0,1.0,71.0,3.0,3.0,7.0,47.0,148.0,67.0,7.0,58.0,80.0,49.0,62.0,1087.0,1.5659549077270594,0.1184328730314141,0.8743666409135825,0.8275037025730914,2.5777578905062795,16.59043373465056,2.9492560419712737,0.09126652600929187,0.7793630535492803,0.6715889038956553,2.8575812119606048,15.011501538730066,vasc
140.0,21.0,31.0,21.0,24.0,2.0,28.0,56.0,23.0,5.0,5.0,8.0,16.0,4.0,81.0,205.0,22.0,6.0,2.0,2.0,3.0,0.0,2.0,2.0,25.0,3.0,10.0,9.0,62.0,4.0,219.0,150.0,27.0,6.0,14.0,5.0,8.0,0.0,1.0,4.0,6.0,0.0,1.0,0.0,6.0,0.0,5.0,5.0,23.0,5.0,8.0,4.0,3.0,0.0,3.0,2.0,84.0,4.0,6.0,4.0,128.0,4.0,158.0,58.0,22.0,5.0,3.0,1.0,3.0,0.0,0.0,5.0,3.0,0.0,2.0,1.0,2.0,0.0,8.0,6.0,3.0,0.0,1.0,1.0,0.0,0.0,2.0,0.0,3.0,0.0,0.0,0.0,5.0,0.0,8.0,4.0,17.0,1.0,2.0,5.0,1.0,0.0,1.0,3.0,6.0,0.0,1.0,1.0,6.0,0.0,2.0,1.0,34.0,1.0,4.0,1.0,4.0,0.0,0.0,6.0,116.0,5.0,4.0,1.0,111.0,6.0,71.0,32.0,28.0,22.0,7.0,66.0,3.0,1.0,7.0,130.0,6.0,5.0,2.0,7.0,3.0,0.0,4.0,132.0,2.0,6.0,0.0,1.0,0.0,0.0,0.0,3.0,2.0,3.0,1.0,8.0,4.0,2.0,3.0,65.0,11.0,13.0,1.0,3.0,0.0,0.0,0.0,6.0,1.0,0.0,1.0,0.0,1.0,2.0,0.0,9.0,9.0,7.0,1.0,10.0,0.0,0.0,1.0,3.0,4.0,4.0,1.0,2.0,10.0,3.0,9.0,48.0,9.0,46.0,3.0,132.0,2.0,4.0,4.0,102.0,2.0,1.0,0.0,6.0,2.0,3.0,5.0,43.0,0.0,4.0,0.0,6.0,0.0,1.0,1.0,4.0,3.0,3.0,1.0,3.0,1.0,1.0,3.0,45.0,77.0,236.0,3.0,140.0,1.0,6.0,3.0,60.0,3.0,2.0,0.0,5.0,3.0,0.0,8.0,39.0,171.0,125.0,1.0,41.0,7.0,7.0,0.0,30.0,106.0,51.0,5.0,38.0,88.0,40.0,42.0,1015.0,1.9043322152407047,0.12173343238448847,0.8719793158874488,0.8175682221629553,2.56290152337658,18.972866240192097,3.5813753991326305,0.09391022735209457,0.7756727661748019,0.6552384013795769,2.8546308005637293,17.19457768533872,vasc
346.0,50.0,87.0,97.0,58.0,8.0,78.0,127.0,69.0,12.0,14.0,12.0,89.0,8.0,127.0,233.0,64.0,7.0,18.0,7.0,12.0,4.0,11.0,7.0,78.0,3.0,15.0,7.0,146.0,10.0,220.0,169.0,96.0,16.0,33.0,18.0,13.0,3.0,12.0,10.0,10.0,3.0,0.0,2.0,18.0,3.0,10.0,19.0,110.0,13.0,7.0,5.0,7.0,2.0,10.0,5.0,129.0,4.0,20.0,12.0,185.0,18.0,198.0,132.0,48.0,7.0,8.0,14.0,11.0,0.0,7.0,9.0,7.0,1.0,2.0,1.0,7.0,1.0,3.0,15.0,17.0,1.0,2.0,2.0,2.0,0.0,1.0,2.0,13.0,1.0,4.0,3.0,10.0,2.0,19.0,15.0,93.0,12.0,12.0,6.0,5.0,3.0,4.0,3.0,11.0,3.0,3.0,0.0,7.0,0.0,9.0,8.0,164.0,7.0,15.0,2.0,16.0,3.0,9.0,8.0,204.0,12.0,19.0,6.0,142.0,16.0,131.0,85.0,50.0,66.0,9.0,115.0,8.0,12.0,12.0,178.0,20.0,8.0,3.0,11.0,10.0,8.0,20.0,193.0,6.0,4.0,3.0,7.0,0.0,4.0,3.0,9.0,9.0,8.0,5.0,13.0,11.0,10.0,17.0,125.0,13.0,23.0,2.0,20.0,6.0,5.0,1.0,21.0,2.0,1.0,0.0,0.0,0.0,3.0,1.0,24.0,19.0,12.0,5.0,8.0,1.0,1.0,3.0,8.0,18.0,8.0,0.0,3.0,20.0,15.0,25.0,78.0,72.0,128.0,16.0,219.0,10.0,8.0,12.0,174.0,5.0,4.0,2.0,14.0,6.0,8.0,13.0,117.0,9.0,7.0,1.0,19.0,4.0,0.0,0.0,16.0,8.0,9.0,1.0,9.0,11.0,6.0,12.0,103.0,138.0,284.0,15.0,206.0,9.0,17.0,5.0,111.0,16.0,17.0,1.0,19.0,7.0,7.0,6.0,94.0,269.0,209.0,16.0,105.0,13.0,8.0,4.0,64.0,249.0,144.0,29.0,97.0,175.0,113.0,98.0,1043.0,1.6164438435731807,0.04763158144077828,0.8343464085505037,0.9228327384939756,3.313430287365233,40.2781060478207,3.413355491766129,0.03508818855035087,0.735646927213204,0.8362658343445906,3.5838535110295657,38.2805143014179,nv
208.0,35.0,38.0,50.0,19.0,7.0,57.0,127.0,42.0,6.0,10.0,17.0,61.0,6.0,167.0,277.0,38.0,9.0,7.0,5.0,6.0,1.0,12.0,2.0,53.0,6.0,11.0,10.0,128.0,6.0,272.0,242.0,48.0,5.0,14.0,6.0,9.0,2.0,4.0,4.0,9.0,0.0,0.0,1.0,6.0,1.0,13.0,8.0,68.0,5.0,6.0,0.0,8.0,1.0,3.0,2.0,173.0,8.0,10.0,4.0,257.0,4.0,233.0,107.0,22.0,6.0,9.0,7.0,3.0,1.0,5.0,4.0,4.0,2.0,1.0,1.0,3.0,1.0,6.0,13.0,5.0,1.0,2.0,1.0,1.0,0.0,0.0,0.0,9.0,1.0,0.0,2.0,7.0,1.0,12.0,7.0,44.0,5.0,6.0,5.0,2.0,0.0,4.0,7.0,7.0,1.0,1.0,1.0,7.0,0.0,5.0,3.0,133.0,4.0,9.0,6.0,9.0,0.0,5.0,0.0,301.0,4.0,16.0,2.0,223.0,3.0,119.0,49.0,37.0,54.0,7.0,123.0,4.0,8.0,7.0,250.0,11.0,4.0,1.0,4.0,7.0,5.0,9.0,224.0,12.0,5.0,0.0,3.0,0.0,0.0,0.0,9.0,5.0,1.0,1.0,7.0,6.0,1.0,9.0,88.0,11.0,14.0,2.0,6.0,0.0,3.0,1.0,10.0,3.0,1.0,0.0,2.0,1.0,1.0,2.0,14.0,10.0,10.0,0.0,5.0,0.0,2.0,0.0,7.0,17.0,9.0,1.0,5.0,7.0,4.0,9.0,54.0,36.0,106.0,12.0,254.0,3.0,3.0,8.0,151.0,4.0,4.0,1.0,9.0,2.0,0.0,13.0,116.0,6.0,6.0,0.0,6.0,0.0,2.0,0.0,3.0,2.0,6.0,1.0,6.0,4.0,4.0,5.0,51.0,151.0,283.0,6.0,193.0,0.0,17.0,3.0,101.0,11.0,9.0,2.0,7.0,2.0,7.0,10.0,64.0,293.0,223.0,3.0,80.0,8.0,9.0,5.0,45.0,275.0,101.0,12.0,47.0,126.0,58.0,68.0,1093.0,2.4021931073768146,0.04937020168780694,0.8442927332155952,0.8924564332279953,3.2799846712858294,42.27166660325633,4.513315521847795,0.03478935388656673,0.7310030779196548,0.7951445387143571,3.588966523449686,39.55009868759422,nv
778.0,86.0,52.0,57.0,84.0,35.0,56.0,103.0,55.0,12.0,12.0,20.0,62.0,25.0,68.0,163.0,76.0,14.0,12.0,4.0,34.0,13.0,26.0,21.0,35.0,11.0,18.0,3.0,99.0,25.0,140.0,116.0,70.0,12.0,4.0,8.0,12.0,9.0,7.0,11.0,15.0,6.0,8.0,3.0,15.0,5.0,18.0,40.0,49.0,10.0,11.0,7.0,19.0,4.0,14.0,8.0,101.0,19.0,13.0,8.0,155.0,19.0,177.0,106.0,89.0,43.0,16.0,23.0,18.0,3.0,13.0,33.0,23.0,11.0,7.0,3.0,12.0,3.0,10.0,30.0,36.0,12.0,4.0,6.0,4.0,4.0,6.0,1.0,30.0,3.0,2.0,4.0,25.0,6.0,13.0,26.0,47.0,24.0,8.0,5.0,12.0,4.0,6.0,6.0,20.0,5.0,3.0,4.0,9.0,5.0,10.0,15.0,115.0,24.0,16.0,7.0,29.0,14.0,7.0,7.0,183.0,32.0,39.0,17.0,160.0,35.0,111.0,66.0,65.0,63.0,17.0,120.0,17.0,22.0,19.0,163.0,11.0,6.0,8.0,24.0,7.0,10.0,31.0,165.0,16.0,10.0,6.0,12.0,4.0,3.0,7.0,42.0,13.0,3.0,4.0,8.0,13.0,8.0,21.0,117.0,12.0,13.0,3.0,23.0,3.0,5.0,7.0,39.0,7.0,6.0,3.0,8.0,7.0,4.0,7.0,53.0,12.0,11.0,6.0,15.0,9.0,4.0,3.0,13.0,23.0,8.0,7.0,10.0,34.0,13.0,57.0,168.0,60.0,120.0,11.0,170.0,10.0,22.0,10.0,170.0,10.0,12.0,6.0,35.0,3.0,8.0,12.0,123.0,26.0,20.0,13.0,20.0,6.0,7.0,7.0,28.0,13.0,3.0,5.0,14.0,10.0,2.0,12.0,75.0,112.0,151.0,22.0,178.0,8.0,27.0,14.0,128.0,31.0,39.0,9.0,75.0,12.0,11.0,14.0,163.0,172.0,160.0,31.0,138.0,25.0,28.0,15.0,93.0,187.0,142.0,69.0,181.0,119.0,73.0,152.0,1521.0,2.5377573848331285,0.0402922452333065,0.7792035059979479,0.8823879781022945,3.5744753710362223,40.616970233749434,4.49678146121661,0.03134340527263512,0.6994147647288417,0.7893571690041533,3.7608246108760626,38.199012551400614,nv
679.0,99.0,146.0,69.0,109.0,26.0,91.0,80.0,72.0,16.0,27.0,18.0,79.0,16.0,105.0,95.0,109.0,17.0,25.0,18.0,16.0,4.0,23.0,17.0,86.0,14.0,29.0,8.0,141.0,19.0,153.0,104.0,159.0,40.0,34.0,13.0,21.0,10.0,9.0,13.0,29.0,3.0,9.0,3.0,39.0,4.0,24.0,13.0,90.0,13.0,12.0,7.0,19.0,4.0,11.0,8.0,131.0,24.0,22.0,12.0,231.0,35.0,173.0,91.0,128.0,34.0,29.0,15.0,27.0,7.0,15.0,16.0,23.0,3.0,5.0,5.0,6.0,8.0,19.0,18.0,33.0,7.0,7.0,8.0,6.0,1.0,7.0,7.0,14.0,3.0,13.0,5.0,13.0,14.0,23.0,15.0,111.0,30.0,26.0,17.0,12.0,7.0,8.0,15.0,27.0,12.0,6.0,8.0,17.0,2.0,12.0,27.0,75.0,15.0,10.0,6.0,19.0,2.0,9.0,18.0,140.0,18.0,19.0,23.0,128.0,26.0,92.0,106.0,110.0,93.0,30.0,106.0,15.0,22.0,20.0,121.0,17.0,12.0,1.0,17.0,11.0,11.0,21.0,103.0,13.0,20.0,4.0,23.0,3.0,5.0,4.0,18.0,8.0,11.0,3.0,15.0,16.0,16.0,15.0,86.0,24.0,24.0,14.0,31.0,5.0,6.0,3.0,18.0,6.0,7.0,1.0,3.0,4.0,12.0,10.0,25.0,12.0,16.0,2.0,14.0,3.0,5.0,2.0,25.0,19.0,15.0,6.0,29.0,17.0,58.0,31.0,137.0,115.0,152.0,46.0,208.0,17.0,18.0,14.0,114.0,15.0,16.0,6.0,23.0,7.0,11.0,11.0,83.0,27.0,25.0,7.0,53.0,3.0,6.0,6.0,25.0,18.0,14.0,15.0,54.0,10.0,17.0,23.0,149.0,128.0,180.0,28.0,181.0,12.0,27.0,18.0,108.0,16.0,15.0,6.0,31.0,11.0,29.0,22.0,98.0,107.0,102.0,12.0,89.0,19.0,30.0,29.0,113.0,98.0,82.0,25.0,112.0,85.0,160.0,123.0,1427.0,3.382250580046403,0.023574322483917037,0.6242202025835306,0.827458247729942,4.147246511371012,35.82275963397519,5.654510771992821,0.018000738670793475,0.5279042925738072,0.7090821323684823,4.384918898223517,33.21907796993303,mel
679.0,103.0,165.0,83.0,126.0,34.0,111.0,73.0,110.0,11.0,25.0,13.0,112.0,29.0,121.0,107.0,98.0,17.0,40.0,14.0,34.0,7.0,35.0,13.0,95.0,19.0,25.0,11.0,152.0,21.0,182.0,105.0,146.0,22.0,32.0,11.0,28.0,9.0,28.0,10.0,30.0,2.0,15.0,2.0,48.0,9.0,28.0,17.0,67.0,17.0,13.0,6.0,16.0,6.0,16.0,7.0,115.0,21.0,30.0,11.0,201.0,51.0,179.0,92.0,112.0,19.0,21.0,17.0,27.0,7.0,11.0,16.0,13.0,3.0,7.0,3.0,19.0,3.0,13.0,22.0,30.0,4.0,8.0,4.0,7.0,3.0,9.0,2.0,21.0,5.0,7.0,7.0,17.0,4.0,26.0,28.0,83.0,20.0,12.0,10.0,16.0,7.0,8.0,10.0,24.0,2.0,3.0,2.0,12.0,8.0,20.0,28.0,79.0,17.0,15.0,10.0,20.0,7.0,17.0,17.0,121.0,23.0,16.0,25.0,115.0,28.0,111.0,111.0,78.0,83.0,27.0,137.0,22.0,15.0,28.0,147.0,15.0,9.0,8.0,17.0,16.0,17.0,15.0,93.0,15.0,15.0,3.0,22.0,3.0,3.0,12.0,19.0,10.0,11.0,7.0,16.0,15.0,15.0,14.0,88.0,23.0,27.0,8.0,22.0,5.0,12.0,4.0,16.0,1.0,3.0,1.0,8.0,4.0,16.0,6.0,27.0,18.0,8.0,3.0,10.0,5.0,4.0,8.0,25.0,16.0,14.0,3.0,27.0,21.0,55.0,39.0,114.0,78.0,151.0,38.0,226.0,7.0,13.0,16.0,131.0,10.0,16.0,5.0,19.0,6.0,10.0,12.0,84.0,15.0,23.0,5.0,36.0,8.0,14.0,3.0,26.0,10.0,15.0,12.0,59.0,10.0,15.0,30.0,155.0,109.0,154.0,20.0,169.0,19.0,22.0,11.0,97.0,20.0,19.0,10.0,37.0,14.0,23.0,23.0,117.0,93.0,97.0,10.0,94.0,18.0,19.0,28.0,105.0,99.0,91.0,24.0,141.0,82.0,145.0,95.0,1421.0,3.3600972693200037,0.023675747884704824,0.6251769073048273,0.8284596880921955,4.144810574682474,35.815502121287636,5.643381280434436,0.018022501100881452,0.528124580955977,0.709507220517178,4.384173737114537,33.21046762060611,mel
572.0,96.0,154.0,97.0,109.0,17.0,142.0,115.0,92.0,13.0,28.0,21.0,124.0,22.0,222.0,201.0,76.0,15.0,17.0,10.0,13.0,0.0,10.0,15.0,101.0,15.0,34.0,19.0,202.0,32.0,350.0,195.0,145.0,19.0,20.0,19.0,28.0,4.0,21.0,9.0,28.0,2.0,4.0,3.0,34.0,1.0,25.0,17.0,91.0,11.0,18.0,5.0,20.0,0.0,12.0,10.0,172.0,11.0,18.0,16.0,326.0,39.0,282.0,130.0,83.0,11.0,23.0,16.0,17.0,1.0,14.0,12.0,14.0,2.0,3.0,3.0,8.0,0.0,12.0,22.0,13.0,0.0,2.0,1.0,3.0,0.0,2.0,1.0,16.0,1.0,4.0,2.0,22.0,4.0,23.0,25.0,94.0,9.0,17.0,15.0,11.0,1.0,6.0,12.0,28.0,4.0,2.0,4.0,13.0,2.0,16.0,18.0,115.0,10.0,9.0,7.0,16.0,1.0,14.0,12.0,181.0,27.0,7.0,14.0,151.0,31.0,123.0,119.0,72.0,110.0,28.0,201.0,8.0,11.0,26.0,177.0,7.0,13.0,3.0,20.0,12.0,12.0,13.0,145.0,15.0,10.0,4.0,19.0,4.0,1.0,7.0,26.0,10.0,11.0,3.0,18.0,11.0,24.0,20.0,133.0,23.0,40.0,5.0,16.0,4.0,5.0,7.0,15.0,1.0,3.0,0.0,3.0,0.0,8.0,4.0,14.0,19.0,16.0,2.0,11.0,2.0,4.0,1.0,10.0,15.0,14.0,2.0,12.0,25.0,29.0,25.0,114.0,77.0,174.0,27.0,347.0,12.0,8.0,23.0,180.0,12.0,14.0,4.0,25.0,5.0,13.0,13.0,120.0,18.0,22.0,5.0,34.0,1.0,3.0,6.0,22.0,7.0,11.0,3.0,27.0,13.0,17.0,21.0,162.0,201.0,321.0,22.0,232.0,16.0,31.0,12.0,136.0,8.0,16.0,1.0,24.0,9.0,14.0,8.0,95.0,193.0,170.0,13.0,102.0,17.0,24.0,9.0,134.0,146.0,125.0,9.0,97.0,116.0,154.0,104.0,1745.0,2.788447185449974,0.029651183152041204,0.6901489570028696,0.8572475904398522,3.8937099096321073,36.27845464887709,5.308456434157515,0.021213117443769094,0.574551792416213,0.7258709908300717,4.218246728935333,33.42116543425908,mel
185.0,22.0,47.0,38.0,24.0,4.0,36.0,35.0,20.0,1.0,10.0,2.0,27.0,3.0,52.0,30.0,19.0,6.0,7.0,6.0,3.0,2.0,4.0,2.0,22.0,3.0,9.0,5.0,26.0,3.0,49.0,40.0,48.0,4.0,18.0,4.0,6.0,1.0,5.0,6.0,5.0,1.0,1.0,1.0,6.0,2.0,6.0,9.0,23.0,2.0,5.0,1.0,2.0,1.0,3.0,2.0,35.0,5.0,4.0,5.0,77.0,16.0,40.0,37.0,18.0,5.0,6.0,3.0,2.0,1.0,3.0,3.0,3.0,1.0,0.0,0.0,0.0,0.0,5.0,8.0,3.0,0.0,1.0,1.0,0.0,0.0,2.0,0.0,5.0,0.0,1.0,3.0,7.0,1.0,6.0,4.0,26.0,2.0,6.0,4.0,6.0,1.0,4.0,2.0,3.0,2.0,0.0,1.0,4.0,3.0,0.0,4.0,44.0,0.0,9.0,1.0,5.0,1.0,1.0,6.0,59.0,2.0,3.0,4.0,49.0,4.0,30.0,25.0,29.0,23.0,6.0,35.0,4.0,5.0,4.0,38.0,4.0,3.0,0.0,2.0,2.0,4.0,7.0,30.0,5.0,2.0,2.0,3.0,0.0,0.0,0.0,2.0,2.0,1.0,0.0,8.0,3.0,8.0,4.0,39.0,7.0,16.0,0.0,6.0,1.0,3.0,1.0,3.0,0.0,1.0,0.0,2.0,0.0,2.0,0.0,10.0,1.0,7.0,1.0,1.0,1.0,3.0,1.0,3.0,5.0,3.0,1.0,3.0,5.0,8.0,4.0,30.0,22.0,39.0,14.0,52.0,5.0,1.0,6.0,24.0,3.0,3.0,1.0,12.0,2.0,4.0,4.0,41.0,9.0,9.0,4.0,7.0,0.0,0.0,0.0,6.0,0.0,5.0,2.0,4.0,3.0,5.0,10.0,60.0,41.0,62.0,9.0,39.0,4.0,10.0,4.0,38.0,6.0,4.0,0.0,8.0,3.0,5.0,4.0,33.0,36.0,36.0,3.0,35.0,3.0,5.0,2.0,22.0,41.0,39.0,9.0,29.0,31.0,58.0,26.0,595.0,1.561030321782178,0.06983388170239127,0.7537600811302748,0.8225639488796422,3.1104300729912118,16.03438292062933,3.009452386532303,0.05587269350081596,0.6538516000863953,0.6501402602447803,3.3633584155303895,14.194312691655155,nv
128.0,16.0,37.0,25.0,25.0,1.0,34.0,40.0,20.0,4.0,7.0,3.0,32.0,4.0,52.0,74.0,12.0,1.0,5.0,2.0,2.0,1.0,4.0,3.0,19.0,3.0,7.0,6.0,49.0,3.0,57.0,53.0,34.0,4.0,7.0,2.0,10.0,1.0,2.0,7.0,14.0,1.0,1.0,0.0,16.0,2.0,6.0,2.0,27.0,3.0,4.0,1.0,5.0,0.0,4.0,3.0,76.0,1.0,7.0,5.0,93.0,9.0,50.0,44.0,33.0,5.0,6.0,4.0,3.0,0.0,6.0,1.0,1.0,0.0,2.0,0.0,2.0,0.0,1.0,5.0,2.0,0.0,0.0,2.0,0.0,0.0,0.0,0.0,2.0,0.0,1.0,1.0,5.0,0.0,3.0,4.0,31.0,6.0,3.0,4.0,3.0,2.0,3.0,3.0,5.0,2.0,0.0,1.0,12.0,2.0,6.0,2.0,32.0,4.0,7.0,6.0,2.0,2.0,0.0,0.0,71.0,4.0,5.0,6.0,71.0,6.0,34.0,22.0,24.0,24.0,8.0,53.0,6.0,8.0,4.0,91.0,3.0,1.0,2.0,8.0,2.0,3.0,4.0,64.0,3.0,1.0,1.0,2.0,0.0,0.0,1.0,7.0,2.0,3.0,2.0,5.0,3.0,4.0,5.0,50.0,8.0,7.0,5.0,7.0,0.0,0.0,0.0,6.0,0.0,2.0,0.0,0.0,1.0,2.0,1.0,8.0,4.0,5.0,0.0,5.0,0.0,1.0,0.0,5.0,6.0,4.0,1.0,7.0,2.0,6.0,5.0,27.0,32.0,47.0,8.0,80.0,7.0,2.0,5.0,76.0,1.0,1.0,0.0,3.0,4.0,4.0,3.0,34.0,2.0,3.0,2.0,12.0,0.0,0.0,0.0,6.0,5.0,2.0,0.0,5.0,4.0,1.0,2.0,38.0,51.0,71.0,5.0,71.0,7.0,4.0,2.0,34.0,8.0,4.0,0.0,4.0,0.0,4.0,0.0,24.0,41.0,51.0,2.0,48.0,2.0,4.0,1.0,27.0,54.0,45.0,4.0,32.0,47.0,36.0,23.0,942.0,1.6742388914795818,0.079593810718275,0.7955664908959553,0.8169943781508331,2.9682413965871297,16.62289181480536,3.051517814887431,0.061493148711978765,0.684205128161031,0.6567400306769753,3.264940870838159,14.728113296224144,nv
267.0,31.0,25.0,17.0,26.0,3.0,12.0,31.0,22.0,4.0,5.0,12.0,21.0,5.0,29.0,62.0,27.0,4.0,5.0,3.0,8.0,5.0,4.0,6.0,20.0,4.0,11.0,3.0,38.0,2.0,63.0,41.0,30.0,4.0,11.0,4.0,4.0,0.0,5.0,3.0,9.0,1.0,2.0,2.0,3.0,2.0,10.0,6.0,19.0,4.0,0.0,2.0,4.0,1.0,5.0,4.0,39.0,5.0,8.0,5.0,41.0,4.0,47.0,27.0,19.0,4.0,5.0,3.0,7.0,1.0,2.0,7.0,10.0,3.0,2.0,1.0,1.0,0.0,7.0,11.0,6.0,1.0,1.0,0.0,2.0,1.0,2.0,2.0,5.0,1.0,1.0,1.0,6.0,2.0,7.0,17.0,15.0,3.0,1.0,3.0,4.0,4.0,1.0,3.0,9.0,0.0,0.0,2.0,4.0,1.0,7.0,4.0,36.0,6.0,4.0,4.0,8.0,2.0,0.0,5.0,42.0,9.0,7.0,4.0,34.0,11.0,33.0,34.0,31.0,18.0,5.0,31.0,9.0,6.0,11.0,37.0,13.0,4.0,2.0,11.0,7.0,2.0,10.0,56.0,7.0,8.0,2.0,3.0,0.0,0.0,1.0,14.0,5.0,1.0,2.0,4.0,9.0,3.0,8.0,25.0,5.0,7.0,1.0,4.0,0.0,3.0,0.0,9.0,3.0,4.0,1.0,0.0,0.0,2.0,2.0,15.0,9.0,5.0,2.0,4.0,3.0,0.0,3.0,7.0,11.0,10.0,0.0,6.0,9.0,4.0,18.0,42.0,24.0,31.0,2.0,32.0,3.0,7.0,5.0,40.0,5.0,1.0,1.0,8.0,4.0,2.0,1.0,39.0,4.0,4.0,3.0,6.0,1.0,0.0,2.0,11.0,2.0,2.0,0.0,8.0,4.0,5.0,4.0,26.0,29.0,24.0,9.0,33.0,7.0,4.0,7.0,42.0,8.0,6.0,4.0,7.0,4.0,3.0,8.0,51.0,53.0,44.0,8.0,43.0,8.0,7.0,8.0,50.0,47.0,36.0,9.0,36.0,27.0,27.0,41.0,877.0,3.5997064374082637,0.10381669182492417,0.7254694419858552,0.6405719857526452,3.1472250540193287,16.430487619368726,5.067433276547413,0.09189383149673946,0.6370696736483106,0.48175566278356236,3.3609445274456413,14.488721659038776,nv
127.0,12.0,35.0,15.0,11.0,2.0,19.0,31.0,19.0,2.0,4.0,0.0,13.0,0.0,56.0,71.0,11.0,4.0,3.0,5.0,2.0,0.0,2.0,2.0,21.0,0.0,7.0,2.0,47.0,1.0,154.0,81.0,33.0,5.0,16.0,4.0,5.0,0.0,2.0,0.0,11.0,0.0,0.0,1.0,6.0,0.0,9.0,5.0,14.0,3.0,1.0,4.0,2.0,0.0,5.0,1.0,66.0,3.0,8.0,4.0,141.0,4.0,176.0,40.0,13.0,4.0,4.0,1.0,2.0,0.0,4.0,0.0,1.0,0.0,0.0,1.0,3.0,0.0,1.0,3.0,1.0,0.0,1.0,0.0,0.0,0.0,0.0,1.0,0.0,0.0,0.0,0.0,0.0,0.0,5.0,4.0,21.0,0.0,4.0,1.0,2.0,0.0,3.0,0.0,5.0,0.0,1.0,0.0,7.0,0.0,3.0,0.0,9.0,3.0,6.0,1.0,2.0,0.0,0.0,1.0,63.0,3.0,1.0,2.0,90.0,0.0,45.0,15.0,11.0,4.0,4.0,43.0,1.0,1.0,2.0,54.0,5.0,2.0,0.0,2.0,1.0,2.0,4.0,77.0,1.0,1.0,1.0,2.0,1.0,0.0,0.0,1.0,3.0,0.0,2.0,1.0,0.0,1.0,4.0,37.0,2.0,4.0,2.0,6.0,0.0,0.0,1.0,4.0,0.0,0.0,0.0,0.0,2.0,0.0,0.0,2.0,8.0,6.0,0.0,4.0,0.0,0.0,1.0,2.0,2.0,1.0,1.0,1.0,4.0,3.0,1.0,28.0,6.0,38.0,6.0,125.0,2.0,0.0,2.0,73.0,2.0,1.0,0.0,1.0,3.0,4.0,2.0,43.0,2.0,0.0,0.0,5.0,0.0,0.0,1.0,3.0,1.0,0.0,0.0,1.0,2.0,2.0,1.0,41.0,39.0,81.0,4.0,107.0,4.0,7.0,1.0,25.0,3.0,1.0,0.0,4.0,1.0,2.0,5.0,20.0,63.0,66.0,4.0,36.0,0.0,0.0,0.0,14.0,49.0,43.0,4.0,19.0,52.0,44.0,29.0,619.0,1.7187269236449563,0.12880371401130133,0.871600612480696,0.8124621037619262,2.39297387364273,16.610655650457147,3.4512721321231954,0.09659704538055028,0.7765566956833253,0.6380406527374044,2.678919928410809,15.618671264693422,vasc
80.0,9.0,24.0,22.0,11.0,1.0,7.0,22.0,7.0,4.0,3.0,7.0,11.0,1.0,26.0,68.0,13.0,4.0,3.0,2.0,3.0,0.0,1.0,1.0,5.0,4.0,7.0,7.0,26.0,2.0,149.0,55.0,25.0,7.0,11.0,6.0,2.0,0.0,1.0,0.0,3.0,0.0,2.0,0.0,3.0,0.0,1.0,4.0,17.0,3.0,4.0,1.0,2.0,0.0,0.0,1.0,32.0,1.0,4.0,1.0,89.0,4.0,116.0,25.0,16.0,1.0,9.0,4.0,0.0,0.0,1.0,0.0,1.0,0.0,0.0,0.0,0.0,0.0,3.0,4.0,2.0,1.0,0.0,0.0,0.0,0.0,0.0,0.0,2.0,0.0,1.0,0.0,2.0,0.0,3.0,0.0,14.0,1.0,5.0,3.0,0.0,0.0,1.0,0.0,0.0,0.0,2.0,0.0,0.0,0.0,2.0,3.0,26.0,0.0,4.0,0.0,2.0,0.0,2.0,0.0,74.0,2.0,3.0,0.0,55.0,1.0,23.0,10.0,12.0,9.0,4.0,41.0,2.0,3.0,2.0,56.0,0.0,2.0,1.0,4.0,2.0,2.0,2.0,61.0,2.0,1.0,0.0,1.0,0.0,0.0,0.0,0.0,1.0,1.0,2.0,1.0,0.0,2.0,1.0,34.0,3.0,6.0,3.0,10.0,0.0,1.0,0.0,4.0,0.0,0.0,0.0,1.0,0.0,0.0,1.0,4.0,2.0,5.0,2.0,3.0,0.0,0.0,0.0,1.0,3.0,3.0,0.0,2.0,4.0,3.0,0.0,13.0,8.0,38.0,5.0,116.0,1.0,1.0,5.0,64.0,0.0,3.0,0.0,1.0,0.0,1.0,4.0,41.0,2.0,1.0,0.0,2.0,0.0,0.0,0.0,5.0,3.0,4.0,0.0,1.0,1.0,0.0,5.0,26.0,65.0,220.0,8.0,136.0,2.0,5.0,3.0,35.0,1.0,6.0,0.0,2.0,2.0,0.0,3.0,32.0,84.0,93.0,0.0,46.0,2.0,0.0,0.0,12.0,56.0,40.0,4.0,23.0,36.0,33.0,18.0,716.0,2.214318777966363,0.12890591362438833,0.8738091805934274,0.8050383999263271,2.392240522796155,20.50111623210342,4.140313725490196,0.09644683121876207,0.7743567383371159,0.6258369318498492,2.685249614072802,17.99075199384852,vasc
225.0,36.0,15.0,10.0,23.0,7.0,10.0,19.0,15.0,3.0,5.0,11.0,8.0,5.0,24.0,40.0,33.0,9.0,2.0,2.0,13.0,2.0,5.0,6.0,13.0,3.0,3.0,2.0,33.0,5.0,50.0,35.0,30.0,8.0,13.0,7.0,6.0,2.0,4.0,4.0,4.0,1.0,4.0,2.0,10.0,0.0,6.0,4.0,9.0,2.0,5.0,0.0,6.0,2.0,7.0,2.0,28.0,3.0,7.0,6.0,81.0,9.0,70.0,26.0,23.0,14.0,10.0,4.0,5.0,3.0,2.0,4.0,8.0,5.0,1.0,0.0,1.0,0.0,4.0,5.0,8.0,2.0,2.0,0.0,1.0,2.0,1.0,4.0,6.0,3.0,0.0,3.0,5.0,5.0,2.0,7.0,14.0,13.0,4.0,4.0,4.0,1.0,2.0,2.0,8.0,0.0,0.0,2.0,2.0,0.0,4.0,5.0,23.0,9.0,2.0,1.0,3.0,1.0,2.0,1.0,24.0,5.0,4.0,0.0,43.0,12.0,33.0,23.0,30.0,17.0,8.0,35.0,8.0,4.0,11.0,27.0,5.0,3.0,2.0,4.0,3.0,1.0,3.0,35.0,3.0,3.0,1.0,1.0,0.0,2.0,4.0,4.0,2.0,4.0,0.0,3.0,0.0,1.0,4.0,27.0,6.0,8.0,3.0,9.0,1.0,0.0,3.0,7.0,2.0,0.0,1.0,6.0,2.0,1.0,2.0,11.0,2.0,0.0,0.0,7.0,2.0,1.0,1.0,8.0,2.0,1.0,0.0,9.0,12.0,2.0,18.0,41.0,30.0,50.0,10.0,81.0,3.0,10.0,6.0,53.0,2.0,1.0,3.0,13.0,2.0,2.0,4.0,37.0,4.0,7.0,3.0,10.0,1.0,4.0,1.0,12.0,1.0,4.0,2.0,4.0,2.0,5.0,3.0,38.0,30.0,95.0,7.0,114.0,4.0,7.0,5.0,46.0,1.0,6.0,2.0,26.0,3.0,10.0,9.0,44.0,42.0,54.0,10.0,36.0,2.0,9.0,1.0,24.0,46.0,31.0,17.0,41.0,29.0,33.0,38.0,647.0,2.5067198345886856,0.10915013283146671,0.8183090855946376,0.7481224871793056,2.664951154734782,17.397556704565126,4.231215592917723,0.08556508411955135,0.7369696211299525,0.5909111010380302,2.914792045880596,16.454828949743273,vasc
80.0,13.0,15.0,16.0,15.0,1.0,13.0,19.0,11.0,3.0,6.0,3.0,8.0,0.0,9.0,27.0,3.0,2.0,3.0,0.0,2.0,0.0,2.0,0.0,6.0,0.0,4.0,6.0,17.0,0.0,31.0,28.0,15.0,1.0,9.0,4.0,5.0,0.0,0.0,1.0,7.0,2.0,0.0,0.0,5.0,0.0,5.0,3.0,7.0,2.0,2.0,4.0,2.0,1.0,3.0,1.0,19.0,1.0,2.0,0.0,42.0,6.0,32.0,14.0,10.0,3.0,2.0,2.0,1.0,0.0,2.0,2.0,3.0,0.0,2.0,2.0,3.0,0.0,4.0,1.0,1.0,0.0,0.0,0.0,1.0,0.0,1.0,0.0,1.0,0.0,0.0,0.0,0.0,0.0,2.0,3.0,17.0,1.0,2.0,1.0,3.0,0.0,1.0,1.0,7.0,0.0,1.0,0.0,3.0,0.0,1.0,1.0,19.0,1.0,1.0,2.0,1.0,0.0,1.0,0.0,45.0,3.0,4.0,0.0,29.0,3.0,19.0,11.0,14.0,18.0,5.0,26.0,2.0,2.0,6.0,49.0,0.0,0.0,2.0,2.0,2.0,3.0,0.0,39.0,5.0,1.0,0.0,4.0,0.0,1.0,0.0,3.0,0.0,1.0,0.0,2.0,0.0,1.0,0.0,21.0,2.0,9.0,1.0,4.0,0.0,0.0,0.0,5.0,0.0,1.0,0.0,0.0,0.0,0.0,1.0,1.0,2.0,1.0,0.0,1.0,0.0,0.0,0.0,1.0,0.0,2.0,1.0,1.0,1.0,3.0,0.0,17.0,12.0,19.0,5.0,72.0,3.0,6.0,3.0,53.0,1.0,0.0,0.0,4.0,0.0,1.0,2.0,31.0,0.0,4.0,0.0,4.0,0.0,0.0,0.0,3.0,2.0,2.0,0.0,1.0,2.0,2.0,2.0,21.0,23.0,51.0,5.0,47.0,1.0,4.0,2.0,22.0,4.0,2.0,0.0,2.0,1.0,4.0,2.0,24.0,25.0,33.0,3.0,21.0,1.0,1.0,0.0,7.0,37.0,29.0,1.0,15.0,19.0,22.0,18.0,626.0,2.602719588386623,0.14884432583333732,0.8625068552723247,0.8084033343516924,2.2802100042743314,24.566016146964188,4.610917248255236,0.11481871061789703,0.7726730307185452,0.6552816473943085,2.5407714221828304,22.1408771566656,vasc
162.0,20.0,11.0,3.0,20.0,3.0,7.0,12.0,28.0,7.0,5.0,3.0,10.0,4.0,9.0,25.0,22.0,7.0,3.0,2.0,5.0,1.0,2.0,4.0,12.0,3.0,2.0,4.0,5.0,4.0,9.0,11.0,11.0,3.0,5.0,3.0,5.0,1.0,1.0,4.0,7.0,3.0,1.0,0.0,3.0,1.0,0.0,5.0,4.0,3.0,1.0,3.0,3.0,0.0,1.0,3.0,10.0,1.0,5.0,2.0,11.0,1.0,13.0,15.0,14.0,5.0,1.0,0.0,2.0,0.0,0.0,7.0,7.0,0.0,2.0,1.0,2.0,0.0,0.0,9.0,6.0,2.0,1.0,0.0,0.0,1.0,0.0,1.0,3.0,1.0,0.0,0.0,3.0,0.0,3.0,2.0,13.0,4.0,0.0,4.0,2.0,0.0,3.0,1.0,2.0,4.0,1.0,1.0,3.0,1.0,1.0,3.0,23.0,4.0,2.0,7.0,3.0,2.0,3.0,5.0,28.0,5.0,9.0,6.0,24.0,7.0,18.0,26.0,27.0,11.0,6.0,10.0,6.0,2.0,7.0,19.0,11.0,4.0,3.0,7.0,3.0,5.0,6.0,29.0,5.0,1.0,0.0,0.0,2.0,1.0,3.0,8.0,2.0,1.0,1.0,1.0,0.0,1.0,4.0,3.0,6.0,5.0,2.0,2.0,1.0,0.0,1.0,8.0,1.0,1.0,1.0,1.0,1.0,0.0,0.0,3.0,10.0,3.0,1.0,3.0,2.0,0.0,2.0,3.0,7.0,1.0,1.0,3.0,7.0,4.0,7.0,24.0,5.0,12.0,2.0,14.0,1.0,5.0,2.0,23.0,5.0,2.0,2.0,5.0,4.0,1.0,3.0,11.0,3.0,2.0,0.0,5.0,0.0,0.0,1.0,4.0,1.0,0.0,2.0,3.0,2.0,0.0,2.0,13.0,23.0,21.0,1.0,12.0,4.0,6.0,1.0,18.0,5.0,2.0,2.0,7.0,2.0,2.0,1.0,22.0,42.0,26.0,1.0,12.0,2.0,6.0,8.0,28.0,33.0,24.0,11.0,36.0,15.0,13.0,35.0,518.0,3.2126846663270507,0.11767956332497619,0.7886287543362445,0.72612623624228,2.6315932224232954,20.24837726415507,5.370570802731607,0.0936364728634932,0.708189557341284,0.555144737969336,2.8615011123824465,18.77467939939556,vasc
320.0,66.0,79.0,38.0,39.0,10.0,32.0,37.0,40.0,8.0,8.0,6.0,28.0,5.0,21.0,30.0,64.0,5.0,18.0,4.0,23.0,6.0,9.0,2.0,30.0,4.0,13.0,5.0,52.0,9.0,86.0,48.0,78.0,18.0,21.0,7.0,9.0,3.0,10.0,7.0,17.0,2.0,6.0,3.0,20.0,4.0,7.0,11.0,27.0,10.0,11.0,4.0,12.0,3.0,3.0,7.0,28.0,6.0,11.0,2.0,55.0,7.0,77.0,35.0,59.0,16.0,14.0,10.0,6.0,1.0,12.0,10.0,6.0,1.0,2.0,2.0,5.0,3.0,5.0,11.0,14.0,8.0,4.0,5.0,7.0,3.0,0.0,6.0,6.0,2.0,4.0,1.0,13.0,3.0,15.0,15.0,46.0,14.0,12.0,8.0,3.0,3.0,4.0,2.0,5.0,0.0,0.0,7.0,5.0,2.0,7.0,5.0,42.0,9.0,10.0,10.0,3.0,2.0,8.0,10.0,39.0,5.0,14.0,3.0,48.0,12.0,41.0,43.0,40.0,30.0,16.0,49.0,4.0,9.0,9.0,68.0,10.0,7.0,2.0,14.0,3.0,5.0,6.0,54.0,5.0,10.0,0.0,5.0,2.0,3.0,1.0,10.0,4.0,3.0,3.0,9.0,5.0,10.0,8.0,41.0,13.0,20.0,5.0,15.0,4.0,7.0,5.0,11.0,3.0,6.0,1.0,6.0,1.0,5.0,5.0,27.0,6.0,4.0,2.0,4.0,4.0,2.0,3.0,10.0,10.0,3.0,5.0,8.0,12.0,10.0,27.0,61.0,45.0,50.0,19.0,73.0,7.0,11.0,7.0,70.0,7.0,5.0,1.0,14.0,4.0,9.0,6.0,64.0,14.0,12.0,6.0,17.0,1.0,1.0,2.0,23.0,7.0,10.0,7.0,19.0,9.0,9.0,13.0,80.0,47.0,87.0,12.0,75.0,9.0,5.0,5.0,67.0,6.0,21.0,5.0,19.0,10.0,20.0,11.0,93.0,62.0,74.0,17.0,65.0,7.0,19.0,6.0,43.0,68.0,58.0,24.0,79.0,49.0,86.0,61.0,899.0,1.2428400405193842,0.08543912330819452,0.8248340367430335,0.8326831365274048,2.7684190697965723,13.61328401924047,2.4691581834239766,0.06931898749827921,0.7605455709462524,0.6740149736296854,2.9549681532696352,12.67974734096074,vasc
119.0,17.0,24.0,11.0,14.0,1.0,14.0,21.0,17.0,2.0,8.0,5.0,18.0,7.0,36.0,54.0,24.0,4.0,7.0,1.0,4.0,2.0,3.0,2.0,19.0,2.0,9.0,10.0,33.0,1.0,67.0,51.0,27.0,5.0,14.0,4.0,5.0,1.0,4.0,2.0,7.0,0.0,2.0,1.0,5.0,0.0,8.0,3.0,14.0,8.0,6.0,2.0,1.0,1.0,4.0,1.0,16.0,5.0,4.0,1.0,59.0,4.0,42.0,32.0,21.0,6.0,5.0,3.0,2.0,1.0,1.0,2.0,2.0,0.0,1.0,0.0,1.0,0.0,4.0,3.0,3.0,0.0,0.0,0.0,0.0,0.0,0.0,0.0,3.0,0.0,1.0,0.0,5.0,1.0,4.0,4.0,19.0,3.0,2.0,3.0,2.0,0.0,2.0,2.0,0.0,1.0,0.0,1.0,1.0,0.0,1.0,3.0,29.0,4.0,3.0,3.0,8.0,0.0,1.0,2.0,34.0,2.0,6.0,4.0,37.0,4.0,29.0,22.0,17.0,13.0,4.0,8.0,1.0,1.0,2.0,29.0,3.0,1.0,1.0,2.0,3.0,3.0,4.0,22.0,5.0,0.0,1.0,3.0,0.0,0.0,1.0,3.0,4.0,3.0,2.0,4.0,2.0,3.0,6.0,23.0,5.0,9.0,0.0,4.0,2.0,1.0,1.0,3.0,2.0,1.0,0.0,2.0,1.0,1.0,0.0,5.0,10.0,8.0,0.0,2.0,0.0,0.0,0.0,1.0,3.0,2.0,2.0,3.0,4.0,3.0,2.0,24.0,19.0,20.0,5.0,24.0,1.0,1.0,3.0,19.0,3.0,2.0,1.0,2.0,2.0,2.0,4.0,22.0,9.0,1.0,0.0,5.0,0.0,2.0,1.0,1.0,2.0,3.0,0.0,1.0,0.0,3.0,3.0,16.0,37.0,47.0,5.0,27.0,4.0,4.0,3.0,15.0,2.0,5.0,0.0,6.0,3.0,6.0,3.0,17.0,73.0,48.0,3.0,21.0,5.0,1.0,3.0,17.0,28.0,27.0,7.0,25.0,22.0,31.0,28.0,517.0,2.2102473498233213,0.06011368148782232,0.7748236661313816,0.8035262469589849,3.121798516101402,20.288914147457316,4.0942204442572905,0.04298066027218295,0.6705559189158445,0.6450396221964871,3.4368397223159506,18.974384956673582,nv
84.0,15.0,21.0,15.0,6.0,1.0,17.0,26.0,18.0,5.0,2.0,16.0,12.0,4.0,47.0,142.0,17.0,5.0,2.0,1.0,1.0,1.0,4.0,2.0,16.0,2.0,8.0,6.0,15.0,3.0,40.0,55.0,14.0,3.0,7.0,2.0,3.0,0.0,1.0,2.0,5.0,0.0,0.0,0.0,3.0,0.0,3.0,2.0,26.0,0.0,3.0,2.0,0.0,0.0,1.0,0.0,15.0,1.0,2.0,4.0,31.0,4.0,22.0,19.0,11.0,0.0,4.0,1.0,0.0,0.0,2.0,0.0,5.0,0.0,0.0,0.0,1.0,0.0,2.0,3.0,2.0,0.0,0.0,0.0,0.0,0.0,0.0,0.0,0.0,0.0,0.0,0.0,1.0,0.0,2.0,5.0,14.0,1.0,1.0,3.0,5.0,0.0,1.0,0.0,6.0,0.0,1.0,0.0,4.0,0.0,5.0,1.0,19.0,4.0,2.0,1.0,0.0,1.0,1.0,3.0,55.0,3.0,1.0,0.0,23.0,1.0,21.0,18.0,18.0,12.0,3.0,16.0,1.0,3.0,8.0,70.0,1.0,4.0,1.0,6.0,3.0,2.0,2.0,65.0,5.0,5.0,0.0,4.0,0.0,1.0,0.0,1.0,3.0,1.0,0.0,3.0,0.0,1.0,1.0,23.0,9.0,3.0,1.0,3.0,0.0,0.0,0.0,0.0,1.0,1.0,0.0,0.0,0.0,0.0,0.0,3.0,7.0,9.0,0.0,4.0,1.0,1.0,0.0,1.0,3.0,5.0,0.0,0.0,2.0,4.0,2.0,9.0,13.0,31.0,2.0,69.0,1.0,0.0,3.0,44.0,3.0,3.0,0.0,3.0,0.0,3.0,1.0,24.0,2.0,0.0,1.0,1.0,0.0,0.0,0.0,2.0,2.0,0.0,1.0,4.0,3.0,1.0,1.0,12.0,43.0,81.0,4.0,44.0,1.0,1.0,6.0,30.0,2.0,2.0,0.0,3.0,0.0,1.0,1.0,21.0,115.0,59.0,3.0,25.0,4.0,7.0,2.0,30.0,39.0,25.0,0.0,12.0,29.0,18.0,17.0,739.0,2.3104549854791867,0.06756918588796249,0.8067652984635347,0.8302420485516124,3.0117729082857725,24.910125444081995,4.448275862068966,0.04748140328817083,0.6898097786084766,0.6682180217987247,3.3634143887077914,22.366175520642475,nv
83.0,14.0,12.0,12.0,5.0,0.0,9.0,22.0,21.0,7.0,1.0,10.0,22.0,2.0,37.0,116.0,11.0,1.0,1.0,3.0,1.0,0.0,1.0,2.0,17.0,2.0,8.0,5.0,27.0,0.0,76.0,69.0,16.0,6.0,5.0,3.0,1.0,1.0,4.0,3.0,3.0,1.0,0.0,0.0,5.0,1.0,3.0,0.0,18.0,2.0,1.0,4.0,0.0,0.0,1.0,1.0,26.0,3.0,2.0,1.0,71.0,2.0,65.0,27.0,9.0,2.0,3.0,1.0,2.0,0.0,1.0,1.0,3.0,2.0,1.0,0.0,0.0,0.0,3.0,2.0,0.0,0.0,0.0,0.0,0.0,0.0,0.0,0.0,1.0,0.0,0.0,0.0,0.0,0.0,1.0,2.0,16.0,1.0,3.0,2.0,2.0,0.0,2.0,1.0,3.0,0.0,0.0,1.0,2.0,0.0,3.0,1.0,39.0,1.0,3.0,2.0,2.0,0.0,0.0,0.0,60.0,1.0,3.0,1.0,50.0,1.0,28.0,17.0,19.0,9.0,2.0,19.0,2.0,3.0,6.0,55.0,2.0,2.0,1.0,2.0,1.0,0.0,2.0,39.0,9.0,4.0,1.0,3.0,0.0,0.0,1.0,1.0,7.0,1.0,0.0,4.0,3.0,2.0,3.0,32.0,5.0,8.0,2.0,1.0,0.0,0.0,1.0,1.0,3.0,1.0,0.0,1.0,0.0,0.0,0.0,0.0,12.0,2.0,0.0,1.0,0.0,0.0,0.0,1.0,3.0,3.0,0.0,1.0,4.0,5.0,0.0,16.0,10.0,20.0,4.0,18.0,2.0,4.0,4.0,26.0,1.0,0.0,1.0,1.0,2.0,2.0,1.0,19.0,0.0,2.0,0.0,2.0,0.0,0.0,0.0,1.0,2.0,0.0,0.0,2.0,0.0,0.0,4.0,17.0,44.0,41.0,3.0,25.0,2.0,3.0,1.0,24.0,1.0,0.0,0.0,1.0,0.0,2.0,1.0,16.0,137.0,47.0,2.0,20.0,5.0,2.0,2.0,20.0,62.0,36.0,1.0,13.0,38.0,17.0,16.0,741.0,1.8119502868068829,0.07806163606052739,0.8165993715525827,0.8338539419086803,2.8994674503492286,19.999584788084633,3.4760129500637675,0.054491996222152145,0.6926915704834808,0.6739208297668555,3.2798156942102628,17.844042222908133,nv
582.0,102.0,137.0,111.0,100.0,9.0,120.0,205.0,120.0,25.0,35.0,34.0,98.0,18.0,216.0,340.0,105.0,18.0,23.0,15.0,16.0,3.0,10.0,18.0,105.0,14.0,32.0,23.0,148.0,26.0,317.0,285.0,131.0,21.0,31.0,13.0,18.0,6.0,20.0,12.0,28.0,1.0,2.0,4.0,29.0,3.0,24.0,23.0,125.0,17.0,16.0,23.0,24.0,4.0,10.0,7.0,179.0,16.0,26.0,21.0,299.0,18.0,243.0,165.0,103.0,14.0,28.0,15.0,14.0,2.0,12.0,24.0,17.0,0.0,1.0,6.0,12.0,2.0,15.0,27.0,20.0,4.0,3.0,1.0,5.0,0.0,5.0,2.0,17.0,5.0,2.0,4.0,19.0,2.0,37.0,25.0,114.0,17.0,21.0,15.0,14.0,0.0,16.0,8.0,24.0,1.0,3.0,7.0,20.0,5.0,23.0,18.0,200.0,23.0,17.0,9.0,19.0,3.0,10.0,8.0,257.0,22.0,27.0,13.0,254.0,28.0,175.0,103.0,108.0,141.0,20.0,212.0,8.0,16.0,20.0,275.0,31.0,19.0,6.0,24.0,15.0,22.0,29.0,286.0,11.0,16.0,4.0,14.0,3.0,2.0,3.0,10.0,11.0,16.0,1.0,17.0,10.0,18.0,31.0,169.0,23.0,27.0,7.0,24.0,6.0,4.0,2.0,21.0,2.0,5.0,1.0,3.0,3.0,3.0,3.0,41.0,33.0,25.0,4.0,16.0,3.0,5.0,3.0,11.0,28.0,17.0,5.0,22.0,24.0,16.0,26.0,121.0,99.0,126.0,34.0,316.0,17.0,18.0,23.0,265.0,16.0,10.0,6.0,27.0,10.0,15.0,20.0,189.0,18.0,27.0,3.0,21.0,5.0,4.0,2.0,22.0,15.0,9.0,2.0,19.0,10.0,18.0,15.0,164.0,172.0,248.0,26.0,226.0,18.0,19.0,15.0,182.0,28.0,21.0,5.0,31.0,21.0,16.0,14.0,132.0,326.0,293.0,22.0,146.0,28.0,24.0,14.0,145.0,302.0,165.0,31.0,127.0,169.0,180.0,158.0,1661.0,1.951316123571731,0.05749774806228551,0.8008597803262124,0.8414857855664669,3.196869973726346,22.668761394964584,3.7436564183619727,0.04181549175899901,0.7035413102904491,0.7019074770824001,3.4911918457586073,21.373755999237076,nv
1110.0,136.0,112.0,100.0,152.0,36.0,100.0,161.0,91.0,17.0,32.0,25.0,68.0,26.0,162.0,282.0,141.0,19.0,27.0,20.0,40.0,12.0,18.0,35.0,66.0,22.0,30.0,28.0,112.0,33.0,251.0,236.0,122.0,31.0,31.0,16.0,22.0,10.0,13.0,11.0,28.0,7.0,7.0,2.0,19.0,11.0,26.0,55.0,79.0,18.0,16.0,9.0,21.0,8.0,16.0,15.0,158.0,21.0,31.0,21.0,169.0,40.0,206.0,180.0,127.0,50.0,24.0,28.0,30.0,8.0,11.0,24.0,30.0,7.0,10.0,11.0,26.0,6.0,33.0,35.0,38.0,11.0,11.0,2.0,9.0,3.0,4.0,7.0,23.0,9.0,8.0,7.0,33.0,14.0,33.0,47.0,94.0,20.0,15.0,16.0,18.0,7.0,12.0,14.0,27.0,7.0,6.0,2.0,18.0,8.0,16.0,15.0,176.0,41.0,18.0,9.0,30.0,9.0,13.0,15.0,289.0,32.0,41.0,30.0,242.0,44.0,184.0,125.0,103.0,67.0,22.0,133.0,24.0,30.0,33.0,209.0,14.0,18.0,8.0,39.0,12.0,16.0,35.0,248.0,23.0,19.0,8.0,21.0,9.0,9.0,7.0,48.0,14.0,7.0,3.0,29.0,26.0,10.0,45.0,192.0,30.0,29.0,9.0,34.0,4.0,10.0,10.0,49.0,6.0,4.0,9.0,14.0,7.0,11.0,14.0,75.0,29.0,22.0,6.0,18.0,9.0,9.0,7.0,20.0,36.0,16.0,16.0,25.0,41.0,23.0,78.0,218.0,84.0,161.0,27.0,220.0,17.0,41.0,19.0,242.0,16.0,20.0,12.0,37.0,6.0,21.0,13.0,158.0,26.0,35.0,8.0,40.0,8.0,5.0,8.0,53.0,17.0,18.0,8.0,19.0,13.0,16.0,28.0,143.0,130.0,266.0,28.0,275.0,30.0,35.0,7.0,177.0,42.0,41.0,15.0,73.0,16.0,28.0,22.0,190.0,276.0,264.0,46.0,172.0,26.0,53.0,24.0,126.0,270.0,185.0,61.0,206.0,183.0,144.0,207.0,2303.0,2.5230242545582358,0.049037610393866816,0.7633786543159483,0.8290450034301728,3.3876265534926833,26.993799531609252,4.4020358581664984,0.03742741244281987,0.6795659098367702,0.6991859532335426,3.601376210408496,24.86545284779863,nv
420.0,66.0,84.0,83.0,72.0,13.0,93.0,188.0,117.0,9.0,18.0,19.0,118.0,9.0,194.0,388.0,56.0,7.0,17.0,8.0,6.0,3.0,12.0,17.0,107.0,9.0,22.0,12.0,155.0,4.0,246.0,260.0,99.0,17.0,14.0,18.0,11.0,0.0,10.0,8.0,15.0,1.0,5.0,0.0,21.0,2.0,14.0,20.0,113.0,11.0,16.0,17.0,5.0,3.0,7.0,6.0,167.0,7.0,22.0,16.0,295.0,9.0,244.0,178.0,50.0,12.0,10.0,13.0,6.0,3.0,5.0,11.0,14.0,0.0,2.0,1.0,9.0,2.0,11.0,14.0,15.0,2.0,1.0,2.0,3.0,0.0,0.0,3.0,9.0,2.0,2.0,1.0,16.0,4.0,17.0,16.0,104.0,9.0,19.0,17.0,9.0,3.0,12.0,9.0,27.0,2.0,1.0,3.0,19.0,0.0,16.0,10.0,195.0,15.0,6.0,17.0,13.0,2.0,8.0,13.0,328.0,9.0,25.0,9.0,274.0,20.0,139.0,137.0,86.0,94.0,24.0,153.0,19.0,12.0,31.0,296.0,25.0,12.0,6.0,17.0,16.0,12.0,23.0,338.0,12.0,15.0,1.0,7.0,1.0,3.0,1.0,17.0,15.0,11.0,2.0,13.0,7.0,8.0,19.0,158.0,24.0,22.0,3.0,20.0,1.0,1.0,2.0,23.0,6.0,4.0,0.0,2.0,3.0,0.0,4.0,18.0,21.0,11.0,6.0,13.0,1.0,1.0,2.0,9.0,22.0,9.0,2.0,13.0,18.0,9.0,9.0,104.0,101.0,156.0,32.0,214.0,7.0,12.0,20.0,231.0,25.0,6.0,4.0,10.0,12.0,9.0,8.0,139.0,9.0,8.0,3.0,21.0,2.0,1.0,3.0,15.0,9.0,21.0,5.0,13.0,7.0,12.0,13.0,107.0,204.0,311.0,17.0,235.0,21.0,16.0,18.0,139.0,23.0,24.0,3.0,12.0,10.0,10.0,10.0,88.0,338.0,290.0,18.0,173.0,17.0,17.0,10.0,106.0,329.0,189.0,18.0,110.0,151.0,120.0,90.0,1787.0,2.6820891555285535,0.06684118413962695,0.8249133430620562,0.8274219832573186,3.038700911361121,28.400538935250978,5.026323844505663,0.04816214259698907,0.7251179830970381,0.6716755035360378,3.3425091526460964,25.59170130219466,nv
1252.0,200.0,356.0,225.0,200.0,40.0,237.0,296.0,193.0,31.0,59.0,37.0,242.0,50.0,350.0,347.0,231.0,29.0,60.0,31.0,44.0,4.0,45.0,30.0,219.0,31.0,79.0,47.0,356.0,47.0,647.0,410.0,326.0,48.0,81.0,41.0,60.0,14.0,41.0,48.0,68.0,9.0,14.0,6.0,69.0,13.0,59.0,52.0,264.0,25.0,41.0,26.0,47.0,8.0,37.0,21.0,378.0,46.0,68.0,49.0,580.0,61.0,554.0,300.0,176.0,49.0,55.0,44.0,29.0,9.0,26.0,24.0,29.0,7.0,11.0,8.0,38.0,4.0,39.0,42.0,50.0,9.0,8.0,7.0,7.0,2.0,4.0,8.0,41.0,10.0,17.0,9.0,47.0,12.0,79.0,61.0,293.0,37.0,46.0,37.0,24.0,7.0,26.0,18.0,50.0,7.0,14.0,12.0,43.0,8.0,42.0,37.0,333.0,35.0,37.0,21.0,33.0,10.0,30.0,28.0,450.0,43.0,57.0,30.0,387.0,78.0,352.0,274.0,179.0,196.0,57.0,350.0,34.0,44.0,59.0,369.0,37.0,22.0,16.0,41.0,29.0,32.0,44.0,326.0,34.0,23.0,11.0,32.0,9.0,8.0,7.0,45.0,23.0,34.0,10.0,41.0,36.0,44.0,51.0,342.0,64.0,59.0,6.0,60.0,10.0,14.0,7.0,52.0,12.0,9.0,5.0,8.0,11.0,9.0,10.0,68.0,48.0,43.0,8.0,32.0,7.0,13.0,5.0,29.0,45.0,43.0,24.0,30.0,58.0,57.0,55.0,311.0,184.0,285.0,58.0,431.0,25.0,45.0,33.0,347.0,22.0,21.0,6.0,48.0,20.0,40.0,40.0,331.0,44.0,45.0,9.0,53.0,6.0,14.0,18.0,44.0,34.0,44.0,11.0,54.0,35.0,47.0,59.0,455.0,398.0,507.0,61.0,420.0,35.0,59.0,34.0,279.0,36.0,41.0,9.0,51.0,29.0,56.0,40.0,288.0,533.0,433.0,63.0,266.0,64.0,56.0,45.0,251.0,427.0,369.0,64.0,308.0,385.0,464.0,340.0,3115.0,1.21939872383606,0.0473412961865907,0.820414447900642,0.9258997620350349,3.365549250077859,31.69274183939958,2.3189292774089942,0.03661334797248583,0.7408598823461316,0.8582420553623734,3.6250476799762543,30.39781592282428,mel
869.0,99.0,287.0,262.0,114.0,15.0,299.0,449.0,185.0,21.0,56.0,32.0,227.0,26.0,606.0,738.0,129.0,16.0,25.0,17.0,8.0,2.0,21.0,25.0,232.0,21.0,45.0,36.0,408.0,32.0,856.0,710.0,284.0,27.0,58.0,36.0,34.0,0.0,44.0,29.0,51.0,6.0,8.0,4.0,58.0,2.0,70.0,39.0,289.0,11.0,38.0,24.0,27.0,1.0,28.0,31.0,646.0,37.0,49.0,41.0,1018.0,52.0,849.0,455.0,115.0,12.0,33.0,17.0,8.0,2.0,16.0,23.0,20.0,2.0,4.0,3.0,28.0,1.0,39.0,26.0,16.0,1.0,3.0,1.0,2.0,0.0,1.0,8.0,21.0,3.0,3.0,2.0,24.0,1.0,41.0,39.0,265.0,18.0,32.0,27.0,35.0,1.0,28.0,18.0,39.0,4.0,3.0,4.0,60.0,2.0,37.0,22.0,337.0,19.0,46.0,17.0,23.0,1.0,29.0,21.0,650.0,24.0,47.0,33.0,685.0,42.0,423.0,273.0,177.0,156.0,45.0,589.0,30.0,27.0,49.0,907.0,31.0,21.0,7.0,35.0,34.0,31.0,53.0,712.0,20.0,22.0,0.0,45.0,4.0,3.0,3.0,40.0,27.0,23.0,8.0,46.0,34.0,19.0,31.0,491.0,47.0,57.0,11.0,39.0,5.0,0.0,5.0,28.0,3.0,6.0,0.0,4.0,4.0,3.0,3.0,37.0,28.0,37.0,5.0,38.0,3.0,0.0,3.0,27.0,35.0,30.0,5.0,30.0,40.0,42.0,32.0,299.0,199.0,326.0,56.0,784.0,16.0,21.0,32.0,669.0,31.0,18.0,2.0,32.0,30.0,24.0,47.0,483.0,22.0,24.0,2.0,40.0,2.0,5.0,2.0,44.0,29.0,23.0,6.0,37.0,26.0,36.0,42.0,419.0,527.0,682.0,52.0,569.0,30.0,41.0,38.0,363.0,44.0,30.0,6.0,30.0,29.0,32.0,24.0,213.0,631.0,601.0,39.0,387.0,26.0,24.0,21.0,225.0,506.0,432.0,34.0,231.0,460.0,436.0,245.0,3848.0,1.23143357146645,0.05541950566426056,0.852532813775918,0.9280420314914791,3.2252829720186043,32.99503493481564,2.3149469036653607,0.041648779271583246,0.7663568060681966,0.8633099273272495,3.521804823975412,31.55652391203276,mel
1951.0,266.0,187.0,132.0,233.0,80.0,142.0,244.0,211.0,49.0,68.0,80.0,164.0,62.0,285.0,454.0,282.0,61.0,56.0,30.0,87.0,33.0,47.0,58.0,193.0,28.0,62.0,39.0,272.0,61.0,484.0,438.0,194.0,47.0,35.0,32.0,37.0,12.0,27.0,41.0,50.0,10.0,20.0,14.0,52.0,20.0,71.0,95.0,191.0,36.0,29.0,18.0,68.0,12.0,26.0,28.0,216.0,38.0,70.0,35.0,313.0,67.0,383.0,316.0,224.0,85.0,37.0,47.0,53.0,26.0,27.0,46.0,44.0,12.0,13.0,16.0,31.0,14.0,46.0,108.0,90.0,26.0,13.0,11.0,34.0,8.0,24.0,24.0,51.0,19.0,28.0,12.0,54.0,26.0,102.0,133.0,130.0,55.0,16.0,29.0,29.0,15.0,11.0,36.0,30.0,14.0,9.0,18.0,28.0,10.0,33.0,59.0,283.0,42.0,47.0,25.0,65.0,19.0,30.0,45.0,346.0,52.0,69.0,44.0,301.0,72.0,299.0,284.0,192.0,173.0,60.0,188.0,52.0,53.0,45.0,228.0,31.0,37.0,32.0,61.0,25.0,18.0,67.0,377.0,54.0,47.0,15.0,38.0,16.0,19.0,21.0,60.0,32.0,22.0,18.0,28.0,36.0,29.0,104.0,326.0,60.0,52.0,17.0,48.0,15.0,15.0,8.0,70.0,19.0,14.0,15.0,28.0,14.0,15.0,33.0,133.0,58.0,30.0,13.0,25.0,27.0,13.0,14.0,50.0,69.0,26.0,34.0,54.0,90.0,57.0,153.0,433.0,130.0,221.0,30.0,306.0,19.0,60.0,31.0,267.0,29.0,32.0,3.0,59.0,22.0,28.0,36.0,293.0,43.0,45.0,13.0,47.0,10.0,17.0,18.0,53.0,27.0,27.0,13.0,45.0,33.0,31.0,51.0,254.0,219.0,369.0,60.0,360.0,34.0,91.0,47.0,251.0,49.0,85.0,28.0,115.0,27.0,57.0,51.0,403.0,381.0,365.0,72.0,251.0,94.0,98.0,63.0,273.0,407.0,244.0,134.0,316.0,308.0,238.0,496.0,3724.0,2.0650970014545833,0.03966133506344749,0.7645587848213977,0.8811364004851954,3.6520236230127217,32.68224381413889,3.3275774102744524,0.03125925351561553,0.6939483025569598,0.8071635002187785,3.843672280317399,31.18432686147606,mel
1012.0,185.0,201.0,136.0,159.0,45.0,140.0,140.0,117.0,28.0,39.0,36.0,97.0,32.0,147.0,213.0,180.0,32.0,38.0,22.0,44.0,10.0,25.0,33.0,107.0,18.0,57.0,33.0,132.0,43.0,208.0,189.0,227.0,39.0,43.0,30.0,39.0,21.0,28.0,24.0,36.0,11.0,15.0,10.0,41.0,13.0,28.0,35.0,140.0,26.0,23.0,17.0,51.0,5.0,17.0,14.0,159.0,14.0,42.0,19.0,174.0,39.0,169.0,157.0,154.0,46.0,59.0,34.0,31.0,5.0,25.0,19.0,24.0,4.0,15.0,4.0,16.0,6.0,29.0,25.0,49.0,16.0,14.0,9.0,13.0,2.0,7.0,7.0,37.0,5.0,11.0,6.0,26.0,12.0,57.0,49.0,131.0,36.0,31.0,24.0,22.0,10.0,15.0,17.0,33.0,5.0,4.0,11.0,34.0,9.0,27.0,27.0,169.0,33.0,28.0,21.0,29.0,12.0,23.0,18.0,190.0,32.0,51.0,26.0,189.0,41.0,155.0,129.0,131.0,130.0,42.0,152.0,19.0,32.0,38.0,147.0,26.0,18.0,13.0,24.0,20.0,25.0,21.0,162.0,34.0,29.0,8.0,16.0,6.0,5.0,10.0,31.0,24.0,11.0,5.0,22.0,21.0,20.0,29.0,163.0,41.0,40.0,12.0,38.0,8.0,19.0,11.0,47.0,3.0,16.0,5.0,17.0,9.0,11.0,20.0,56.0,38.0,27.0,15.0,31.0,12.0,8.0,10.0,31.0,33.0,20.0,9.0,46.0,37.0,37.0,50.0,228.0,121.0,152.0,48.0,242.0,19.0,32.0,26.0,181.0,25.0,18.0,10.0,38.0,16.0,25.0,17.0,163.0,45.0,36.0,8.0,47.0,6.0,9.0,7.0,52.0,28.0,25.0,22.0,50.0,22.0,37.0,48.0,299.0,198.0,254.0,45.0,234.0,32.0,58.0,22.0,164.0,35.0,36.0,21.0,72.0,29.0,51.0,35.0,220.0,242.0,211.0,42.0,196.0,28.0,53.0,46.0,154.0,204.0,192.0,74.0,248.0,156.0,299.0,257.0,2544.0,1.3714863953226892,0.06891356692964497,0.8149767534538208,0.8690363802853637,3.034063303548353,19.573053749659497,2.5522356431447344,0.05530677011229517,0.7474543299362116,0.7609270638296416,3.245047310222368,18.798869036692924,mel
1682.0,201.0,157.0,113.0,189.0,52.0,109.0,131.0,182.0,60.0,67.0,37.0,99.0,36.0,108.0,156.0,172.0,46.0,34.0,32.0,50.0,19.0,35.0,50.0,78.0,24.0,26.0,27.0,101.0,40.0,122.0,148.0,157.0,24.0,22.0,28.0,31.0,14.0,22.0,27.0,38.0,16.0,24.0,23.0,32.0,14.0,34.0,60.0,82.0,27.0,22.0,20.0,24.0,21.0,22.0,26.0,106.0,30.0,46.0,31.0,144.0,36.0,133.0,183.0,177.0,59.0,41.0,38.0,48.0,22.0,20.0,37.0,59.0,20.0,22.0,24.0,22.0,18.0,23.0,56.0,51.0,27.0,20.0,17.0,18.0,10.0,10.0,18.0,37.0,11.0,15.0,13.0,35.0,26.0,50.0,65.0,91.0,41.0,29.0,27.0,35.0,15.0,13.0,29.0,38.0,17.0,12.0,15.0,25.0,11.0,23.0,56.0,118.0,47.0,24.0,23.0,48.0,12.0,22.0,38.0,152.0,36.0,59.0,53.0,168.0,52.0,167.0,231.0,181.0,88.0,46.0,115.0,60.0,36.0,52.0,186.0,44.0,28.0,14.0,49.0,28.0,30.0,49.0,228.0,47.0,24.0,11.0,28.0,14.0,20.0,12.0,44.0,26.0,15.0,14.0,21.0,23.0,25.0,39.0,164.0,44.0,34.0,20.0,43.0,17.0,16.0,15.0,58.0,13.0,24.0,12.0,38.0,14.0,13.0,18.0,89.0,38.0,18.0,17.0,30.0,21.0,14.0,19.0,52.0,44.0,23.0,22.0,46.0,45.0,38.0,74.0,305.0,98.0,121.0,26.0,131.0,21.0,44.0,30.0,198.0,25.0,24.0,13.0,40.0,16.0,24.0,26.0,183.0,41.0,27.0,24.0,58.0,14.0,21.0,21.0,81.0,22.0,23.0,7.0,53.0,16.0,26.0,40.0,217.0,104.0,139.0,46.0,166.0,32.0,47.0,26.0,170.0,50.0,40.0,30.0,82.0,22.0,42.0,49.0,303.0,138.0,153.0,57.0,198.0,52.0,55.0,56.0,230.0,190.0,177.0,88.0,256.0,166.0,238.0,238.0,3456.0,3.06331779020654,0.0653462533150639,0.7390678054207876,0.7658952282286106,3.290490372269255,23.107167903250247,4.361426677411808,0.054563081376679076,0.6880771696406182,0.6669276649525224,3.464235351568517,21.827639291036824,mel
664.0,128.0,147.0,133.0,89.0,28.0,132.0,190.0,132.0,26.0,33.0,39.0,114.0,23.0,245.0,366.0,99.0,16.0,29.0,17.0,19.0,4.0,23.0,19.0,115.0,15.0,32.0,31.0,142.0,17.0,304.0,332.0,162.0,27.0,24.0,21.0,28.0,6.0,27.0,17.0,32.0,4.0,7.0,7.0,28.0,2.0,28.0,35.0,133.0,17.0,24.0,21.0,23.0,2.0,21.0,9.0,256.0,24.0,25.0,19.0,271.0,23.0,265.0,196.0,110.0,25.0,24.0,22.0,22.0,6.0,27.0,19.0,20.0,2.0,4.0,5.0,19.0,2.0,18.0,27.0,26.0,2.0,3.0,4.0,3.0,1.0,2.0,2.0,24.0,6.0,5.0,6.0,20.0,1.0,37.0,33.0,154.0,19.0,21.0,19.0,18.0,1.0,24.0,14.0,29.0,5.0,3.0,5.0,30.0,2.0,19.0,24.0,226.0,24.0,13.0,14.0,19.0,4.0,13.0,14.0,330.0,27.0,32.0,22.0,289.0,18.0,202.0,163.0,147.0,128.0,31.0,226.0,22.0,27.0,36.0,272.0,30.0,28.0,4.0,39.0,17.0,23.0,24.0,277.0,29.0,16.0,7.0,19.0,4.0,1.0,0.0,25.0,20.0,18.0,3.0,22.0,19.0,12.0,31.0,228.0,43.0,36.0,7.0,29.0,2.0,7.0,3.0,38.0,6.0,8.0,1.0,3.0,4.0,5.0,4.0,43.0,38.0,29.0,6.0,20.0,6.0,2.0,6.0,21.0,22.0,31.0,5.0,27.0,27.0,26.0,25.0,151.0,147.0,196.0,48.0,344.0,21.0,22.0,30.0,289.0,23.0,12.0,8.0,31.0,11.0,10.0,26.0,209.0,24.0,18.0,5.0,39.0,4.0,2.0,0.0,24.0,21.0,13.0,3.0,23.0,9.0,24.0,34.0,234.0,292.0,372.0,32.0,319.0,28.0,34.0,23.0,222.0,31.0,34.0,4.0,26.0,26.0,34.0,22.0,205.0,385.0,351.0,44.0,231.0,40.0,41.0,22.0,193.0,358.0,268.0,36.0,198.0,240.0,251.0,172.0,2947.0,1.4462576241063132,0.07753766397547329,0.8530287227476324,0.8799591385856032,2.904978050490259,22.649831108773355,2.7803914648713213,0.05950884296448254,0.7743523522556777,0.766928649425317,3.1631001314325684,21.078323542492093,mel
123.0,18.0,49.0,29.0,13.0,4.0,27.0,33.0,26.0,2.0,2.0,1.0,31.0,2.0,47.0,46.0,25.0,1.0,6.0,0.0,3.0,0.0,2.0,7.0,23.0,2.0,4.0,5.0,64.0,3.0,79.0,60.0,42.0,6.0,10.0,12.0,2.0,0.0,3.0,3.0,8.0,0.0,2.0,0.0,4.0,0.0,13.0,3.0,25.0,5.0,4.0,2.0,10.0,0.0,5.0,3.0,49.0,3.0,6.0,6.0,109.0,7.0,88.0,46.0,14.0,3.0,10.0,7.0,5.0,1.0,1.0,3.0,5.0,1.0,0.0,0.0,2.0,0.0,1.0,3.0,3.0,0.0,1.0,0.0,1.0,0.0,0.0,0.0,1.0,0.0,1.0,0.0,7.0,0.0,5.0,6.0,18.0,2.0,5.0,1.0,3.0,0.0,1.0,1.0,7.0,0.0,0.0,0.0,6.0,0.0,2.0,5.0,29.0,5.0,4.0,1.0,3.0,1.0,3.0,1.0,41.0,1.0,6.0,2.0,58.0,5.0,42.0,31.0,21.0,17.0,5.0,47.0,7.0,3.0,9.0,40.0,4.0,3.0,1.0,7.0,4.0,3.0,5.0,52.0,4.0,3.0,1.0,4.0,0.0,1.0,0.0,4.0,3.0,3.0,0.0,5.0,3.0,2.0,5.0,49.0,4.0,4.0,0.0,10.0,0.0,0.0,2.0,5.0,1.0,0.0,0.0,0.0,2.0,0.0,1.0,3.0,6.0,4.0,0.0,4.0,1.0,0.0,0.0,3.0,7.0,6.0,0.0,5.0,6.0,6.0,9.0,22.0,30.0,45.0,7.0,47.0,1.0,3.0,3.0,49.0,3.0,5.0,0.0,2.0,0.0,1.0,4.0,40.0,1.0,1.0,1.0,6.0,0.0,2.0,1.0,4.0,1.0,1.0,0.0,4.0,4.0,4.0,5.0,48.0,44.0,73.0,5.0,59.0,4.0,4.0,2.0,38.0,5.0,6.0,0.0,6.0,5.0,2.0,5.0,26.0,68.0,61.0,3.0,38.0,1.0,5.0,2.0,22.0,55.0,34.0,9.0,16.0,36.0,49.0,30.0,575.0,1.7142427658774897,0.08719841105415523,0.8339388000720112,0.78774752997404,2.777461528473169,14.438622410841756,3.228189956000607,0.06491537968228883,0.739738260612877,0.6105992253930318,3.0536292510237377,13.352105546795462,nv
83.0,12.0,26.0,19.0,11.0,2.0,17.0,43.0,26.0,2.0,4.0,1.0,24.0,1.0,48.0,83.0,8.0,5.0,1.0,1.0,0.0,0.0,2.0,1.0,21.0,5.0,3.0,3.0,37.0,0.0,90.0,63.0,17.0,1.0,5.0,2.0,3.0,1.0,4.0,3.0,6.0,1.0,0.0,0.0,4.0,0.0,1.0,1.0,31.0,1.0,4.0,1.0,4.0,0.0,2.0,3.0,49.0,3.0,4.0,2.0,61.0,3.0,68.0,42.0,8.0,1.0,1.0,0.0,1.0,0.0,3.0,2.0,5.0,1.0,0.0,0.0,1.0,0.0,4.0,4.0,2.0,1.0,1.0,1.0,0.0,0.0,1.0,0.0,2.0,0.0,2.0,0.0,4.0,0.0,1.0,2.0,33.0,2.0,3.0,2.0,2.0,0.0,0.0,4.0,6.0,0.0,0.0,0.0,6.0,0.0,3.0,3.0,37.0,0.0,2.0,4.0,3.0,0.0,0.0,1.0,73.0,2.0,6.0,2.0,61.0,3.0,41.0,23.0,26.0,32.0,4.0,58.0,4.0,4.0,4.0,83.0,6.0,4.0,1.0,4.0,3.0,3.0,3.0,75.0,2.0,0.0,0.0,3.0,0.0,0.0,0.0,2.0,3.0,1.0,0.0,7.0,6.0,1.0,4.0,29.0,5.0,4.0,1.0,4.0,0.0,1.0,0.0,4.0,1.0,0.0,0.0,0.0,1.0,0.0,0.0,3.0,7.0,6.0,0.0,3.0,0.0,0.0,0.0,4.0,4.0,4.0,0.0,0.0,4.0,2.0,5.0,14.0,24.0,54.0,4.0,107.0,0.0,2.0,3.0,65.0,7.0,1.0,0.0,8.0,2.0,2.0,2.0,32.0,0.0,1.0,0.0,3.0,0.0,0.0,0.0,0.0,3.0,2.0,0.0,5.0,3.0,1.0,3.0,23.0,59.0,99.0,6.0,108.0,4.0,3.0,2.0,52.0,1.0,1.0,0.0,3.0,1.0,5.0,3.0,26.0,76.0,57.0,4.0,44.0,2.0,2.0,1.0,26.0,70.0,41.0,3.0,26.0,36.0,41.0,21.0,784.0,2.039416166555531,0.09036425619464178,0.853269694717652,0.8080148269489089,2.732937628716198,19.206142895578903,3.8687687687687684,0.06585275590906225,0.7512753176336856,0.6303344670914528,3.028050074086595,17.06241590689789,nv
168.0,16.0,30.0,20.0,16.0,3.0,18.0,44.0,31.0,6.0,5.0,12.0,29.0,5.0,44.0,97.0,16.0,0.0,5.0,4.0,3.0,0.0,3.0,3.0,36.0,6.0,6.0,4.0,33.0,2.0,55.0,69.0,23.0,2.0,4.0,3.0,3.0,1.0,5.0,2.0,4.0,2.0,1.0,1.0,2.0,1.0,9.0,6.0,28.0,2.0,4.0,2.0,5.0,1.0,4.0,3.0,50.0,2.0,10.0,0.0,61.0,3.0,54.0,38.0,17.0,6.0,4.0,4.0,2.0,0.0,1.0,6.0,6.0,0.0,0.0,1.0,2.0,0.0,2.0,3.0,8.0,2.0,0.0,1.0,2.0,0.0,4.0,1.0,4.0,1.0,0.0,1.0,6.0,1.0,8.0,8.0,36.0,6.0,2.0,3.0,4.0,0.0,4.0,3.0,12.0,1.0,0.0,0.0,5.0,1.0,3.0,3.0,50.0,7.0,5.0,5.0,3.0,0.0,4.0,2.0,86.0,7.0,7.0,2.0,52.0,4.0,48.0,34.0,29.0,20.0,6.0,52.0,11.0,3.0,4.0,77.0,7.0,9.0,1.0,6.0,3.0,2.0,5.0,71.0,3.0,5.0,1.0,5.0,2.0,0.0,0.0,4.0,7.0,4.0,1.0,2.0,3.0,4.0,9.0,35.0,7.0,2.0,2.0,6.0,0.0,0.0,1.0,2.0,2.0,0.0,0.0,0.0,0.0,0.0,0.0,10.0,8.0,2.0,0.0,3.0,0.0,0.0,0.0,0.0,7.0,4.0,0.0,3.0,6.0,1.0,5.0,29.0,25.0,47.0,4.0,67.0,6.0,2.0,1.0,71.0,6.0,0.0,0.0,0.0,1.0,4.0,3.0,39.0,5.0,4.0,0.0,6.0,0.0,1.0,0.0,6.0,4.0,1.0,0.0,1.0,4.0,1.0,4.0,32.0,56.0,84.0,4.0,58.0,2.0,7.0,6.0,51.0,9.0,4.0,0.0,7.0,3.0,1.0,5.0,24.0,137.0,77.0,2.0,50.0,4.0,9.0,3.0,43.0,105.0,50.0,14.0,33.0,47.0,36.0,32.0,785.0,2.312589599895739,0.08721683978591294,0.8445627746331253,0.8070032858841748,2.7588618943532173,21.652477478996197,4.357222697087252,0.06456299054788724,0.7482759837755683,0.6387207947381575,3.029342363344523,19.763859466660776,nv
102.0,17.0,32.0,19.0,16.0,5.0,19.0,18.0,14.0,2.0,9.0,2.0,13.0,1.0,32.0,55.0,9.0,2.0,2.0,2.0,2.0,0.0,1.0,1.0,16.0,2.0,3.0,1.0,29.0,3.0,82.0,72.0,29.0,6.0,7.0,2.0,2.0,0.0,3.0,1.0,3.0,1.0,0.0,0.0,6.0,2.0,5.0,2.0,25.0,2.0,4.0,4.0,4.0,0.0,2.0,1.0,37.0,3.0,6.0,5.0,49.0,3.0,57.0,31.0,12.0,0.0,5.0,1.0,0.0,0.0,1.0,1.0,2.0,0.0,0.0,0.0,3.0,1.0,2.0,5.0,4.0,0.0,0.0,0.0,0.0,0.0,1.0,1.0,2.0,0.0,1.0,0.0,6.0,1.0,6.0,3.0,27.0,3.0,7.0,4.0,4.0,1.0,2.0,1.0,5.0,0.0,0.0,0.0,0.0,0.0,5.0,0.0,20.0,1.0,2.0,1.0,1.0,0.0,2.0,1.0,43.0,7.0,3.0,2.0,64.0,3.0,36.0,20.0,11.0,16.0,4.0,35.0,1.0,3.0,3.0,33.0,3.0,3.0,0.0,5.0,1.0,4.0,1.0,44.0,3.0,2.0,1.0,2.0,0.0,0.0,1.0,3.0,3.0,1.0,0.0,3.0,1.0,1.0,1.0,31.0,3.0,7.0,0.0,3.0,1.0,0.0,0.0,3.0,0.0,2.0,0.0,0.0,0.0,0.0,2.0,3.0,2.0,3.0,2.0,3.0,0.0,0.0,1.0,2.0,1.0,2.0,1.0,4.0,0.0,0.0,5.0,29.0,15.0,30.0,3.0,69.0,2.0,2.0,3.0,51.0,1.0,3.0,0.0,3.0,0.0,2.0,3.0,26.0,3.0,3.0,0.0,5.0,0.0,0.0,0.0,4.0,4.0,2.0,3.0,2.0,3.0,1.0,10.0,23.0,34.0,79.0,8.0,73.0,1.0,3.0,3.0,28.0,5.0,5.0,1.0,9.0,6.0,6.0,1.0,30.0,46.0,53.0,6.0,35.0,3.0,6.0,2.0,19.0,41.0,43.0,4.0,27.0,33.0,40.0,22.0,442.0,2.0464941176470592,0.2194600038754325,0.8911248809139197,0.8045243851873942,1.9732766595050688,18.89211880968857,4.093615803034641,0.1724560186040834,0.8197337524554297,0.6317747218933758,2.2095400557738696,18.140685025434202,nv
102.0,12.0,29.0,27.0,9.0,4.0,25.0,20.0,14.0,2.0,3.0,5.0,16.0,2.0,37.0,43.0,16.0,0.0,2.0,4.0,2.0,0.0,4.0,1.0,13.0,3.0,6.0,0.0,29.0,6.0,49.0,64.0,32.0,5.0,7.0,7.0,2.0,0.0,4.0,2.0,9.0,0.0,0.0,0.0,3.0,1.0,6.0,3.0,19.0,1.0,3.0,2.0,1.0,1.0,2.0,2.0,32.0,2.0,5.0,5.0,82.0,6.0,57.0,36.0,17.0,0.0,6.0,3.0,2.0,0.0,2.0,1.0,2.0,0.0,1.0,0.0,2.0,0.0,3.0,7.0,5.0,0.0,0.0,1.0,0.0,0.0,0.0,0.0,1.0,1.0,2.0,0.0,3.0,1.0,3.0,3.0,19.0,1.0,2.0,4.0,2.0,0.0,4.0,1.0,2.0,0.0,0.0,0.0,1.0,0.0,5.0,2.0,18.0,1.0,1.0,1.0,1.0,1.0,1.0,1.0,55.0,5.0,2.0,0.0,72.0,3.0,31.0,20.0,11.0,15.0,3.0,34.0,3.0,3.0,2.0,46.0,3.0,1.0,0.0,5.0,3.0,4.0,1.0,41.0,1.0,2.0,1.0,1.0,0.0,0.0,0.0,3.0,1.0,0.0,0.0,6.0,1.0,3.0,0.0,33.0,4.0,3.0,0.0,8.0,1.0,0.0,2.0,6.0,0.0,0.0,0.0,1.0,0.0,3.0,1.0,4.0,3.0,3.0,0.0,3.0,1.0,0.0,1.0,2.0,1.0,3.0,2.0,1.0,1.0,10.0,5.0,22.0,16.0,30.0,7.0,79.0,2.0,3.0,3.0,53.0,3.0,3.0,2.0,5.0,1.0,2.0,2.0,43.0,3.0,2.0,0.0,3.0,0.0,0.0,0.0,6.0,4.0,2.0,0.0,6.0,1.0,1.0,0.0,40.0,35.0,69.0,3.0,73.0,2.0,5.0,3.0,35.0,5.0,3.0,0.0,9.0,3.0,2.0,4.0,27.0,33.0,51.0,3.0,28.0,3.0,4.0,2.0,19.0,44.0,26.0,3.0,30.0,31.0,23.0,29.0,442.0,2.0464941176470592,0.2194600038754325,0.8911248809139197,0.8045243851873942,1.9732766595050688,18.89211880968857,4.093615803034641,0.1724560186040834,0.8197337524554297,0.6317747218933758,2.2095400557738696,18.140685025434202,nv
77.0,16.0,13.0,17.0,11.0,2.0,14.0,23.0,16.0,4.0,3.0,2.0,18.0,0.0,37.0,58.0,9.0,3.0,3.0,1.0,1.0,0.0,0.0,3.0,18.0,2.0,7.0,1.0,23.0,2.0,65.0,54.0,17.0,0.0,7.0,4.0,4.0,0.0,3.0,1.0,3.0,1.0,1.0,0.0,4.0,1.0,3.0,2.0,15.0,3.0,6.0,1.0,4.0,0.0,5.0,2.0,39.0,3.0,10.0,2.0,93.0,2.0,61.0,24.0,13.0,0.0,0.0,2.0,0.0,0.0,0.0,1.0,1.0,0.0,0.0,0.0,3.0,0.0,3.0,1.0,2.0,1.0,0.0,0.0,1.0,0.0,1.0,0.0,0.0,0.0,0.0,0.0,3.0,0.0,5.0,1.0,19.0,0.0,1.0,0.0,2.0,1.0,2.0,2.0,3.0,2.0,0.0,0.0,2.0,0.0,2.0,1.0,13.0,2.0,0.0,3.0,3.0,0.0,2.0,1.0,22.0,3.0,3.0,1.0,64.0,4.0,31.0,17.0,20.0,10.0,4.0,40.0,1.0,3.0,6.0,61.0,2.0,1.0,0.0,3.0,0.0,0.0,3.0,47.0,2.0,0.0,0.0,2.0,0.0,0.0,0.0,3.0,3.0,1.0,0.0,5.0,2.0,0.0,5.0,39.0,4.0,3.0,1.0,1.0,0.0,0.0,2.0,3.0,0.0,0.0,0.0,3.0,0.0,1.0,3.0,3.0,3.0,3.0,0.0,3.0,0.0,0.0,1.0,1.0,6.0,1.0,0.0,4.0,1.0,5.0,7.0,21.0,11.0,22.0,1.0,54.0,0.0,2.0,0.0,63.0,0.0,1.0,1.0,0.0,0.0,3.0,2.0,32.0,1.0,2.0,1.0,3.0,0.0,1.0,0.0,3.0,0.0,0.0,1.0,2.0,1.0,4.0,0.0,28.0,36.0,76.0,3.0,71.0,0.0,4.0,3.0,39.0,2.0,2.0,0.0,3.0,2.0,2.0,5.0,33.0,35.0,56.0,3.0,31.0,1.0,5.0,1.0,11.0,40.0,22.0,3.0,19.0,30.0,35.0,25.0,514.0,2.7476356396217008,0.2127092939908788,0.8946374071891238,0.829257899769639,1.9763149922307965,29.436994113844598,5.107316578840697,0.16556324184546095,0.8184359828378643,0.680651083746563,2.2212017142101663,26.87849153824402,nv
158.0,30.0,48.0,30.0,29.0,7.0,34.0,45.0,20.0,6.0,10.0,9.0,33.0,5.0,62.0,67.0,28.0,5.0,12.0,3.0,2.0,1.0,5.0,1.0,27.0,2.0,14.0,8.0,40.0,4.0,76.0,74.0,37.0,11.0,8.0,13.0,9.0,1.0,6.0,6.0,7.0,2.0,3.0,0.0,13.0,3.0,10.0,3.0,27.0,6.0,2.0,2.0,5.0,1.0,2.0,0.0,59.0,6.0,4.0,7.0,86.0,7.0,72.0,54.0,19.0,3.0,12.0,5.0,8.0,1.0,8.0,3.0,6.0,3.0,1.0,2.0,8.0,0.0,4.0,5.0,7.0,0.0,0.0,0.0,0.0,0.0,1.0,1.0,4.0,1.0,4.0,2.0,5.0,1.0,5.0,7.0,30.0,1.0,4.0,1.0,5.0,0.0,5.0,1.0,6.0,1.0,1.0,3.0,9.0,1.0,4.0,6.0,26.0,2.0,0.0,2.0,1.0,1.0,4.0,3.0,43.0,1.0,7.0,6.0,63.0,6.0,51.0,32.0,21.0,28.0,12.0,58.0,3.0,4.0,8.0,55.0,5.0,4.0,2.0,7.0,0.0,3.0,7.0,46.0,5.0,7.0,2.0,5.0,3.0,1.0,1.0,4.0,4.0,5.0,2.0,5.0,3.0,6.0,7.0,70.0,9.0,13.0,1.0,8.0,1.0,1.0,0.0,3.0,0.0,1.0,0.0,0.0,2.0,1.0,5.0,11.0,14.0,9.0,0.0,6.0,6.0,1.0,2.0,0.0,6.0,4.0,1.0,5.0,7.0,5.0,2.0,42.0,16.0,31.0,11.0,92.0,3.0,5.0,5.0,74.0,2.0,6.0,1.0,6.0,4.0,3.0,9.0,46.0,0.0,4.0,2.0,9.0,1.0,1.0,3.0,7.0,1.0,5.0,0.0,7.0,3.0,5.0,4.0,62.0,34.0,107.0,9.0,68.0,5.0,5.0,8.0,40.0,8.0,4.0,2.0,8.0,6.0,6.0,7.0,39.0,64.0,41.0,5.0,42.0,5.0,7.0,8.0,27.0,40.0,32.0,8.0,31.0,36.0,53.0,29.0,674.0,1.3574827126815963,0.1260546528251218,0.8324963645396845,0.7774908201260367,2.5694581027428414,10.844105675271825,2.591580832960142,0.1029072453093117,0.7440480726944181,0.5820763164542891,2.8103202951886472,9.810591788475826,vasc
263.0,31.0,41.0,12.0,35.0,5.0,28.0,19.0,29.0,7.0,4.0,5.0,20.0,3.0,38.0,51.0,30.0,8.0,7.0,3.0,10.0,4.0,13.0,8.0,32.0,8.0,9.0,8.0,20.0,9.0,59.0,54.0,34.0,8.0,11.0,4.0,10.0,4.0,3.0,2.0,9.0,2.0,4.0,4.0,14.0,4.0,8.0,7.0,37.0,4.0,2.0,1.0,12.0,4.0,3.0,4.0,30.0,8.0,13.0,2.0,58.0,7.0,43.0,39.0,38.0,17.0,15.0,8.0,7.0,9.0,3.0,1.0,6.0,5.0,4.0,3.0,6.0,1.0,5.0,8.0,31.0,2.0,2.0,0.0,10.0,4.0,1.0,2.0,10.0,1.0,3.0,0.0,11.0,1.0,16.0,9.0,32.0,6.0,5.0,4.0,7.0,0.0,2.0,1.0,9.0,1.0,3.0,3.0,4.0,4.0,10.0,8.0,31.0,12.0,3.0,7.0,7.0,5.0,5.0,5.0,51.0,6.0,11.0,6.0,56.0,14.0,40.0,45.0,19.0,18.0,6.0,21.0,5.0,4.0,8.0,47.0,6.0,4.0,1.0,8.0,5.0,3.0,7.0,46.0,9.0,4.0,2.0,3.0,5.0,3.0,6.0,9.0,6.0,5.0,3.0,8.0,4.0,1.0,10.0,38.0,11.0,6.0,3.0,9.0,1.0,1.0,0.0,2.0,5.0,3.0,1.0,5.0,3.0,0.0,4.0,17.0,12.0,6.0,4.0,6.0,5.0,1.0,1.0,7.0,11.0,5.0,4.0,12.0,15.0,3.0,24.0,62.0,24.0,32.0,17.0,75.0,4.0,8.0,7.0,38.0,2.0,4.0,4.0,9.0,1.0,2.0,3.0,23.0,11.0,5.0,3.0,11.0,2.0,5.0,4.0,19.0,6.0,6.0,3.0,11.0,8.0,5.0,11.0,32.0,34.0,46.0,11.0,62.0,8.0,5.0,8.0,34.0,6.0,9.0,3.0,23.0,3.0,9.0,9.0,41.0,44.0,47.0,12.0,37.0,7.0,11.0,10.0,32.0,41.0,39.0,29.0,65.0,38.0,56.0,55.0,967.0,2.0158469303908912,0.11213619416082994,0.7982626859122208,0.742391007725216,2.758176082728619,13.634592230060841,3.2633612745972296,0.09519892345834241,0.725666850574226,0.5744764032506048,2.935843281931746,12.074736539607567,vasc
178.0,25.0,21.0,33.0,36.0,6.0,23.0,39.0,38.0,7.0,9.0,12.0,37.0,2.0,50.0,81.0,23.0,4.0,7.0,4.0,6.0,0.0,3.0,4.0,23.0,5.0,5.0,7.0,19.0,3.0,45.0,69.0,16.0,2.0,4.0,2.0,11.0,1.0,2.0,3.0,8.0,2.0,0.0,2.0,10.0,4.0,6.0,5.0,24.0,3.0,2.0,9.0,1.0,3.0,1.0,5.0,36.0,4.0,4.0,5.0,64.0,4.0,47.0,33.0,37.0,6.0,4.0,1.0,8.0,0.0,4.0,3.0,12.0,0.0,3.0,4.0,5.0,3.0,3.0,2.0,5.0,3.0,0.0,0.0,0.0,0.0,2.0,0.0,4.0,0.0,1.0,2.0,4.0,1.0,4.0,5.0,17.0,4.0,6.0,5.0,5.0,2.0,5.0,8.0,16.0,2.0,2.0,1.0,8.0,5.0,7.0,10.0,31.0,2.0,3.0,4.0,10.0,1.0,3.0,3.0,98.0,6.0,10.0,6.0,38.0,11.0,25.0,61.0,54.0,41.0,12.0,59.0,12.0,4.0,16.0,80.0,12.0,6.0,0.0,6.0,1.0,3.0,7.0,63.0,14.0,8.0,1.0,6.0,0.0,0.0,7.0,4.0,4.0,7.0,1.0,4.0,1.0,4.0,3.0,44.0,7.0,8.0,0.0,5.0,3.0,2.0,1.0,4.0,1.0,1.0,0.0,4.0,1.0,1.0,0.0,8.0,7.0,6.0,0.0,8.0,2.0,3.0,1.0,6.0,7.0,9.0,2.0,14.0,7.0,5.0,10.0,39.0,32.0,40.0,7.0,67.0,4.0,2.0,9.0,62.0,11.0,13.0,1.0,2.0,2.0,3.0,7.0,50.0,8.0,3.0,2.0,3.0,1.0,0.0,1.0,7.0,5.0,0.0,4.0,3.0,3.0,1.0,4.0,34.0,57.0,52.0,5.0,59.0,6.0,3.0,6.0,68.0,7.0,9.0,1.0,14.0,5.0,4.0,5.0,37.0,95.0,62.0,8.0,52.0,7.0,9.0,15.0,58.0,53.0,36.0,7.0,36.0,37.0,29.0,27.0,721.0,1.6766045032121246,0.11775520028548991,0.8237020951428169,0.7519491882499382,2.6210161428211296,11.841629856782516,3.105478331970562,0.0966254364631703,0.7347980315080251,0.5418362404339052,2.855962940427258,10.45071535262647,vasc
344.0,54.0,100.0,45.0,60.0,12.0,47.0,45.0,40.0,6.0,14.0,14.0,41.0,9.0,80.0,55.0,70.0,11.0,13.0,6.0,11.0,2.0,13.0,13.0,51.0,4.0,17.0,13.0,94.0,15.0,99.0,63.0,118.0,19.0,33.0,18.0,25.0,5.0,15.0,5.0,27.0,0.0,4.0,4.0,23.0,4.0,15.0,11.0,55.0,11.0,15.0,6.0,15.0,3.0,10.0,6.0,73.0,7.0,21.0,10.0,132.0,17.0,100.0,64.0,66.0,12.0,17.0,13.0,11.0,3.0,4.0,13.0,8.0,1.0,0.0,3.0,6.0,2.0,7.0,7.0,16.0,4.0,6.0,0.0,1.0,1.0,4.0,0.0,11.0,5.0,6.0,9.0,11.0,4.0,19.0,13.0,64.0,10.0,12.0,6.0,6.0,1.0,5.0,6.0,5.0,4.0,2.0,1.0,14.0,2.0,8.0,7.0,49.0,3.0,12.0,8.0,15.0,3.0,5.0,6.0,58.0,9.0,16.0,9.0,65.0,14.0,57.0,49.0,29.0,41.0,12.0,46.0,6.0,8.0,11.0,23.0,6.0,7.0,0.0,12.0,5.0,5.0,7.0,49.0,5.0,4.0,1.0,6.0,1.0,6.0,4.0,6.0,5.0,9.0,7.0,10.0,9.0,11.0,12.0,58.0,16.0,20.0,9.0,17.0,1.0,3.0,2.0,11.0,5.0,4.0,1.0,7.0,3.0,4.0,5.0,20.0,14.0,16.0,3.0,4.0,3.0,3.0,2.0,14.0,12.0,3.0,1.0,11.0,16.0,21.0,32.0,68.0,45.0,67.0,19.0,109.0,9.0,7.0,8.0,48.0,4.0,4.0,3.0,13.0,2.0,11.0,13.0,40.0,18.0,16.0,4.0,15.0,0.0,2.0,2.0,18.0,12.0,11.0,4.0,15.0,14.0,30.0,22.0,122.0,67.0,121.0,18.0,100.0,9.0,23.0,13.0,43.0,11.0,10.0,3.0,10.0,4.0,16.0,9.0,70.0,47.0,74.0,19.0,48.0,14.0,20.0,9.0,38.0,52.0,54.0,28.0,74.0,86.0,123.0,79.0,1076.0,1.5767699961729815,0.0682671938666935,0.7809352072838625,0.7956123215572318,3.000395855262611,13.852437950082964,2.931416014495547,0.053806855221084325,0.6998313108787572,0.6277765230463439,3.2408483907012524,12.819422908867283,mel
254.0,39.0,100.0,70.0,33.0,8.0,67.0,76.0,38.0,5.0,16.0,9.0,44.0,4.0,129.0,112.0,44.0,6.0,13.0,8.0,4.0,0.0,7.0,7.0,51.0,6.0,15.0,15.0,88.0,10.0,185.0,125.0,85.0,9.0,25.0,8.0,12.0,1.0,16.0,9.0,15.0,2.0,2.0,1.0,16.0,1.0,9.0,9.0,65.0,4.0,14.0,8.0,8.0,2.0,7.0,4.0,77.0,7.0,15.0,5.0,145.0,13.0,123.0,71.0,36.0,3.0,11.0,6.0,2.0,0.0,6.0,3.0,4.0,1.0,1.0,0.0,4.0,2.0,5.0,12.0,9.0,0.0,3.0,2.0,0.0,0.0,0.0,0.0,6.0,0.0,2.0,2.0,3.0,0.0,13.0,7.0,78.0,7.0,10.0,5.0,6.0,1.0,5.0,5.0,10.0,0.0,2.0,2.0,13.0,1.0,7.0,4.0,51.0,11.0,5.0,4.0,8.0,0.0,2.0,5.0,85.0,6.0,10.0,5.0,86.0,5.0,68.0,55.0,41.0,56.0,13.0,124.0,3.0,5.0,6.0,118.0,7.0,3.0,1.0,10.0,6.0,7.0,16.0,105.0,7.0,4.0,2.0,7.0,0.0,0.0,1.0,14.0,7.0,9.0,2.0,4.0,7.0,9.0,9.0,87.0,12.0,19.0,1.0,12.0,1.0,0.0,5.0,10.0,0.0,3.0,1.0,1.0,1.0,0.0,1.0,14.0,12.0,13.0,0.0,5.0,0.0,1.0,0.0,5.0,8.0,5.0,2.0,8.0,5.0,12.0,7.0,57.0,48.0,100.0,9.0,186.0,3.0,8.0,7.0,146.0,10.0,7.0,1.0,17.0,2.0,6.0,2.0,86.0,5.0,5.0,2.0,13.0,1.0,1.0,2.0,11.0,9.0,10.0,2.0,12.0,11.0,18.0,20.0,129.0,108.0,190.0,24.0,152.0,6.0,8.0,6.0,89.0,6.0,10.0,2.0,13.0,7.0,10.0,10.0,73.0,87.0,142.0,12.0,80.0,13.0,11.0,3.0,58.0,87.0,82.0,10.0,56.0,80.0,115.0,60.0,1337.0,1.6327126563144152,0.07847814746157987,0.8253650190674496,0.8276717836708855,2.8625469942921278,17.31615934032067,3.154396941258255,0.05842041002381382,0.7287635359971548,0.6591786212769943,3.1580037906286837,15.35616101186777,mel
409.0,42.0,78.0,54.0,56.0,7.0,62.0,67.0,38.0,14.0,13.0,8.0,52.0,12.0,71.0,62.0,40.0,7.0,17.0,8.0,18.0,2.0,8.0,11.0,39.0,8.0,15.0,6.0,81.0,15.0,103.0,94.0,70.0,22.0,18.0,7.0,21.0,7.0,14.0,11.0,23.0,1.0,0.0,3.0,22.0,4.0,20.0,17.0,48.0,5.0,9.0,9.0,15.0,4.0,8.0,5.0,74.0,8.0,19.0,5.0,157.0,27.0,115.0,77.0,49.0,13.0,20.0,10.0,12.0,3.0,15.0,13.0,9.0,2.0,6.0,4.0,9.0,1.0,8.0,8.0,12.0,1.0,4.0,6.0,3.0,0.0,1.0,1.0,6.0,1.0,3.0,2.0,12.0,3.0,13.0,16.0,51.0,19.0,5.0,4.0,8.0,1.0,8.0,2.0,25.0,2.0,0.0,3.0,15.0,3.0,10.0,7.0,44.0,8.0,10.0,7.0,8.0,2.0,5.0,6.0,63.0,16.0,13.0,11.0,95.0,22.0,70.0,65.0,44.0,52.0,9.0,77.0,14.0,10.0,16.0,104.0,5.0,8.0,0.0,8.0,4.0,9.0,11.0,92.0,6.0,2.0,2.0,15.0,2.0,2.0,3.0,16.0,7.0,4.0,2.0,13.0,7.0,6.0,12.0,85.0,9.0,16.0,7.0,17.0,0.0,7.0,4.0,21.0,3.0,2.0,4.0,6.0,1.0,6.0,6.0,22.0,13.0,10.0,3.0,11.0,1.0,1.0,3.0,10.0,15.0,8.0,5.0,16.0,15.0,13.0,29.0,96.0,51.0,89.0,21.0,193.0,7.0,11.0,7.0,116.0,6.0,5.0,3.0,14.0,9.0,11.0,10.0,78.0,8.0,14.0,4.0,21.0,4.0,3.0,4.0,18.0,8.0,3.0,5.0,15.0,12.0,12.0,11.0,123.0,59.0,120.0,14.0,116.0,10.0,15.0,10.0,77.0,9.0,19.0,6.0,11.0,6.0,15.0,7.0,86.0,67.0,80.0,13.0,90.0,7.0,10.0,11.0,58.0,69.0,61.0,19.0,84.0,65.0,86.0,52.0,1419.0,1.6604203509726572,0.08182041398202694,0.8117421546075853,0.8041470136232606,2.829417412847733,15.295362470522848,2.9712205508620095,0.06339443906642074,0.7286796026158181,0.6448603339474559,3.076375123325607,13.761467092215327,mel
617.0,75.0,188.0,121.0,105.0,18.0,117.0,116.0,107.0,24.0,31.0,29.0,96.0,21.0,182.0,155.0,92.0,8.0,26.0,16.0,17.0,4.0,24.0,14.0,83.0,13.0,38.0,20.0,179.0,23.0,295.0,201.0,170.0,24.0,58.0,26.0,31.0,4.0,25.0,25.0,30.0,6.0,4.0,6.0,41.0,3.0,34.0,16.0,109.0,19.0,20.0,16.0,21.0,2.0,23.0,19.0,148.0,19.0,30.0,19.0,247.0,31.0,296.0,199.0,72.0,22.0,22.0,31.0,15.0,6.0,14.0,9.0,15.0,4.0,3.0,3.0,15.0,3.0,28.0,21.0,21.0,6.0,8.0,4.0,8.0,0.0,4.0,6.0,17.0,5.0,5.0,4.0,19.0,1.0,25.0,28.0,102.0,19.0,25.0,17.0,22.0,3.0,19.0,18.0,16.0,6.0,6.0,8.0,15.0,2.0,23.0,15.0,84.0,11.0,20.0,20.0,14.0,4.0,15.0,14.0,119.0,18.0,25.0,21.0,197.0,28.0,188.0,148.0,114.0,104.0,30.0,194.0,15.0,23.0,16.0,182.0,17.0,12.0,4.0,20.0,19.0,9.0,23.0,159.0,19.0,12.0,4.0,16.0,3.0,5.0,5.0,19.0,14.0,15.0,6.0,27.0,19.0,16.0,41.0,173.0,31.0,30.0,12.0,41.0,3.0,6.0,4.0,21.0,8.0,5.0,2.0,8.0,7.0,6.0,2.0,31.0,17.0,24.0,9.0,18.0,8.0,6.0,4.0,20.0,16.0,23.0,8.0,21.0,26.0,37.0,42.0,169.0,98.0,168.0,40.0,259.0,12.0,16.0,20.0,200.0,24.0,22.0,9.0,29.0,10.0,26.0,25.0,180.0,17.0,23.0,12.0,25.0,3.0,6.0,2.0,32.0,13.0,13.0,4.0,35.0,26.0,31.0,33.0,260.0,161.0,307.0,44.0,281.0,21.0,41.0,25.0,162.0,18.0,24.0,3.0,37.0,18.0,37.0,23.0,156.0,168.0,222.0,22.0,188.0,17.0,30.0,13.0,128.0,125.0,187.0,31.0,162.0,169.0,240.0,140.0,1999.0,1.0680647911338448,0.14252765106339063,0.8607475792694788,0.8961408010125655,2.5768054356040557,19.499488233477162,2.2137768034527636,0.1193780792965081,0.799459714366472,0.7917505649145349,2.79269900221073,19.047042488030428,nv
445.0,92.0,117.0,126.0,47.0,8.0,110.0,143.0,104.0,17.0,41.0,36.0,84.0,20.0,270.0,328.0,76.0,26.0,14.0,20.0,11.0,1.0,18.0,17.0,100.0,13.0,50.0,42.0,145.0,17.0,436.0,357.0,128.0,16.0,21.0,13.0,10.0,3.0,13.0,13.0,20.0,4.0,8.0,4.0,18.0,3.0,18.0,23.0,103.0,28.0,25.0,18.0,16.0,2.0,14.0,11.0,145.0,18.0,28.0,20.0,212.0,14.0,279.0,222.0,63.0,9.0,11.0,17.0,6.0,0.0,12.0,18.0,7.0,1.0,5.0,3.0,12.0,2.0,28.0,28.0,11.0,0.0,1.0,3.0,2.0,0.0,3.0,3.0,6.0,1.0,3.0,5.0,10.0,1.0,31.0,31.0,77.0,14.0,12.0,12.0,11.0,2.0,13.0,15.0,11.0,8.0,4.0,4.0,17.0,3.0,24.0,21.0,105.0,9.0,14.0,14.0,14.0,0.0,9.0,3.0,157.0,15.0,18.0,11.0,184.0,19.0,207.0,167.0,108.0,110.0,17.0,172.0,10.0,9.0,19.0,221.0,16.0,23.0,3.0,25.0,11.0,5.0,29.0,236.0,18.0,25.0,4.0,17.0,0.0,0.0,2.0,16.0,12.0,17.0,2.0,25.0,15.0,18.0,23.0,219.0,39.0,41.0,6.0,32.0,1.0,3.0,4.0,24.0,3.0,2.0,0.0,5.0,3.0,0.0,5.0,32.0,25.0,37.0,1.0,20.0,1.0,6.0,1.0,16.0,14.0,19.0,3.0,32.0,24.0,20.0,32.0,147.0,95.0,129.0,18.0,178.0,13.0,16.0,13.0,210.0,8.0,15.0,1.0,26.0,12.0,21.0,21.0,245.0,10.0,18.0,0.0,16.0,0.0,3.0,4.0,16.0,12.0,16.0,1.0,15.0,25.0,13.0,25.0,182.0,297.0,429.0,24.0,281.0,26.0,29.0,29.0,234.0,18.0,24.0,8.0,32.0,32.0,21.0,20.0,176.0,340.0,414.0,19.0,221.0,23.0,36.0,17.0,166.0,215.0,197.0,18.0,140.0,196.0,167.0,167.0,2389.0,1.4225732084171283,0.16492447071727115,0.8852206940188582,0.8836526246634846,2.418241067876019,23.03132107673667,2.6611696617944465,0.13627079869639094,0.8193959665458366,0.7839500440559357,2.651641172724197,21.97359270291925,nv
436.0,72.0,117.0,126.0,71.0,4.0,114.0,165.0,119.0,19.0,28.0,22.0,124.0,12.0,217.0,306.0,54.0,7.0,16.0,19.0,7.0,2.0,6.0,16.0,92.0,20.0,29.0,23.0,131.0,10.0,297.0,285.0,115.0,11.0,15.0,24.0,13.0,2.0,16.0,13.0,29.0,4.0,2.0,3.0,30.0,4.0,16.0,17.0,120.0,10.0,18.0,8.0,11.0,0.0,19.0,26.0,211.0,17.0,30.0,21.0,299.0,29.0,285.0,213.0,57.0,11.0,10.0,9.0,5.0,1.0,15.0,13.0,15.0,3.0,1.0,2.0,13.0,1.0,27.0,16.0,14.0,1.0,1.0,2.0,1.0,0.0,2.0,1.0,11.0,3.0,1.0,2.0,9.0,2.0,22.0,12.0,117.0,13.0,15.0,10.0,14.0,1.0,11.0,11.0,30.0,3.0,2.0,3.0,19.0,0.0,17.0,23.0,174.0,9.0,14.0,15.0,11.0,3.0,12.0,9.0,317.0,16.0,17.0,17.0,288.0,18.0,200.0,184.0,99.0,102.0,33.0,205.0,17.0,14.0,26.0,378.0,28.0,19.0,3.0,25.0,13.0,15.0,30.0,338.0,17.0,13.0,0.0,29.0,4.0,2.0,7.0,22.0,19.0,12.0,5.0,18.0,26.0,7.0,19.0,217.0,31.0,22.0,1.0,22.0,2.0,1.0,3.0,29.0,7.0,5.0,2.0,4.0,1.0,4.0,5.0,28.0,23.0,23.0,5.0,35.0,1.0,4.0,1.0,14.0,21.0,20.0,3.0,17.0,18.0,16.0,23.0,133.0,102.0,100.0,22.0,241.0,11.0,11.0,16.0,304.0,21.0,12.0,2.0,17.0,13.0,16.0,16.0,237.0,15.0,8.0,3.0,14.0,2.0,1.0,0.0,21.0,16.0,14.0,5.0,22.0,11.0,10.0,14.0,187.0,200.0,219.0,18.0,221.0,12.0,22.0,30.0,189.0,21.0,19.0,4.0,12.0,23.0,9.0,19.0,145.0,326.0,287.0,18.0,168.0,20.0,20.0,23.0,164.0,306.0,219.0,22.0,119.0,213.0,177.0,137.0,2243.0,1.4340356510369252,0.14251455628115775,0.8780442029885605,0.8962171907203859,2.580713799666044,26.201285863016704,2.8328974764720596,0.1159271713526483,0.806591488914106,0.7936104571472076,2.831650480181833,24.61905030455118,nv
192.0,23.0,21.0,21.0,34.0,7.0,22.0,17.0,34.0,3.0,2.0,7.0,17.0,7.0,31.0,33.0,25.0,2.0,7.0,7.0,5.0,1.0,7.0,12.0,35.0,4.0,9.0,9.0,28.0,2.0,40.0,27.0,35.0,10.0,5.0,5.0,7.0,2.0,2.0,3.0,7.0,0.0,2.0,1.0,5.0,2.0,3.0,3.0,29.0,2.0,6.0,5.0,5.0,2.0,5.0,5.0,26.0,0.0,3.0,7.0,24.0,1.0,24.0,36.0,28.0,2.0,7.0,9.0,4.0,0.0,1.0,4.0,12.0,4.0,5.0,2.0,2.0,1.0,0.0,5.0,6.0,2.0,5.0,2.0,1.0,0.0,0.0,1.0,9.0,0.0,1.0,1.0,8.0,2.0,17.0,6.0,20.0,3.0,3.0,3.0,2.0,3.0,4.0,1.0,4.0,7.0,0.0,1.0,4.0,3.0,2.0,10.0,31.0,2.0,6.0,4.0,5.0,4.0,2.0,1.0,33.0,4.0,9.0,6.0,37.0,8.0,39.0,27.0,29.0,17.0,9.0,35.0,7.0,6.0,11.0,49.0,12.0,3.0,1.0,4.0,4.0,1.0,7.0,38.0,2.0,4.0,1.0,6.0,1.0,0.0,1.0,9.0,0.0,0.0,0.0,2.0,2.0,3.0,9.0,31.0,4.0,7.0,2.0,13.0,1.0,1.0,1.0,6.0,0.0,0.0,0.0,0.0,0.0,0.0,2.0,6.0,6.0,5.0,1.0,3.0,0.0,2.0,2.0,5.0,7.0,8.0,3.0,4.0,4.0,9.0,15.0,38.0,17.0,25.0,4.0,50.0,4.0,8.0,5.0,41.0,4.0,1.0,1.0,4.0,4.0,3.0,5.0,32.0,5.0,2.0,1.0,8.0,3.0,3.0,2.0,15.0,4.0,2.0,0.0,5.0,4.0,3.0,3.0,33.0,23.0,40.0,6.0,46.0,1.0,8.0,2.0,33.0,6.0,9.0,4.0,9.0,1.0,7.0,8.0,47.0,23.0,35.0,7.0,34.0,8.0,10.0,1.0,31.0,35.0,24.0,7.0,35.0,30.0,44.0,48.0,603.0,2.2105305989583335,0.12011044555240206,0.8375821948770513,0.8099462691298143,2.5359393418932874,21.051634146107563,4.512319316688568,0.0954345707762281,0.7612904594865713,0.6315748067922423,2.7529279458167633,19.98285310841776,nv
186.0,24.0,21.0,20.0,32.0,8.0,19.0,28.0,26.0,7.0,10.0,13.0,17.0,5.0,38.0,54.0,28.0,4.0,4.0,4.0,6.0,1.0,7.0,1.0,18.0,3.0,3.0,6.0,25.0,8.0,47.0,52.0,36.0,4.0,6.0,2.0,9.0,3.0,5.0,3.0,5.0,1.0,1.0,0.0,4.0,2.0,7.0,7.0,25.0,0.0,5.0,4.0,0.0,2.0,3.0,3.0,23.0,3.0,7.0,3.0,32.0,9.0,57.0,32.0,32.0,5.0,7.0,7.0,3.0,3.0,6.0,9.0,3.0,1.0,1.0,3.0,4.0,1.0,6.0,8.0,5.0,1.0,4.0,2.0,2.0,1.0,1.0,1.0,5.0,2.0,0.0,2.0,2.0,1.0,5.0,13.0,33.0,3.0,5.0,2.0,5.0,2.0,6.0,3.0,6.0,1.0,1.0,3.0,4.0,4.0,4.0,2.0,30.0,4.0,4.0,2.0,2.0,1.0,4.0,3.0,28.0,6.0,4.0,0.0,31.0,9.0,34.0,38.0,39.0,23.0,5.0,26.0,7.0,9.0,6.0,32.0,9.0,4.0,3.0,10.0,1.0,2.0,2.0,34.0,11.0,3.0,0.0,1.0,2.0,0.0,1.0,6.0,3.0,6.0,1.0,5.0,3.0,3.0,9.0,35.0,6.0,4.0,1.0,5.0,1.0,3.0,1.0,4.0,1.0,0.0,1.0,4.0,1.0,0.0,0.0,10.0,5.0,7.0,2.0,2.0,4.0,1.0,2.0,2.0,7.0,4.0,4.0,2.0,8.0,4.0,14.0,49.0,25.0,25.0,9.0,54.0,3.0,2.0,6.0,33.0,3.0,0.0,0.0,6.0,2.0,2.0,4.0,24.0,4.0,11.0,2.0,7.0,1.0,2.0,0.0,8.0,6.0,7.0,0.0,4.0,1.0,1.0,5.0,39.0,27.0,37.0,9.0,21.0,2.0,6.0,5.0,40.0,2.0,3.0,2.0,10.0,5.0,4.0,2.0,45.0,34.0,32.0,10.0,48.0,2.0,4.0,5.0,27.0,36.0,39.0,7.0,38.0,31.0,38.0,29.0,570.0,2.240273482012047,0.11168395508014015,0.8289208775303984,0.8141154914790196,2.6161020493834357,21.86365534817545,4.599540078843628,0.08671254312570259,0.7479710127886678,0.6370801744717441,2.8394233286410984,20.7478769279218,nv
194.0,36.0,23.0,17.0,35.0,7.0,16.0,19.0,41.0,12.0,6.0,9.0,20.0,4.0,20.0,32.0,29.0,7.0,4.0,4.0,4.0,1.0,5.0,3.0,30.0,5.0,6.0,4.0,28.0,2.0,22.0,26.0,43.0,2.0,9.0,4.0,8.0,2.0,4.0,3.0,6.0,0.0,1.0,0.0,6.0,4.0,3.0,11.0,24.0,2.0,4.0,1.0,10.0,0.0,7.0,0.0,17.0,5.0,6.0,8.0,33.0,3.0,35.0,25.0,35.0,5.0,11.0,7.0,1.0,1.0,4.0,10.0,6.0,4.0,2.0,3.0,3.0,2.0,6.0,6.0,4.0,3.0,4.0,1.0,3.0,0.0,1.0,3.0,5.0,1.0,1.0,1.0,8.0,1.0,9.0,12.0,20.0,10.0,6.0,2.0,2.0,2.0,4.0,2.0,7.0,4.0,0.0,1.0,7.0,2.0,0.0,18.0,15.0,3.0,2.0,1.0,7.0,1.0,4.0,0.0,25.0,4.0,4.0,7.0,30.0,8.0,21.0,51.0,38.0,17.0,6.0,30.0,3.0,6.0,4.0,45.0,2.0,8.0,1.0,12.0,0.0,4.0,6.0,41.0,10.0,8.0,2.0,4.0,4.0,0.0,1.0,4.0,11.0,5.0,0.0,6.0,7.0,9.0,3.0,31.0,5.0,3.0,5.0,6.0,2.0,3.0,2.0,5.0,0.0,0.0,1.0,1.0,0.0,0.0,6.0,5.0,10.0,7.0,0.0,7.0,7.0,0.0,0.0,5.0,6.0,8.0,1.0,8.0,13.0,4.0,8.0,32.0,17.0,31.0,14.0,33.0,4.0,3.0,6.0,47.0,3.0,2.0,0.0,5.0,4.0,2.0,1.0,27.0,12.0,6.0,1.0,4.0,1.0,2.0,3.0,10.0,3.0,6.0,1.0,6.0,1.0,1.0,4.0,18.0,18.0,26.0,10.0,24.0,0.0,5.0,4.0,38.0,4.0,8.0,1.0,12.0,3.0,10.0,9.0,36.0,42.0,24.0,9.0,26.0,9.0,11.0,9.0,54.0,26.0,27.0,8.0,42.0,38.0,31.0,53.0,653.0,2.5288113798923093,0.11611707563779271,0.8309458611046735,0.8033892142222833,2.5643971577332314,23.195223747573362,4.94425566343042,0.09315920510363315,0.7573279095872305,0.6368344622675534,2.771151682192552,22.284405372534856,nv
227.0,38.0,60.0,43.0,14.0,4.0,34.0,49.0,29.0,5.0,14.0,5.0,32.0,3.0,54.0,63.0,26.0,7.0,5.0,6.0,7.0,2.0,8.0,0.0,33.0,5.0,16.0,5.0,49.0,11.0,127.0,68.0,63.0,5.0,12.0,4.0,14.0,1.0,6.0,4.0,6.0,0.0,2.0,1.0,7.0,1.0,11.0,3.0,51.0,7.0,11.0,3.0,4.0,0.0,3.0,6.0,50.0,7.0,7.0,3.0,91.0,8.0,98.0,56.0,24.0,2.0,7.0,6.0,6.0,1.0,2.0,4.0,6.0,1.0,1.0,4.0,4.0,1.0,7.0,9.0,6.0,0.0,1.0,2.0,1.0,0.0,1.0,1.0,4.0,1.0,2.0,1.0,7.0,2.0,7.0,8.0,47.0,4.0,4.0,3.0,4.0,1.0,7.0,5.0,3.0,1.0,0.0,0.0,11.0,1.0,4.0,5.0,60.0,2.0,12.0,6.0,4.0,0.0,5.0,6.0,69.0,2.0,10.0,5.0,77.0,4.0,58.0,43.0,49.0,48.0,8.0,75.0,3.0,1.0,4.0,100.0,10.0,6.0,1.0,13.0,2.0,5.0,5.0,72.0,3.0,1.0,1.0,8.0,1.0,1.0,0.0,7.0,6.0,4.0,0.0,4.0,7.0,4.0,5.0,67.0,12.0,13.0,2.0,4.0,1.0,0.0,2.0,12.0,0.0,2.0,0.0,1.0,1.0,2.0,1.0,6.0,9.0,6.0,0.0,6.0,2.0,1.0,1.0,3.0,5.0,6.0,2.0,6.0,11.0,10.0,5.0,36.0,34.0,56.0,13.0,111.0,4.0,10.0,11.0,97.0,4.0,8.0,1.0,13.0,3.0,5.0,10.0,72.0,6.0,2.0,2.0,10.0,2.0,0.0,1.0,8.0,8.0,4.0,2.0,8.0,6.0,5.0,7.0,69.0,82.0,105.0,6.0,94.0,7.0,9.0,3.0,96.0,8.0,11.0,2.0,11.0,4.0,6.0,6.0,63.0,138.0,116.0,9.0,71.0,9.0,12.0,8.0,51.0,122.0,70.0,9.0,56.0,60.0,73.0,55.0,1118.0,1.7791332263242379,0.09371096744029087,0.8570553688155435,0.82885862562961,2.662818001488598,19.012253226770124,3.3135397412199623,0.07123963889012269,0.776742002832025,0.6829924599535178,2.9047945991916717,17.59157652657672,vasc
326.0,55.0,87.0,27.0,57.0,17.0,42.0,32.0,40.0,5.0,14.0,9.0,44.0,8.0,43.0,47.0,45.0,7.0,16.0,10.0,15.0,7.0,13.0,12.0,29.0,12.0,19.0,7.0,56.0,10.0,74.0,67.0,77.0,16.0,23.0,8.0,16.0,6.0,13.0,16.0,13.0,1.0,4.0,3.0,16.0,4.0,14.0,12.0,40.0,5.0,8.0,6.0,10.0,3.0,6.0,4.0,43.0,5.0,13.0,6.0,61.0,21.0,89.0,67.0,41.0,22.0,8.0,10.0,6.0,7.0,6.0,4.0,3.0,3.0,5.0,4.0,5.0,5.0,6.0,8.0,13.0,4.0,5.0,2.0,2.0,2.0,2.0,2.0,11.0,4.0,5.0,3.0,11.0,6.0,9.0,20.0,32.0,13.0,9.0,8.0,10.0,2.0,5.0,6.0,12.0,2.0,4.0,2.0,12.0,4.0,4.0,8.0,38.0,6.0,4.0,4.0,9.0,6.0,4.0,9.0,59.0,12.0,8.0,10.0,77.0,21.0,59.0,53.0,39.0,28.0,20.0,24.0,8.0,6.0,9.0,41.0,8.0,3.0,3.0,5.0,5.0,10.0,8.0,67.0,8.0,6.0,2.0,7.0,1.0,1.0,2.0,9.0,5.0,1.0,4.0,3.0,5.0,13.0,17.0,57.0,7.0,15.0,1.0,10.0,2.0,4.0,2.0,13.0,0.0,4.0,2.0,7.0,2.0,5.0,6.0,27.0,7.0,5.0,2.0,2.0,3.0,0.0,4.0,10.0,18.0,5.0,4.0,11.0,12.0,23.0,21.0,76.0,22.0,43.0,15.0,63.0,2.0,11.0,9.0,41.0,5.0,4.0,3.0,12.0,4.0,9.0,11.0,47.0,6.0,8.0,3.0,6.0,1.0,8.0,2.0,12.0,6.0,8.0,6.0,14.0,8.0,9.0,17.0,84.0,24.0,72.0,14.0,62.0,10.0,12.0,6.0,58.0,4.0,10.0,3.0,26.0,7.0,14.0,10.0,70.0,27.0,46.0,4.0,48.0,13.0,13.0,8.0,33.0,46.0,44.0,31.0,58.0,58.0,80.0,107.0,947.0,0.9027905691655923,0.09864301861424432,0.8372752456963386,0.8356116241566851,2.633933705271858,10.080839684911208,1.7181978798586577,0.07927880155418508,0.7732130587074941,0.6907797865706733,2.8217575566508564,9.39490407944361,vasc
